item_id,barcode,name,pack_size,retail_price,tp_price,cost_price,quantity,rack_location,company_name,generic_name,category_name
5221,5221,2BLINK EYE DROP,1,517.5,450.0,450.0,0,,,,DROPS
4586,4586,2SUM 1G INJ,1,469.34,408.12,408.12,3,,,,INJECTION
4587,4587,2SUM 250MG INJ,1,0.0,0.0,0.0,0,,,,INJECTION
4589,4589,2SUM 2G INJ,1,570.95,496.48,496.48,1,,,,INJECTION
4588,4588,2SUM 500MG INJ,1,285.14,247.95,247.95,0,,,,INJECTION
3381,3381,A CLOX 500MG INJ,1,16.1,14.0,14.0,0,,,,INJECTION
5128,5128,A MIL 1200G,1,601.71,523.23,523.23,0,,,,OTHER
3106,3106,A VID 200MG TAB,1,27.6,24.0,24.0,0,,,,TABLET
5309,5309,AAFAQEE POWDER,1,69.0,60.0,60.0,0,,,,SACHET
3392,3392,ABIFIX 100MG SYP,1,59.8,52.0,52.0,0,,,,SYRUP
2595,2595,ABIFIX 400MG TAB,1,97.75,85.0,85.0,0,,,,TABLET
4562,4562,ACABEL 8MG TAB,1,228.79,198.95,198.95,0,,,,TABLET
2605,2605,ACCU CHEK INSTANT METER,1,1610.0,1400.0,1400.0,0,,,,OTHER
2926,2926,ACEBEX CAP,1,367.54,319.6,319.6,2,,,,CAPSULE
3017,3017,ACENAC 100MG TAB,1,521.49,453.47,453.47,1,,,,TABLET
5029,5029,ACHFEN 100MG TAB,1,6.13,5.33,5.33,3,,,,TABLET
5286,5286,ACIGO 240ML SYP,1,92.0,80.0,80.0,10,,,,SYRUP
3886,3886,ACITRAL 120ML SYP,1,28.75,25.0,25.0,0,,,,SYRUP
5010,5010,ACNE TREAT CREAM,1,195.5,170.0,170.0,1,,,,CREAM
2951,2951,ACRIFLAVIN 25G OINTMENT,1,28.75,25.0,25.0,0,,,,CREAM
4681,4681,ACSOLVE 1% LOTION,1,0.0,0.0,0.0,0,,,,CREAM
3601,3601,ACTIFAR CAP,1,54.05,47.0,47.0,0,,,,CAPSULE
1677,1677,ACTIM 5MG TAB,1,69.0,60.0,60.0,0,,,,TABLET
4163,4163,ACYLEX 400MG TAB,1,574.0,499.13,499.13,0,,,,TABLET
4162,4162,ACYLEX 5GM OINT,1,192.16,167.1,167.1,0,,,,CREAM
4085,4085,AD-CAL TAB,1,92.0,80.0,80.0,0,,,,TABLET
2596,2596,ADICOVIL INJ 1X100,1,4.02,3.5,3.5,0,,,,INJECTION
4524,4524,ADMIRA 15ML SYP,1,247.25,215.0,215.0,0,,,,SYRUP
2787,2787,ADOXIME 250MG INJ,1,30.47,26.5,26.5,0,,,,INJECTION
4682,4682,ADRANCE-M,1,0.0,0.0,0.0,0,,,,OTHER
5382,5382,AEROHALER,1,345.0,300.0,300.0,3,,,,OTHER
3554,3554,AFFIF INFUGEN,1,74.75,65.0,65.0,0,,,,OTHER
4433,4433,AFIXIM 100MG SYP,1,109.25,95.0,95.0,2,,,,SYRUP
4910,4910,AKLOGESIC 75MG INJ,1,6.21,5.4,5.4,2149,,,,INJECTION
3369,3369,AKSOCAM INJ,1,44.27,38.5,38.5,0,,,,INJECTION
4998,4998,AKTALIN ORAL GEL,1,74.75,65.0,65.0,0,,,,CREAM
3669,3669,ALBA 200MG TAB,1,16.1,14.0,14.0,0,,,,TABLET
3431,3431,ALBACT 200MG TAB,1,0.0,0.0,0.0,0,,,,TABLET
3658,3658,ALBENZA SYP,1,39.1,34.0,34.0,50,,,,SYRUP
4158,4158,ALBON 60ML SYP,1,0.0,0.0,0.0,0,,,,SYRUP
3745,3745,ALBONE 120ML SYP,1,32.2,28.0,28.0,0,,,,SYRUP
3150,3150,ALBOQUIN 500MG TAB,1,48.3,42.0,42.0,0,,,,TABLET
4401,4401,ALBUMIN TEST,1,57.5,50.0,50.0,0,,,,OTHER
4622,4622,ALCOHOL PADS,1,253.0,220.0,220.0,0,,,,OTHER
3726,3726,ALCON 150MG CAP,1,23.0,20.0,20.0,0,,,,CAPSULE
3767,3767,ALDICO 120ML SYP,1,34.5,30.0,30.0,0,,,,SYRUP
5028,5028,ALDIGESIC 100MG TAB,1,92.0,80.0,80.0,6,,,,TABLET
4558,4558,ALDOMET  TAB,1,152.15,132.3,132.3,7,,,,TABLET
3387,3387,ALDRON INJ,1,172.5,150.0,150.0,0,,,,INJECTION
3614,3614,ALERGIFEN INJ,1,4.14,3.6,3.6,0,,,,INJECTION
3074,3074,ALIPRO 250MG TAB,1,40.25,35.0,35.0,0,,,,TABLET
3073,3073,ALIPRO 500MG TAB,1,54.05,47.0,47.0,0,,,,TABLET
4417,4417,ALKALINE KET,1,0.0,0.0,0.0,0,,,,OTHER
3667,3667,ALLERGON 120ML SYP,1,51.75,45.0,45.0,22,,,,SYRUP
3809,3809,ALLERMINE TAB,1,10.35,9.0,9.0,0,,,,TABLET
3576,3576,ALLOS TAB,1,31.05,27.0,27.0,0,,,,TABLET
3936,3936,ALMONT 10MG TAB,1,59.8,52.0,52.0,0,,,,TABLET
4090,4090,ALPAZOLAM 0.5MG TAB,1,39.1,34.0,34.0,0,,,,TABLET
3741,3741,ALPOFOZ 0.5MG TAB,1,37.18,32.33,32.33,0,,,,TABLET
3688,3688,ALPRAZOLE 40MG CAP,1,63.25,55.0,55.0,0,,,,CAPSULE
3883,3883,ALSIGOR 120ML SYP,1,48.3,42.0,42.0,0,,,,SYRUP
4457,4457,ALTIN-MET TAB,1,342.12,297.5,297.5,0,,,,TABLET
3113,3113,ALZEX TAB,1,8.62,7.5,7.5,0,,,,TABLET
5417,5417,AMAXILL 500MG CAP,1,109.25,95.0,95.0,152,,,,CAPSULE
3926,3926,AMCLAV 156.25MG/5ML SYP,1,163.56,142.23,142.23,42,,,,SYRUP
3927,3927,AMCLAV DS 312.5MG/5ML SYP,1,255.53,222.2,222.2,33,,,,SYRUP
2725,2725,AMCORIDE 120ML SYP,1,0.0,0.0,0.0,0,,,,SYRUP
4331,4331,AMCYNO INJ,1,241.5,210.0,210.0,0,,,,INJECTION
3586,3586,AME VIL INJ,1,3.68,3.2,3.2,0,,,,INJECTION
3963,3963,AMEFENEC INJ 1X100,1,5.29,4.6,4.6,0,,,,INJECTION
2635,2635,AMESOL COUGH 120ML SYP,1,23.0,20.0,20.0,0,,,,SYRUP
490,490,AMFAST 125MG SYP,1,59.8,52.0,52.0,0,,,,SYRUP
4050,4050,AMFAST 250MG CAP,1,48.3,42.0,42.0,0,,,,CAPSULE
4040,4040,AMFAST 500MG CAP,1,75.9,66.0,66.0,0,,,,CAPSULE
4552,4552,AMGYDEX OINT,1,229.91,199.92,199.92,0,,,,CREAM
4313,4313,AMINOPHYLLIN INJ,1,20.7,18.0,18.0,0,,,,INJECTION
4290,4290,AMINOVEL 600INJ,1,805.0,700.0,700.0,0,,,,INJECTION
2739,2739,AMLOZAN 5MG TAB,1,18.4,16.0,16.0,0,,,,TABLET
2904,2904,AMOCOFF 120ML SYP,1,32.2,28.0,28.0,0,,,,SYRUP
3192,3192,AMONIA SOLUTION LARG,1,17.82,15.5,15.5,0,,,,OTHER
2251,2251,AMOXICAP 125MG SYP,1,72.45,63.0,63.0,0,,,,CAPSULE
2252,2252,AMOXICAP 250MG SYP,1,106.95,93.0,93.0,0,,,,CAPSULE
4412,4412,AMOXICILLIN 250MG SYP,1,105.8,92.0,92.0,0,,,,SYRUP
4438,4438,AMOXILITE 500MG CAP,1,109.25,95.0,95.0,0,,,,CAPSULE
4369,4369,AMOXIMED 500MG CAP,1,105.8,92.0,92.0,0,,,,CAPSULE
5374,5374,AMOXIPEN 250MG CAP,1,74.75,65.0,65.0,20,,,,CAPSULE
629,629,AMOXIPEN 250MG SYP,1,0.0,0.0,0.0,0,,,,SYRUP
3825,3825,AMPICILLIN 125MG SYP,1,5.75,5.0,5.0,0,,,,SYRUP
4360,4360,AMPICLOX 125MG SYP,1,0.0,0.0,0.0,0,,,,SYRUP
4185,4185,AMSOFEN 50MG TAB,1,50.6,44.0,44.0,0,,,,TABLET
4172,4172,AMSOZINE 10MG TAB,1,27.6,24.0,24.0,0,,,,TABLET
4152,4152,AMSOZINE 60ML SYP,1,32.2,28.0,28.0,0,,,,SYRUP
4199,4199,AMYCIN 500MG TAB,1,149.5,130.0,130.0,0,,,,TABLET
469,469,AMZEE 3MG TAB,1,80.5,70.0,70.0,0,,,,TABLET
4089,4089,ANAFORTAN PLUS INJ,1,90.01,78.27,78.27,0,,,,INJECTION
6,6,ANAFORTAN PLUS TAB,1,278.59,242.25,242.25,1,,,,TABLET
5171,5171,ANAROB 100ML INF,1,66.7,58.0,58.0,0,,,,OTHER
3551,3551,ANATAC INJ,1,9.2,8.0,8.0,0,,,,INJECTION
4076,4076,ANDINOLE TAB,1,100.67,87.54,87.54,0,,,,TABLET
5363,5363,ANGEE SPRAY,1,103.5,90.0,90.0,0,,,,INHALER
2736,2736,ANKLE SUPPORTS AR,1,74.75,65.0,65.0,0,,,,SUPPOSITORY
503,503,ANKLE SUPPORTS CHINA,1,82.8,72.0,72.0,2,,,,SUPPOSITORY
3836,3836,ANPRA 0.5MG TAB,1,256.19,222.77,222.77,0,,,,TABLET
5343,5343,ANTACID 240ML SYP,1,74.75,65.0,65.0,34,,,,SYRUP
5357,5357,ANTACID 240ML SYP,1,0.0,0.0,0.0,0,,,,SYRUP
751,751,ANTIVIL INJ,1,0.0,0.0,0.0,0,,,,INJECTION
707,707,ANTRA 20MG CAP,1,34.5,30.0,30.0,0,,,,CAPSULE
3313,3313,ANXOLITE 3MG TAB,1,83.95,73.0,73.0,0,,,,TABLET
3377,3377,ANXOTEN 0.5MG TAB,1,40.25,35.0,35.0,0,,,,TABLET
5066,5066,ANZI PLUS SPARY,1,103.5,90.0,90.0,0,,,,OTHER
2602,2602,APEMOR SYP,1,0.0,0.0,0.0,0,,,,SYRUP
4456,4456,APPRID 3MG TAB,1,182.46,158.66,158.66,3,,,,TABLET
3607,3607,ARAAM SR 100MG TAB,1,34.5,30.0,30.0,0,,,,TABLET
3556,3556,ARBIPROFEN 100MG TAB,1,247.25,215.0,215.0,0,,,,TABLET
2876,2876,ARCOFEN SYP,1,29.9,26.0,26.0,0,,,,SYRUP
2566,2566,ARELIC-F ACID,1,34.5,30.0,30.0,0,,,,OTHER
2961,2961,AREX 10MG TAB,1,14.95,13.0,13.0,0,,,,TABLET
4489,4489,ARIA TAB,1,38.33,33.33,33.33,0,,,,TABLET
2908,2908,ARIFLOX 200MG TAB,1,28.75,25.0,25.0,0,,,,TABLET
3345,3345,ARISAT INJ,1,5.52,4.8,4.8,0,,,,INJECTION
4048,4048,ARNAX 0.5MG TAB,1,112.7,98.0,98.0,0,,,,TABLET
4404,4404,ARNIL-P TAB,1,44.59,38.77,38.77,0,,,,TABLET
5315,5315,ARSHOGEST 50MG TAB,1,109.25,95.0,95.0,4,,,,TABLET
3902,3902,ARSOMET 10MG TAB,1,37.95,33.0,33.0,0,,,,TABLET
3464,3464,ARSOPLAST,1,1.26,1.1,1.1,121,,,,OTHER
4883,4883,ARTECXIN 20/120MG TAB,1,280.02,243.5,243.5,0,,,,TABLET
4043,4043,ARTHO-X CAP,1,48.64,42.3,42.3,0,,,,CAPSULE
3172,3172,ARTHOCAM 10MG CAP,1,40.25,35.0,35.0,0,,,,CAPSULE
3132,3132,ARTIFEN 50MG TAB,1,75.34,65.51,65.51,0,,,,TABLET
3159,3159,ARTIN DS 80/480 TAB,1,103.5,90.0,90.0,0,,,,TABLET
3157,3157,ARTINE 20/120 TAB,1,103.5,90.0,90.0,0,,,,TABLET
3158,3158,ARTINE 40/240 TAB,1,103.5,90.0,90.0,0,,,,TABLET
4483,4483,ARTINIL K 50MG TAB,1,51.75,45.0,45.0,0,,,,TABLET
4665,4665,ARTISUGE 60MG INJ,1,154.48,134.33,134.33,0,,,,INJECTION
4663,4663,ARTISURGE 120MG INJ,1,257.43,223.85,223.85,0,,,,INJECTION
3942,3942,ARTISURGE 30MG INJ,1,92.69,80.6,80.6,0,,,,INJECTION
3124,3124,ASCARD PLUS TAB,1,255.02,221.76,221.76,2,,,,TABLET
5261,5261,ASCO-C SACHTES,1,19.85,17.26,17.26,37,,,,SACHET
3490,3490,ASFEN 60ML SYP,1,39.11,34.01,34.01,0,,,,SYRUP
3594,3594,ASFEN TAB,1,55.84,48.56,48.56,0,,,,TABLET
3473,3473,ASMACAINE ING,1,12.07,10.5,10.5,0,,,,OTHER
3520,3520,ASOMIDE INJ AMAN,1,6.09,5.3,5.3,133,,,,INJECTION
4662,4662,ASPERFIN 60ML SYP,1,62.1,54.0,54.0,0,,,,SYRUP
4343,4343,ASTEL SACHET,1,6.98,6.07,6.07,0,,,,SACHET
3123,3123,ASTHLU SATH,1,6.9,6.0,6.0,0,,,,OTHER
3476,3476,ATAREX 10MG TAB,1,67.63,58.81,58.81,0,,,,TABLET
4683,4683,ATCOMID 100MG TAB,1,0.0,0.0,0.0,0,,,,TABLET
4684,4684,ATCOMID 50MG TAB,1,0.0,0.0,0.0,0,,,,TABLET
4021,4021,ATEM SOLUTION,1,154.33,134.2,134.2,10,,,,OTHER
4100,4100,ATHOFIX 250MG TAB,1,132.25,115.0,115.0,0,,,,TABLET
2982,2982,ATIVAN 1MG TAB,1,0.0,0.0,0.0,0,,,,TABLET
2981,2981,ATIVAN 2MG TAB,1,0.0,0.0,0.0,0,,,,TABLET
2646,2646,ATOM SUGER MACHION,1,1150.0,1000.0,1000.0,0,,,,OTHER
3771,3771,AVAZIN 10MG TAB,1,10.35,9.0,9.0,0,,,,TABLET
3814,3814,AVEN D3 INJ,1,23.0,20.0,20.0,0,,,,INJECTION
4282,4282,AVETRON 1GM INJ,1,103.5,90.0,90.0,0,,,,INJECTION
4854,4854,AVETRON 250MG INJ,1,63.25,55.0,55.0,0,,,,INJECTION
4855,4855,AVETRON 500MG TAB,1,74.75,65.0,65.0,0,,,,TABLET
3214,3214,AVIL 60ML SYP,1,112.7,98.0,98.0,0,,,,SYRUP
713,713,AVINZA 20MG CAP,1,0.0,0.0,0.0,0,,,,CAPSULE
4774,4774,AWAFOL TAB,1,126.5,110.0,110.0,18,,,,TABLET
4884,4884,AWASCAB SOAP,1,117.3,102.0,102.0,0,,,,OTHER
2604,2604,AWATROX 1 GM INJ,1,0.0,0.0,0.0,0,,,,INJECTION
4114,4114,AWZI 250MG CAP,1,111.23,96.72,96.72,0,,,,CAPSULE
4435,4435,AYANOMOX 400MG CAP,1,241.5,210.0,210.0,6,,,,CAPSULE
1997,1997,AZELIDE 250MG TAB,1,80.5,70.0,70.0,0,,,,TABLET
4214,4214,AZI-DEW 500MG TAB,1,166.75,145.0,145.0,0,,,,TABLET
4106,4106,AZI-ONCE 250MG CAP,1,109.25,95.0,95.0,0,,,,CAPSULE
5038,5038,AZIA 250MG TAB,1,138.0,120.0,120.0,0,,,,TABLET
5071,5071,AZICAP 250MG CAP,1,135.7,118.0,118.0,0,,,,CAPSULE
3436,3436,AZIDOL TAB,1,12.07,10.5,10.5,0,,,,TABLET
3832,3832,AZIGAR 120ML SYP,1,2.3,2.0,2.0,0,,,,SYRUP
608,608,AZINOL TAB,1,0.0,0.0,0.0,0,,,,TABLET
4196,4196,AZINYTH 500MG TAB,1,155.25,135.0,135.0,0,,,,TABLET
4145,4145,AZIPOS 250MG TAB,1,241.5,210.0,210.0,0,,,,TABLET
4144,4144,AZIPOS 500MG TAB,1,186.3,162.0,162.0,0,,,,TABLET
3893,3893,AZITHROLIDE 250MG TAB,1,97.75,85.0,85.0,0,,,,TABLET
4018,4018,AZIZAN 250MG TAB,1,149.5,130.0,130.0,0,,,,TABLET
3562,3562,AZOHYDRAT 250MG CAP,1,103.5,90.0,90.0,0,,,,CAPSULE
3816,3816,AZOMER 200MG SYP,1,55.2,48.0,48.0,0,,,,SYRUP
4857,4857,AZROCIN 250 CAP,1,131.1,114.0,114.0,0,,,,CAPSULE
3820,3820,B 12 INJ,1,5.75,5.0,5.0,130,,,,INJECTION
4352,4352,B 12 INJ 1X100,1,5.75,5.0,5.0,0,,,,INJECTION
3872,3872,B COMPLEX 120ML SYP,1,39.1,34.0,34.0,0,,,,SYRUP
3129,3129,B.COMPLEX INJ,1,167.9,146.0,146.0,0,,,,INJECTION
3964,3964,BACIP 100ML INF,1,114.33,99.42,99.42,0,,,,OTHER
3257,3257,BACIP 250MG TAB,1,110.64,96.21,96.21,0,,,,TABLET
3867,3867,BACTIL 500MG TAB,1,161.0,140.0,140.0,0,,,,TABLET
5063,5063,BAKTRON 4ML INJ,1,35.65,31.0,31.0,33,,,,INJECTION
2831,2831,BALL ROK OIL,1,138.0,120.0,120.0,0,,,,OTHER
5291,5291,BALLPEN BLUE,1,19.55,17.0,17.0,10,,,,OTHER
2785,2785,BANDAGE CARFT 7.5CMX4M,1,172.5,150.0,150.0,0,,,,OTHER
3413,3413,BANDAGE HOSPITEX 15X3CM,1,230.0,200.0,200.0,0,,,,OTHER
2786,2786,BANDAGE KOHIOOR 5CM X 3M,1,138.0,120.0,120.0,0,,,,OTHER
3005,3005,BANDAGES 5CMX3M ASHRAF,1,101.2,88.0,88.0,0,,,,OTHER
3357,3357,BANDAGES HOSPITEX 10CMX3M,1,143.75,125.0,125.0,0,,,,OTHER
3355,3355,BANDAGES HOSPITEX 5CMX3M,1,115.0,100.0,100.0,0,,,,OTHER
3356,3356,BANDAGES HOSPITEX 7.5CMX3M,1,112.7,98.0,98.0,0,,,,OTHER
4680,4680,BARBI 30MG TAB,1,76.66,66.66,66.66,0,,,,TABLET
3441,3441,BARID CREAM,1,115.0,100.0,100.0,0,,,,CREAM
3507,3507,BAXTEROL 60ML SYP,1,28.75,25.0,25.0,0,,,,SYRUP
5278,5278,BAZURI 800ML MARHABA,1,416.87,362.5,362.5,1,,,,OTHER
4038,4038,BECEFOL TAB,1,158.87,138.15,138.15,0,,,,TABLET
2543,2543,BECKON CREAM,1,322.0,280.0,280.0,0,,,,CREAM
4207,4207,BECOMIN 500MCG TAB,1,115.0,100.0,100.0,0,,,,TABLET
2963,2963,BECYNIC CREAM,1,0.0,0.0,0.0,0,,,,CREAM
3637,3637,BEFENIC-DS TAB,1,21.91,19.05,19.05,0,,,,TABLET
2368,2368,BEJEETAL-T INJ,1,69.0,60.0,60.0,0,,,,INJECTION
5100,5100,BEMIN 500MCG TAB,1,12.65,11.0,11.0,0,,,,TABLET
3865,3865,BENDASET 10ML SYP,1,46.0,40.0,40.0,14,,,,SYRUP
3515,3515,BENDASET TAB,1,29.9,26.0,26.0,16,,,,TABLET
3051,3051,BENDAZOL SYP,1,42.77,37.19,37.19,0,,,,SYRUP
3423,3423,BENTOS-F TAB,1,46.0,40.0,40.0,0,,,,TABLET
3052,3052,BENZARIN 240ML ORAL,1,146.26,127.18,127.18,0,,,,OTHER
3067,3067,BENZIRIN 120ML SYP,1,65.42,56.89,56.89,0,,,,SYRUP
5217,5217,BENZOCARE 50ML SPRAY,1,445.15,387.09,387.09,0,,,,INHALER
3739,3739,BENZYL BENZOATE 60ML,1,41.4,36.0,36.0,0,,,,OTHER
3328,3328,BEPRONATE 15G CREAM,1,39.1,34.0,34.0,0,,,,CREAM
5379,5379,BERG CREAM,1,201.25,175.0,175.0,0,,,,CREAM
3231,3231,BERG PODER,1,132.25,115.0,115.0,58,,,,OTHER
5229,5229,BESMEN 10MG TAB,1,97.75,85.0,85.0,0,,,,TABLET
5228,5228,BESMEN 60ML SYP,1,126.5,110.0,110.0,0,,,,SYRUP
4366,4366,BETA C CREAM,1,73.6,64.0,64.0,6,,,,CREAM
4367,4367,BETA WISE G CREAM,1,63.25,55.0,55.0,0,,,,CREAM
4004,4004,BETACEF 20MG TAB,1,63.25,55.0,55.0,0,,,,TABLET
773,773,BETADERM 15G CREAM,1,51.23,44.55,44.55,0,,,,CREAM
774,774,BETADERM 15G OINT,1,51.23,44.55,44.55,0,,,,CREAM
775,775,BETADERM LOTION,1,147.51,128.27,128.27,3,,,,CREAM
4612,4612,BETADERM N OINT,1,87.54,76.12,76.12,1,,,,CREAM
4497,4497,BETADERM NM CREAM,1,131.56,114.4,114.4,0,,,,CREAM
771,771,BETADERM-N 15G CREAM,1,87.54,76.12,76.12,2,,,,CREAM
4872,4872,BETAMISOL-N DROPS,1,28.75,25.0,25.0,0,,,,DROPS
3327,3327,BETAMYCIN 15GM CREAM,1,0.0,0.0,0.0,0,,,,CREAM
5415,5415,BETARULZ-G CREAM,1,71.3,62.0,62.0,37,,,,CREAM
777,777,BETASALIC LOTION,1,118.82,103.32,103.32,0,,,,CREAM
4161,4161,BETASALIC OINT,1,112.41,97.75,97.75,0,,,,CREAM
2726,2726,BF 2 MILK,1,3171.12,2757.5,2757.5,0,,,,OTHER
2597,2597,BF-1 400GM,1,2951.01,2566.1,2566.1,0,,,,OTHER
5034,5034,BIFORGE 5/160MG TAB,1,480.24,417.6,417.6,0,,,,TABLET
2558,2558,BIG ORANG,1,27.6,24.0,24.0,0,,,,OTHER
4400,4400,BILIRUBIN TEST,1,57.5,50.0,50.0,0,,,,OTHER
4416,4416,BILLRUBIN KET,1,4082.5,3550.0,3550.0,1,,,,OTHER
4874,4874,BINICET 240ML SYP,1,103.5,90.0,90.0,0,,,,SYRUP
3122,3122,BIO CRAN SAC,1,46.0,40.0,40.0,0,,,,OTHER
3512,3512,BIOCIP 500MG TAB,1,112.7,98.0,98.0,0,,,,TABLET
5140,5140,BIOFOLAD 120ML SYP,1,80.5,70.0,70.0,0,,,,SYRUP
4868,4868,BIOFOLD 240ML SYP,1,161.0,140.0,140.0,0,,,,SYRUP
2709,2709,BIOGLOBIN 120ML SYP,1,235.75,205.0,205.0,0,,,,SYRUP
4540,4540,BIOSTAT EYE DROP,1,56.74,49.34,49.34,0,,,,DROPS
4847,4847,BIOTIN TAB,1,609.5,530.0,530.0,0,,,,TABLET
4008,4008,BIOTONE 240ML SYP,1,51.75,45.0,45.0,0,,,,SYRUP
3755,3755,BIOTROXONE 1GM INJ,1,70.72,61.5,61.5,0,,,,INJECTION
3756,3756,BIOTROXONE 250MG INJ,1,36.8,32.0,32.0,0,,,,INJECTION
745,745,BISLERI-S INJ,1,406.33,353.33,353.33,6,,,,INJECTION
2376,2376,BISMOL SYP,1,145.15,126.22,126.22,12,,,,SYRUP
5305,5305,BLACK COBRA COIL,1,103.5,90.0,90.0,1,,,,OTHER
5304,5304,BLACK COBRA STICK,1,98.9,86.0,86.0,1,,,,OTHER
507,507,BLADE HANDLE 3,1,47.15,41.0,41.0,0,,,,OTHER
508,508,BLADE HANDLE 4,1,92.0,80.0,80.0,0,,,,OTHER
3007,3007,BLADER,1,379.5,330.0,330.0,1,,,,OTHER
2464,2464,BLOKIUM 100MG TAB,1,0.0,0.0,0.0,0,,,,TABLET
1153,1153,BLOKIUM 50MG TAB,1,115.0,100.0,100.0,0,,,,TABLET
1783,1783,BLOMOX 500MG CAP,1,44.85,39.0,39.0,0,,,,CAPSULE
3851,3851,BLOOD BAG 500ML,1,356.5,310.0,310.0,0,,,,OTHER
4102,4102,BLOOD BAG SET,1,86.25,75.0,75.0,4,,,,OTHER
4630,4630,BLOOD GROUP TEST,1,0.0,0.0,0.0,0,,,,OTHER
4391,4391,BLOOD LANCETS,1,1.72,1.5,1.5,0,,,,OTHER
4426,4426,BLUE TEPS,1,4.02,3.5,3.5,620,,,,OTHER
4801,4801,BOAN ZEE CAP,1,151.8,132.0,132.0,0,,,,CAPSULE
3485,3485,BOAN-D3 SOFT GEL.BLU,1,163.3,142.0,142.0,13,,,,CREAM
3484,3484,BOAN-E TAB,1,178.25,155.0,155.0,2,,,,TABLET
3186,3186,BODY UP CAP,1,40.25,35.0,35.0,0,,,,CAPSULE
5147,5147,BODYCARE SOAP,1,97.75,85.0,85.0,0,,,,OTHER
3888,3888,BOFALGAN 100ML INF,1,117.27,101.97,101.97,0,,,,OTHER
5403,5403,BONA PAPA SMALL,1,23.0,20.0,20.0,50,,,,OTHER
5200,5200,BONAPAPA 2 S-40,1,24.44,21.25,21.25,2,,,,OTHER
5201,5201,BONAPAPA 3 M-36,1,29.7,25.83,25.83,15,,,,OTHER
4710,4710,BONE ZEE TAB,1,115.0,100.0,100.0,0,,,,TABLET
3438,3438,BONE-Z CAP,1,74.75,65.0,65.0,0,,,,CAPSULE
4990,4990,BONWIN-D CAP,1,69.0,60.0,60.0,0,,,,CAPSULE
4342,4342,BOSHOFEN 100ML INF,1,178.49,155.21,155.21,0,,,,OTHER
4025,4025,BP CUP,1,368.0,320.0,320.0,0,,,,OTHER
558,558,BP PUMP CHINA MEDICARE,1,322.0,280.0,280.0,1,,,,OTHER
3358,3358,BP SET ANEROID,1,1667.5,1450.0,1450.0,0,,,,OTHER
2502,2502,BP SET BELIEVIA,1,1782.5,1550.0,1550.0,1,,,,OTHER
5328,5328,BP SET BELT (DIGITAL),1,690.0,600.0,600.0,0,,,,OTHER
2397,2397,BP SET BOKANG,1,632.5,550.0,550.0,0,,,,OTHER
2656,2656,BP SET CHECK,1,862.5,750.0,750.0,0,,,,OTHER
3004,3004,BP SET MASTER,1,1840.0,1600.0,1600.0,0,,,,OTHER
556,556,BP SET SENIOR,1,1207.5,1050.0,1050.0,0,,,,OTHER
4243,4243,BREAST PUMP BABY,1,115.0,100.0,100.0,0,,,,OTHER
3015,3015,BREEKY TAB,1,198.5,172.61,172.61,7,,,,TABLET
3934,3934,BREXIN TAB,1,296.7,258.0,258.0,0,,,,TABLET
5007,5007,BRIL D3 INJ,1,29.9,26.0,26.0,0,,,,INJECTION
4602,4602,BRISCEF 400MG CAP,1,218.5,190.0,190.0,0,,,,CAPSULE
3827,3827,BRITANYL 60ML SYP,1,93.95,81.7,81.7,12,,,,SYRUP
3337,3337,BROMEFOZ-3MG TAB,1,80.5,70.0,70.0,0,,,,TABLET
2051,2051,BROMOTA 3MG TAB,1,86.25,75.0,75.0,0,,,,TABLET
2373,2373,BRONCHAL SYP,1,87.28,75.9,75.9,0,,,,SYRUP
4380,4380,BRONKAL 60ML SYP,1,72.79,63.3,63.3,12,,,,SYRUP
4423,4423,BRUCELLA KET,1,0.0,0.0,0.0,0,,,,OTHER
4408,4408,BRUCELLA KIT,1,2645.0,2300.0,2300.0,1,,,,OTHER
4410,4410,BRUCELLA TEST,1,27.02,23.5,23.5,0,,,,OTHER
3221,3221,BRUFED 90ML SYP,1,49.45,43.0,43.0,0,,,,SYRUP
4749,4749,BRUFEN CREAM,1,101.15,87.96,87.96,0,,,,CREAM
5207,5207,BRZOLE 100ML INFUSION,1,54.05,47.0,47.0,60,,,,INJECTION
3853,3853,BUPHAIN INJ,1,47.72,41.5,41.5,0,,,,INJECTION
4625,4625,BURAID CREAM,1,69.0,60.0,60.0,0,,,,CREAM
3598,3598,BURNAZIN CREAM,1,41.4,36.0,36.0,0,,,,CREAM
759,759,BUTAMIN SYP,1,0.0,0.0,0.0,0,,,,SYRUP
3446,3446,BYLAX 5MG TAB,1,97.75,85.0,85.0,0,,,,TABLET
3555,3555,BYTEC 10MG TAB,1,16.1,14.0,14.0,119,,,,TABLET
1721,1721,C PAC 250MG TAB,1,48.3,42.0,42.0,0,,,,TABLET
3420,3420,C PAC 500MG TAB,1,105.8,92.0,92.0,0,,,,TABLET
4577,4577,C SPAN 400MG CAP,1,212.75,185.0,185.0,0,,,,CAPSULE
3651,3651,C-TARX 1GM INJ,1,97.75,85.0,85.0,0,,,,INJECTION
3625,3625,C-TARX 250MG INJ,1,51.75,45.0,45.0,0,,,,INJECTION
3650,3650,C-TARX 500MG INJ,1,70.15,61.0,61.0,0,,,,INJECTION
2995,2995,CAFLAM 50MG TAB,1,167.61,145.75,145.75,0,,,,TABLET
5141,5141,CAL-C SACHET,1,9.2,8.0,8.0,0,,,,SACHET
3297,3297,CALAMINE LOTION,1,57.5,50.0,50.0,0,,,,CREAM
3121,3121,CALBON DROPS,1,40.25,35.0,35.0,0,,,,DROPS
3521,3521,CALBOND D INJ,1,28.75,25.0,25.0,0,,,,INJECTION
2996,2996,CALCEFAST ORANG 1000,1,42.55,37.0,37.0,0,,,,OTHER
2383,2383,CALCIFER-D 1ML INJ,1,18.97,16.5,16.5,0,,,,INJECTION
680,680,CALCIPAN-T TAB,1,137.22,119.32,119.32,0,,,,TABLET
4132,4132,CALCIUM GLUCONAT INJ,1,29.9,26.0,26.0,0,,,,INJECTION
5197,5197,CALCIUM KIT,1,2242.5,1950.0,1950.0,1,,,,OTHER
5360,5360,CALCIUM LAKE TAB,1,172.5,150.0,150.0,0,,,,TABLET
5198,5198,CALCIUM TEST,1,0.0,0.0,0.0,0,,,,OTHER
4716,4716,CALFINA PLUS TAB,1,1150.0,1000.0,1000.0,0,,,,TABLET
5062,5062,CALGENRX TAB,1,115.0,100.0,100.0,0,,,,TABLET
3205,3205,CALMAX TAB,1,63.25,55.0,55.0,0,,,,TABLET
2369,2369,CALONE TAB,1,0.0,0.0,0.0,0,,,,TABLET
5322,5322,CALOSENT TAB,1,213.82,185.93,185.93,0,,,,TABLET
2692,2692,CALRICH D TAB,1,62.1,54.0,54.0,0,,,,TABLET
4900,4900,CALSID 120ML SYP,1,120.23,104.55,104.55,0,,,,SYRUP
4133,4133,CALSIP SACH,1,48.3,42.0,42.0,0,,,,SACHET
4796,4796,CALSO D PLUS TAB,1,172.5,150.0,150.0,0,,,,TABLET
3584,3584,CAMOZYME SYP,1,107.41,93.4,93.4,0,,,,SYRUP
3541,3541,CAMRY 100MG SYP,1,112.7,98.0,98.0,0,,,,SYRUP
4450,4450,CAMRY DS SYP,1,166.75,145.0,145.0,0,,,,SYRUP
5059,5059,CANDEREL TAB,1,97.75,85.0,85.0,0,,,,TABLET
5166,5166,CANMIX SACHET,1,10.92,9.5,9.5,0,,,,SACHET
4030,4030,CAPIDON TAB,1,30.19,26.25,26.25,30,,,,TABLET
3026,3026,CARDNIT 2.6MG TAB,1,94.55,82.22,82.22,6,,,,TABLET
3027,3027,CARDNIT 6.4MG TAB,1,334.26,290.66,290.66,1,,,,TABLET
4014,4014,CAREFEN 90ML SYP,1,31.62,27.5,27.5,0,,,,SYRUP
3677,3677,CARENOL 60ML SYP,1,20.7,18.0,18.0,0,,,,SYRUP
1888,1888,CAROBEX-M TAB,1,80.5,70.0,70.0,0,,,,TABLET
2942,2942,CASTOR OIL 30ML LAHORE,1,40.25,35.0,35.0,0,,,,OTHER
4029,4029,CATGUT 2/0,1,143.75,125.0,125.0,8,,,,OTHER
3003,3003,CATHETER 16 CHINA,1,92.0,80.0,80.0,0,,,,OTHER
4676,4676,CATHETER 16 SILICONE,1,253.0,220.0,220.0,1,,,,OTHER
2991,2991,CAVIRA 0.5MG TAB,1,379.5,330.0,330.0,0,,,,TABLET
3685,3685,CAVIZ 600 TAB,1,63.25,55.0,55.0,0,,,,TABLET
2784,2784,CAZAP 200MG TAB,1,153.23,133.24,133.24,0,,,,TABLET
3617,3617,CB-PRO TAB,1,78.2,68.0,68.0,0,,,,TABLET
4396,4396,CBC  TEST,1,115.0,100.0,100.0,0,,,,OTHER
2888,2888,CECLOR 125 MG SYP,1,425.8,370.26,370.26,2,,,,SYRUP
4728,4728,CECLOR 15ML DROP,1,248.2,215.83,215.83,0,,,,DROPS
4777,4777,CECOBAL INJ,1,12.07,10.5,10.5,0,,,,INJECTION
5259,5259,CEE 500MG TAB,1,182.7,158.87,158.87,4,,,,TABLET
2902,2902,CEEKADEX-N CREAM,1,16.3,14.17,14.17,0,,,,CREAM
2654,2654,CEFAST 1GM INJ,1,92.0,80.0,80.0,0,,,,INJECTION
3293,3293,CEFCIN 1G INJ,1,149.5,130.0,130.0,0,,,,INJECTION
3291,3291,CEFCIN 250MG INJ,1,51.75,45.0,45.0,0,,,,INJECTION
3292,3292,CEFCIN 500MG INJ,1,64.4,56.0,56.0,0,,,,INJECTION
3694,3694,CEFFEST 200MG  SYP,1,88.55,77.0,77.0,0,,,,SYRUP
3721,3721,CEFFEST 400MG CAP,1,115.0,100.0,100.0,0,,,,CAPSULE
2586,2586,CEFFEST WATER 100ML SYP,1,70.15,61.0,61.0,0,,,,SYRUP
4670,4670,CEFIA 100MG SYP,1,219.89,191.21,191.21,0,,,,SYRUP
4672,4672,CEFIA 400MG CAP,1,379.34,329.86,329.86,0,,,,CAPSULE
4671,4671,CEFIA DS SYP,1,218.33,189.85,189.85,0,,,,SYRUP
4372,4372,CEFICURE DS SYP,1,174.8,152.0,152.0,0,,,,SYRUP
3982,3982,CEFIDON 100MG SYP,1,71.3,62.0,62.0,0,,,,SYRUP
4094,4094,CEFIDON 400MG CAP,1,135.7,118.0,118.0,0,,,,CAPSULE
3701,3701,CEFIDON DS 200MG SYP,1,172.5,150.0,150.0,0,,,,SYRUP
3043,3043,CEFIGET 100ML SYP,1,311.36,270.75,270.75,2,,,,SYRUP
3040,3040,CEFIGET 200MG CAP,1,532.19,462.77,462.77,0,,,,CAPSULE
2393,2393,CEFIGET 400MG CAP,1,540.41,469.92,469.92,1,,,,CAPSULE
3383,3383,CEFISTAR 100MG SYP,1,63.25,55.0,55.0,0,,,,SYRUP
3561,3561,CEFLOREX 100MG SYP,1,106.95,93.0,93.0,0,,,,SYRUP
5211,5211,CEFOBACT 2GM INJ,1,348.15,302.74,302.74,2,,,,INJECTION
3949,3949,CEFOREX 250MG SYP,1,0.0,0.0,0.0,0,,,,SYRUP
494,494,CEFRADIN 250MG SYP,1,54.62,47.5,47.5,0,,,,SYRUP
3140,3140,CEFRADIN 500MG CAP,1,126.5,110.0,110.0,0,,,,CAPSULE
3068,3068,CEFRESH 250MG CAP,1,96.83,84.2,84.2,0,,,,CAPSULE
3069,3069,CEFRESH 500MG CAP,1,436.36,379.44,379.44,0,,,,CAPSULE
3869,3869,CEFTRO 250MG INJ,1,93.49,81.3,81.3,0,,,,INJECTION
3870,3870,CEFTRO 500MG INJ,1,0.0,0.0,0.0,0,,,,INJECTION
2724,2724,CEFYL ESF SYP,1,0.0,0.0,0.0,0,,,,SYRUP
4623,4623,CELBEX 100MG TAB,1,475.43,413.42,413.42,0,,,,TABLET
3064,3064,CELBEX 200MG CAP,1,741.09,644.43,644.43,0,,,,CAPSULE
5190,5190,CELTIS 1GM INJ,1,195.5,170.0,170.0,0,,,,INJECTION
4582,4582,CENEX 10MG TAB,1,17.25,15.0,15.0,0,,,,TABLET
3237,3237,CENTRIFUGE,1,3450.0,3000.0,3000.0,0,,,,OTHER
3952,3952,CEPOREX 250MG SYP,1,292.04,253.95,253.95,0,,,,SYRUP
2931,2931,CEPOREX 500MG CAP,1,410.86,357.27,357.27,0,,,,CAPSULE
2885,2885,CEPOREX DROP,1,143.03,124.37,124.37,0,,,,DROPS
3107,3107,CEPOX 1GM INJ,1,51.75,45.0,45.0,0,,,,INJECTION
3061,3061,CERELAC 3FRUT 175GM,1,488.75,425.0,425.0,3,,,,OTHER
4898,4898,CERELAC RICE 175GM,1,488.75,425.0,425.0,0,,,,OTHER
3060,3060,CERELAC WHEAT 175GM,1,488.75,425.0,425.0,0,,,,OTHER
4916,4916,CERIDAL 60ML SYP,1,41.4,36.0,36.0,0,,,,SYRUP
3627,3627,CERTEZA SUGER,1,1840.0,1600.0,1600.0,0,,,,OTHER
147,147,CESBIOL 60ML LOTION,1,51.75,45.0,45.0,0,,,,CREAM
3088,3088,CESTONIL PLUS 120ML SYP,1,182.79,158.95,158.95,10,,,,SYRUP
4633,4633,CETAFEND INF,1,103.5,90.0,90.0,0,,,,OTHER
3589,3589,CETASAF 10MG TAB,1,74.75,65.0,65.0,0,,,,TABLET
4840,4840,CETEK 5MG TAB,1,29.9,26.0,26.0,0,,,,TABLET
5214,5214,CETFIN 10MG TAB,1,13.8,12.0,12.0,1,,,,TABLET
4234,4234,CETORID 60ML SYP,1,28.75,25.0,25.0,0,,,,SYRUP
4307,4307,CETRIHIT-S 60ML SYP,1,27.6,24.0,24.0,0,,,,SYRUP
442,442,CETRZIN TAB,1,103.5,90.0,90.0,0,,,,TABLET
5008,5008,CETSUM 60ML SYP,1,34.5,30.0,30.0,0,,,,SYRUP
3448,3448,CETZI 10MG TAB,1,10.35,9.0,9.0,0,,,,TABLET
1773,1773,CETZI 60ML SYP,1,27.6,24.0,24.0,0,,,,SYRUP
3339,3339,CEZIN TAB PDH,1,26.45,23.0,23.0,63,,,,TABLET
670,670,CHAMAKDAR CREAM,1,253.0,220.0,220.0,0,,,,CREAM
4414,4414,CHEMISTRY ANALYZER,1,25300.0,22000.0,22000.0,0,,,,OTHER
4893,4893,CHEMSET 8MG TAB,1,138.0,120.0,120.0,0,,,,TABLET
2249,2249,CHILCOL 120ML SYP,1,25.3,22.0,22.0,0,,,,SYRUP
4419,4419,CHLESTORE KET,1,1207.5,1050.0,1050.0,0,,,,OTHER
634,634,CHLOROQUINE SYP 60ML,1,0.0,0.0,0.0,0,,,,SYRUP
3692,3692,CHLORPHENIRAMINE TAB,1,9.66,8.4,8.4,0,,,,TABLET
4640,4640,CHOLESTEROL TEST,1,0.0,0.0,0.0,0,,,,OTHER
4305,4305,CIFA 125MG SYP,1,83.95,73.0,73.0,0,,,,SYRUP
4722,4722,CILAVIT UC-11,1,287.5,250.0,250.0,0,,,,OTHER
2999,2999,CIN MARK 250MG TAB,1,40.25,35.0,35.0,0,,,,TABLET
2874,2874,CIN MARK 500MG TAB,1,52.9,46.0,46.0,0,,,,TABLET
3450,3450,CIPACT 250MG TAB,1,51.75,45.0,45.0,0,,,,TABLET
3499,3499,CIPACT 500MG TAB,1,63.25,55.0,55.0,0,,,,TABLET
3628,3628,CIPCIN 250MG TAB,1,66.7,58.0,58.0,0,,,,TABLET
2662,2662,CIPCIN 500MG TAB,1,101.2,88.0,88.0,0,,,,TABLET
2758,2758,CIPFLKE 250MG TAB,1,41.4,36.0,36.0,0,,,,TABLET
2759,2759,CIPFLKE 500MG TAB,1,52.9,46.0,46.0,0,,,,TABLET
4647,4647,CIPGO 250MG TAB,1,103.5,90.0,90.0,0,,,,TABLET
3824,3824,CIPOCAIN EAR DROPS,1,5.75,5.0,5.0,0,,,,DROPS
3389,3389,CIPRACY 125MG SYP,1,103.5,90.0,90.0,117,,,,SYRUP
3452,3452,CIPRACY 250MG SYP,1,112.7,98.0,98.0,109,,,,SYRUP
3138,3138,CIPROBEST 250MG SYP,1,78.2,68.0,68.0,0,,,,SYRUP
3583,3583,CIPROCIL 100ML INF,1,51.75,45.0,45.0,0,,,,OTHER
4224,4224,CIPROFED 500MG TAB,1,106.95,93.0,93.0,0,,,,TABLET
3509,3509,CIPROFENA 100ML INF,1,63.25,55.0,55.0,0,,,,OTHER
579,579,CIPROFLOXCINE INFUTION,1,0.0,0.0,0.0,0,,,,OTHER
3128,3128,CIPROGAT 250MG SYP,1,66.7,58.0,58.0,0,,,,SYRUP
1871,1871,CIPROQUINE 500MG TAB,1,172.5,150.0,150.0,0,,,,TABLET
3422,3422,CIPROSHINE 500MG TAB,1,50.6,44.0,44.0,0,,,,TABLET
4093,4093,CIPROSIM 100ML INF,1,44.85,39.0,39.0,0,,,,OTHER
2960,2960,CIPSON 250MG TAB,1,43.7,38.0,38.0,0,,,,TABLET
2830,2830,CIPSON 500MG TAB,1,55.2,48.0,48.0,0,,,,TABLET
4280,4280,CIRCUMCISION 1.3 DEVICE,1,63.25,55.0,55.0,9,,,,OTHER
4848,4848,CITANEW 10MG TAB,1,420.45,365.61,365.61,0,,,,TABLET
5098,5098,CITRA TAB,1,98.9,86.0,86.0,0,,,,TABLET
3796,3796,CITRAZIT 60ML SYP,1,23.0,20.0,20.0,0,,,,SYRUP
5307,5307,CITRESAL 10MG TAB,1,13.8,12.0,12.0,1,,,,TABLET
4368,4368,CITRESAL 60ML SYP,1,29.9,26.0,26.0,0,,,,SYRUP
3398,3398,CITRIC TAB,1,13.22,11.5,11.5,0,,,,TABLET
2864,2864,CITRO CRAN P D H SACHETS,1,63.25,55.0,55.0,0,,,,SACHET
3634,3634,CITROX 250MG TAB,1,46.0,40.0,40.0,0,,,,TABLET
3635,3635,CITROX 500MG TAB,1,66.7,58.0,58.0,0,,,,TABLET
3468,3468,CIVOX 500MG TAB,1,63.25,55.0,55.0,0,,,,TABLET
3491,3491,CIXIM 125MG SYP,1,61.52,53.5,53.5,0,,,,SYRUP
3160,3160,CIXIM DS 250MG SYP,1,81.65,71.0,71.0,0,,,,SYRUP
3304,3304,CIXIME 400MG CAP,1,115.0,100.0,100.0,0,,,,CAPSULE
2770,2770,CK QUIN 500MG TAB,1,126.5,110.0,110.0,0,,,,TABLET
3390,3390,CK QUINE 250MG TAB,1,95.45,83.0,83.0,0,,,,TABLET
2255,2255,CLAFORT 1GM INJ,1,97.75,85.0,85.0,0,,,,INJECTION
3495,3495,CLAFORT 250MG INJ,1,43.7,38.0,38.0,0,,,,INJECTION
3494,3494,CLAFORT 500MG INJ,1,66.7,58.0,58.0,0,,,,INJECTION
2688,2688,CLAFTAX 1GM INJ,1,42.55,37.0,37.0,0,,,,INJECTION
2687,2687,CLAFTEX 500MG INJ,1,31.05,27.0,27.0,0,,,,INJECTION
3977,3977,CLAMENTIN 156.25MG SYP,1,103.5,90.0,90.0,0,,,,SYRUP
3976,3976,CLAMENTIN 312.50MG SYP,1,149.5,130.0,130.0,0,,,,SYRUP
4402,4402,CLARITEK 125MG SYP,1,411.38,357.72,357.72,0,,,,SYRUP
4791,4791,CLARITEK 250MG SYP,1,742.09,645.3,645.3,0,,,,SYRUP
5400,5400,CLASSIC TEETHER,1,103.5,90.0,90.0,3,,,,OTHER
3492,3492,CLAVOX 250MG INJ,1,46.0,40.0,40.0,0,,,,INJECTION
3493,3493,CLAVOX 500MG INJ,1,66.7,58.0,58.0,0,,,,INJECTION
4724,4724,CLEANER HEAMATOLOGY,1,4025.0,3500.0,3500.0,1,,,,OTHER
3226,3226,CLEAR 180ML SHAMPO,1,219.07,190.5,190.5,0,,,,INJECTION
4525,4525,CLEAR CREAM,1,253.37,220.32,220.32,0,,,,CREAM
5231,5231,CLENIL COMPOSITUM,1,137.16,119.27,119.27,10,,,,OTHER
3978,3978,CLIENTRA 10MG TAB,1,48.3,42.0,42.0,0,,,,TABLET
2895,2895,CLINAIR 10MG TAB,1,175.95,153.0,153.0,0,,,,TABLET
2896,2896,CLINAIR PAED GRAN 4MG,1,143.75,125.0,125.0,0,,,,OTHER
3273,3273,CLOBEDERM S LOTION,1,242.27,210.67,210.67,0,,,,CREAM
3502,3502,CLOBEVATE NN,1,0.0,0.0,0.0,0,,,,OTHER
4440,4440,CLOMAST SACHET,1,7.38,6.42,6.42,0,,,,SACHET
5042,5042,CLOMID 50MG TAB,1,625.55,543.96,543.96,0,,,,TABLET
3225,3225,CLOSE UP TOOT FACE,1,115.0,100.0,100.0,0,,,,OTHER
4096,4096,CLOTEEN TAB,1,36.8,32.0,32.0,0,,,,TABLET
3892,3892,CLOTEEN-V 35G VAGINAL CREAM,1,57.5,50.0,50.0,0,,,,CREAM
2730,2730,CLOVAG 500MG TAB,1,39.1,34.0,34.0,0,,,,TABLET
5013,5013,CLOZOX H CREAM,1,114.44,99.51,99.51,23,,,,CREAM
3924,3924,CLYCIN-T 30ML LOTION,1,229.71,199.75,199.75,5,,,,CREAM
3723,3723,CO-AMOXI DS SYP,1,270.25,235.0,235.0,0,,,,SYRUP
4559,4559,CO-DEPRICAP 3/25MG CAP,1,109.2,94.96,94.96,0,,,,CAPSULE
4584,4584,CO-OSAR TAB,1,269.3,234.17,234.17,0,,,,TABLET
4148,4148,COBAMIN 500MG TAB,1,161.0,140.0,140.0,0,,,,TABLET
2781,2781,COBLA TAB UNASKO,1,42.55,37.0,37.0,0,,,,TABLET
3752,3752,COBRA-250MG TAB,1,46.0,40.0,40.0,0,,,,TABLET
3916,3916,COFLET 120ML SYP,1,27.6,24.0,24.0,0,,,,SYRUP
3751,3751,COFTEX 60ML SYP,1,28.75,25.0,25.0,0,,,,SYRUP
4355,4355,COHEIM 150MG CAP,1,24.15,21.0,21.0,0,,,,CAPSULE
5036,5036,COLGATE 100MG,1,184.0,160.0,160.0,0,,,,OTHER
3224,3224,COLGATE MESVAK 30GM,1,69.0,60.0,60.0,0,,,,OTHER
1658,1658,COLIC DROPS SERENA,1,40.25,35.0,35.0,3,,,,DROPS
3256,3256,COLIGESIC 60ML SYP,1,118.04,102.64,102.64,0,,,,SYRUP
3089,3089,COLIGESSIC DROP,1,130.9,113.83,113.83,7,,,,DROPS
4523,4523,COLOREST DROPS,1,291.3,253.3,253.3,0,,,,DROPS
4498,4498,COMBINOL-H DROPS,1,164.52,143.06,143.06,0,,,,DROPS
3087,3087,COMBIVAIR 400MG CAP,1,174.64,151.86,151.86,10,,,,CAPSULE
3856,3856,COMINE 500MG TAB,1,41.4,36.0,36.0,0,,,,TABLET
5023,5023,CONATE-HC CREAM,1,80.5,70.0,70.0,0,,,,CREAM
4912,4912,CONAZ SHAMPOO,1,338.47,294.32,294.32,5,,,,INJECTION
3711,3711,CONCIDOL NEO SYP,1,23.0,20.0,20.0,0,,,,SYRUP
4120,4120,CONCIDOL-L 60ML SYP,1,28.75,25.0,25.0,0,,,,SYRUP
3682,3682,CONCIDOL-L TAB,1,28.75,25.0,25.0,0,,,,TABLET
3918,3918,CONCOR 2.5MG TAB,1,183.95,159.96,159.96,2,,,,TABLET
3919,3919,CONCOR 5MG TAB,1,337.44,293.43,293.43,6,,,,TABLET
5158,5158,CONDITIONER SUNSIL BLUE,1,488.75,425.0,425.0,0,,,,OTHER
4059,4059,CONTOUR 40MG CAP,1,373.6,324.87,324.87,0,,,,CAPSULE
2676,2676,CONVIDOL CF TAB,1,12.65,11.0,11.0,0,,,,TABLET
2850,2850,CONVIDOL TAB,1,11.5,10.0,10.0,0,,,,TABLET
5391,5391,CONVIT TAB,1,207.0,180.0,180.0,0,,,,TABLET
735,735,COOL FAST TAB,1,9.2,8.0,8.0,0,,,,TABLET
3374,3374,COOL MAX TAB,1,8.28,7.2,7.2,0,,,,TABLET
5185,5185,COPPER T,1,40.25,35.0,35.0,8,,,,OTHER
2987,2987,CORAM 5MG TAB,1,46.0,40.0,40.0,0,,,,TABLET
3659,3659,CORD CLIMP CRAFT,1,10.12,8.8,8.8,36,,,,OTHER
3489,3489,CORINEF 100MG SYP,1,161.0,140.0,140.0,5,,,,SYRUP
3734,3734,CORINEF 400MG TAB,1,293.25,255.0,255.0,0,,,,TABLET
2313,2313,CORN CAP,1,63.25,55.0,55.0,1,,,,CAPSULE
3105,3105,CORODOX CAP,1,34.5,30.0,30.0,0,,,,CAPSULE
2375,2375,CORTISPORIN DROP,1,0.0,0.0,0.0,0,,,,DROPS
768,768,COSOM 120ML SYP,1,139.38,121.2,121.2,0,,,,SYRUP
790,790,COSOM-E SYP,1,130.85,113.78,113.78,11,,,,SYRUP
3498,3498,COTAZOLE DS SYP,1,40.25,35.0,35.0,0,,,,SYRUP
3109,3109,COTAZOLE SYP,1,32.2,28.0,28.0,0,,,,SYRUP
3083,3083,COTRI PLAN TAB,1,16.67,14.5,14.5,0,,,,TABLET
446,446,COTTON WOOL 200GM,1,115.0,100.0,100.0,2,,,,OTHER
3415,3415,COUGH X 60ML SYP,1,20.7,18.0,18.0,0,,,,SYRUP
4005,4005,COUGH-F 120ML SYP,1,37.95,33.0,33.0,0,,,,SYRUP
4472,4472,COVA-H 80/12.5MG TAB,1,304.29,264.6,264.6,0,,,,TABLET
4505,4505,COVAM 10/160MG TAB,1,714.47,621.28,621.28,0,,,,TABLET
4504,4504,COVAM 5/160MG TAB,1,565.19,491.47,491.47,0,,,,TABLET
3038,3038,COVAM 5/80MG TAB,1,493.05,428.74,428.74,0,,,,TABLET
2843,2843,CP-LIUM 120ML SYP,1,28.57,24.84,24.84,0,,,,SYRUP
2587,2587,CRAAN MEX SACHET,1,57.5,50.0,50.0,0,,,,SACHET
5355,5355,CRACK HEAL 60GM CREAM,1,207.0,180.0,180.0,0,,,,CREAM
3580,3580,CRACK-CR-SERNE,1,201.25,175.0,175.0,0,,,,OTHER
3363,3363,CRAN BEE SACHETS,1,74.75,65.0,65.0,0,,,,SACHET
4880,4880,CRAN BERRY-F SACHES,1,9.77,8.5,8.5,0,,,,SACHET
5299,5299,CRAN MAXS 120ML,1,97.75,85.0,85.0,0,,,,OTHER
2979,2979,CRAN MAY SACHE,1,0.0,0.0,0.0,0,,,,SACHET
4778,4778,CRAN-E SACHET,1,12.65,11.0,11.0,0,,,,SACHET
4885,4885,CRANAX 120ML SYP,1,92.0,80.0,80.0,0,,,,SYRUP
2822,2822,CRANAX SACHETS,1,13.8,12.0,12.0,334,,,,SACHET
2732,2732,CRANBERRY CLASSIC SACHE,1,92.0,80.0,80.0,2,,,,SACHET
5080,5080,CRANIKA SACHTES,1,11.5,10.0,10.0,0,,,,SACHET
4876,4876,CRANMED SACHET,1,9.77,8.5,8.5,0,,,,SACHET
4420,4420,CRATININE  KET,1,4082.5,3550.0,3550.0,0,,,,OTHER
5156,5156,CREAM YUM 200ML,1,166.75,145.0,145.0,0,,,,CREAM
4399,4399,CREATININE TEST,1,57.5,50.0,50.0,0,,,,OTHER
3006,3006,"CREPE BANDAGE ""6""",1,80.5,70.0,70.0,2,,,,OTHER
664,664,"CREPE BANDAGE 4""",1,69.0,60.0,60.0,12,,,,OTHER
1879,1879,CRO NIL 50ML SANTIZER,1,189.75,165.0,165.0,0,,,,OTHER
505,505,CROCODILE FORCEP 5,1,402.5,350.0,350.0,0,,,,OTHER
5237,5237,CRP TEST,1,0.0,0.0,0.0,0,,,,OTHER
724,724,CUBAC 250MG TAB,1,0.0,0.0,0.0,0,,,,TABLET
2689,2689,CUFSET COUGH 120ML SYP,1,18.4,16.0,16.0,0,,,,SYRUP
4499,4499,CUREZOLE CREAM,1,154.17,134.06,134.06,0,,,,CREAM
3629,3629,CYANOCOBALAMIN,1,103.5,90.0,90.0,0,,,,OTHER
2760,2760,CYCLOFANC 50MG TAB,1,13.8,12.0,12.0,11,,,,TABLET
3010,3010,CYCLOFEN SR 100MG TAB,1,34.5,30.0,30.0,0,,,,TABLET
3274,3274,CYCLOFEN-GEL 20GM,1,57.5,50.0,50.0,0,,,,CREAM
5376,5376,CYCLONORM TAB,1,461.38,401.2,401.2,4,,,,TABLET
4659,4659,CYNOFEN TAB,1,12.65,11.0,11.0,0,,,,TABLET
4574,4574,CYPRODIOL TAB,1,413.48,359.55,359.55,0,,,,TABLET
5235,5235,CYREX 120ML SYP,1,46.0,40.0,40.0,55,,,,SYRUP
3166,3166,CYROSOL 100ML INF,1,55.2,48.0,48.0,0,,,,OTHER
3608,3608,D FROL INJ,1,23.0,20.0,20.0,0,,,,INJECTION
4660,4660,D KOF 120ML SYP,1,64.4,56.0,56.0,0,,,,SYRUP
2993,2993,D/RLD 500ML UNISOL,1,71.3,62.0,62.0,0,,,,OTHER
4466,4466,DAFLON 500MG TAB,1,484.67,421.45,421.45,0,,,,TABLET
3587,3587,DAILY CAL SACHETS,1,150.44,130.82,130.82,0,,,,SACHET
4833,4833,DAIZELIVE 10MG INJ,1,69.0,60.0,60.0,0,,,,INJECTION
1468,1468,DAKTARIN 20G ORAL GEL,1,115.0,100.0,100.0,0,,,,CREAM
3428,3428,DANADOL EXTRA TAB,1,25.87,22.5,22.5,0,,,,TABLET
4154,4154,DANAKORT 40MG INJ,1,39.1,34.0,34.0,0,,,,INJECTION
3336,3336,DANSAID 100MG TAB,1,149.5,130.0,130.0,0,,,,TABLET
3376,3376,DANVID 200MG TAB,1,36.8,32.0,32.0,0,,,,TABLET
2679,2679,DANZEN DS TAB,1,229.91,199.92,199.92,2,,,,TABLET
3955,3955,DANZEN PLAN TAB,1,139.3,121.13,121.13,5,,,,TABLET
4044,4044,DAVIZIN 60ML SYP,1,34.5,30.0,30.0,0,,,,SYRUP
4881,4881,DAXILA 30MG CAP,1,241.8,210.26,210.26,0,,,,CAPSULE
3632,3632,DAZYNAC 50MG TAB,1,28.75,25.0,25.0,0,,,,TABLET
5091,5091,DE-WART LOTION,1,805.0,700.0,700.0,0,,,,CREAM
3532,3532,DEBRIDAT SYP,1,0.0,0.0,0.0,0,,,,SYRUP
4023,4023,DELIVERY KIT,1,138.0,120.0,120.0,0,,,,OTHER
4269,4269,DELMOL 60ML SYP,1,29.9,26.0,26.0,0,,,,SYRUP
661,661,DELMOX 125MG SYP,1,23.57,20.5,20.5,0,,,,SYRUP
4220,4220,DELTACORTRIL 5MG TAB,1,2307.24,2006.3,2006.3,0,,,,TABLET
5176,5176,DENDUE NS1,1,172.5,150.0,150.0,3,,,,OTHER
2372,2372,DEPHALEC SYP,1,0.0,0.0,0.0,0,,,,SYRUP
3042,3042,DEPO-PROVERA INJ,1,109.25,95.0,95.0,0,,,,INJECTION
5283,5283,DERMA GLOW CREAM,1,460.0,400.0,400.0,0,,,,CREAM
5005,5005,DES-EZE 5MG TAB,1,57.5,50.0,50.0,0,,,,TABLET
5224,5224,DESALER 120ML SYP,1,97.75,85.0,85.0,0,,,,SYRUP
5225,5225,DESALER 5MG TAB,1,86.25,75.0,75.0,4,,,,TABLET
4153,4153,DETTOL 1LITER,1,1610.0,1400.0,1400.0,0,,,,OTHER
4157,4157,DETTOL 50ML,1,201.25,175.0,175.0,0,,,,OTHER
407,407,DETTOL LOTION,1,201.25,175.0,175.0,0,,,,CREAM
502,502,DETTOL SOAP,1,126.5,110.0,110.0,0,,,,OTHER
3045,3045,DEVINATE 60ML SYP,1,28.75,25.0,25.0,0,,,,SYRUP
4434,4434,DEWMOL 60ML SYP,1,41.4,36.0,36.0,0,,,,SYRUP
4431,4431,DEWNAC 50MMG TAB,1,14.95,13.0,13.0,0,,,,TABLET
2355,2355,DEXA BELESTAR TAB KARKA,1,117.3,102.0,102.0,0,,,,TABLET
471,471,DEXA INJ UNI TIECH,1,3.45,3.0,3.0,0,,,,INJECTION
761,761,DEXA OREINT,1,0.0,0.0,0.0,0,,,,OTHER
3477,3477,DEXA TAB LAMBE,1,402.5,350.0,350.0,0,,,,TABLET
3823,3823,DEXACHLOR EYE DROPS,1,89.01,77.4,77.4,13,,,,DROPS
3647,3647,DEXASONE INJ,1,258.75,225.0,225.0,0,,,,INJECTION
3595,3595,DEXICORT INJ,1,138.01,120.01,120.01,0,,,,INJECTION
3102,3102,DEXTROSE 25%,1,21.85,19.0,19.0,78,,,,OTHER
4176,4176,DIA-CAME-DS 15MG TAB,1,43.7,38.0,38.0,0,,,,TABLET
4547,4547,DIAGESIC EXTRA TAB,1,186.98,162.59,162.59,0,,,,TABLET
1768,1768,DIAMICRON MR 30MG TAB,1,436.62,379.67,379.67,1,,,,TABLET
5024,5024,DIAMICRON MR 60MG TAB,1,627.14,545.34,545.34,1,,,,TABLET
3559,3559,DIARLOPE CAP,1,67.85,59.0,59.0,0,,,,CAPSULE
3406,3406,DICLOCON-P 75MG TAB,1,29.9,26.0,26.0,0,,,,TABLET
3880,3880,DICLODYN 50MG TAB,1,20.7,18.0,18.0,0,,,,TABLET
3990,3990,DICLOHEIM-SR TAB,1,40.25,35.0,35.0,0,,,,TABLET
4121,4121,DICLONOV INJ,1,5.12,4.45,4.45,0,,,,INJECTION
4211,4211,DICLORAN 50MG TAB,1,164.52,143.06,143.06,0,,,,TABLET
3717,3717,DICLOSAF-P 50MG TAB,1,19.55,17.0,17.0,0,,,,TABLET
3718,3718,DICLOSAF-P 75MG TAB,1,21.85,19.0,19.0,0,,,,TABLET
3379,3379,DICLOTOL  TAB,1,138.0,120.0,120.0,0,,,,TABLET
2625,2625,DICMAF 50MG TAB,1,14.95,13.0,13.0,0,,,,TABLET
2881,2881,DICMAF GEL 20GM,1,31.05,27.0,27.0,0,,,,CREAM
3508,3508,DICOWISE-K 50MG TAB,1,26.45,23.0,23.0,0,,,,TABLET
4649,4649,DIFAZON 150MG CAP,1,26.45,23.0,23.0,0,,,,CAPSULE
781,781,DIGAS 120ML SYP,1,162.76,141.53,141.53,0,,,,SYRUP
4786,4786,DIGAS 20ML DROPS,1,218.5,190.0,190.0,3,,,,DROPS
3920,3920,DIGESTINE 40MG CAP,1,0.0,0.0,0.0,0,,,,CAPSULE
5026,5026,DILUENT SOLUTION,1,8625.0,7500.0,7500.0,2,,,,OTHER
3778,3778,DIMENIC SYP,1,25.3,22.0,22.0,0,,,,SYRUP
4685,4685,DIO PLUS 10/160MG TAB,1,0.0,0.0,0.0,0,,,,TABLET
4686,4686,DIO PLUS 5/160MG TAB,1,0.0,0.0,0.0,0,,,,TABLET
4687,4687,DIO PLUS 5/80MG TAB,1,0.0,0.0,0.0,0,,,,TABLET
4178,4178,DIOSIM SR TAB,1,40.25,35.0,35.0,0,,,,TABLET
2638,2638,DIRHAM CREAM,1,184.0,160.0,160.0,0,,,,CREAM
2640,2640,DISPROL SUSPENSION,1,49.67,43.19,43.19,0,,,,SYRUP
2849,2849,DISPROL TAB,1,11.96,10.4,10.4,0,,,,TABLET
4688,4688,DISTALEGSIC TAB,1,0.0,0.0,0.0,0,,,,TABLET
5120,5120,DISTTLED WATER 6LITER CAINE,1,172.5,150.0,150.0,1,,,,OTHER
567,567,DIVONATE ING,1,117.3,102.0,102.0,0,,,,OTHER
4675,4675,DOLIRICIN 120ML SYP,1,43.7,38.0,38.0,20,,,,SYRUP
2481,2481,DOLNOT 1X100 INJ,1,4.37,3.8,3.8,0,,,,INJECTION
2378,2378,DOLOGIN DS SYP,1,96.47,83.89,83.89,11,,,,SYRUP
2897,2897,DOLOR DS SYP,1,105.8,92.0,92.0,12,,,,SYRUP
4067,4067,DOLOREL 20MG TAB,1,63.25,55.0,55.0,0,,,,TABLET
741,741,DOMACT TAB,1,0.0,0.0,0.0,0,,,,TABLET
2436,2436,DOMEL 60ML SYP,1,99.47,86.5,86.5,25,,,,SYRUP
1517,1517,DOMEL TAB,1,86.4,75.13,75.13,0,,,,TABLET
4165,4165,DOMGEN 10MG TAB,1,63.25,55.0,55.0,0,,,,TABLET
36341,36341,DOMIPAR TAB,1,36.8,32.0,32.0,0,,,,TABLET
2976,2976,DOMPERIDONE TAB,1,34.5,30.0,30.0,0,,,,TABLET
3775,3775,DOMTEK 120ML SYP,1,71.66,62.31,62.31,0,,,,SYRUP
4901,4901,DOMTEK 60ML SYP,1,61.2,53.22,53.22,3,,,,SYRUP
2950,2950,DOSAVIL INJ,1,5.75,5.0,5.0,350,,,,INJECTION
4239,4239,DOXOFID 60ML SYP,1,1.15,1.0,1.0,0,,,,SYRUP
4051,4051,DOXYFAAS TAB,1,112.7,98.0,98.0,0,,,,TABLET
3868,3868,DR SCABY,1,54.05,47.0,47.0,0,,,,OTHER
3080,3080,DRAMINE INJ,1,74.75,65.0,65.0,0,,,,INJECTION
2723,2723,DRIGLIT 120ML SYP,1,0.0,0.0,0.0,0,,,,SYRUP
5194,5194,DROP CHARGES,1,11.5,10.0,10.0,0,,,,DROPS
3126,3126,DROPA TAB,1,46.37,40.32,40.32,0,,,,TABLET
3766,3766,DROPS LADY,1,172.5,150.0,150.0,0,,,,DROPS
3973,3973,DROTAMED INJ,1,7.82,6.8,6.8,0,,,,INJECTION
3079,3079,DUETON CAP,1,142.22,123.67,123.67,0,,,,CAPSULE
4634,4634,DULAN 30MG CAP,1,449.98,391.29,391.29,0,,,,CAPSULE
669,669,DULHAN BEAUTY SOAP,1,69.0,60.0,60.0,0,,,,OTHER
563,563,DULHAN CREAM,1,178.25,155.0,155.0,0,,,,CREAM
3461,3461,DULHAN HAIR OIL,1,1.15,1.0,1.0,0,,,,OTHER
4632,4632,DUOLAN 30MG CAP,1,0.0,0.0,0.0,0,,,,CAPSULE
549,549,DUOTON ING,1,92.0,80.0,80.0,0,,,,OTHER
2877,2877,DUPHASTON TAB 10MG,1,1243.49,1081.3,1081.3,1,,,,TABLET
2927,2927,DURAGESIC FORT TAB,1,84.34,73.34,73.34,0,,,,TABLET
3280,3280,DURAGESIC TAB,1,42.09,36.6,36.6,0,,,,TABLET
4864,4864,DUREX GUM,1,80.5,70.0,70.0,2,,,,OTHER
4834,4834,DUSTBIN LARGE SIZE,1,3277.5,2850.0,2850.0,4,,,,OTHER
4533,4533,DUZALTA 20MG TAB,1,428.08,372.24,372.24,0,,,,TABLET
3980,3980,DV CIPRO 250MG TAB,1,55.2,48.0,48.0,0,,,,TABLET
4016,4016,DV CIPRO 500MG TAB,1,82.8,72.0,72.0,0,,,,TABLET
4468,4468,DXL 30MG CAP,1,170.38,148.16,148.16,0,,,,CAPSULE
4467,4467,DXL 60MG CAP,1,262.96,228.66,228.66,0,,,,CAPSULE
4095,4095,DYGESTO 120ML SYP,1,25.94,22.56,22.56,0,,,,SYRUP
638,638,DYMIN SYP,1,73.51,63.92,63.92,6,,,,SYRUP
1832,1832,DYNALID-P TAB,1,20.7,18.0,18.0,0,,,,TABLET
3975,3975,DYRAMID 200MG TAB,1,40.25,35.0,35.0,0,,,,TABLET
3967,3967,E MULTI TAB,1,63.25,55.0,55.0,0,,,,TABLET
3837,3837,E-CLAR DS 500MG TAB,1,5.75,5.0,5.0,0,,,,TABLET
4263,4263,EAR SYRING,1,207.0,180.0,180.0,1,,,,OTHER
4745,4745,EASYGLUCO  SUGAR STRIP,1,747.5,650.0,650.0,0,,,,OTHER
4545,4545,ECASIL 400MG TAB,1,870.95,757.35,757.35,0,,,,TABLET
3789,3789,ECOGYL 400MG TAB,1,39.1,34.0,34.0,0,,,,TABLET
3847,3847,ECOGYL 400MG TAB,1,19.55,17.0,17.0,0,,,,TABLET
2509,2509,ECOTEC SACHET,1,48.91,42.53,42.53,0,,,,SACHET
4427,4427,EDTA TUBE,1,13.8,12.0,12.0,51,,,,OTHER
453,453,EFFIDEX LOTION,1,0.0,0.0,0.0,0,,,,CREAM
5274,5274,EFI-PRO 120ML SYP,1,218.96,190.4,190.4,0,,,,SYRUP
5183,5183,EFICON 150MG CAP,1,25.3,22.0,22.0,0,,,,CAPSULE
5273,5273,EFIGONE 120ML SYP,1,184.75,160.65,160.65,0,,,,SYRUP
5326,5326,EFIX 400MG CAP,1,347.52,302.19,302.19,0,,,,CAPSULE
3542,3542,EFZOCAL-C TAB,1,63.25,55.0,55.0,0,,,,TABLET
2731,2731,ELBOW SUPPORT AR,1,86.25,75.0,75.0,0,,,,SUPPOSITORY
5420,5420,ELIFEROL-D3 INJ,1,34.5,30.0,30.0,30,,,,INJECTION
4344,4344,ELIXIME 100MG SYP,1,96.6,84.0,84.0,0,,,,SYRUP
4237,4237,ELUCAST 10MG TAB,1,69.0,60.0,60.0,0,,,,TABLET
4593,4593,EMISOL 120ML SYP,1,32.2,28.0,28.0,0,,,,SYRUP
5364,5364,EMOD 2MG CAP,1,3.25,2.83,2.83,50,,,,CAPSULE
2337,2337,EMOON CREAM,1,57.5,50.0,50.0,0,,,,CREAM
4812,4812,EMPAGLI TAB,1,0.0,0.0,0.0,0,,,,TABLET
3418,3418,EMPOIR 250MG TAB,1,39.1,34.0,34.0,0,,,,TABLET
3419,3419,EMPOIR 500MG TAB,1,51.75,45.0,45.0,0,,,,TABLET
4084,4084,ENCID 20MG CAP,1,80.5,70.0,70.0,0,,,,CAPSULE
756,756,ENDONIL SYP,1,34.5,30.0,30.0,0,,,,SYRUP
5298,5298,ENEMA CARE 120ML,1,143.75,125.0,125.0,2,,,,OTHER
3047,3047,ENSURE MILK,1,3187.58,2771.81,2771.81,0,,,,OTHER
2591,2591,ENTAMEZOLE DS TAB,1,244.9,212.96,212.96,0,,,,TABLET
4721,4721,ENTOCID 120ML SYP,1,287.5,250.0,250.0,0,,,,SYRUP
3191,3191,ENTOX P TAB,1,33.84,29.43,29.43,0,,,,TABLET
4349,4349,ENVEPE TAB,1,98.9,86.0,86.0,15,,,,TABLET
2828,2828,EOURIMIN 100MG TAB,1,85.39,74.25,74.25,40,,,,TABLET
3184,3184,EOURMIN 50MG TAB,1,46.0,40.0,40.0,38,,,,TABLET
3613,3613,EPHAMIDE INJ,1,3.91,3.4,3.4,0,,,,INJECTION
3272,3272,EPHANIC GELL,1,0.0,0.0,0.0,0,,,,CREAM
2875,2875,EPIVAL 120ML SYP,1,321.64,279.69,279.69,1,,,,SYRUP
3295,3295,EPIVAL 60ML SYP,1,0.0,0.0,0.0,0,,,,SYRUP
3563,3563,EPIXIME 100MG SYP,1,55.2,48.0,48.0,0,,,,SYRUP
2321,2321,EPIXIME 400MG CAP,1,212.75,185.0,185.0,0,,,,CAPSULE
3533,3533,EPLAZYME 120ML SYP,1,154.84,134.64,134.64,0,,,,SYRUP
595,595,EPLOPAL 75MG TAB,1,0.0,0.0,0.0,0,,,,TABLET
3947,3947,EPOFIX 100MG/5ML SYP,1,0.0,0.0,0.0,0,,,,SYRUP
3334,3334,EPOVEL 500MG TAB,1,60.95,53.0,53.0,0,,,,TABLET
2336,2336,ERA BEAUTY CREAM,1,172.5,150.0,150.0,0,,,,CREAM
3968,3968,ERIBION TAB,1,86.25,75.0,75.0,0,,,,TABLET
573,573,EROCOF P 120ML SYP,1,5.75,5.0,5.0,0,,,,SYRUP
3833,3833,EROQEEN 60ML SYP,1,2.3,2.0,2.0,0,,,,SYRUP
709,709,ESFAAS 20MG CAP,1,0.0,0.0,0.0,0,,,,CAPSULE
3626,3626,ESOBORN 20MG CAP,1,80.5,70.0,70.0,0,,,,CAPSULE
5366,5366,ESOMEGA 40MG CAP,1,200.39,174.25,174.25,0,,,,CAPSULE
3342,3342,ESOPASE 20MG CAP,1,69.0,60.0,60.0,0,,,,CAPSULE
701,701,ESOPEP 20MG CAP,1,62.01,53.92,53.92,0,,,,CAPSULE
702,702,ESOPEP 40MG CAP,1,0.0,0.0,0.0,0,,,,CAPSULE
3125,3125,ESOTONE 20MG CAP,1,52.9,46.0,46.0,0,,,,CAPSULE
706,706,ESOX 40MG CAP,1,63.25,55.0,55.0,21,,,,CAPSULE
5236,5236,ESR TEST,1,0.0,0.0,0.0,0,,,,OTHER
2971,2971,ESSO 40MG CAP,1,636.64,553.6,553.6,2,,,,CAPSULE
3811,3811,ESSO 40MG INJ,1,0.0,0.0,0.0,0,,,,INJECTION
3653,3653,ESSOMAC 20MG CAP,1,46.0,40.0,40.0,0,,,,CAPSULE
710,710,ESSONAVE 40MG CAP,1,105.8,92.0,92.0,29,,,,CAPSULE
3233,3233,ESSONOR 20MG CAP,1,51.75,45.0,45.0,0,,,,CAPSULE
3234,3234,ESSONOR 40MG CAP,1,46.0,40.0,40.0,0,,,,CAPSULE
952,952,ESTAR 10MG TAB,1,435.47,378.67,378.67,0,,,,TABLET
4534,4534,ESTAR 5MG TAB,1,326.85,284.22,284.22,0,,,,TABLET
704,704,ESTIC 20MG CAP,1,0.0,0.0,0.0,0,,,,CAPSULE
703,703,ESTIC 40MG CAP,1,0.0,0.0,0.0,0,,,,CAPSULE
744,744,ESTRAM 10MG TAB,1,69.0,60.0,60.0,0,,,,TABLET
4526,4526,ESTRANOR TAB,1,603.6,524.87,524.87,2,,,,TABLET
474,474,EUGLUCON 5MG TAB,1,14.95,13.0,13.0,0,,,,TABLET
4047,4047,EVACEF 125MG SYP,1,91.46,79.53,79.53,0,,,,SYRUP
4776,4776,EXCELLIN 500MG CAP,1,120.75,105.0,105.0,0,,,,CAPSULE
3412,3412,EXELEX 3MG TAB,1,36.03,31.33,31.33,0,,,,TABLET
2696,2696,EXIT 1GM INJ,1,97.75,85.0,85.0,0,,,,INJECTION
3409,3409,EXIT 500MG INJ,1,43.7,38.0,38.0,0,,,,INJECTION
3407,3407,EXPACTORANT SYP,1,21.85,19.0,19.0,0,,,,SYRUP
3050,3050,EXTOR 5/160MG TAB,1,517.27,449.8,449.8,3,,,,TABLET
3285,3285,EXTOR 5/80 MG TAB,1,484.61,421.4,421.4,2,,,,TABLET
3616,3616,EXTRA VIT TAB,1,78.2,68.0,68.0,0,,,,TABLET
3101,3101,EZIDAY 50MG TAB,1,462.56,402.23,402.23,0,,,,TABLET
4989,4989,F-RON TAB,1,138.0,120.0,120.0,0,,,,TABLET
4308,4308,FAASTIDIN 4MG TAB,1,40.25,35.0,35.0,0,,,,TABLET
3143,3143,FACE MASK GREEN,1,5.98,5.2,5.2,100,,,,OTHER
3504,3504,FACE WASH,1,230.0,200.0,200.0,1,,,,OTHER
5011,5011,FACEGUARD CREAM,1,195.5,170.0,170.0,0,,,,CREAM
4628,4628,FAIR PYORHEAN,1,101.2,88.0,88.0,17,,,,OTHER
5208,5208,FAIR-CAIN DROP,1,89.7,78.0,78.0,0,,,,DROPS
4068,4068,FALFIN INJ,1,31.62,27.5,27.5,0,,,,INJECTION
4714,4714,FAMELUX 5MG TAB,1,9.77,8.5,8.5,0,,,,TABLET
3604,3604,FAMGARD 40MG TAB,1,20.12,17.5,17.5,0,,,,TABLET
617,617,FAMTAZA 20MG TAB,1,44.51,38.7,38.7,0,,,,TABLET
4063,4063,FANART  DS 40/240 TAB,1,235.85,205.09,205.09,0,,,,TABLET
3904,3904,FANART 30ML SYP,1,80.11,69.66,69.66,0,,,,SYRUP
4232,4232,FANART PLUS 80/480 TAB,1,294.83,256.37,256.37,0,,,,TABLET
4775,4775,FARMIDE DROPS,1,41.4,36.0,36.0,0,,,,DROPS
3641,3641,FAULAD MARHABA 240ML SYP,1,149.5,130.0,130.0,14,,,,SYRUP
3800,3800,FAULAD SUMMARY 120ML SYP,1,24.15,21.0,21.0,0,,,,SYRUP
3961,3961,FEBROL DS SYP,1,87.74,76.3,76.3,0,,,,SYRUP
4479,4479,FEDCID 120ML SYP,1,72.45,63.0,63.0,45,,,,SYRUP
4393,4393,FEDCITAL 10MG TAB,1,80.5,70.0,70.0,0,,,,TABLET
3998,3998,FEDGESIC 50MG TAB,1,34.5,30.0,30.0,77,,,,TABLET
3999,3999,FEDGESIC 75MG TAB,1,36.22,31.5,31.5,28,,,,TABLET
5256,5256,FEDICID TAB,1,0.0,0.0,0.0,0,,,,TABLET
4233,4233,FEDLIDE 100MG TAB,1,57.5,50.0,50.0,0,,,,TABLET
4921,4921,FEDLOX 15MG TAB,1,0.0,0.0,0.0,0,,,,TABLET
3178,3178,FEDRAGYL 60ML SYP,1,52.9,46.0,46.0,30,,,,SYRUP
738,738,FEDRAIL 250MG,1,0.0,0.0,0.0,0,,,,OTHER
4470,4470,FEDRAMOL-T TAB,1,80.5,70.0,70.0,0,,,,TABLET
717,717,FEDRAXIL 125MG SYP,1,69.0,60.0,60.0,16,,,,SYRUP
3451,3451,FEDRAXIL 250MG SYP,1,92.0,80.0,80.0,11,,,,SYRUP
3779,3779,FEDRAXIL 500MG TAB,1,109.25,95.0,95.0,3,,,,TABLET
5294,5294,FEDROLAC INJ,1,23.69,20.6,20.6,7,,,,INJECTION
5422,5422,FEEDER 160RS,1,155.25,135.0,135.0,1,,,,OTHER
4614,4614,FEEDER 60ML,1,112.7,98.0,98.0,1,,,,OTHER
4613,4613,FEEDER R.P.130,1,120.75,105.0,105.0,1,,,,OTHER
5089,5089,FEEDER R.P.190,1,172.5,150.0,150.0,1,,,,OTHER
5090,5090,FEEDER R.P.200,1,184.0,160.0,160.0,1,,,,OTHER
4677,4677,FEEDING TUBE 8,1,27.6,24.0,24.0,2,,,,OTHER
2771,2771,FEELIX 500MG TAB,1,64.4,56.0,56.0,0,,,,TABLET
3957,3957,FEFLAM 75MG TAB,1,17.25,15.0,15.0,0,,,,TABLET
3020,3020,FEMICON 5ML EYE DROP,1,0.0,0.0,0.0,0,,,,DROPS
3730,3730,FEMIPLEX 120ML SYP,1,36.8,32.0,32.0,0,,,,SYRUP
3882,3882,FEMPOL 60ML SYP,1,26.45,23.0,23.0,0,,,,SYRUP
3813,3813,FEMPOL 6PLUS 60ML,1,29.9,26.0,26.0,0,,,,OTHER
3449,3449,FEMPOL-C 60ML SYP,1,23.0,20.0,20.0,0,,,,SYRUP
3989,3989,FEN-S 50MG TAB,1,17.25,15.0,15.0,0,,,,TABLET
3517,3517,FENAMIC  FORT  TAB,1,19.55,17.0,17.0,0,,,,TABLET
4306,4306,FENBRO 120ML SYP,1,85.02,73.93,73.93,53,,,,SYRUP
5031,5031,FENDKETO INJ,1,17.25,15.0,15.0,0,,,,INJECTION
636,636,FENIM CAP,1,35.65,31.0,31.0,0,,,,CAPSULE
3676,3676,FENIPH INJ,1,28.17,24.5,24.5,0,,,,INJECTION
3624,3624,FERO INJ,1,103.5,90.0,90.0,0,,,,INJECTION
4554,4554,FEROPLEX TAB,1,109.25,95.0,95.0,0,,,,TABLET
5396,5396,FEROVOX SACHET,1,253.0,220.0,220.0,0,,,,SACHET
5393,5393,FERREXO TAB,1,149.5,130.0,130.0,0,,,,TABLET
3212,3212,FERRO GLOBIN 120ML SYP,1,32.2,28.0,28.0,0,,,,SYRUP
5284,5284,FERRY-B 240ML SYP,1,161.0,140.0,140.0,0,,,,SYRUP
4381,4381,FERVIT SYP,1,86.22,74.97,74.97,0,,,,SYRUP
5078,5078,FERWEL TAB,1,46.0,40.0,40.0,0,,,,TABLET
3702,3702,FES CRAN  SACHES,1,55.2,48.0,48.0,0,,,,SACHET
3984,3984,FESCON 120ML SYP,1,28.75,25.0,25.0,0,,,,SYRUP
3983,3983,FESTCID 120ML SYP,1,28.75,25.0,25.0,0,,,,SYRUP
3691,3691,FEV-TREAT INJ,1,10.58,9.2,9.2,0,,,,INJECTION
3846,3846,FEVENOR INJ,1,13.55,11.78,11.78,0,,,,INJECTION
4184,4184,FEVERAL FORT TAB,1,276.0,240.0,240.0,0,,,,TABLET
4712,4712,FEVERAMIN-D TAB,1,32.2,28.0,28.0,0,,,,TABLET
2511,2511,FIBO JAR,1,934.01,812.18,812.18,0,,,,OTHER
5035,5035,FIBO SACHET,1,507.52,441.32,441.32,1,,,,SACHET
4476,4476,FIKZONE 1GM INJ,1,105.8,92.0,92.0,0,,,,INJECTION
2892,2892,FIRAX 10MG TAB,1,12.65,11.0,11.0,0,,,,TABLET
4886,4886,FIRST AID BOX,1,920.0,800.0,800.0,0,,,,OTHER
1641,1641,FISH OIL CAP,1,333.5,290.0,290.0,0,,,,CAPSULE
4215,4215,FITZIN 10MG TAB,1,10.35,9.0,9.0,0,,,,TABLET
2363,2363,FIXEF 400MG TAB,1,115.0,100.0,100.0,0,,,,TABLET
4098,4098,FIXITIL 400MG TAB,1,310.26,269.79,269.79,0,,,,TABLET
2886,2886,FIXITIL-DS SYP,1,0.0,0.0,0.0,0,,,,SYRUP
2887,2887,FIXTIL 30ML SYP,1,0.0,0.0,0.0,0,,,,SYRUP
3740,3740,FIXVAL DS SYP,1,242.65,211.0,211.0,0,,,,SYRUP
3564,3564,FLAGYNASE 100ML INF,1,63.25,55.0,55.0,0,,,,OTHER
3196,3196,FLAGYNASE 400MG TAB,1,20.12,17.5,17.5,0,,,,TABLET
3341,3341,FLAGYNASE 60ML SYP,1,37.95,33.0,33.0,0,,,,SYRUP
4241,4241,FLEXIN 250MG TAB,1,160.97,139.97,139.97,0,,,,TABLET
4242,4242,FLEXIN 500MG TAB,1,288.24,250.64,250.64,0,,,,TABLET
5021,5021,FLEXOPRIDE 50MG TAB,1,80.5,70.0,70.0,0,,,,TABLET
3197,3197,FLINT 400MG TAB,1,218.5,190.0,190.0,0,,,,TABLET
3612,3612,FLOG 100MG TAB,1,195.6,170.09,170.09,0,,,,TABLET
2782,2782,FLOXA 250MG TAB,1,92.0,80.0,80.0,21,,,,TABLET
2763,2763,FLOXA 500MG TAB,1,138.0,120.0,120.0,15,,,,TABLET
3696,3696,FLOXCIP 250MG TAB,1,51.75,45.0,45.0,0,,,,TABLET
3671,3671,FLOXCIP 500MG TAB,1,63.25,55.0,55.0,0,,,,TABLET
2774,2774,FLOXOL 200 TAB,1,66.7,58.0,58.0,28,,,,TABLET
3953,3953,FLU-ZE SACHET,1,150.07,130.5,130.5,0,,,,SACHET
2899,2899,FLU-ZE SYP,1,48.33,42.03,42.03,0,,,,SYRUP
5037,5037,FLUNZEGO 150MG CAP,1,42.17,36.67,36.67,0,,,,CAPSULE
4461,4461,FLURBISIN 100MG TAB,1,6.32,5.5,5.5,0,,,,TABLET
4747,4747,FLURBY 100MG TAB,1,6.13,5.33,5.33,0,,,,TABLET
2421,2421,FLURIN 100MG TAB,1,88.55,77.0,77.0,0,,,,TABLET
3557,3557,FLUZIC 150MG TAB,1,28.75,25.0,25.0,0,,,,TABLET
3536,3536,FLYCIN 250MG TAB,1,55.2,48.0,48.0,0,,,,TABLET
3585,3585,FLYCIN 500MG TAB,1,78.2,68.0,68.0,0,,,,TABLET
3903,3903,FLYTRO 15G CREAM,1,158.03,137.42,137.42,40,,,,CREAM
625,625,FLYZOL SYP LISKO,1,41.4,36.0,36.0,0,,,,SYRUP
4195,4195,FNIQ 150MG CAP,1,40.25,35.0,35.0,0,,,,CAPSULE
2606,2606,FOGAN 100MG TAB,1,86.25,75.0,75.0,0,,,,TABLET
2386,2386,FOLEY CATHER 16 FR,1,40.25,35.0,35.0,0,,,,OTHER
4689,4689,FONAZ 150MG CAP,1,0.0,0.0,0.0,0,,,,CAPSULE
682,682,FORAZINE 10MG TAB,1,9.2,8.0,8.0,0,,,,TABLET
576,576,FORCEPS,1,80.5,70.0,70.0,3,,,,OTHER
510,510,FOREIGN BODY FORCEP,1,0.0,0.0,0.0,0,,,,OTHER
3770,3770,FORTREN SR TAB,1,42.55,37.0,37.0,0,,,,TABLET
3862,3862,FRECID 120ML SYP,1,30.54,26.56,26.56,0,,,,SYRUP
4624,4624,FRENDCOGEN 100MG TAB,1,0.0,0.0,0.0,0,,,,TABLET
3757,3757,FRENDIC 75MG INJ,1,4.02,3.5,3.5,0,,,,INJECTION
3693,3693,FRESH 240ML SYP,1,63.25,55.0,55.0,0,,,,SYRUP
2551,2551,FRESH BLOOD TAB,1,69.0,60.0,60.0,0,,,,TABLET
5165,5165,FRESH C TAB,1,126.5,110.0,110.0,0,,,,TABLET
5164,5164,FRESH C1000 JAR,1,149.5,130.0,130.0,0,,,,OTHER
4897,4897,FRESHUP SACHET,1,21.56,18.75,18.75,0,,,,SACHET
4651,4651,FRIMET 2ML INJ,1,12.65,11.0,11.0,100,,,,INJECTION
2793,2793,FROBEN 100MG TAB,1,207.0,180.0,180.0,0,,,,TABLET
4126,4126,FRUITA-IN SACHET,1,37.95,33.0,33.0,0,,,,SACHET
459,459,FRUITAVIT C 1000,1,27.6,24.0,24.0,0,,,,OTHER
762,762,FRUSEMIDE INJ,1,7.82,6.8,6.8,0,,,,INJECTION
4836,4836,FUDIC-H 15G CREAM,1,340.18,295.81,295.81,4,,,,CREAM
5345,5345,FUNGVEL 150MG CAP,1,71.3,62.0,62.0,56,,,,CAPSULE
5344,5344,FUNGVEL 50MG SYP,1,138.0,120.0,120.0,0,,,,SYRUP
3573,3573,FURAMID 60ML SYP,1,86.02,74.8,74.8,39,,,,SYRUP
5314,5314,FUZON 150MG CAP,1,40.25,35.0,35.0,2,,,,CAPSULE
5323,5323,FYBOSIM SACHET,1,238.34,207.25,207.25,0,,,,SACHET
5335,5335,G BERRY 120ML SYP,1,92.0,80.0,80.0,14,,,,SYRUP
3053,3053,G-LOB TAB,1,0.0,0.0,0.0,0,,,,TABLET
3802,3802,G-VID 200MG TAB,1,36.8,32.0,32.0,0,,,,TABLET
3896,3896,GABAFIL 75MG CAP,1,97.75,85.0,85.0,3,,,,CAPSULE
4507,4507,GABICA 100MG CAP,1,608.29,528.95,528.95,0,,,,CAPSULE
4508,4508,GABICA 50MG CAP,1,450.24,391.51,391.51,0,,,,CAPSULE
3486,3486,GAC 1000 TAB,1,124.2,108.0,108.0,22,,,,TABLET
5380,5380,GAC JAR TAB,1,132.25,115.0,115.0,1,,,,TABLET
4537,4537,GALVECTA 50+1000MG TAB,1,518.73,451.07,451.07,0,,,,TABLET
4535,4535,GALVECTA 50+500MG TAB,1,491.43,427.33,427.33,0,,,,TABLET
4536,4536,GALVECTA 50+850MG TAB,1,527.32,458.54,458.54,0,,,,TABLET
5330,5330,GASNIL TAB,1,3.45,3.0,3.0,151,,,,TABLET
2761,2761,GASTAPIL 40MG TAB,1,25.3,22.0,22.0,0,,,,TABLET
4405,4405,GASTOFEN 120ML SYP,1,69.0,60.0,60.0,0,,,,SYRUP
5004,5004,GASTOLAX 120ML SYP,1,46.0,40.0,40.0,0,,,,SYRUP
4075,4075,GASTOM SACHET,1,69.0,60.0,60.0,0,,,,SACHET
5337,5337,GASTROGEL 500ML SYP,1,138.0,120.0,120.0,15,,,,SYRUP
3783,3783,GASTROSHINE TAB,1,32.2,28.0,28.0,0,,,,TABLET
2967,2967,GASVESAN 120ML SYP,1,21.85,19.0,19.0,0,,,,SYRUP
4607,4607,GAVISCON ADVANS SYP,1,0.0,0.0,0.0,0,,,,SYRUP
752,752,GAVISCON LIQUID 200ML,1,278.53,242.2,242.2,6,,,,SYRUP
3841,3841,GEFCIN DROPS,1,1.15,1.0,1.0,0,,,,DROPS
4690,4690,GEMPID 600MG TAB,1,0.0,0.0,0.0,0,,,,TABLET
2988,2988,GEN CIPRO 100ML INF,1,86.25,75.0,75.0,0,,,,OTHER
2989,2989,GEN LEVO 100ML INF,1,92.0,80.0,80.0,0,,,,OTHER
5404,5404,GEN-M 120MG INJ,1,336.24,292.38,292.38,0,,,,INJECTION
3156,3156,GENTA CREAM KOREYA,1,25.87,22.5,22.5,0,,,,CREAM
2916,2916,GENTION VIOLET LOTION,1,17.25,15.0,15.0,6,,,,CREAM
4838,4838,GERMEX 100ML LIQUID,1,92.0,80.0,80.0,1,,,,SYRUP
2968,2968,GESTOGEL 120ML SYP,1,29.62,25.76,25.76,0,,,,SYRUP
4510,4510,GETFORMIN 1+500MG TAB,1,135.16,117.53,117.53,5,,,,TABLET
4509,4509,GETFORMIN 2+500MG TAB,1,214.28,186.33,186.33,4,,,,TABLET
3023,3023,GETRYL 1MG TAB,1,118.92,103.41,103.41,3,,,,TABLET
3021,3021,GETRYL 3MG TAB,1,247.25,215.0,215.0,2,,,,TABLET
3076,3076,GETRYL 4MG TAB,1,367.21,319.31,319.31,1,,,,TABLET
3211,3211,GIN MAX 240ML SYP,1,55.2,48.0,48.0,0,,,,SYRUP
5245,5245,GINBEX 120ML SYP,1,628.73,546.72,546.72,0,,,,SYRUP
4616,4616,GINKGO BILOBA TAB,1,172.5,150.0,150.0,0,,,,TABLET
5312,5312,GINKO-B 240ML SYP,1,103.5,90.0,90.0,0,,,,SYRUP
5142,5142,GINKO-G 120ML SYP,1,80.5,70.0,70.0,0,,,,SYRUP
4027,4027,GLANDIN-E2 TAB,1,632.5,550.0,550.0,0,,,,TABLET
5333,5333,GLASSES,1,57.5,50.0,50.0,6,,,,OTHER
3577,3577,GLAXOSE D LARG,1,241.5,210.0,210.0,0,,,,OTHER
438,438,GLAXOSE D SMAL,1,101.2,88.0,88.0,17,,,,OTHER
3471,3471,GLOROL FORT TAB,1,44.85,39.0,39.0,0,,,,TABLET
5302,5302,GLU,1,172.5,150.0,150.0,1,,,,OTHER
2614,2614,GLYCERIN MIKO,1,56.35,49.0,49.0,0,,,,OTHER
4026,4026,GLYCRIN SPRY,1,97.75,85.0,85.0,1,,,,OTHER
672,672,GOLDEN PEARL SOAP,1,57.5,50.0,50.0,0,,,,OTHER
671,671,GOLDENPEARL CREAM,1,207.0,180.0,180.0,0,,,,CREAM
3913,3913,GOREE CREAM,1,189.75,165.0,165.0,0,,,,CREAM
3750,3750,GRACE FUL CAP,1,80.5,70.0,70.0,0,,,,CAPSULE
3185,3185,GRACE FUL PRINTED CAP,1,69.0,60.0,60.0,0,,,,CAPSULE
4914,4914,GRASIL 250INJ,1,243.63,211.85,211.85,0,,,,INJECTION
2938,2938,GRAVIBINAN 2ML INJ,1,727.79,632.86,632.86,5,,,,INJECTION
4620,4620,GREEN STAT DROPS,1,57.5,50.0,50.0,0,,,,DROPS
2544,2544,GREEN TEA BREAST LIFTING FAST,1,322.0,280.0,280.0,0,,,,OTHER
3319,3319,GRIFIN 500MG TAB,1,264.5,230.0,230.0,0,,,,TABLET
5057,5057,GRIPE WATER 100ML,1,74.75,65.0,65.0,0,,,,OTHER
3324,3324,GRISO-F 500MG TAB,1,0.0,0.0,0.0,0,,,,TABLET
3323,3323,GRISOL 500MG TAB,1,0.0,0.0,0.0,0,,,,TABLET
5114,5114,GTN PLUS OINT,1,519.05,451.35,451.35,0,,,,CREAM
4605,4605,GUM,1,57.5,50.0,50.0,0,,,,OTHER
5030,5030,HAISKAST 10MG TAB,1,80.5,70.0,70.0,0,,,,TABLET
4413,4413,HAMATALOGY ANALYZER,1,94300.0,82000.0,82000.0,0,,,,OTHER
2448,2448,HAPPY LIFE CONDOM,1,36.42,31.67,31.67,0,,,,OTHER
272,272,HB,1,0.0,0.0,0.0,0,,,,OTHER
5203,5203,HBA1C TEST,1,0.0,0.0,0.0,0,,,,OTHER
3267,3267,HBS (BIO CHECK),1,40.25,35.0,35.0,12,,,,OTHER
441,441,HCV (BIO CHECK),1,37.95,33.0,33.0,15,,,,OTHER
5263,5263,HEAD&SHOULDERS SHAMPOO,1,184.0,160.0,160.0,3,,,,INJECTION
2593,2593,HEAL C 1000 SACHETS,1,41.4,36.0,36.0,0,,,,SACHET
3443,3443,HEALAZIN 60ML SYP,1,28.75,25.0,25.0,0,,,,SYRUP
2858,2858,HEALIT SKIN OIT,1,123.2,107.13,107.13,9,,,,OTHER
3232,3232,HEALIUM 20MG CAP,1,29.9,26.0,26.0,0,,,,CAPSULE
4997,4997,HEALKAST 4MG SACHET,1,5.75,5.0,5.0,0,,,,SACHET
4478,4478,HEALOM 20MG CAP,1,23.0,20.0,20.0,0,,,,CAPSULE
4020,4020,HEEL CARE,1,80.5,70.0,70.0,0,,,,OTHER
2792,2792,HEMACOLD-P TAB,1,13.8,12.0,12.0,0,,,,TABLET
3367,3367,HEMAGRAVIN TAB,1,138.0,120.0,120.0,0,,,,TABLET
3572,3572,HEX 50MG TAB,1,202.15,175.78,175.78,1,,,,TABLET
4406,4406,HI CUF 120ML SYP,1,69.0,60.0,60.0,0,,,,SYRUP
3588,3588,HI ROX PLUS CAP,1,172.5,150.0,150.0,0,,,,CAPSULE
1281,1281,HI SERVIN BD TAB,1,230.0,200.0,200.0,0,,,,TABLET
4578,4578,HI-LACTA 500MG CAP,1,320.08,278.33,278.33,3,,,,CAPSULE
5065,5065,HI-VIT SOFTGEL,1,172.5,150.0,150.0,0,,,,CREAM
4541,4541,HICEL EYE DROP,1,127.14,110.56,110.56,0,,,,DROPS
637,637,HIGH-C 1000,1,21.39,18.6,18.6,131,,,,OTHER
2370,2370,HILOETA TAB,1,0.0,0.0,0.0,0,,,,TABLET
3200,3200,HIPAR 30ML SYP,1,19.55,17.0,17.0,0,,,,SYRUP
3456,3456,HISMIN 10MG TAB,1,9.2,8.0,8.0,0,,,,TABLET
4198,4198,HISMIN 10MG TAB,1,0.0,0.0,0.0,0,,,,TABLET
4010,4010,HISTACARE 120ML SYP,1,28.75,25.0,25.0,0,,,,SYRUP
714,714,HISTAMOL D 120ML SYP,1,132.74,115.43,115.43,0,,,,SYRUP
4806,4806,HIVATE NASAL SPRAY,1,645.54,561.34,561.34,0,,,,INHALER
3706,3706,HOMOTON 240ML SYP,1,63.25,55.0,55.0,0,,,,SYRUP
5331,5331,HONEHAR 120ML SYP,1,63.25,55.0,55.0,4,,,,SYRUP
4212,4212,HONEY 1000G,1,690.0,600.0,600.0,0,,,,OTHER
3145,3145,HONEY 250G PALOSA,1,172.5,150.0,150.0,0,,,,OTHER
4230,4230,HONEY 500G BEERA,1,1150.0,1000.0,1000.0,0,,,,OTHER
95,95,HONEY 500G PALOSA,1,345.0,300.0,300.0,0,,,,OTHER
4994,4994,HONEY KUF 120ML SYP,1,40.25,35.0,35.0,0,,,,SYRUP
3266,3266,HPYLORI (BIO CHECK),1,86.25,75.0,75.0,26,,,,OTHER
4992,4992,HPYLORY STOOL STRIP,1,138.0,120.0,120.0,2,,,,OTHER
5032,5032,HY-CORTISONE 100MG INJ,1,126.5,110.0,110.0,1,,,,INJECTION
3881,3881,HYCOCID-40MG TAB,1,18.4,16.0,16.0,0,,,,TABLET
2796,2796,HYDERQUIN 4% CREAM,1,55.08,47.9,47.9,0,,,,CREAM
5135,5135,HYDROGEN PEROXIDE 450ML,1,184.0,160.0,160.0,0,,,,OTHER
4691,4691,HYDROPHIL 10%,1,0.0,0.0,0.0,0,,,,DROPS
4692,4692,HYDROPHIL 5% LOTION,1,0.0,0.0,0.0,0,,,,DROPS
5015,5015,HYDROZOLE CREAM,1,290.19,252.34,252.34,0,,,,CREAM
4909,4909,HYO-C TAB,1,14.37,12.5,12.5,44,,,,TABLET
2651,2651,HYSO PLUS TAB,1,14.37,12.5,12.5,0,,,,TABLET
3279,3279,HYTRIN 2MG TAB,1,571.45,496.91,496.91,0,,,,TABLET
5133,5133,HYZONATE 100MG INJ,1,111.55,97.0,97.0,1,,,,INJECTION
3798,3798,IB-CLAR 125MG SYP,1,115.0,100.0,100.0,0,,,,SYRUP
3697,3697,IBUSAF 90ML SYP,1,32.2,28.0,28.0,0,,,,SYRUP
3046,3046,ICEF 100MG SYP,1,237.05,206.13,206.13,0,,,,SYRUP
5402,5402,IDK BERRY,1,149.5,130.0,130.0,13,,,,OTHER
5384,5384,IDK PRICKLY HEAT SPRAY,1,195.5,170.0,170.0,5,,,,INHALER
5339,5339,IMCOFEN 90ML SYP,1,60.95,53.0,53.0,92,,,,SYRUP
5358,5358,IMLI,1,92.0,80.0,80.0,0,,,,OTHER
3876,3876,IMPRESSOR 60ML LOTION,1,47.15,41.0,41.0,0,,,,CREAM
5317,5317,INCIP 100ML INFUSION,1,138.0,120.0,120.0,0,,,,INJECTION
2980,2980,INFACOL SYP,1,76.28,66.33,66.33,0,,,,SYRUP
3014,3014,INFLAMATIX 100MG TAB,1,110.35,95.96,95.96,1,,,,TABLET
4361,4361,INFLAMATIX SR TAB,1,328.44,285.6,285.6,0,,,,TABLET
4579,4579,INHIBITOL 30MG CAP,1,189.09,164.43,164.43,0,,,,CAPSULE
2552,2552,INJECT 3CC,1,7.53,6.55,6.55,0,,,,INJECTION
3155,3155,INJECT 5CC SYRINJ,1,3.79,3.3,3.3,0,,,,INJECTION
5193,5193,INJECTION CHARGES,1,11.5,10.0,10.0,0,,,,INJECTION
3850,3850,INMED-D INJ,1,23.0,20.0,20.0,0,,,,INJECTION
5310,5310,INN-D PLUS CAP,1,41.4,36.0,36.0,10,,,,CAPSULE
3550,3550,INSTAGEN 400MG TAB,1,21.85,19.0,19.0,0,,,,TABLET
2674,2674,INSTANT ENEMA,1,43.7,38.0,38.0,0,,,,OTHER
3024,3024,INSTASIP SODA,1,63.25,55.0,55.0,0,,,,OTHER
3707,3707,INTESTINIL SYP,1,17.25,15.0,15.0,0,,,,SYRUP
3100,3100,INTOBIX 100ML INF,1,109.25,95.0,95.0,0,,,,OTHER
4221,4221,IODEX OINTMENT,1,0.0,0.0,0.0,0,,,,CREAM
3931,3931,IROLIC 120ML SYP,1,57.5,50.0,50.0,0,,,,SYRUP
3553,3553,IRONTOSE-F TAB,1,28.75,25.0,25.0,0,,,,TABLET
3818,3818,IROSYN INJ,1,25.3,22.0,22.0,0,,,,INJECTION
3429,3429,ISOMAIL 400MG MILK,1,1071.8,932.0,932.0,0,,,,OTHER
4289,4289,ISPIDRONE TAB,1,129.38,112.5,112.5,0,,,,TABLET
3838,3838,ITCH CARE SOAP,1,5.75,5.0,5.0,0,,,,OTHER
3733,3733,ITOSAF 50MG TAB,1,69.0,60.0,60.0,0,,,,TABLET
3320,3320,ITRNEU 400MG CAP,1,0.0,0.0,0.0,0,,,,CAPSULE
2943,2943,IV CANNOLA 22G SKY,1,96.6,84.0,84.0,22,,,,OTHER
2746,2746,IV CANNOLA 24G SKY,1,82.8,72.0,72.0,0,,,,OTHER
2542,2542,IV CANNULA 24G NERVETEC,1,42.55,37.0,37.0,65,,,,OTHER
560,560,IV CANNULA 24GX 3/4 MASTER,1,96.6,84.0,84.0,19,,,,OTHER
3163,3163,IV CANULA 24G CHINA,1,46.0,40.0,40.0,0,,,,OTHER
445,445,IV SET CLASSIC,1,14.03,12.2,12.2,0,,,,OTHER
616,616,IV SET CLINIC,1,18.4,16.0,16.0,0,,,,OTHER
2354,2354,IV SET FLOCON,1,26.45,23.0,23.0,600,,,,OTHER
2309,2309,IV SET MASTAR,1,14.37,12.5,12.5,0,,,,OTHER
3002,3002,IV SET SURGITEX,1,17.25,15.0,15.0,0,,,,OTHER
2956,2956,IV SET TRUST,1,12.65,11.0,11.0,0,,,,OTHER
2712,2712,IV SET UNISET,1,17.82,15.5,15.5,0,,,,OTHER
2647,2647,IV SET ZINDAGI,1,18.11,15.75,15.75,0,,,,OTHER
3930,3930,IV-LEAF 120ML SYP,1,57.5,50.0,50.0,0,,,,SYRUP
3925,3925,IVERMITE 6MG TAB,1,344.19,299.3,299.3,0,,,,TABLET
3912,3912,IVF-C INJ,1,2300.0,2000.0,2000.0,0,,,,INJECTION
4908,4908,IVY LEAF 120ML SYP,1,54.05,47.0,47.0,3,,,,SYRUP
509,509,"JABSON PROBES ""4""",1,166.75,145.0,145.0,3,,,,OTHER
3340,3340,JAWAFLOX 500MG TAB,1,57.5,50.0,50.0,0,,,,TABLET
2396,2396,JAZZ PLUS 3ML D/S,1,4.14,3.6,3.6,0,,,,OTHER
4851,4851,JEN-D INJ,1,101.86,88.57,88.57,0,,,,INJECTION
4853,4853,JENREX 40MG CAP,1,246.33,214.2,214.2,0,,,,CAPSULE
4852,4852,JENREX 40MG INF,1,236.9,206.0,206.0,0,,,,OTHER
2912,2912,JETEPAR SYP,1,445.05,387.0,387.0,0,,,,SYRUP
3997,3997,JEWDIN 60ML SYP,1,31.05,27.0,27.0,0,,,,SYRUP
3469,3469,JEXIN 500MG TAB,1,64.4,56.0,56.0,0,,,,TABLET
4316,4316,JOSH DELAY,1,89.7,78.0,78.0,0,,,,OTHER
5277,5277,JOSHANDA (MARHABA),1,16.1,14.0,14.0,235,,,,OTHER
3958,3958,JUNATE OINTMENT,1,32.2,28.0,28.0,0,,,,CREAM
3981,3981,JUNATE-N CREAM,1,31.05,27.0,27.0,0,,,,CREAM
4424,4424,JUSTER,1,4025.0,3500.0,3500.0,0,,,,OTHER
4760,4760,K-LOT 1ML INJ,1,125.27,108.93,108.93,0,,,,INJECTION
3748,3748,KAL MAG D TAB,1,143.75,125.0,125.0,0,,,,TABLET
2333,2333,KALA KOLA HAIR TONIC,1,97.75,85.0,85.0,0,,,,OTHER
4538,4538,KALSOB TAB,1,783.85,681.61,681.61,0,,,,TABLET
3609,3609,KAMEFANIC INJ,1,4.25,3.7,3.7,0,,,,INJECTION
2663,2663,KAMEFENAC INJ 1X100,1,2.82,2.45,2.45,0,,,,INJECTION
3315,3315,KAMENATE INJ,1,7.13,6.2,6.2,227,,,,INJECTION
3785,3785,KAMI SPA INJ,1,9.2,8.0,8.0,229,,,,INJECTION
3147,3147,KAMIC FORTE 500MG TAB,1,28.12,24.45,24.45,0,,,,TABLET
3712,3712,KANABEX CREAM,1,43.7,38.0,38.0,0,,,,CREAM
4350,4350,KANAMYCIN 1GM INJ,1,59.8,52.0,52.0,0,,,,INJECTION
2473,2473,KANAXIME 1GM INJ,1,42.55,37.0,37.0,0,,,,INJECTION
2482,2482,KANAXIME 250MG KARKA,1,23.0,20.0,20.0,0,,,,OTHER
2768,2768,KEFLOCIN 500MG TAB,1,51.75,45.0,45.0,0,,,,TABLET
2335,2335,KELLY PEARL CREAM,1,17.25,15.0,15.0,0,,,,CREAM
2935,2935,KENACOMB 10MG CREAM,1,393.54,342.21,342.21,1,,,,CREAM
3928,3928,KENALOG 10GM OINT,1,134.91,117.31,117.31,0,,,,CREAM
2590,2590,KESTINE TAB,1,0.0,0.0,0.0,0,,,,TABLET
3318,3318,KETACON 200MG TAB,1,83.95,73.0,73.0,0,,,,TABLET
4491,4491,KETAGEN CREAM,1,103.5,90.0,90.0,0,,,,CREAM
4668,4668,KETOMAL 1ML INJ,1,16.1,14.0,14.0,0,,,,INJECTION
4804,4804,KETOPIKE 60ML SOL,1,230.0,200.0,200.0,0,,,,OTHER
3325,3325,KETOR 200MG TAB,1,0.0,0.0,0.0,0,,,,TABLET
513,513,KIDNY TRAY 10,1,402.5,350.0,350.0,0,,,,OTHER
512,512,KIDNY TRAY 6,1,287.5,250.0,250.0,0,,,,OTHER
5260,5260,KIDOGEST DROPS,1,100.83,87.68,87.68,0,,,,DROPS
5106,5106,KINGTOX GREEN COIL,1,621.0,540.0,540.0,0,,,,OTHER
4758,4758,KLARCID XL TAB,1,474.72,412.8,412.8,0,,,,TABLET
4530,4530,KLARICID 125MG DROPS,1,246.63,214.46,214.46,0,,,,DROPS
4531,4531,KLARICID 500MG TAB,1,863.12,750.54,750.54,0,,,,TABLET
4056,4056,KLUE 250MG TAB,1,311.53,270.9,270.9,0,,,,TABLET
4092,4092,KLUE 500G TAB,1,618.12,537.5,537.5,0,,,,TABLET
3905,3905,KN 95 MASK WHITE,1,25.3,22.0,22.0,0,,,,OTHER
504,504,KNEE SUPPORT CHINA,1,86.25,75.0,75.0,0,,,,SUPPOSITORY
4889,4889,KNIGHT RIDER SPRAY,1,172.5,150.0,150.0,0,,,,INHALER
2835,2835,KRACKS CREAM,1,97.75,85.0,85.0,11,,,,CREAM
801,801,KRACKSAF CREAM,1,103.5,90.0,90.0,0,,,,CREAM
2722,2722,KUF-GO SYP,1,0.0,0.0,0.0,0,,,,SYRUP
2841,2841,KUFF NO 1 120ML SYP,1,18.4,16.0,16.0,0,,,,SYRUP
4019,4019,KUFNEX 120ML SYP,1,36.22,31.5,31.5,13,,,,SYRUP
3808,3808,KUIN 500MG TAB,1,126.5,110.0,110.0,0,,,,TABLET
3388,3388,KUROBIN INJ,1,212.75,185.0,185.0,0,,,,INJECTION
4988,4988,L-METHYL FOLARE TAB,1,172.5,150.0,150.0,0,,,,TABLET
3719,3719,L.D 3CC SYRING,1,4.43,3.85,3.85,0,,,,OTHER
3742,3742,L.D 5CC SYRING,1,4.43,3.85,3.85,0,,,,OTHER
5025,5025,LACTABLE 250G,1,819.66,712.75,712.75,0,,,,TABLET
5169,5169,LACTAMORE 200G,1,819.66,712.75,712.75,0,,,,OTHER
792,792,LACTICARE CREAM,1,0.0,0.0,0.0,0,,,,CREAM
3058,3058,LACTOGEN 1 200MG,1,805.0,700.0,700.0,6,,,,OTHER
3059,3059,LACTOGEN 1 400GM,1,1256.95,1093.0,1093.0,0,,,,OTHER
3630,3630,LACTOGEN 2 200MG,1,828.0,720.0,720.0,6,,,,OTHER
3914,3914,LACTOGEN 2 400MG,1,1460.5,1270.0,1270.0,0,,,,OTHER
4753,4753,LACTOGEN RECOVER 200G,1,874.0,760.0,760.0,0,,,,OTHER
3223,3223,LACTOGROW 3 200G,1,792.06,688.75,688.75,2,,,,OTHER
2706,2706,LADY LOVE CREAM,1,230.0,200.0,200.0,0,,,,CREAM
4590,4590,LAGITA ADV SYP,1,260.13,226.2,226.2,1,,,,SYRUP
2978,2978,LAL SHARBAT SYP,1,161.0,140.0,140.0,0,,,,SYRUP
4160,4160,LAMIZOL 20MG CAP,1,32.2,28.0,28.0,0,,,,CAPSULE
3041,3041,LANOXIN TAB,1,65.55,57.0,57.0,0,,,,TABLET
4656,4656,LARGO CREAM,1,172.5,150.0,150.0,0,,,,CREAM
1522,1522,LASORIDE TAB,1,115.0,100.0,100.0,0,,,,TABLET
5338,5338,LAXER 120ML SYP,1,97.75,85.0,85.0,0,,,,SYRUP
4346,4346,LAXOBERON DROPS,1,143.69,124.95,124.95,31,,,,DROPS
2610,2610,LAXOBERON TAB,1,79.58,69.2,69.2,8,,,,TABLET
2795,2795,LAZMA 30MG CREAM,1,130.01,113.05,113.05,0,,,,CREAM
5383,5383,LE CRAN 120ML SYP,1,109.25,95.0,95.0,10,,,,SYRUP
3462,3462,LEADS CREAM,1,1.15,1.0,1.0,0,,,,CREAM
2699,2699,LEAZAM .05 TAB,1,108.1,94.0,94.0,0,,,,TABLET
3284,3284,LECID DS SYP,1,161.0,140.0,140.0,3,,,,SYRUP
5375,5375,LECTO-LAQ TAB,1,258.75,225.0,225.0,9,,,,TABLET
3582,3582,LEFIN PLUS SYP,1,41.4,36.0,36.0,0,,,,SYRUP
3039,3039,LEFLOX 250MG TAB,1,273.02,237.41,237.41,0,,,,TABLET
589,589,LEFOSOL 500MG/100ML INFUSION,1,0.0,0.0,0.0,0,,,,INJECTION
3282,3282,LEMATITE 120ML SYP,1,79.87,69.45,69.45,0,,,,SYRUP
3283,3283,LEMAX-C 120MLSYP,1,96.43,83.85,83.85,0,,,,SYRUP
2377,2377,LEMAZOLE 60ML SYP,1,29.61,25.75,25.75,0,,,,SYRUP
3139,3139,LETIRIX 5MG TAB,1,48.07,41.8,41.8,5,,,,TABLET
2790,2790,LEUFEX 250MG TAB,1,0.0,0.0,0.0,0,,,,TABLET
4452,4452,LEVO 250MG TAB,1,119.67,104.06,104.06,0,,,,TABLET
4453,4453,LEVO 500MG TAB,1,170.96,148.66,148.66,0,,,,TABLET
3173,3173,LEVOCET 5MG TAB,1,36.5,31.74,31.74,0,,,,TABLET
3286,3286,LEVOFLOX 500MG TAB,1,48.3,42.0,42.0,0,,,,TABLET
5318,5318,LEVOIN 100ML INFUSION,1,149.5,130.0,130.0,0,,,,INJECTION
2748,2748,LEVOMAY 250MG TAB,1,36.8,32.0,32.0,0,,,,TABLET
2747,2747,LEVOMAY 500MG TAB,1,48.3,42.0,42.0,0,,,,TABLET
2953,2953,LEVOMELT SYP,1,27.6,24.0,24.0,0,,,,SYRUP
3768,3768,LEVOTRANS 500MG TAB,1,62.1,54.0,54.0,0,,,,TABLET
4246,4246,LEVOXIN 250MG TAB,1,195.94,170.38,170.38,0,,,,TABLET
4245,4245,LEVOXIN 500MG TAB,1,287.5,250.0,250.0,0,,,,TABLET
2789,2789,LEXIME 400MG CAP,1,0.0,0.0,0.0,0,,,,CAPSULE
3906,3906,LEXOF 250MG TAB,1,51.75,45.0,45.0,0,,,,TABLET
3907,3907,LEXOF 500MG TAB,1,63.25,55.0,55.0,0,,,,TABLET
5361,5361,LEXXEL 10MG TAB,1,63.25,55.0,55.0,0,,,,TABLET
2933,2933,LICE-O-NIL CREAM,1,229.71,199.75,199.75,0,,,,CREAM
2550,2550,LICO FEN CAP,1,78.2,68.0,68.0,19,,,,CAPSULE
3400,3400,LICOSINE 120ML SYP,1,40.25,35.0,35.0,0,,,,SYRUP
4209,4209,LICURE CAP,1,86.25,75.0,75.0,0,,,,CAPSULE
3599,3599,LIDE TAB,1,34.5,30.0,30.0,0,,,,TABLET
594,594,LIDOCAINE 10% SPRAY,1,0.0,0.0,0.0,0,,,,INHALER
3444,3444,LIDOFENAC INJ,1,8.62,7.5,7.5,0,,,,INJECTION
3009,3009,LIDORAN INJ,1,28.75,25.0,25.0,0,,,,INJECTION
5264,5264,LIFEBUOY SHAMPOO,1,184.0,160.0,160.0,0,,,,INJECTION
2507,2507,LIGNOCAIN GELL,1,48.37,42.06,42.06,0,,,,CREAM
4248,4248,LILAC 120ML SYP,1,226.34,196.82,196.82,0,,,,SYRUP
3901,3901,LIME-D TAB,1,103.5,90.0,90.0,0,,,,TABLET
3174,3174,LIMORIDE 1MG TAB,1,58.65,51.0,51.0,0,,,,TABLET
3175,3175,LIMORIDE 2MG TAB,1,117.3,102.0,102.0,0,,,,TABLET
3176,3176,LIMORIDE 3MG TAB,1,177.1,154.0,154.0,0,,,,TABLET
3177,3177,LIMORIDE 4MG TAB,1,235.75,205.0,205.0,0,,,,TABLET
574,574,LINCOCIN ING CHINA 1X5,1,32.2,28.0,28.0,0,,,,OTHER
750,750,LINCOLAC (AVENSIS) INJ,1,15.52,13.5,13.5,0,,,,INJECTION
3479,3479,LINCOLIDE INJ GLOBAL,1,29.67,25.8,25.8,98,,,,INJECTION
519,519,LINCOM VAIL OPHTH PHARMA,1,26.45,23.0,23.0,0,,,,OTHER
3343,3343,LINCOMYCIN 600MG INJ AHSONS,1,18.4,16.0,16.0,0,,,,INJECTION
3799,3799,LINK-D CAP,1,36.8,32.0,32.0,0,,,,CAPSULE
4255,4255,LINVESTA 5MG TAB,1,333.5,290.0,290.0,0,,,,TABLET
3970,3970,LIP BALM,1,17.25,15.0,15.0,0,,,,CREAM
4012,4012,LIP CREAM,1,17.56,15.27,15.27,0,,,,CREAM
3032,3032,LIPIGET 20MG TAB,1,525.81,457.23,457.23,0,,,,TABLET
3794,3794,LIQUID PARAFFIN 25ML,1,28.75,25.0,25.0,0,,,,SYRUP
4437,4437,LISKOPRIDE 25MG TAB,1,59.8,52.0,52.0,3,,,,TABLET
3301,3301,LIV-MARK 500MG TAB,1,52.9,46.0,46.0,0,,,,TABLET
4384,4384,LIVGEN 120ML SYP,1,220.52,191.76,191.76,0,,,,SYRUP
5040,5040,LOCYST TAB,1,602.02,523.5,523.5,0,,,,TABLET
4532,4532,LODOPIN 10MG TAB,1,103.6,90.09,90.09,0,,,,TABLET
2326,2326,LOFLAM-SR-100MG TAB,1,43.7,38.0,38.0,0,,,,TABLET
3322,3322,LOGIRID 250MG TAB,1,0.0,0.0,0.0,0,,,,TABLET
491,491,LOMOXY 125MG SYP,1,31.05,27.0,27.0,0,,,,SYRUP
2865,2865,LOPIUM CAP,1,1.72,1.5,1.5,704,,,,CAPSULE
4610,4610,LOPRAMEX  2MG CAP,1,1.63,1.42,1.42,0,,,,CAPSULE
4756,4756,LOPROT INSTA SACHET,1,17.64,15.34,15.34,0,,,,SACHET
3615,3615,LOPROT IV 40MG INF,1,120.75,105.0,105.0,0,,,,OTHER
4115,4115,LORAMINE 10MG TAB,1,43.01,37.4,37.4,0,,,,TABLET
2955,2955,LORATAMED 10MG TAB,1,28.75,25.0,25.0,0,,,,TABLET
3496,3496,LORBI 100MG TAB,1,126.5,110.0,110.0,0,,,,TABLET
2936,2936,LORGY SYP,1,56.81,49.4,49.4,8,,,,SYRUP
3397,3397,LORGY TAB,1,65.55,57.0,57.0,28,,,,TABLET
3488,3488,LORIN NSA 30ML SYP,1,68.03,59.16,59.16,0,,,,SYRUP
3506,3506,LORIN NSA TAB,1,182.48,158.68,158.68,0,,,,TABLET
3391,3391,LORIN-NSA 60ML SYP,1,65.94,57.34,57.34,0,,,,SYRUP
4918,4918,LORNIFED 8MG TAB,1,74.75,65.0,65.0,0,,,,TABLET
2371,2371,LOSARTAN POTA 50+125MG TAB,1,0.0,0.0,0.0,0,,,,TABLET
4727,4727,LOTINOL-T 5ML EYE DROPS,1,275.74,239.77,239.77,0,,,,DROPS
2617,2617,LOTREX LOTION,1,153.77,133.71,133.71,0,,,,CREAM
2848,2848,LOTRIX CREAM 30GM,1,108.86,94.66,94.66,0,,,,CREAM
3979,3979,LOVENOX 250MG TAB,1,55.2,48.0,48.0,0,,,,TABLET
3025,3025,LOWPLAT PLUS TAB,1,297.18,258.42,258.42,5,,,,TABLET
4077,4077,LOXPRO 200MG TAB,1,37.95,33.0,33.0,0,,,,TABLET
3403,3403,LOXYCIN 500MG TAB,1,56.35,49.0,49.0,0,,,,TABLET
5148,5148,LPTOL SOLUTION 50ML,1,92.0,80.0,80.0,8,,,,OTHER
4802,4802,LUCOBAL 500MG TAB,1,13.8,12.0,12.0,0,,,,TABLET
5373,5373,LULAST-5 SYP,1,103.5,90.0,90.0,0,,,,SYRUP
4757,4757,LUMFORT 10MG TAB,1,92.26,80.23,80.23,0,,,,TABLET
5285,5285,LUMIT-VIT 240ML SYP,1,109.25,95.0,95.0,0,,,,SYRUP
2986,2986,LUTE 250MG INJ,1,41.89,36.43,36.43,0,,,,INJECTION
4362,4362,LUTE 500MG ING,1,0.0,0.0,0.0,0,,,,OTHER
4863,4863,LUX SAOP,1,88.55,77.0,77.0,0,,,,OTHER
3592,3592,LYCLEAR CREAM,1,63.25,55.0,55.0,12,,,,CREAM
4741,4741,LYSE TEK 500ML,1,8625.0,7500.0,7500.0,3,,,,OTHER
3164,3164,LYSOTOP 120ML SYP,1,40.25,35.0,35.0,0,,,,SYRUP
3405,3405,M GRAVE INJ,1,92.0,80.0,80.0,0,,,,INJECTION
3314,3314,M KORT INJ,1,57.5,50.0,50.0,0,,,,INJECTION
3591,3591,M-ARTHEM 80MG INJ,1,120.75,105.0,105.0,0,,,,INJECTION
4116,4116,M-BUTAMOL 4MG TAB,1,6.44,5.6,5.6,0,,,,TABLET
2836,2836,M-KAMIN 500MG TAB,1,14.37,12.5,12.5,0,,,,TABLET
3195,3195,M-ONE TAB,1,253.0,220.0,220.0,0,,,,TABLET
2598,2598,M.P STREP RDT,1,41.97,36.5,36.5,0,,,,OTHER
3660,3660,MACDAFIN INJ,1,3.62,3.15,3.15,0,,,,INJECTION
2853,2853,MACNAZ ORIL GELL 10MG,1,107.58,93.55,93.55,48,,,,CREAM
605,605,MACRO-Z 250MG TAB,1,0.0,0.0,0.0,0,,,,TABLET
4037,4037,MACROBAC 500MG TAB,1,509.55,443.09,443.09,2,,,,TABLET
3705,3705,MACROPORE 250MG TAB,1,86.25,75.0,75.0,0,,,,TABLET
3078,3078,MAFCOBAL 500MCG TAB,1,161.0,140.0,140.0,0,,,,TABLET
4365,4365,MAFDIC CREAM,1,143.75,125.0,125.0,0,,,,CREAM
3262,3262,MAJONI HAAS,1,172.5,150.0,150.0,0,,,,OTHER
5055,5055,MALAMAX 120ML SYP,1,46.0,40.0,40.0,0,,,,SYRUP
4448,4448,MALAMETHR SYP,1,74.75,65.0,65.0,0,,,,SYRUP
662,662,MALAQUIN SYP,1,51.75,45.0,45.0,31,,,,SYRUP
3803,3803,MALAREST 15ML SYP,1,40.25,35.0,35.0,0,,,,SYRUP
2429,2429,MALOBAN 500MG TAB,1,27.6,24.0,24.0,0,,,,TABLET
3737,3737,MALOCID 120ML SYP,1,25.3,22.0,22.0,0,,,,SYRUP
2889,2889,MALTOFER DROP,1,0.0,0.0,0.0,0,,,,DROPS
3269,3269,MAN'S FORCE TAB,1,207.0,180.0,180.0,0,,,,TABLET
3482,3482,MANACID FORT SYP,1,189.63,164.9,164.9,13,,,,SYRUP
3481,3481,MANACID SYP,1,125.9,109.48,109.48,34,,,,SYRUP
4235,4235,MAPIC 20MG CAP,1,36.8,32.0,32.0,0,,,,CAPSULE
789,789,MARHABA JOSHANDA,1,0.0,0.0,0.0,0,,,,OTHER
3686,3686,MARINAC-S 50MG TAB,1,25.3,22.0,22.0,0,,,,TABLET
3855,3855,MARIPEP 120ML SYP,1,43.7,38.0,38.0,0,,,,SYRUP
3854,3854,MARIPEP 60ML SYP,1,29.9,26.0,26.0,0,,,,SYRUP
4119,4119,MARIVET-F TAB,1,23.0,20.0,20.0,0,,,,TABLET
5292,5292,MARKER,1,69.0,60.0,60.0,1,,,,OTHER
2954,2954,MASGEL 120ML SYP,1,23.0,20.0,20.0,0,,,,SYRUP
3834,3834,MASTER PLAST,1,5.75,5.0,5.0,0,,,,OTHER
5044,5044,MASTURIN 120ML SYP,1,179.4,156.0,156.0,0,,,,SYRUP
760,760,MAXAIR EXP,1,0.0,0.0,0.0,0,,,,OTHER
3596,3596,MAXIL 250MG CAP,1,62.1,54.0,54.0,0,,,,CAPSULE
2742,2742,MAXIL 500MG CAP,1,287.5,250.0,250.0,0,,,,CAPSULE
3807,3807,MAXIL 500MG CAP 100PACK,1,129.95,113.0,113.0,0,,,,CAPSULE
2513,2513,MAXIL DROPS,1,42.55,37.0,37.0,0,,,,DROPS
3570,3570,MAXIMA 400MG TAB,1,287.5,250.0,250.0,1,,,,TABLET
4385,4385,MAXIMALT 120ML SYP,1,87.4,76.0,76.0,0,,,,SYRUP
4548,4548,MAXOLAN TAB,1,47.83,41.59,41.59,0,,,,TABLET
3786,3786,MAXOPHINE 30ML SYP,1,123.05,107.0,107.0,0,,,,SYRUP
3708,3708,MAXY 400MG INFUSION,1,172.5,150.0,150.0,0,,,,INJECTION
2972,2972,MAYOLOX TAB,1,0.0,0.0,0.0,0,,,,TABLET
3887,3887,MAZINE CREAM,1,44.85,39.0,39.0,0,,,,CREAM
3066,3066,MB CANE INJ,1,2.76,2.4,2.4,0,,,,INJECTION
4062,4062,MB CIDINE INJ,1,103.5,90.0,90.0,0,,,,INJECTION
3365,3365,MB LINCO 600MG VIALS,1,20.7,18.0,18.0,0,,,,INJECTION
4028,4028,MB STAN FORT TAB,1,20.7,18.0,18.0,0,,,,TABLET
4441,4441,MCKAST 10MG TAB,1,80.5,70.0,70.0,0,,,,TABLET
3663,3663,MECO 500MCG TAB,1,138.0,120.0,120.0,0,,,,TABLET
3151,3151,MECOBALAMINE 500MCG INJ,1,51.75,45.0,45.0,0,,,,INJECTION
3633,3633,MECOSAF 500MCG TAB,1,36.8,32.0,32.0,0,,,,TABLET
5351,5351,MECOWELL 500MCG TAB,1,51.75,45.0,45.0,101,,,,TABLET
4761,4761,MEDI PLAST,1,166.75,145.0,145.0,0,,,,OTHER
3777,3777,MEDICLOP 10MG INJ,1,92.0,80.0,80.0,0,,,,INJECTION
4484,4484,MEDIDOL C F TAB,1,26.45,23.0,23.0,58,,,,TABLET
3656,3656,MEDIFENAC INJ,1,31.05,27.0,27.0,0,,,,INJECTION
3011,3011,MEDIGATE 100MG SYP,1,96.6,84.0,84.0,0,,,,SYRUP
3361,3361,MEDIGATE DS 200 SYP,1,75.9,66.0,66.0,0,,,,SYRUP
2949,2949,MEDIKORT INJ,1,58.65,51.0,51.0,0,,,,INJECTION
4865,4865,MEDINIM 100MG TAB,1,28.75,25.0,25.0,0,,,,TABLET
2374,2374,MEDIPAR SYP,1,23.0,20.0,20.0,0,,,,SYRUP
732,732,MEDIPLEX-L SYP,1,69.0,60.0,60.0,38,,,,SYRUP
2710,2710,MEDIRON PLUS 250ML SYP,1,41.4,36.0,36.0,0,,,,SYRUP
3780,3780,MEDIWORM SYP,1,21.85,19.0,19.0,0,,,,SYRUP
3910,3910,MEFTAC 250MG TAB,1,13.03,11.33,11.33,0,,,,TABLET
4086,4086,MEGAFIT TAB,1,92.0,80.0,80.0,0,,,,TABLET
4109,4109,MEGAMIN 500MCG TAB,1,172.5,150.0,150.0,0,,,,TABLET
723,723,MEGAVID 200MG TAB,1,90.53,78.72,78.72,0,,,,TABLET
3954,3954,MEGAZOLE 20MG CAP,1,88.32,76.8,76.8,34,,,,CAPSULE
3915,3915,MEGAZOLE 40MG CAP,1,102.69,89.3,89.3,18,,,,CAPSULE
5372,5372,MEGOF SOFT GEL,1,322.0,280.0,280.0,0,,,,CREAM
4451,4451,MEHZAL 240ML SYP,1,62.1,54.0,54.0,4,,,,SYRUP
3091,3091,MEIJI BIG 400G,1,987.08,858.33,858.33,0,,,,OTHER
3063,3063,MEIJI FM-T MILK,1,1586.23,1379.33,1379.33,0,,,,OTHER
3090,3090,MEIJI FU 400G,1,987.08,858.33,858.33,0,,,,OTHER
2911,2911,"MELFALAM 7,5MG TAB",1,23.0,20.0,20.0,0,,,,TABLET
2910,2910,MELFLAM 15MG TAB,1,21.85,19.0,19.0,0,,,,TABLET
3631,3631,MELIDE 100MG TAB,1,34.5,30.0,30.0,0,,,,TABLET
4797,4797,MEMO GINK 240ML SYP,1,86.25,75.0,75.0,0,,,,SYRUP
3401,3401,MENY PLEX 120ML SYP,1,39.1,34.0,34.0,0,,,,SYRUP
3276,3276,MEP-20MG INSTA SACHET,1,59.8,52.0,52.0,0,,,,SACHET
4792,4792,MEPORE 9X25CM,1,149.5,130.0,130.0,0,,,,OTHER
823,823,MEPZOL 20MG SACHTS,1,66.7,58.0,58.0,0,,,,SACHET
3698,3698,MERIGOR 120MLSYP,1,47.15,41.0,41.0,0,,,,SYRUP
5075,5075,MERODIC 10MG TAB,1,9.43,8.2,8.2,0,,,,TABLET
4377,4377,MEROID 60ML SYP,1,44.85,39.0,39.0,0,,,,SYRUP
3877,3877,MEROSHINE 400MG TAB,1,16.1,14.0,14.0,0,,,,TABLET
4846,4846,MESH NEBULIZER,1,1725.0,1500.0,1500.0,0,,,,OTHER
5173,5173,MESH NEBULIZER EASY CHEK,1,2070.0,1800.0,1800.0,0,,,,OTHER
1048,1048,META INJ CHINA,1,59.8,52.0,52.0,0,,,,INJECTION
3569,3569,METAZOLE 400MG TAB,1,17.25,15.0,15.0,0,,,,TABLET
3216,3216,METGYL 400MG TAB,1,18.97,16.5,16.5,0,,,,TABLET
4779,4779,METHAL 500MCG TAB,1,26.83,23.33,23.33,0,,,,TABLET
3848,3848,METHAZONE TAB,1,86.25,75.0,75.0,0,,,,TABLET
4347,4347,METHYCOBAL 500MCG TAB,1,313.34,272.47,272.47,7,,,,TABLET
4430,4430,METKER INJ,1,9.77,8.5,8.5,0,,,,INJECTION
665,665,METODINE-DF SYP,1,143.69,124.95,124.95,48,,,,SYRUP
4411,4411,METOPLAXIL INJ,1,8.05,7.0,7.0,0,,,,INJECTION
2708,2708,METRIC SYP,1,23.0,20.0,20.0,0,,,,SYRUP
3549,3549,METROGYL 400MG TAB,1,17.25,15.0,15.0,0,,,,TABLET
3378,3378,METROGYL 60ML SYP,1,26.45,23.0,23.0,0,,,,SYRUP
950,950,METRORISE 100ML INF PAK RISEN,1,39.1,34.0,34.0,0,,,,OTHER
742,742,METROZIL SYP,1,0.0,0.0,0.0,0,,,,SYRUP
3296,3296,METROZINE 60ML SYP,1,53.06,46.14,46.14,0,,,,SYRUP
2703,2703,METROZOLE INF CHINA 100ML,1,32.2,28.0,28.0,0,,,,OTHER
623,623,METZIL SYP,1,0.0,0.0,0.0,0,,,,SYRUP
3839,3839,MEXORAM DROPS,1,2.3,2.0,2.0,0,,,,DROPS
1073,1073,MIAMICRON MR 30MG TAB,1,0.0,0.0,0.0,0,,,,TABLET
4592,4592,MICEF 200MG SYP,1,161.0,140.0,140.0,0,,,,SYRUP
3326,3326,MICONAZ 15GM CREAM,1,0.0,0.0,0.0,0,,,,CREAM
3889,3889,MICONIT ORAL GEL,1,82.8,72.0,72.0,68,,,,CREAM
533,533,MICRONEMA 10ML,1,124.53,108.29,108.29,2,,,,OTHER
4642,4642,MIDOVEN INJ,1,5.52,4.8,4.8,0,,,,INJECTION
5187,5187,MIDROZOLE HC CREAM,1,69.0,60.0,60.0,4,,,,CREAM
5102,5102,MIFATE 100MG INJ,1,66.88,58.16,58.16,0,,,,INJECTION
5103,5103,MIFATE 250MG INJ,1,97.75,85.0,85.0,4,,,,INJECTION
4351,4351,MINATIDINE INJ,1,13.8,12.0,12.0,0,,,,INJECTION
3831,3831,MINICAOL 120ML SYP,1,63.25,55.0,55.0,0,,,,SYRUP
3940,3940,MINVIT TAB,1,97.75,85.0,85.0,0,,,,TABLET
2973,2973,MISAR 80MG TAB,1,0.0,0.0,0.0,0,,,,TABLET
957,957,MISAR AM 40/5MG TAB,1,172.5,150.0,150.0,0,,,,TABLET
562,562,MISS WHITE CREAM,1,172.5,150.0,150.0,0,,,,CREAM
3781,3781,MITEX CREAM,1,40.25,35.0,35.0,0,,,,CREAM
4480,4480,MITS 7.5MG TAB,1,124.2,108.0,108.0,0,,,,TABLET
4694,4694,MIXTARD 10ML VIL,1,920.0,800.0,800.0,0,,,,OTHER
4219,4219,MOBICAM 20MG CAP,1,53.47,46.5,46.5,0,,,,CAPSULE
3119,3119,MOBIL K 100MG TAB,1,32.2,28.0,28.0,0,,,,TABLET
3120,3120,MOBIL K 75MG TAB,1,28.75,25.0,25.0,1,,,,TABLET
3467,3467,MOLTA INFUTION,1,82.8,72.0,72.0,0,,,,OTHER
4693,4693,MOM FOLIC TAB,1,0.0,0.0,0.0,0,,,,TABLET
4238,4238,MON-DEW 5MG TAB,1,57.5,50.0,50.0,0,,,,TABLET
4993,4993,MONCHER 10MG TAB,1,92.0,80.0,80.0,0,,,,TABLET
4738,4738,MONITOR 5MG TAB,1,219.67,191.02,191.02,0,,,,TABLET
4309,4309,MONOBERY SACH,1,73.6,64.0,64.0,0,,,,SACHET
3988,3988,MONTHEIM 10MG TAB,1,63.25,55.0,55.0,0,,,,TABLET
3987,3987,MONTHEIM 5MG TAB,1,51.75,45.0,45.0,0,,,,TABLET
4492,4492,MONTI 10MG TAB,1,86.25,75.0,75.0,0,,,,TABLET
4464,4464,MONTI 5MG TAB,1,69.0,60.0,60.0,0,,,,TABLET
5205,5205,MONTICEL SACHET 4MG,1,10.26,8.92,8.92,0,,,,SACHET
2783,2783,MONTIFAAS SACHETS 40MG,1,69.0,60.0,60.0,0,,,,SACHET
3684,3684,MONTITIX 10MG TAB,1,59.8,52.0,52.0,0,,,,TABLET
3932,3932,MOSEGAR 0.5MG TAB,1,334.59,290.95,290.95,0,,,,TABLET
2941,2941,MOSEGOR 60ML SYP,1,179.92,156.45,156.45,0,,,,SYRUP
3943,3943,MOSEGOR-V 60ML SYP,1,0.0,0.0,0.0,0,,,,SYRUP
3108,3108,MOSPEL NEW LOTION,1,281.75,245.0,245.0,0,,,,CREAM
2965,2965,MOTAAR INJ,1,94.3,82.0,82.0,0,,,,INJECTION
4104,4104,MOTIM-V TAB,1,51.75,45.0,45.0,0,,,,TABLET
3728,3728,MOTISAF 120ML SYP,1,27.6,24.0,24.0,0,,,,SYRUP
5223,5223,MOUTH GEL 20GM,1,97.75,85.0,85.0,13,,,,CREAM
5113,5113,MOUTHGEL,1,86.25,75.0,75.0,0,,,,CREAM
4356,4356,MOVAX 2MG TAB,1,391.0,340.0,340.0,0,,,,TABLET
3619,3619,MOXIFIL 125MG SYP,1,33.35,29.0,29.0,0,,,,SYRUP
4357,4357,MOXIFIL 500MG CAP,1,101.2,88.0,88.0,0,,,,CAPSULE
3646,3646,MOXIFIL FORT SYP,1,45.42,39.5,39.5,0,,,,SYRUP
4279,4279,MOXIGET 400MG TAB,1,473.34,411.6,411.6,0,,,,TABLET
635,635,MOXILIUM 125MG SYP,1,46.06,40.05,40.05,0,,,,SYRUP
3505,3505,MOXILIUM 250MG SYP,1,112.81,98.1,98.1,0,,,,SYRUP
4070,4070,MOXILIUM DROPS,1,31.6,27.48,27.48,0,,,,DROPS
4488,4488,MOXIRULZ 400MG TAB,1,258.75,225.0,225.0,0,,,,TABLET
2660,2660,MP BIOMAGA,1,86.25,75.0,75.0,43,,,,OTHER
3000,3000,MP UNICARE,1,74.75,65.0,65.0,0,,,,OTHER
5300,5300,MR-X 4MG TAB,1,48.3,42.0,42.0,5,,,,TABLET
737,737,MUCAIN SYP,1,193.84,168.56,168.56,18,,,,SYRUP
2642,2642,MUCONYL EXP SYP,1,93.95,81.7,81.7,28,,,,SYRUP
4711,4711,MULT CARE TAB,1,115.0,100.0,100.0,0,,,,TABLET
4560,4560,MULTI  ONE CAP,1,195.5,170.0,170.0,2,,,,CAPSULE
4556,4556,MULTI-M TAB,1,128.8,112.0,112.0,2,,,,TABLET
4073,4073,MULTIBIONATA SYP,1,100.95,87.78,87.78,0,,,,SYRUP
3873,3873,MULTIBIONATA-M CAP,1,106.51,92.62,92.62,0,,,,CAPSULE
4626,4626,MULTICAL SACHET,1,16.1,14.0,14.0,0,,,,SACHET
4003,4003,MULTICON-F CAP,1,52.9,46.0,46.0,0,,,,CAPSULE
4002,4002,MULTICON-M CAP,1,85.1,74.0,74.0,0,,,,CAPSULE
3575,3575,MULTIVITAMIN TAB,1,59.8,52.0,52.0,0,,,,TABLET
4310,4310,MUNAPOL INF,1,95.45,83.0,83.0,0,,,,OTHER
5202,5202,MUPIR OINT,1,345.0,300.0,300.0,0,,,,CREAM
3790,3790,MURFY PLEX INJ,1,115.0,100.0,100.0,0,,,,INJECTION
3500,3500,MUSCADOL FORT TAB,1,51.75,45.0,45.0,0,,,,TABLET
4583,4583,MUSIDIN SR 6MG CAP,1,350.3,304.61,304.61,0,,,,CAPSULE
3560,3560,MUTIL 5MG TAB,1,34.5,30.0,30.0,0,,,,TABLET
4314,4314,MV-10 INJ,1,17.48,15.2,15.2,0,,,,INJECTION
4249,4249,MYCITRACIN CREAM,1,0.0,0.0,0.0,0,,,,CREAM
4017,4017,MYFER TAB,1,74.75,65.0,65.0,0,,,,TABLET
4573,4573,MYFOL TAB,1,197.97,172.15,172.15,0,,,,TABLET
2844,2844,MYSTATE DROPS,1,90.85,79.0,79.0,0,,,,DROPS
4597,4597,MYTIL 250MG TAB,1,103.5,90.0,90.0,3,,,,TABLET
4443,4443,MYTIL 500MG TAB,1,132.25,115.0,115.0,18,,,,TABLET
4618,4618,MYZAN 2MG TAB,1,26.45,23.0,23.0,0,,,,TABLET
5014,5014,N-GEE SPRAY,1,103.5,90.0,90.0,0,,,,INHALER
3776,3776,NALFY 20MG INJ,1,66.33,57.68,57.68,0,,,,INJECTION
5279,5279,NAN-2 300G,1,1334.0,1160.0,1160.0,0,,,,OTHER
3603,3603,NASCOOL MOUTH WASH,1,43.7,38.0,38.0,0,,,,OTHER
3879,3879,NATIN 30ML DROPS,1,46.0,40.0,40.0,0,,,,DROPS
3732,3732,NAUVOMIT 25MG TAB,1,54.05,47.0,47.0,0,,,,TABLET
3731,3731,NAUVOMIT 50MG TAB,1,66.7,58.0,58.0,0,,,,TABLET
3278,3278,NAVIDOXINE TAB,1,27.2,23.65,23.65,0,,,,TABLET
548,548,NAX .05MG TAB,1,112.7,98.0,98.0,0,,,,TABLET
318,318,NAXEL INJ,1,57.5,50.0,50.0,0,,,,INJECTION
4072,4072,NAXID 60ML SYP,1,75.85,65.96,65.96,0,,,,SYRUP
2962,2962,NBF INJ,1,25.3,22.0,22.0,0,,,,INJECTION
4512,4512,NEBIL 10MG TAB,1,411.5,357.83,357.83,0,,,,TABLET
3036,3036,NEBIL 5MG TAB,1,322.38,280.33,280.33,0,,,,TABLET
4471,4471,NEBIX 5MG TAB,1,209.78,182.42,182.42,0,,,,TABLET
4542,4542,NEBRA DROP,1,188.2,163.65,163.65,0,,,,DROPS
4,4,NEBRA E/D,1,5.47,4.76,4.76,0,,,,OTHER
2353,2353,NEBULIZER MASK,1,149.5,130.0,130.0,0,,,,OTHER
3454,3454,NEBULIZER SAFE,1,4025.0,3500.0,3500.0,1,,,,OTHER
3672,3672,NEGET 250MG TAB,1,49.45,43.0,43.0,0,,,,TABLET
2878,2878,NELSID 100MG TAB,1,27.6,24.0,24.0,0,,,,TABLET
2686,2686,NENDOL TAB,1,6.32,5.5,5.5,0,,,,TABLET
3544,3544,NENDONE 120ML SYP,1,47.15,41.0,41.0,30,,,,SYRUP
2698,2698,NENFEN 90ML SYP,1,32.2,28.0,28.0,0,,,,SYRUP
3181,3181,NENSIF 125MG SYP,1,71.3,62.0,62.0,0,,,,SYRUP
3180,3180,NENSIF 250MG SYP,1,83.95,73.0,73.0,0,,,,SYRUP
3605,3605,NEO BACITRIN POW,1,17.25,15.0,15.0,0,,,,OTHER
5370,5370,NEOCAL TAB,1,149.5,130.0,130.0,1,,,,TABLET
4031,4031,NEODEX CREAM,1,24.15,21.0,21.0,0,,,,CREAM
5407,5407,NEOGENE 1GM INJ,1,212.75,185.0,185.0,26,,,,INJECTION
4463,4463,NEOMONNT 4MG SACHET,1,6.98,6.07,6.07,0,,,,SACHET
3699,3699,NEOMYCIN SKIN OINT,1,30.66,26.66,26.66,0,,,,CREAM
5369,5369,NEOQ10 100MG TAB,1,1690.5,1470.0,1470.0,0,,,,TABLET
618,618,NEOZINE 10MG TAB,1,0.0,0.0,0.0,0,,,,TABLET
4170,4170,NEPROXIME 200MG SYP,1,112.7,98.0,98.0,0,,,,SYRUP
3657,3657,NEPROXIME 30ML SYP,1,77.05,67.0,67.0,0,,,,SYRUP
3099,3099,NESET TAB NABICASAM,1,26.45,23.0,23.0,0,,,,TABLET
5290,5290,NEUPRED 60ML SYP,1,184.94,160.82,160.82,3,,,,SYRUP
4731,4731,NEURO-BEDOXINE PLUS TAB,1,287.5,250.0,250.0,0,,,,TABLET
4244,4244,NEURO-CARE TAB,1,115.0,100.0,100.0,0,,,,TABLET
4330,4330,NEURO-S INJ,1,253.0,220.0,220.0,0,,,,INJECTION
3530,3530,NEUROFEND INJ,1,172.5,150.0,150.0,0,,,,INJECTION
3203,3203,NEUROTEK 240ML SYP,1,69.0,60.0,60.0,0,,,,SYRUP
2820,2820,NEW DINE INJ,1,43.7,38.0,38.0,0,,,,INJECTION
3287,3287,NEW NATE INJ,1,82.8,72.0,72.0,0,,,,INJECTION
2412,2412,NEW SITARA HEAT POWER,1,69.0,60.0,60.0,0,,,,OTHER
5215,5215,NEW STATE 50ML DROPS,1,69.0,60.0,60.0,11,,,,DROPS
4156,4156,NEWCAM INJ,1,42.55,37.0,37.0,0,,,,INJECTION
3642,3642,NEXADRON INJ,1,126.5,110.0,110.0,0,,,,INJECTION
4363,4363,NEZKIL 100MG SYP,1,474.72,412.8,412.8,1,,,,SYRUP
4364,4364,NEZKIL 200MG SYP,1,0.0,0.0,0.0,0,,,,SYRUP
4009,4009,NEZKIL 400MG TAB,1,962.88,837.29,837.29,1,,,,TABLET
3923,3923,NEZKIL 600MG TAB,1,1557.67,1354.5,1354.5,1,,,,TABLET
4678,4678,NG TUBE 16,1,40.25,35.0,35.0,2,,,,OTHER
4564,4564,NIBOVO 5MG TAB,1,345.92,300.8,300.8,0,,,,TABLET
3948,3948,NICOTRIM 60ML SYP,1,84.49,73.47,73.47,0,,,,SYRUP
3804,3804,NIDA 100ML INF,1,32.2,28.0,28.0,0,,,,OTHER
5266,5266,NIDO 150G,1,488.75,425.0,425.0,3,,,,OTHER
5297,5297,NIGHT RIDER,1,172.5,150.0,150.0,0,,,,OTHER
4699,4699,NIGLYS SR TAB,1,103.03,89.59,89.59,0,,,,TABLET
3885,3885,NIMESOTA 100MG TAB,1,29.9,26.0,26.0,0,,,,TABLET
3921,3921,NIMS 100MG TAB,1,370.87,322.5,322.5,2,,,,TABLET
5119,5119,NIMSWEL 100MG TAB,1,18.97,16.5,16.5,0,,,,TABLET
5129,5129,NIMUSIL 100MG TAB,1,23.0,20.0,20.0,0,,,,TABLET
2833,2833,NIMZINE 10MG TAB,1,8.62,7.5,7.5,0,,,,TABLET
3437,3437,NIRLAM 0.5MG TAB,1,40.25,35.0,35.0,0,,,,TABLET
2053,2053,NIZAM 0.5MG TAB,1,97.75,85.0,85.0,0,,,,TABLET
2815,2815,NL 33,1,1043.05,907.0,907.0,0,,,,OTHER
4378,4378,NO ALL 60ML SYP,1,32.2,28.0,28.0,0,,,,SYRUP
2839,2839,NO.1 CREAM,1,189.75,165.0,165.0,0,,,,CREAM
2661,2661,NOACIP 500MG TAB,1,56.35,49.0,49.0,0,,,,TABLET
3071,3071,NOAFLAM 100MG TAB,1,31.05,27.0,27.0,0,,,,TABLET
3070,3070,NOAFLAM 50MG TAB,1,16.1,14.0,14.0,0,,,,TABLET
621,621,NOFLU SYP,1,0.0,0.0,0.0,0,,,,SYRUP
3455,3455,NOMIZIL 20MG SACHETS,1,12.65,11.0,11.0,95,,,,SACHET
3787,3787,NORBAC 1GM INJ,1,137.76,119.79,119.79,25,,,,INJECTION
770,770,NORBAC 250MG INJ,1,75.14,65.34,65.34,0,,,,INJECTION
772,772,NORBAC 500MG INJ,1,93.36,81.18,81.18,0,,,,INJECTION
2852,2852,NORMEEZ 3MG TAB,1,72.45,63.0,63.0,0,,,,TABLET
5048,5048,NORMEEZ 3MG TAB,1,37.57,32.67,32.67,0,,,,TABLET
3933,3933,NORVASIC 5 MG TAB,1,460.71,400.62,400.62,0,,,,TABLET
3574,3574,NOTOCAIN 150MG TAB,1,27.6,24.0,24.0,0,,,,TABLET
3133,3133,NOVADIXINE 250MG SYP,1,63.25,55.0,55.0,0,,,,SYRUP
5368,5368,NOVAFAR 5ML INJ,1,34.5,30.0,30.0,21,,,,INJECTION
3670,3670,NOVATRAL INJ,1,3.91,3.4,3.4,0,,,,INJECTION
5168,5168,NOVEZOL 100ML INFUSION,1,60.95,53.0,53.0,0,,,,INJECTION
3503,3503,NOVIDAT 100ML INF,1,283.47,246.5,246.5,0,,,,OTHER
2898,2898,NOVIDAT 250MG SYP,1,276.14,240.12,240.12,0,,,,SYRUP
4696,4696,NOVODYL SYP,1,63.25,55.0,55.0,0,,,,SYRUP
2985,2985,NOVOTEPH 20MG CAP,1,263.43,229.07,229.07,1,,,,CAPSULE
4348,4348,NOVOTEPH 40MG CAP,1,474.18,412.33,412.33,1,,,,CAPSULE
3402,3402,NSIDE 100MG TAB,1,28.75,25.0,25.0,0,,,,TABLET
3013,3013,NUBEROL TAB,1,81.42,70.8,70.8,19,,,,TABLET
3962,3962,NUBEX TAB,1,23.0,20.0,20.0,0,,,,TABLET
3149,3149,NUFACE LOVELY CREAM,1,51.75,45.0,45.0,0,,,,CREAM
5002,5002,NUMECOMIN TAB,1,126.5,110.0,110.0,0,,,,TABLET
4373,4373,NYMSEL 100MG TAB,1,102.64,89.25,89.25,0,,,,TABLET
2779,2779,OBFAM 40MG TAB,1,20.7,18.0,18.0,0,,,,TABLET
2584,2584,OBMECOMIN 500MCG TAB,1,143.75,125.0,125.0,0,,,,TABLET
4446,4446,OBPROFEN 90ML SYP,1,50.6,44.0,44.0,0,,,,SYRUP
2882,2882,OBSODINE 10MG TAB,1,12.65,11.0,11.0,0,,,,TABLET
2666,2666,OBSOZOLE 20MG CAP,1,155.25,135.0,135.0,0,,,,CAPSULE
3460,3460,OCECLAF 500MG INJ,1,39.1,34.0,34.0,0,,,,INJECTION
5189,5189,OCTA 50MG TAB,1,109.25,95.0,95.0,0,,,,TABLET
4543,4543,OCUMOX EYE DROPS,1,337.82,293.76,293.76,0,,,,DROPS
3713,3713,OD-CYN INJ,1,77.05,67.0,67.0,0,,,,INJECTION
2733,2733,OFLOCIP 200MG TAB,1,36.8,32.0,32.0,0,,,,TABLET
4174,4174,OFLY-V DROPS,1,140.82,122.45,122.45,0,,,,DROPS
4469,4469,OFYLIN 60ML SYP,1,167.64,145.77,145.77,10,,,,SYRUP
4315,4315,OK DOTTED,1,89.7,78.0,78.0,12,,,,OTHER
448,448,OLIVE OIL SPAIN,1,230.0,200.0,200.0,1,,,,OTHER
622,622,OMAK 20MG,1,161.0,140.0,140.0,0,,,,OTHER
3344,3344,OMEALL 20MG CAP,1,32.2,28.0,28.0,0,,,,CAPSULE
4744,4744,OMEBAK 40MG IV INJECTION,1,74.75,65.0,65.0,8,,,,INJECTION
722,722,OMEC 20MG CAP,1,57.5,50.0,50.0,35,,,,CAPSULE
3909,3909,OMEC IV INFUGEN,1,92.0,80.0,80.0,8,,,,OTHER
708,708,OMECER 20MG CAP,1,28.75,25.0,25.0,0,,,,CAPSULE
2838,2838,OMEFIN 20MG CAP,1,26.45,23.0,23.0,0,,,,CAPSULE
4447,4447,OMEGA 3 CAP,1,333.5,290.0,290.0,0,,,,CAPSULE
2909,2909,OMEMARK 20MG CAP,1,29.9,26.0,26.0,0,,,,CAPSULE
2992,2992,OMEPERAZOLE INJ CHINA,1,69.0,60.0,60.0,0,,,,INJECTION
443,443,OMEPRA... UAE CAP,1,57.5,50.0,50.0,0,,,,CAPSULE
3773,3773,OMEPRAFAST 20MG CAP,1,58.65,51.0,51.0,0,,,,CAPSULE
3774,3774,OMEPRAFAST 40MG CAP,1,70.15,61.0,61.0,0,,,,CAPSULE
4083,4083,OMERAINS 20MG CAP,1,74.75,65.0,65.0,0,,,,CAPSULE
4049,4049,OMI-DEW 20MG CAP,1,155.25,135.0,135.0,0,,,,CAPSULE
4887,4887,OMINOX 100MG TAB,1,21.85,19.0,19.0,80,,,,TABLET
4032,4032,OMNIS TAB,1,28.17,24.5,24.5,0,,,,TABLET
5243,5243,OMREL 20MG CAP,1,80.5,70.0,70.0,0,,,,CAPSULE
2837,2837,OMREL SACHT,1,15.52,13.5,13.5,0,,,,SACHET
4629,4629,ON CALL PLUS,1,23.0,20.0,20.0,0,,,,OTHER
4892,4892,ONDENLES 8MG INJ,1,62.1,54.0,54.0,0,,,,INJECTION
3384,3384,ONEEDAL TAB,1,11.21,9.75,9.75,0,,,,TABLET
4079,4079,ONSET 4MG INJ,1,123.97,107.8,107.8,0,,,,INJECTION
4861,4861,ONSET 8MG INJ,1,209.78,182.42,182.42,0,,,,INJECTION
3812,3812,ONSET 8MG TAB,1,479.02,416.54,416.54,0,,,,TABLET
4661,4661,OPA 20MG SACHETS,1,8.05,7.0,7.0,0,,,,SACHET
3310,3310,OPARA 20MG CAP,1,33.35,29.0,29.0,0,,,,CAPSULE
3680,3680,OPICAP 20MG CAP,1,15.52,13.5,13.5,0,,,,CAPSULE
3189,3189,OPRIDON TAB,1,43.7,38.0,38.0,0,,,,TABLET
3152,3152,OPTACHLOR EYE DROPS,1,45.49,39.56,39.56,13,,,,DROPS
3114,3114,OPTACHLOR ONITEMENT,1,36.56,31.79,31.79,0,,,,OTHER
572,572,ORAY 20MG,1,25.59,22.25,22.25,0,,,,OTHER
3351,3351,OROQUINE 60ML SYP,1,26.45,23.0,23.0,0,,,,SYRUP
4318,4318,ORPASE 400MG CAP,1,303.02,263.5,263.5,2,,,,CAPSULE
4069,4069,ORS (OEM) LIQUID,1,86.25,75.0,75.0,15,,,,SYRUP
3568,3568,ORS (OSMOFAAS),1,8.62,7.5,7.5,0,,,,OTHER
2704,2704,ORS (OSMOLAR),1,8.34,7.25,7.25,0,,,,OTHER
3797,3797,ORS (RESURE),1,16.1,14.0,14.0,0,,,,OTHER
2906,2906,ORS (WERISOL),1,7.19,6.25,6.25,0,,,,OTHER
2419,2419,ORS S LYTE SACHETS,1,21.85,19.0,19.0,0,,,,SACHET
3593,3593,ORSAM BCD TAB,1,74.75,65.0,65.0,0,,,,TABLET
2619,2619,ORSLIM CAP,1,791.2,688.0,688.0,0,,,,CAPSULE
3729,3729,ORTABOLAMIN 500MCG TAB,1,12.65,11.0,11.0,0,,,,TABLET
3704,3704,ORTACEF 125MG SYP,1,63.25,55.0,55.0,0,,,,SYRUP
3938,3938,ORTAROX INJ,1,33.35,29.0,29.0,0,,,,INJECTION
3673,3673,ORTAZON 1GM INJ,1,55.2,48.0,48.0,0,,,,INJECTION
3516,3516,ORTHOFLEX FORT,1,51.75,45.0,45.0,0,,,,OTHER
3153,3153,ORTHOMAX-D TAB,1,62.1,54.0,54.0,0,,,,TABLET
3675,3675,ORTHOSAP 20MG TAB,1,28.75,25.0,25.0,0,,,,TABLET
2052,2052,ORTIZIN 10MG TAB,1,8.62,7.5,7.5,0,,,,TABLET
4835,4835,OSNATE-D TAB,1,112.61,97.92,97.92,8,,,,TABLET
2506,2506,OSPAMOX 250MG BARA SYP,1,100.22,87.15,87.15,0,,,,SYRUP
4859,4859,OSTUM-D 15ML DROPS,1,69.0,60.0,60.0,0,,,,DROPS
3472,3472,OTOCAINE EAR DROPS,1,28.17,24.5,24.5,0,,,,DROPS
3368,3368,OWELL 20MG CAP,1,32.2,28.0,28.0,0,,,,CAPSULE
4112,4112,OXALIV-250MG TAB,1,74.75,65.0,65.0,0,,,,TABLET
4113,4113,OXALIV-500MG TAB,1,106.95,93.0,93.0,0,,,,TABLET
2842,2842,OXIZIN 10MG TAB,1,9.2,8.0,8.0,0,,,,TABLET
2755,2755,OXYTOCIN INJ,1,5.29,4.6,4.6,95,,,,INJECTION
2518,2518,OYTETRACYCLINE DIHYDRATE 250MG,1,0.0,0.0,0.0,0,,,,OTHER
3115,3115,OZYMAP 20MG CAP 1X10,1,132.25,115.0,115.0,0,,,,CAPSULE
4320,4320,P-CIT 60ML SYP,1,29.9,26.0,26.0,0,,,,SYRUP
2535,2535,PAIN NIL TAB,1,63.25,55.0,55.0,0,,,,TABLET
4631,4631,PAIN TREAT INJ,1,11.5,10.0,10.0,0,,,,INJECTION
5354,5354,PAINHEAL 60GM CREAM,1,184.0,160.0,160.0,0,,,,CREAM
2048,2048,PAINTON FORT TAB,1,20.7,18.0,18.0,0,,,,TABLET
4906,4906,PAK SUNY,1,1.26,1.1,1.1,0,,,,OTHER
3298,3298,PAKCEEZONE 1GM INJ,1,55.2,48.0,48.0,0,,,,INJECTION
2735,2735,PALM SUPPORTS AR,1,69.0,60.0,60.0,0,,,,SUPPOSITORY
4553,4553,PAMZIM 40MG TAB,1,69.0,60.0,60.0,0,,,,TABLET
2964,2964,PANADOL 120ML SYP,1,144.64,125.77,125.77,29,,,,SYRUP
3917,3917,PANADOL FORT SYP,1,98.97,86.06,86.06,0,,,,SYRUP
606,606,PANASTOL C F TAB,1,0.0,0.0,0.0,0,,,,TABLET
4055,4055,PANIZOX 20MG TAB,1,87.09,75.73,75.73,0,,,,TABLET
3749,3749,PANTBERG 40MG TAB,1,57.5,50.0,50.0,0,,,,TABLET
4379,4379,PANTENE SHAMPOO,1,184.0,160.0,160.0,6,,,,INJECTION
5206,5206,PARA 100ML INFUSION,1,92.0,80.0,80.0,0,,,,INJECTION
4703,4703,PARA TULLE,1,207.0,180.0,180.0,0,,,,OTHER
3679,3679,PARACARE 60ML SYP,1,25.3,22.0,22.0,0,,,,SYRUP
3565,3565,PARACET 100ML INF,1,97.75,85.0,85.0,0,,,,OTHER
4742,4742,PARACETAMOL INFUSION 100ML,1,97.75,85.0,85.0,0,,,,INJECTION
2131,2131,PARACETAMOL TAB MUNAWAR,1,19.55,17.0,17.0,0,,,,TABLET
2859,2859,PARAMOUNT 10CC SYRINGE,1,8.91,7.75,7.75,0,,,,OTHER
4147,4147,PARAPALS 100ML INF,1,101.2,88.0,88.0,0,,,,OTHER
4636,4636,PD RAN SACHET,1,11.04,9.6,9.6,0,,,,SACHET
3130,3130,PD VIT 120ML SYP,1,32.2,28.0,28.0,0,,,,SYRUP
3754,3754,PDCID 120ML SYP,1,23.0,20.0,20.0,0,,,,SYRUP
2937,2937,PDCRAN PDH SACHETS,1,63.25,55.0,55.0,0,,,,SACHET
3884,3884,PEADIFEST 500ML ORS,1,50.6,44.0,44.0,0,,,,OTHER
3514,3514,PEDRITOL ORS,1,138.0,120.0,120.0,0,,,,OTHER
4837,4837,PEDS CREAM,1,208.84,181.6,181.6,0,,,,CREAM
4359,4359,PELTON  TAB,1,84.78,73.72,73.72,0,,,,TABLET
2643,2643,PELTON 120ML SYP,1,177.35,154.22,154.22,0,,,,SYRUP
2639,2639,PELTON V 120ML SYP,1,184.89,160.77,160.77,34,,,,SYRUP
4358,4358,PELTON V TAB,1,102.5,89.13,89.13,0,,,,TABLET
3720,3720,PENSULID 100MG TAB,1,34.5,30.0,30.0,0,,,,TABLET
2879,2879,PEPTIBAN 60ML SYP,1,44.0,38.26,38.26,0,,,,SYRUP
2974,2974,PERAMINE TAB,1,0.0,0.0,0.0,0,,,,TABLET
4465,4465,PERCEMOL INF,1,103.5,90.0,90.0,0,,,,OTHER
3219,3219,PERILIUM 60MLSYP,1,65.55,57.0,57.0,3,,,,SYRUP
4730,4730,PERILIUM TAB,1,32.2,28.0,28.0,0,,,,TABLET
3179,3179,PERMANENT CREAM,1,207.0,180.0,180.0,0,,,,CREAM
2601,2601,PEROSOL SYP,1,0.0,0.0,0.0,0,,,,SYRUP
5362,5362,PETRA 40MG CAP,1,150.14,130.56,130.56,1,,,,CAPSULE
4321,4321,PGB-NEO TAB,1,0.0,0.0,0.0,0,,,,TABLET
3874,3874,PHENOTIL 5MG TAB,1,4.6,4.0,4.0,0,,,,TABLET
543,543,PHLOGIN GEL 20GM,1,40.25,35.0,35.0,0,,,,CREAM
2990,2990,PHLOGIN INJ,1,74.75,65.0,65.0,0,,,,INJECTION
3439,3439,PICTOR 100MG TAB,1,143.75,125.0,125.0,0,,,,TABLET
5316,5316,PINEIN 10MG TAB,1,97.75,85.0,85.0,2,,,,TABLET
2528,2528,PIOTRIN 20MG POWER,1,66.7,58.0,58.0,0,,,,OTHER
4231,4231,PIROXICAM 20MG CAP,1,34.5,30.0,30.0,0,,,,CAPSULE
492,492,PLADEX 100ML A P L,1,35.65,31.0,31.0,268,,,,OTHER
3531,3531,PLADEX N/S 100ML MEDSOLE,1,37.95,33.0,33.0,0,,,,OTHER
3552,3552,PLIVACLOX 500MG CAP,1,63.25,55.0,55.0,0,,,,CAPSULE
2678,2678,PLUC SACHI,1,130.87,113.8,113.8,0,,,,SACHET
3497,3497,POAMI 20MG CAP,1,161.0,140.0,140.0,0,,,,CAPSULE
2331,2331,PODINA 240ML WELFIT SYP,1,43.7,38.0,38.0,0,,,,SYRUP
4913,4913,POLY-M TAB,1,126.5,110.0,110.0,0,,,,TABLET
3501,3501,POLYBION 120ML SYP,1,78.1,67.91,67.91,0,,,,SYRUP
5216,5216,POLYCID 240ML SYP,1,72.45,63.0,63.0,55,,,,SYRUP
3828,3828,POLYSIM 120ML SYP,1,2.3,2.0,2.0,0,,,,SYRUP
5267,5267,POLYSLING BELT,1,368.0,320.0,320.0,0,,,,OTHER
3110,3110,POLYTRAN DS SYP,1,33.35,29.0,29.0,0,,,,SYRUP
3082,3082,POLYTRAN SYP,1,31.05,27.0,27.0,0,,,,SYRUP
3410,3410,POLYWORM TAB,1,17.25,15.0,15.0,0,,,,TABLET
3104,3104,POLYXIL FORT SYP,1,42.55,37.0,37.0,0,,,,SYRUP
612,612,POLYXIL SYP,1,0.0,0.0,0.0,0,,,,SYRUP
436,436,POMPERC 100MG INJ,1,25.87,22.5,22.5,0,,,,INJECTION
2102,2102,PONDS FACEWASH,1,345.0,300.0,300.0,0,,,,OTHER
3710,3710,PONFAB 250MG TAB,1,11.12,9.67,9.67,0,,,,TABLET
4149,4149,PONSID FORT TAB,1,23.0,20.0,20.0,0,,,,TABLET
4654,4654,POWDER LADY SACHE,1,23.0,20.0,20.0,2,,,,SACHET
4604,4604,POWER PLUS CREAM,1,80.5,70.0,70.0,0,,,,CREAM
3309,3309,POWERPLEX INJ,1,7.36,6.4,6.4,0,,,,INJECTION
3727,3727,PRALPT 40MG INJ,1,41.4,36.0,36.0,0,,,,INJECTION
2922,2922,PRANAX 0.5MG TAB,1,120.75,105.0,105.0,0,,,,TABLET
4733,4733,PRAZOL 40MG CAP,1,402.5,350.0,350.0,0,,,,CAPSULE
3817,3817,PREAZIT-L 40MG INJ,1,69.0,60.0,60.0,0,,,,INJECTION
4755,4755,PREDNICOL EYE DROPS,1,64.4,56.0,56.0,0,,,,DROPS
3579,3579,PREDNISYNTH DROPS,1,0.0,0.0,0.0,0,,,,DROPS
4894,4894,PREGFOL 120ML SYP,1,36.22,31.5,31.5,2,,,,SYRUP
3268,3268,PREGNANCY STRIP (BIO CHECK),1,11.5,10.0,10.0,0,,,,OTHER
3972,3972,PREVA-28F TAB,1,71.3,62.0,62.0,0,,,,TABLET
5334,5334,PREVASMA 4MG SACHET,1,5.75,5.0,5.0,0,,,,SACHET
4752,4752,PRICKLY HEAT SPRAY,1,86.25,75.0,75.0,6,,,,INHALER
3950,3950,PRIMOLUT N TAB,1,152.52,132.63,132.63,7,,,,TABLET
4826,4826,PRINTER PAPER CBC,1,115.0,100.0,100.0,6,,,,OTHER
4740,4740,PRINTER PAPER LASER JET,1,0.0,0.0,0.0,0,,,,OTHER
4739,4739,PRINTER PAPER TERMAL,1,264.5,230.0,230.0,7,,,,OTHER
624,624,PROGYUTON TAB,1,0.0,0.0,0.0,0,,,,TABLET
4805,4805,PROLEN 120ML SYP,1,89.7,78.0,78.0,0,,,,SYRUP
3714,3714,PROMASS 100ML INFUSION,1,94.3,82.0,82.0,58,,,,INJECTION
3857,3857,PROMY ALLO PACK,1,34.96,30.4,30.4,0,,,,OTHER
3683,3683,PROSTALOC 100MG TAB,1,166.75,145.0,145.0,0,,,,TABLET
3062,3062,PROSTREAT 0.4MG CAP,1,568.81,494.62,494.62,0,,,,CAPSULE
3213,3213,PROTAC MOUTH WASH,1,57.5,50.0,50.0,4,,,,OTHER
4442,4442,PROTEKTIN 250MG TAB,1,123.05,107.0,107.0,0,,,,TABLET
4698,4698,PROTEKTIN 500MG TAB,1,132.25,115.0,115.0,0,,,,TABLET
4477,4477,PROTOLE 40MG INF,1,118.45,103.0,103.0,7,,,,OTHER
3382,3382,PROTOMIC 10MG TAB,1,37.95,33.0,33.0,0,,,,TABLET
3830,3830,PROTOXIL INF,1,5.75,5.0,5.0,0,,,,OTHER
4390,4390,PROTOZOL 400MG TAB,1,27.6,24.0,24.0,0,,,,TABLET
2588,2588,PROVAS INF,1,129.57,112.67,112.67,0,,,,OTHER
4053,4053,PROVATE CREAM,1,78.28,68.07,68.07,0,,,,CREAM
4054,4054,PROVATE G- OINT,1,88.2,76.7,76.7,0,,,,CREAM
5320,5320,PROVATE-S LOTION,1,188.34,163.77,163.77,1,,,,CREAM
5151,5151,PROXEN 500MG TAB,1,212.75,185.0,185.0,0,,,,TABLET
3385,3385,PRYMIN-D TAB,1,33.92,29.5,29.5,0,,,,TABLET
4383,4383,PULMONOL LOZENGES,1,86.5,75.22,75.22,0,,,,OTHER
3621,3621,PULSCAM INJ,1,34.5,30.0,30.0,0,,,,INJECTION
5172,5172,PULSE OXIMETER,1,2530.0,2200.0,2200.0,1,,,,OTHER
3475,3475,PURICAP 100MG TAB,1,161.0,140.0,140.0,0,,,,TABLET
4311,4311,PYODINE 450ML,1,690.0,600.0,600.0,0,,,,OTHER
4439,4439,PYODINE GEL,1,200.4,174.26,174.26,0,,,,CREAM
2515,2515,PYODINE LOTIN CORTEX CO,1,78.2,68.0,68.0,40,,,,OTHER
2737,2737,PYODINE MOUTH WASH,1,316.25,275.0,275.0,0,,,,OTHER
785,785,PYODINE SAPINT PHARMA,1,32.2,28.0,28.0,0,,,,OTHER
3703,3703,PYOSEP 60ML SOLITION,1,32.77,28.5,28.5,0,,,,OTHER
5418,5418,Q-FUR 100MG TAB,1,5.95,5.17,5.17,145,,,,TABLET
2794,2794,QALSAN D TAB,1,318.32,276.8,276.8,0,,,,TABLET
2940,2940,QUASH 125MG SYP,1,69.0,60.0,60.0,0,,,,SYRUP
5143,5143,QUELL 250MG TAB,1,74.75,65.0,65.0,0,,,,TABLET
731,731,QUENCH 1% 15GM CREAM,1,295.71,257.14,257.14,12,,,,CREAM
3198,3198,R NOR INJ,1,46.0,40.0,40.0,0,,,,INJECTION
3404,3404,RADI ENEMA 120ML,1,41.4,36.0,36.0,0,,,,OTHER
4134,4134,RADIFLOX 500MG TAB,1,86.25,75.0,75.0,0,,,,TABLET
2508,2508,RAID-M SYP,1,28.75,25.0,25.0,0,,,,SYRUP
4596,4596,RAKALIDE 100MG TAB,1,23.0,20.0,20.0,0,,,,TABLET
3937,3937,RAKZINE 10MG TAB,1,15.52,13.5,13.5,0,,,,TABLET
3141,3141,RAMA D 50MG CAP,1,73.6,64.0,64.0,0,,,,CAPSULE
3241,3241,RANKER 125MG SYP,1,173.65,151.0,151.0,0,,,,SYRUP
4481,4481,RAPID 20MG CAP,1,119.6,104.0,104.0,25,,,,CAPSULE
4375,4375,RAPIDPILLS TAB,1,35.27,30.67,30.67,0,,,,TABLET
5353,5353,RASHEAL 60MG CREAM,1,155.25,135.0,135.0,0,,,,CREAM
3294,3294,RASHNIL CREAM,1,155.01,134.79,134.79,0,,,,CREAM
3035,3035,RAST 10MG TAB,1,321.42,279.5,279.5,0,,,,TABLET
3034,3034,RAST 5MG TAB,1,195.1,169.65,169.65,0,,,,TABLET
3253,3253,RAVINATE 50MG INJ,1,115.0,100.0,100.0,0,,,,INJECTION
4595,4595,RAVOPREN 25MG TAB,1,37.38,32.5,32.5,0,,,,TABLET
4594,4594,RAVOPREN 50MG TAB,1,43.12,37.5,37.5,0,,,,TABLET
5108,5108,RECOO DRESSING 9X25CM,1,57.5,50.0,50.0,5,,,,OTHER
4719,4719,REFLUX 40MG CAP,1,483.0,420.0,420.0,0,,,,CAPSULE
5170,5170,REGISTER LARE SONY,1,690.0,600.0,600.0,3,,,,OTHER
2998,2998,RELIZIN 10MG TAB,1,9.2,8.0,8.0,0,,,,TABLET
4695,4695,RELTUS DM SYP,1,140.77,122.41,122.41,0,,,,SYRUP
628,628,RELTUS SYP 120ML,1,116.08,100.94,100.94,15,,,,SYRUP
4022,4022,REMOXY 125MG SYP,1,39.1,34.0,34.0,0,,,,SYRUP
4454,4454,REMOXY 250MG SYP,1,101.2,88.0,88.0,0,,,,SYRUP
786,786,RENEPH INJ,1,109.25,95.0,95.0,0,,,,INJECTION
3826,3826,RESDRY 60ML SYP,1,5.75,5.0,5.0,0,,,,SYRUP
5006,5006,REVULIZER,1,483.0,420.0,420.0,0,,,,OTHER
3758,3758,REWELL 200MG TAB,1,36.8,32.0,32.0,0,,,,TABLET
4429,4429,RF FACTOR KET,1,2599.0,2260.0,2260.0,0,,,,OTHER
4736,4736,RF FACTOR TEST,1,34.5,30.0,30.0,0,,,,OTHER
5282,5282,RHEUSLIDE 100MG TAB,1,20.12,17.5,17.5,6,,,,TABLET
542,542,RHINO SONE SPRAY,1,199.65,173.61,173.61,1,,,,INHALER
739,739,RIAM 120ML SYP,1,125.55,109.17,109.17,0,,,,SYRUP
2362,2362,RIAM 400MG TAB,1,34.48,29.98,29.98,4,,,,TABLET
5385,5385,RICE FACE WASH,1,322.0,280.0,280.0,3,,,,OTHER
3965,3965,RIGIX 120ML SYP,1,191.59,166.6,166.6,2,,,,SYRUP
4546,4546,RIGIX DROPS,1,130.64,113.6,113.6,0,,,,DROPS
728,728,RIGIX TAB,1,186.79,162.43,162.43,0,,,,TABLET
4287,4287,RING 55MM 35200,1,552.0,480.0,480.0,0,,,,OTHER
3103,3103,RISEK 40MG CAP,1,283.84,246.82,246.82,0,,,,CAPSULE
3072,3072,RITEFLOX 500MG TAB,1,94.3,82.0,82.0,33,,,,TABLET
3996,3996,RITEXONE 250MG INJ,1,48.3,42.0,42.0,0,,,,INJECTION
4354,4354,RITHMO 250MG TAB,1,379.65,330.13,330.13,0,,,,TABLET
2977,2977,RIVATRIL TAB,1,0.0,0.0,0.0,0,,,,TABLET
3842,3842,RIVOTRIL 2.5MG/ML DROP,1,1.15,1.0,1.0,0,,,,DROPS
3566,3566,RL-Q 250MG TAB,1,50.6,44.0,44.0,0,,,,TABLET
3567,3567,RL-Q 500MG TAB,1,63.25,55.0,55.0,0,,,,TABLET
1756,1756,ROBECIDE 400MG TAB,1,27.6,24.0,24.0,0,,,,TABLET
5157,5157,ROBIN BLEACH,1,747.5,650.0,650.0,1,,,,OTHER
4544,4544,ROCIP DROPS,1,191.77,166.76,166.76,0,,,,DROPS
550,550,ROLAZ 20MG CAP,1,46.0,40.0,40.0,0,,,,CAPSULE
3690,3690,ROMAIZ 3MG TAB,1,40.63,35.33,35.33,91,,,,TABLET
2434,2434,ROMEPRAZOL 20MG CAP,1,27.6,24.0,24.0,0,,,,CAPSULE
4039,4039,ROMEPRAZOLE 20MG CAP 100,1,155.25,135.0,135.0,0,,,,CAPSULE
4664,4664,ROMYCIN 500MG TAB,1,332.11,288.79,288.79,0,,,,TABLET
4790,4790,RON 50MG INJ,1,20.7,18.0,18.0,0,,,,INJECTION
4991,4991,ROOP SOAP,1,74.75,65.0,65.0,0,,,,OTHER
5377,5377,ROSYTERONE TAB,1,506.6,440.52,440.52,5,,,,TABLET
4793,4793,ROTAFLEX,1,172.5,150.0,150.0,0,,,,OTHER
3941,3941,ROTEM 40MG INJ,1,24.18,21.03,21.03,0,,,,INJECTION
3844,3844,ROTEM 80MG INJ,1,77.05,67.0,67.0,0,,,,INJECTION
3610,3610,ROTRAZINE 10MG TAB,1,9.77,8.5,8.5,0,,,,TABLET
4500,4500,ROVATOR 10MG TAB,1,364.02,316.54,316.54,0,,,,TABLET
3081,3081,ROVIDOL CF TAB,1,28.75,25.0,25.0,0,,,,TABLET
2694,2694,ROVIDOL TAB,1,27.31,23.75,23.75,0,,,,TABLET
4513,4513,ROVISTA 20MG TAB,1,580.63,504.9,504.9,0,,,,TABLET
4514,4514,ROVISTA EZ 10+10MG TAB,1,354.44,308.21,308.21,0,,,,TABLET
4515,4515,ROVISTA EZ 20+10MG TAB,1,564.79,491.12,491.12,0,,,,TABLET
4516,4516,ROVISTA EZ 5+10MG TAB,1,232.56,202.23,202.23,0,,,,TABLET
4902,4902,ROZID 250MG TAB,1,89.08,77.46,77.46,0,,,,TABLET
4903,4903,ROZID 500MG TAB,1,137.68,119.72,119.72,0,,,,TABLET
2428,2428,RUBALAMIN 500MG INJ,1,48.3,42.0,42.0,0,,,,INJECTION
2821,2821,RUBINNOL 100MG TAB,1,92.0,80.0,80.0,0,,,,TABLET
3201,3201,RUCIP 100ML INFUSION,1,49.45,43.0,43.0,0,,,,INJECTION
4033,4033,RUFANAC INJ,1,3.91,3.4,3.4,0,,,,INJECTION
3993,3993,RUMADOL CF TAB,1,33.35,29.0,29.0,0,,,,TABLET
3618,3618,RUSUFER INJ,1,26.45,23.0,23.0,10,,,,INJECTION
3645,3645,RUVIT-D INJ,1,32.2,28.0,28.0,0,,,,INJECTION
2894,2894,RYXON 250MG INJ,1,23.0,20.0,20.0,0,,,,INJECTION
4862,4862,SAFEGUARD SAOP,1,166.75,145.0,145.0,0,,,,OTHER
3543,3543,SAFEMED 100ML INF,1,57.5,50.0,50.0,0,,,,OTHER
3858,3858,SAFESOL NS 100ML INF,1,28.75,25.0,25.0,0,,,,OTHER
2329,2329,SAILAN-X CAP,1,2.3,2.0,2.0,0,,,,CAPSULE
3911,3911,SALDEN INJ,1,36.8,32.0,32.0,0,,,,INJECTION
2470,2470,SALE DELIVERY PRICE,1,0.0,0.0,0.0,0,,,,OTHER
5051,5051,SALWAGEL 20GM,1,62.1,54.0,54.0,0,,,,CREAM
2611,2611,SAMEROL N FORT TAB,1,49.45,43.0,43.0,0,,,,TABLET
5104,5104,SANAMIDO 20MG CAP,1,127.07,110.5,110.5,10,,,,CAPSULE
5161,5161,SANAMIDOL 40MG INF,1,134.4,116.87,116.87,3,,,,OTHER
3922,3922,SANID 100MG TAB,1,12.52,10.89,10.89,50,,,,TABLET
3416,3416,SANTE 40MG INJ,1,115.0,100.0,100.0,0,,,,INJECTION
4122,4122,SAPIMIC 250MG TAB,1,12.83,11.16,11.16,0,,,,TABLET
3700,3700,SAPIMIC FORTE,1,18.97,16.5,16.5,0,,,,OTHER
3687,3687,SAPLOX 200 TAB,1,35.65,31.0,31.0,0,,,,TABLET
3350,3350,SATAFENAC INJ,1,3.56,3.1,3.1,0,,,,INJECTION
2670,2670,SATAMIN 500MG INJ,1,48.3,42.0,42.0,0,,,,INJECTION
4317,4317,SATHI PLUS,1,59.34,51.6,51.6,0,,,,OTHER
4045,4045,SAVPOL 60ML SYP,1,41.4,36.0,36.0,0,,,,SYRUP
2860,2860,SCABFREE CREAM,1,113.19,98.43,98.43,14,,,,CREAM
2166,2166,SCABIDERM 5MG CREAM,1,90.91,79.05,79.05,0,,,,CREAM
3008,3008,SCABION LOTION,1,276.76,240.66,240.66,7,,,,CREAM
4765,4765,SCABIX SOAP,1,210.75,183.26,183.26,0,,,,OTHER
765,765,SCABIZYL 60ML EMULSION,1,40.25,35.0,35.0,0,,,,OTHER
4870,4870,SCABNIL 100GM SAOP,1,97.75,85.0,85.0,0,,,,OTHER
3843,3843,SCAVIA 400MG CAP,1,332.64,289.25,289.25,0,,,,CAPSULE
3044,3044,SCAVIA SYP,1,150.53,130.9,130.9,0,,,,SYRUP
577,577,SCISSORS,1,92.0,80.0,80.0,1,,,,OTHER
4882,4882,SEDEN-P TAB,1,157.87,137.28,137.28,0,,,,TABLET
2834,2834,SEFENIC FORT TAB,1,15.52,13.5,13.5,0,,,,TABLET
5265,5265,SEHAT MAND MAJOON,1,402.5,350.0,350.0,84,,,,OTHER
465,465,SEHAT MAND TAB,1,230.0,200.0,200.0,12,,,,TABLET
4877,4877,SELANZ 30MG CAP,1,415.38,361.2,361.2,0,,,,CAPSULE
2701,2701,SELECTIN 10MG TAB,1,14.95,13.0,13.0,0,,,,TABLET
2659,2659,SELSUN BLUE 100ML,1,425.5,370.0,370.0,0,,,,OTHER
769,769,SEMEN TEST,1,57.5,50.0,50.0,0,,,,OTHER
3736,3736,SENERGY OD 30ML SYP,1,50.6,44.0,44.0,0,,,,SYRUP
3753,3753,SENOREN 120ML SYP,1,27.51,23.92,23.92,0,,,,SYRUP
2585,2585,SENSIVAL TAB,1,63.54,55.25,55.25,0,,,,TABLET
2762,2762,SEPRODERM OINTMENT,1,31.67,27.54,27.54,0,,,,CREAM
455,455,SEPTA-CHLOR TULLE,1,103.5,90.0,90.0,0,,,,OTHER
715,715,SEPTEM SYP,1,0.0,0.0,0.0,0,,,,SYRUP
3805,3805,SERGIFEX 250MG INJ,1,74.75,65.0,65.0,0,,,,INJECTION
767,767,SERGIFEX 2GM INJ,1,0.0,0.0,0.0,0,,,,INJECTION
5242,5242,SERODEX,1,55.2,48.0,48.0,0,,,,OTHER
3380,3380,SETPRO 250MG TAB,1,48.3,42.0,42.0,0,,,,TABLET
3386,3386,SETPRO 500MG TAB,1,71.3,62.0,62.0,0,,,,TABLET
4825,4825,SETRIZIN 60ML SYP,1,37.95,33.0,33.0,0,,,,SYRUP
3681,3681,SEVTOL 100ML,1,161.0,140.0,140.0,0,,,,OTHER
4415,4415,SGPT KET,1,1840.0,1600.0,1600.0,5,,,,OTHER
4397,4397,SGPT TEST,1,40.25,35.0,35.0,0,,,,OTHER
693,693,SHAXONE 1GM INJ,1,46.0,40.0,40.0,0,,,,INJECTION
5401,5401,SHIELD TOOTHPASTE,1,172.5,150.0,150.0,1,,,,OTHER
2389,2389,SHIFA 3CC 1X100,1,6.84,5.95,5.95,0,,,,OTHER
2390,2390,SHIFA 5CC 1X100,1,6.04,5.25,5.25,0,,,,OTHER
5257,5257,SHINE -D INJ,1,23.0,20.0,20.0,0,,,,INJECTION
3370,3370,SIFLOXEN 500MG TAB,1,57.5,50.0,50.0,0,,,,TABLET
4785,4785,SIGMADON TAB,1,2.02,1.76,1.76,0,,,,TABLET
4353,4353,SILK 1 RTMED,1,76.67,66.67,66.67,0,,,,OTHER
4345,4345,SILK 3/0 CHINA,1,74.75,65.0,65.0,0,,,,OTHER
3571,3571,SINOFER TAB,1,74.75,65.0,65.0,0,,,,TABLET
2603,2603,SIPGEL SYP,1,0.0,0.0,0.0,0,,,,SYRUP
3421,3421,SIPRION 500MG TAB,1,82.8,72.0,72.0,0,,,,TABLET
647,647,SIROLINE 120ML SYP,1,128.78,111.98,111.98,6,,,,SYRUP
1371,1371,SITAGEN-M TAB,1,391.0,340.0,340.0,0,,,,TABLET
4580,4580,SITAGLU MET 50/500 TAB,1,1079.61,938.79,938.79,3,,,,TABLET
668,668,SITARA  SOAP,1,69.0,60.0,60.0,0,,,,OTHER
673,673,SITARA BEAUTY SERUM,1,92.0,80.0,80.0,0,,,,OTHER
564,564,SITARA CREAM,1,161.0,140.0,140.0,0,,,,CREAM
4615,4615,SKAB CREAM,1,81.8,71.13,71.13,0,,,,CREAM
3275,3275,SKABNOL LOTION,1,92.0,80.0,80.0,0,,,,CREAM
4371,4371,SKIN HOLDER,1,92.0,80.0,80.0,1,,,,OTHER
3908,3908,SKIN-A CREAM,1,179.93,156.46,156.46,2,,,,CREAM
5041,5041,SKINOREN CREAM,1,651.88,566.85,566.85,0,,,,CREAM
4444,4444,SKYMOX 125MG SYP,1,78.2,68.0,68.0,0,,,,SYRUP
4445,4445,SKYMOX 250MG SYP,1,106.95,93.0,93.0,0,,,,SYRUP
4274,4274,SKYMOX 500MG CAP,1,101.2,88.0,88.0,0,,,,CAPSULE
4606,4606,SLIDE COVER,1,230.0,200.0,200.0,0,,,,OTHER
3863,3863,SLIDES,1,299.0,260.0,260.0,3,,,,OTHER
5233,5233,SLIM LINE BELT,1,402.5,350.0,350.0,0,,,,OTHER
3148,3148,SMART FEET CREAM,1,73.6,64.0,64.0,0,,,,CREAM
705,705,SMAZ 20MG,1,0.0,0.0,0.0,0,,,,OTHER
3991,3991,SMILE 3CC SYRING,1,7.47,6.5,6.5,0,,,,OTHER
3859,3859,SMILE 5CC,1,6.5,5.65,5.65,0,,,,OTHER
753,753,SMOCOL 120ML SYP,1,51.75,45.0,45.0,5,,,,SYRUP
3995,3995,SMOCOL 60ML SYP,1,32.2,28.0,28.0,0,,,,SYRUP
3665,3665,SN CIP 500MG TAB,1,60.95,53.0,53.0,0,,,,TABLET
4648,4648,SN DOMP 10MG TAB,1,9.43,8.2,8.2,0,,,,TABLET
4333,4333,SN LUMART 40/240MG TAB,1,120.75,105.0,105.0,0,,,,TABLET
4335,4335,SN LUMART SYP,1,69.0,60.0,60.0,0,,,,SYRUP
4576,4576,SN SIP 250MG TAB,1,69.0,60.0,60.0,0,,,,TABLET
4475,4475,SN SIP 500MG TAB,1,97.75,85.0,85.0,0,,,,TABLET
4256,4256,SN XIME 100MG/5ML SYP,1,101.2,88.0,88.0,0,,,,SYRUP
4261,4261,SN ZYR 60ML SYP,1,27.6,24.0,24.0,0,,,,SYRUP
3306,3306,SODA GLYCRIN,1,30.66,26.66,26.66,64,,,,OTHER
4006,4006,SOFRAN INJ,1,4.14,3.6,3.6,0,,,,INJECTION
2818,2818,SOFT GAUZE,1,24.15,21.0,21.0,0,,,,OTHER
2921,2921,SOFTLAX DROPS,1,34.5,30.0,30.0,0,,,,DROPS
3065,3065,SOFVASC-V 5/160MG TAB,1,331.45,288.22,288.22,0,,,,TABLET
4617,4617,SONARIL 3MG TAB,1,38.33,33.33,33.33,0,,,,TABLET
2832,2832,SOPHILAX DROPS,1,31.05,27.0,27.0,0,,,,DROPS
5022,5022,SOROGEL MOUTH GELL,1,74.75,65.0,65.0,0,,,,CREAM
4432,4432,SPA NIL INJ,1,8.97,7.8,7.8,0,,,,INJECTION
3127,3127,SPA=X 40MG TAB,1,27.6,24.0,24.0,0,,,,TABLET
3662,3662,SPAS-D 15ML DROPS,1,34.5,30.0,30.0,0,,,,DROPS
5019,5019,SPASLER-P 60ML SYP,1,311.33,270.72,270.72,4,,,,SYRUP
2957,2957,SPASMO CALM 120ML SYP,1,30.47,26.5,26.5,0,,,,SYRUP
2132,2132,SPASMODINE DROP,1,103.5,90.0,90.0,10,,,,DROPS
581,581,SPIRET AMONIA,1,0.0,0.0,0.0,0,,,,OTHER
692,692,SPIRIT MEDIAM METHYLATED,1,28.75,25.0,25.0,18,,,,OTHER
3028,3028,SPIROMIDE 20MG TAB,1,148.35,129.0,129.0,4,,,,TABLET
1873,1873,SPIRT LARGE METHYLATED,1,29.32,25.5,25.5,0,,,,OTHER
382,382,SPIRT SMALL,1,74.75,65.0,65.0,9,,,,OTHER
4455,4455,STAMENTIN DS SYP,1,207.0,180.0,180.0,0,,,,SYRUP
815,815,STAMOX 250MG CAP,1,65.55,57.0,57.0,0,,,,CAPSULE
4259,4259,STAMOX 250MG SYP,1,101.2,88.0,88.0,0,,,,SYRUP
811,811,STAMOX 500MG CAP,1,111.55,97.0,97.0,0,,,,CAPSULE
766,766,STANIC 100MG TAB,1,126.5,110.0,110.0,0,,,,TABLET
4813,4813,STAT-A 10MG TAB,1,0.0,0.0,0.0,0,,,,TABLET
3945,3945,STENZAR 120ML SYP,1,77.27,67.19,67.19,0,,,,SYRUP
2433,2433,STERICIPRO INFUSIN F D L,1,103.5,90.0,90.0,7,,,,OTHER
5138,5138,STERILEX 240ML SYP,1,103.5,90.0,90.0,0,,,,SYRUP
2655,2655,STETHOSCOPE CERTAZA DULEX,1,402.5,350.0,350.0,0,,,,OTHER
557,557,STETHOSCOPE CHINA,1,552.0,480.0,480.0,1,,,,OTHER
2657,2657,STETHSCOPE CERTAZ CR77AX,1,414.0,360.0,360.0,0,,,,OTHER
3470,3470,STIMOLAX DROP,1,25.3,22.0,22.0,0,,,,DROPS
3791,3791,STOMINANT 10MG TAB,1,13.8,12.0,12.0,0,,,,TABLET
4000,4000,STOMINANT 120ML SYP,1,34.5,30.0,30.0,0,,,,SYRUP
1049,1049,STOPER CHINA,1,10.35,9.0,9.0,83,,,,OTHER
5105,5105,STRACEF 1GM INJ,1,164.83,143.33,143.33,0,,,,INJECTION
48875,48875,STREPZILZ TAB,1,28.75,25.0,25.0,15,,,,TABLET
3474,3474,STUGERON TAB,1,227.79,198.08,198.08,2,,,,TABLET
3529,3529,STYX 125MG SYP,1,43.7,38.0,38.0,0,,,,SYRUP
3743,3743,STYX 250MG SYP,1,55.2,48.0,48.0,0,,,,SYRUP
4422,4422,SUGER KET,1,1288.0,1120.0,1120.0,0,,,,OTHER
2644,2644,SUGER STRIP ACCU-CHEK,1,2093.0,1820.0,1820.0,0,,,,OTHER
2645,2645,SUGER STRIP CERTEZA,1,36.8,32.0,32.0,62,,,,OTHER
4078,4078,SUGER VIVACHEK-INO-METER,1,862.5,750.0,750.0,0,,,,OTHER
4223,4223,SULBASET 60ML SYP,1,46.0,40.0,40.0,9,,,,SYRUP
4490,4490,SULGEN 2GM INJ,1,230.0,200.0,200.0,0,,,,INJECTION
4718,4718,SULVORID 25MG TAB,1,296.44,257.77,257.77,0,,,,TABLET
2443,2443,SUN BLOCK 20G,1,322.0,280.0,280.0,0,,,,OTHER
4875,4875,SUNBERRY SACHET,1,8.62,7.5,7.5,0,,,,SACHET
3849,3849,SUNIZINE TAB,1,9.77,8.5,8.5,0,,,,TABLET
3545,3545,SUNLEV 250MG TAB,1,48.3,42.0,42.0,0,,,,TABLET
3535,3535,SUNLEV 500MG TAB,1,63.25,55.0,55.0,0,,,,TABLET
2718,2718,SUNY X D CAP,1,43.7,38.0,38.0,0,,,,CAPSULE
3264,3264,SUPER TAB,1,23.0,20.0,20.0,0,,,,TABLET
4013,4013,SUPPOSITORIES GLYCRINE,1,82.8,72.0,72.0,7,,,,SUPPOSITORY
699,699,SURBEX Z TAB,1,488.55,424.83,424.83,18,,,,TABLET
3971,3971,SURBEX-T TAB,1,192.98,167.81,167.81,0,,,,TABLET
604,604,SURFICOL 60ML SYP,1,69.0,60.0,60.0,0,,,,SYRUP
575,575,SURGE GAUZES,1,43.7,38.0,38.0,50,,,,OTHER
451,451,SURGEE TULLE,1,15.52,13.5,13.5,0,,,,OTHER
764,764,SURGEE WAX,1,161.0,140.0,140.0,1,,,,OTHER
3193,3193,SURGI GAUZE 15X15,1,49.45,43.0,43.0,0,,,,OTHER
1680,1680,SURGICAL BLADE,1,11.5,10.0,10.0,11,,,,OTHER
447,447,SURGICAL BLADES 15,1,5.17,4.5,4.5,0,,,,OTHER
4591,4591,SURGICAL DRESSING 9X25,1,34.5,30.0,30.0,0,,,,OTHER
5184,5184,SURGICAL EXAM GLOVES,1,10.92,9.5,9.5,55,,,,OTHER
578,578,SURGICAL GLOVES DIS....BLE,1,51.75,45.0,45.0,9,,,,OTHER
2512,2512,SURGICAL GLOVES FINTEX,1,40.25,35.0,35.0,0,,,,OTHER
776,776,SURGICAL NEEDLES 24 MASTER,1,3.1,2.7,2.7,630,,,,OTHER
2426,2426,SURGICAL TAPE NITTO,1,78.58,68.33,68.33,30,,,,OTHER
4708,4708,SURGICOMB 1GM INJ,1,173.98,151.29,151.29,0,,,,INJECTION
4895,4895,SURGICOMB 2GM INJ,1,265.02,230.45,230.45,0,,,,INJECTION
4428,4428,SURO MOTOR,1,14375.0,12500.0,12500.0,0,,,,OTHER
4374,4374,SUSI SACHET,1,172.5,150.0,150.0,0,,,,SACHET
3031,3031,SUSTAC 2.6,1,285.72,248.45,248.45,0,,,,OTHER
3030,3030,SUSTAC 6.4,1,320.18,278.42,278.42,1,,,,OTHER
5280,5280,SWAAD SALAN MASLA 250G,1,287.5,250.0,250.0,0,,,,OTHER
5303,5303,SWEEP 600ML,1,201.25,175.0,175.0,0,,,,OTHER
3959,3959,SWEFT 1GM INJ,1,57.5,50.0,50.0,0,,,,INJECTION
5081,5081,SWISFER TAB,1,184.0,160.0,160.0,0,,,,TABLET
1676,1676,SYNALOG 100MG TAB,1,34.5,30.0,30.0,0,,,,TABLET
4482,4482,SYNGAB 75MG CAP,1,373.89,325.12,325.12,0,,,,CAPSULE
5262,5262,SYNOCEF 200MG SYP,1,189.75,165.0,165.0,0,,,,SYRUP
4462,4462,SYNOCEF 400MG TAB,1,218.5,190.0,190.0,0,,,,TABLET
3399,3399,SYNOCIP 250MG TAB,1,48.3,42.0,42.0,0,,,,TABLET
3463,3463,SYNOCIP 500MG TAB,1,57.5,50.0,50.0,0,,,,TABLET
5295,5295,SYNOFLAM 75MG TAB,1,33.35,29.0,29.0,42,,,,TABLET
4501,4501,SYNOGAB 50MG CAP,1,399.18,347.11,347.11,0,,,,CAPSULE
718,718,SYNTICILLIN 125MG SYP,1,0.0,0.0,0.0,0,,,,SYRUP
4124,4124,SYRING 10CC,1,11.04,9.6,9.6,39,,,,OTHER
4125,4125,SYRING 20CC,1,23.0,20.0,20.0,28,,,,OTHER
730,730,SYRINGE 1 CC MASTER,1,16.1,14.0,14.0,0,,,,OTHER
5107,5107,SYRINGE 60CC,1,74.75,65.0,65.0,0,,,,OTHER
3738,3738,SYSPEP 120ML SYP,1,41.4,36.0,36.0,0,,,,SYRUP
3822,3822,T-DAY 120ML SYP,1,150.07,130.5,130.5,0,,,,SYRUP
3935,3935,T-DAY TAB,1,117.48,102.16,102.16,6,,,,TABLET
588,588,T-KOBAL 500MCG TAB,1,0.0,0.0,0.0,0,,,,TABLET
2713,2713,T=SAR 500MG INJ,1,32.77,28.5,28.5,0,,,,INJECTION
497,497,T=SAR IMG INJ,1,43.7,38.0,38.0,0,,,,INJECTION
2966,2966,TABKHIRIZYM 120ML SYP,1,28.57,24.84,24.84,0,,,,TABLET
2616,2616,TADKHIRE MAIDA,1,0.0,0.0,0.0,0,,,,OTHER
3465,3465,TAIVOR 3MG TAB,1,250.24,217.6,217.6,0,,,,TABLET
782,782,TALIDONE TAB,1,82.8,72.0,72.0,0,,,,TABLET
4517,4517,TAMSOLIN PLUS CAP,1,1053.74,916.3,916.3,0,,,,CAPSULE
3772,3772,TANCIP 250MG TAB,1,59.8,52.0,52.0,0,,,,TABLET
3769,3769,TANCIP 500MG TAB,1,66.7,58.0,58.0,0,,,,TABLET
4129,4129,TANSOMEC 250MG INJ,1,0.0,0.0,0.0,0,,,,INJECTION
4128,4128,TANSOMEC 500MG INJ,1,27.6,24.0,24.0,0,,,,INJECTION
3037,3037,TASMI 40MG TAB,1,359.24,312.38,312.38,0,,,,TABLET
4519,4519,TASMI 80MG TAB,1,516.75,449.35,449.35,0,,,,TABLET
4987,4987,TAVPAL 100MG TAB,1,29.32,25.5,25.5,0,,,,TABLET
4332,4332,TAXOCYN 250MG INJ,1,60.95,53.0,53.0,0,,,,INJECTION
3725,3725,TAXOCYN 2G INJ,1,184.0,160.0,160.0,0,,,,INJECTION
5359,5359,TEETH BRUSH,1,230.0,200.0,200.0,0,,,,OTHER
4780,4780,TELMIS A 80/10MG TAB,1,469.4,408.17,408.17,0,,,,TABLET
4539,4539,TELSARTA 80MG TAB,1,396.96,345.18,345.18,0,,,,TABLET
645,645,TEMPOL 20ML DROPS,1,0.0,0.0,0.0,0,,,,DROPS
2382,2382,TEMPRAMIN SYP SMALL,1,76.44,66.47,66.47,33,,,,SYRUP
4107,4107,TENAMIC 500MG CAP,1,287.5,250.0,250.0,0,,,,CAPSULE
129,129,TENCID 100MG TAB,1,178.25,155.0,155.0,0,,,,TABLET
3895,3895,TENDIA TAB,1,57.5,50.0,50.0,0,,,,TABLET
4754,4754,TENORMIN 100MG TAB,1,475.24,413.25,413.25,0,,,,TABLET
5039,5039,TENORMIN 50MG TAB,1,309.56,269.18,269.18,0,,,,TABLET
4080,4080,TEPH 40MG CAP,1,357.28,310.68,310.68,0,,,,CAPSULE
3029,3029,TEPRIDE TAB,1,168.91,146.88,146.88,0,,,,TABLET
5230,5230,TERB IN H CREAM,1,115.0,100.0,100.0,2,,,,CREAM
3018,3018,TERBIDERM 10MG CREAM,1,249.14,216.64,216.64,0,,,,CREAM
4502,4502,TERBIDERM 125MG TAB,1,488.55,424.83,424.83,0,,,,TABLET
4503,4503,TERBIDERM LOTION,1,367.74,319.77,319.77,0,,,,CREAM
3321,3321,TERBINO 125MG TAB,1,0.0,0.0,0.0,0,,,,TABLET
4784,4784,TERBISIL 125MG TAB,1,387.09,336.6,336.6,0,,,,TABLET
4527,4527,TERBISIL 250MG TAB,1,549.96,478.23,478.23,2,,,,TABLET
4528,4528,TERBISIL CREAM,1,320.16,278.4,278.4,0,,,,CREAM
4529,4529,TERBISIL LOTION,1,356.59,310.08,310.08,2,,,,CREAM
698,698,TERNEQET,1,161.0,140.0,140.0,3,,,,OTHER
5226,5226,TERVITOR 125MG TAB,1,161.0,140.0,140.0,0,,,,TABLET
5227,5227,TERVITOR 250MG TAB,1,207.0,180.0,180.0,0,,,,TABLET
716,716,TEXCOL DM 120ML,1,0.0,0.0,0.0,0,,,,OTHER
749,749,TEXCOL E,1,0.0,0.0,0.0,0,,,,OTHER
4407,4407,TEXOFEN 120ML SYP,1,69.0,60.0,60.0,0,,,,SYRUP
5058,5058,THE-DEX OINT,1,29.9,26.0,26.0,0,,,,CREAM
2891,2891,THERAGRAN H TAB,1,150.25,130.65,130.65,0,,,,TABLET
2503,2503,THERMOMETER DIGITAL + K-MED,1,460.0,400.0,400.0,2,,,,OTHER
2352,2352,THERMOMETER FLAT,1,184.0,160.0,160.0,0,,,,OTHER
2351,2351,THERMOMETER ROUND,1,230.0,200.0,200.0,10,,,,OTHER
1052,1052,THROAT PAIN,1,92.0,80.0,80.0,0,,,,OTHER
3222,3222,THROB 250MG TAB,1,143.75,125.0,125.0,5,,,,TABLET
3396,3396,TICZINE SYP,1,18.4,16.0,16.0,0,,,,SYRUP
5306,5306,TIGER SPRAY,1,339.25,295.0,295.0,0,,,,INHALER
5325,5325,TIGER STICK,1,90.85,79.0,79.0,1,,,,OTHER
511,511,TILLEY NASAL FORCEP,1,289.8,252.0,252.0,0,,,,OTHER
2179,2179,TIMEZOL 40MG INF,1,0.0,0.0,0.0,0,,,,OTHER
3744,3744,TINCTURE BENZ..CO SP,1,22.42,19.5,19.5,0,,,,OTHER
4638,4638,TIOVAIR 18MCG CAP,1,233.45,203.0,203.0,0,,,,CAPSULE
726,726,TIRIX SYP,1,41.52,36.1,36.1,24,,,,SYRUP
2788,2788,TIRIX TAB,1,28.4,24.7,24.7,33,,,,TABLET
4919,4919,TIZAFED 2MG TAB,1,34.5,30.0,30.0,0,,,,TABLET
4920,4920,TIZAFED 4MG TAB,1,40.25,35.0,35.0,0,,,,TABLET
3724,3724,TIZODINE 2MG TAB,1,17.25,15.0,15.0,0,,,,TABLET
2984,2984,TOBRA D EYE DROPS,1,247.31,215.05,215.05,2,,,,DROPS
4705,4705,TOBRACORT 5ML EYE DROP,1,0.0,0.0,0.0,0,,,,DROPS
506,506,TONGUE DPRSR STEEL,1,92.0,80.0,80.0,0,,,,OTHER
3835,3835,TONI PLEX 120ML SYP,1,5.75,5.0,5.0,0,,,,SYRUP
4071,4071,TORADOL INJ,1,142.11,123.57,123.57,11,,,,INJECTION
5365,5365,TORCH PROFILE TEST,1,345.0,300.0,300.0,1,,,,OTHER
758,758,TOREX DM 60ML SYP,1,78.13,67.94,67.94,0,,,,SYRUP
747,747,TOREX EX,1,52.9,46.0,46.0,0,,,,OTHER
2618,2618,TOXINIL TAB,1,0.0,0.0,0.0,0,,,,TABLET
3611,3611,TRAMACIN POWER,1,17.25,15.0,15.0,0,,,,OTHER
4832,4832,TRAMACORT A INJ,1,41.4,36.0,36.0,0,,,,INJECTION
2945,2945,TRAMAL CAP,1,229.91,199.92,199.92,0,,,,CAPSULE
2925,2925,TRAMAL PLUS TAB,1,240.44,209.08,209.08,1,,,,TABLET
3939,3939,TRAMASIS INJ,1,59.8,52.0,52.0,0,,,,INJECTION
4035,4035,TRAMORHAGE 250MG CAP,1,172.5,150.0,150.0,0,,,,CAPSULE
3845,3845,TRAMORHAGE 500MG CAP,1,316.25,275.0,275.0,0,,,,CAPSULE
532,532,TRANSAMIN 250MG CAP,1,112.26,97.62,97.62,0,,,,CAPSULE
3597,3597,TRANSAMIN 250MG INJ,1,58.21,50.62,50.62,0,,,,INJECTION
2366,2366,TRANSOLIDE 250MG CAP,1,164.54,143.08,143.08,0,,,,CAPSULE
4101,4101,TRANZA 500MG CAP,1,253.0,220.0,220.0,0,,,,CAPSULE
3478,3478,TRAVOCORT CREAM,1,266.47,231.71,231.71,2,,,,CREAM
3453,3453,TREAFEN INJ,1,6.9,6.0,6.0,0,,,,INJECTION
4066,4066,TRES-ORIX 120ML SYP,1,179.09,155.73,155.73,0,,,,SYRUP
3578,3578,TRES-ORIX FORTE 120ML SYP,1,293.25,255.0,255.0,8,,,,SYRUP
4521,4521,TREVIAMET XR 50+1000MG TAB,1,573.8,498.96,498.96,0,,,,TABLET
4520,4520,TREVIAMET XR 50+500MG TAB,1,639.47,556.06,556.06,0,,,,TABLET
4436,4436,TREZINE 10MG TAB,1,12.65,11.0,11.0,0,,,,TABLET
5321,5321,TRI MALT 240ML SYP,1,92.0,80.0,80.0,0,,,,SYRUP
3217,3217,TRIBION INJ,1,184.0,160.0,160.0,0,,,,INJECTION
4065,4065,TRICOSTEN 6 TAB,1,34.5,30.0,30.0,0,,,,TABLET
3840,3840,TRISAMIN 250MG INJ,1,1.15,1.0,1.0,0,,,,INJECTION
951,951,TRIVINATE INJ,1,115.0,100.0,100.0,0,,,,INJECTION
3220,3220,TRIZOL DS SYP,1,28.17,24.5,24.5,0,,,,SYRUP
3792,3792,TROMPOL-P TAB,1,104.02,90.45,90.45,0,,,,TABLET
729,729,TRONLAN CREAM,1,0.0,0.0,0.0,0,,,,CREAM
5241,5241,TROP-1,1,0.0,0.0,0.0,0,,,,OTHER
3408,3408,TROPHIN 1GM INJ,1,66.7,58.0,58.0,0,,,,INJECTION
5027,5027,TROSPA INJ,1,11.27,9.8,9.8,0,,,,INJECTION
4127,4127,TRUST 3CC SYRING,1,7.24,6.3,6.3,0,,,,OTHER
4110,4110,TRUST 5CC SYRING,1,7.47,6.5,6.5,0,,,,OTHER
3447,3447,TRYZIN 60ML SYP,1,21.85,19.0,19.0,0,,,,SYRUP
4799,4799,TT INJ,1,82.8,72.0,72.0,20,,,,INJECTION
2685,2685,TUBE,1,2.42,2.1,2.1,0,,,,OTHER
2695,2695,TUFF 1GM INJ,1,111.55,97.0,97.0,34,,,,INJECTION
3116,3116,TUFF 250MG INJ,1,69.0,60.0,60.0,40,,,,INJECTION
2856,2856,TUFF 500MG INJ,1,87.4,76.0,76.0,11,,,,INJECTION
3969,3969,TUZLOX 500MG TAB,1,74.75,65.0,65.0,0,,,,TABLET
3117,3117,TYMID CAP,1,63.25,55.0,55.0,0,,,,CAPSULE
3001,3001,TYPHOID BIOCHEK,1,92.0,80.0,80.0,42,,,,OTHER
3695,3695,U PLEX M 120ML SYP,1,36.8,32.0,32.0,0,,,,SYRUP
4074,4074,U-CAL-C TAB,1,86.25,75.0,75.0,0,,,,TABLET
4655,4655,UD CREAM,1,115.0,100.0,100.0,0,,,,CREAM
488,488,ULAIM 0.5 TAB,1,105.8,92.0,92.0,0,,,,TABLET
4557,4557,ULTERASOUND,1,0.0,0.0,0.0,0,,,,OTHER
4386,4386,ULTRA BERRY SYP,1,101.2,88.0,88.0,0,,,,SYRUP
3056,3056,ULTRA PLUS (L),1,19.17,16.67,16.67,0,,,,OTHER
3055,3055,ULTRA PLUS (M),1,19.2,16.7,16.7,0,,,,OTHER
3054,3054,ULTRA PLUS (S),1,14.9,12.96,12.96,0,,,,OTHER
3057,3057,ULTRA PLUS (XL),1,17.02,14.8,14.8,0,,,,OTHER
5258,5258,ULTRAPIN CREAM,1,213.9,186.0,186.0,0,,,,CREAM
4771,4771,ULTRASOUND GEL,1,517.5,450.0,450.0,1,,,,CREAM
3782,3782,ULZAN INJ,1,126.5,110.0,110.0,0,,,,INJECTION
2914,2914,UNESOQUINE TAB,1,20.7,18.0,18.0,0,,,,TABLET
3487,3487,UNIJECT 3CC SYRING,1,7.7,6.7,6.7,0,,,,OTHER
4001,4001,UNIJECT 5CC SYRING,1,7.99,6.95,6.95,0,,,,OTHER
2555,2555,UNILEXIN 0.5MG TAB,1,40.25,35.0,35.0,0,,,,TABLET
570,570,UNIPLAST PLASTER,1,72.45,63.0,63.0,0,,,,OTHER
3784,3784,URAL 120ML SYP,1,29.9,26.0,26.0,0,,,,SYRUP
4421,4421,UREA KET,1,1207.5,1050.0,1050.0,0,,,,OTHER
4398,4398,UREA TEST,1,57.5,50.0,50.0,0,,,,OTHER
4409,4409,URIA 125ML KIT,1,4830.0,4200.0,4200.0,0,,,,OTHER
2361,2361,URIBIN SYP,1,0.0,0.0,0.0,0,,,,SYRUP
4418,4418,URIC ACID KET,1,1725.0,1500.0,1500.0,1,,,,OTHER
4395,4395,URIC ACID TEST,1,57.5,50.0,50.0,0,,,,OTHER
4151,4151,URILL SACHETS,1,82.8,72.0,72.0,0,,,,SACHET
2387,2387,URINE BAG,1,57.5,50.0,50.0,16,,,,OTHER
2633,2633,URINE BOTTLE,1,3.99,3.47,3.47,142,,,,OTHER
4105,4105,UROCRAN SACHET,1,66.7,58.0,58.0,0,,,,SACHET
4250,4250,URODONAL BOTLE,1,258.99,225.21,225.21,0,,,,OTHER
4551,4551,URODONAL SACHET,1,401.17,348.84,348.84,1,,,,SACHET
2365,2365,UROMINE SYP,1,0.0,0.0,0.0,0,,,,SYRUP
3190,3190,URONAF 120ML SYP,1,27.6,24.0,24.0,0,,,,SYRUP
3960,3960,URTECARE 10MG TAB,1,10.35,9.0,9.0,0,,,,TABLET
4601,4601,USACRAN SACHET,1,97.75,85.0,85.0,0,,,,SACHET
4555,4555,USAVIT TAB,1,166.75,145.0,145.0,0,,,,TABLET
5240,5240,VADEPA 10000IU CAP,1,172.5,150.0,150.0,0,,,,CAPSULE
3746,3746,VALE 500MG TAB,1,34.5,30.0,30.0,0,,,,TABLET
5186,5186,VALENFER INJ,1,52.9,46.0,46.0,0,,,,INJECTION
743,743,VALIUM 10MG TAB,1,108.7,94.52,94.52,0,,,,TABLET
2840,2840,VALIUM INJ,1,65.55,57.0,57.0,0,,,,INJECTION
5192,5192,VAPORUB BALM,1,52.9,46.0,46.0,24,,,,CREAM
2741,2741,VAPRO 250MG TAB,1,0.0,0.0,0.0,0,,,,TABLET
4188,4188,VAPTOR 10MG TAB,1,263.43,229.07,229.07,0,,,,TABLET
667,667,VARA BEAUTY CREAM,1,174.8,152.0,152.0,0,,,,CREAM
2334,2334,VASELINE HAIR TONIC,1,63.25,55.0,55.0,0,,,,OTHER
2719,2719,VASELINE LARG,1,92.0,80.0,80.0,0,,,,OTHER
2720,2720,VASELINE MEDIM,1,51.75,45.0,45.0,1,,,,OTHER
4394,4394,VASELINE SMALL,1,28.75,25.0,25.0,0,,,,OTHER
3049,3049,VASTAREL MR TAB,1,0.0,0.0,0.0,0,,,,TABLET
4262,4262,VECOLOFEN GELL,1,43.7,38.0,38.0,0,,,,CREAM
4240,4240,VEGAMET INJ,1,155.25,135.0,135.0,0,,,,INJECTION
3866,3866,VELL BERY,1,77.05,67.0,67.0,0,,,,OTHER
2675,2675,VELL EXTRA TAB,1,27.6,24.0,24.0,0,,,,TABLET
3317,3317,VENITADINE INJ,1,49.45,43.0,43.0,0,,,,INJECTION
3019,3019,VENTOLIN INHALER,1,244.83,212.9,212.9,0,,,,INHALER
5116,5116,VEOXY 100ML INF,1,62.1,54.0,54.0,0,,,,OTHER
4904,4904,VERIL 500MCG TAB,1,88.34,76.82,76.82,0,,,,TABLET
3539,3539,VERMIN TAB,1,80.5,70.0,70.0,0,,,,TABLET
4549,4549,VERMOX 100MG TAB,1,73.6,64.0,64.0,20,,,,TABLET
4550,4550,VERMOX 500MG TAB,1,141.74,123.25,123.25,0,,,,TABLET
639,639,VERMOX SYP,1,168.11,146.18,146.18,10,,,,SYRUP
5378,5378,VETAROG INJ,1,80.5,70.0,70.0,8,,,,INJECTION
4486,4486,VFIX 100MG SYP,1,155.25,135.0,135.0,0,,,,SYRUP
2890,2890,VIDALIN DROP,1,172.43,149.94,149.94,2,,,,DROPS
2589,2589,VIDAYLINE PLAIN 120ML SYP,1,187.91,163.4,163.4,5,,,,SYRUP
4657,4657,VIGA 300000 SPRAY,1,230.0,200.0,200.0,0,,,,INHALER
5324,5324,VIGA 45ML SPRAY,1,287.5,250.0,250.0,4,,,,INHALER
4888,4888,VIGA 75000 SPRAY,1,230.0,200.0,200.0,2,,,,INHALER
2930,2930,VIKONON-F SYP,1,48.98,42.59,42.59,0,,,,SYRUP
4522,4522,VILGET M 50+1000MG TAB,1,536.57,466.58,466.58,0,,,,TABLET
4658,4658,VIMAX PLUS OLI,1,172.5,150.0,150.0,0,,,,OTHER
4783,4783,VINTRUM TAB,1,172.5,150.0,150.0,0,,,,TABLET
4581,4581,VIODEX OINT,1,49.45,43.0,43.0,10,,,,CREAM
3558,3558,VIOSAID 100MG TAB,1,247.25,215.0,215.0,0,,,,TABLET
3620,3620,VIRLOS 10MG TAB,1,10.35,9.0,9.0,0,,,,TABLET
4087,4087,VITA GOLD 1 TAB,1,92.0,80.0,80.0,0,,,,TABLET
3077,3077,VITACAL 1000+C SACHETS,1,52.9,46.0,46.0,0,,,,SACHET
640,640,VITACON B 12 SYP,1,27.6,24.0,24.0,0,,,,SYRUP
3131,3131,VITAMIN D 3 INJ 1X5PACK,1,97.75,85.0,85.0,0,,,,INJECTION
2872,2872,VITAMIN K INJ,1,69.0,60.0,60.0,1,,,,INJECTION
3366,3366,VITAMIN-D3 INJ,1,20.7,18.0,18.0,0,,,,INJECTION
5390,5390,VITASOFT SOFTGEL,1,207.0,180.0,180.0,0,,,,CREAM
3411,3411,VITOL PLUS SYP,1,26.45,23.0,23.0,0,,,,SYRUP
3709,3709,VITOM 120ML SYP,1,36.8,32.0,32.0,0,,,,SYRUP
4627,4627,VITRUM TAB,1,464.31,403.75,403.75,9,,,,TABLET
3648,3648,VODIM 50MG TAB,1,46.0,40.0,40.0,0,,,,TABLET
3649,3649,VODIM INJ,1,12.07,10.5,10.5,0,,,,INJECTION
2050,2050,VOLDOS 75MGINJ 1X100 PACK,1,3.74,3.25,3.25,0,,,,INJECTION
4370,4370,VOLITE GELL 20GM,1,36.8,32.0,32.0,0,,,,CREAM
3678,3678,VOLTEX SR 100MG TAB,1,63.25,55.0,55.0,0,,,,TABLET
3016,3016,VOLTRAL 50MG TAB,1,114.64,99.69,99.69,0,,,,TABLET
4229,4229,VOMICAD 8MG/4ML INJ,1,39.1,34.0,34.0,0,,,,INJECTION
2994,2994,VOMISTOP TAB,1,10.35,9.0,9.0,142,,,,TABLET
4449,4449,VOMSON 120ML SYP,1,48.3,42.0,42.0,0,,,,SYRUP
3966,3966,VOMSON TAB,1,9.2,8.0,8.0,0,,,,TABLET
4781,4781,VONOZAN 20MG TAB,1,733.12,637.5,637.5,0,,,,TABLET
3218,3218,VORTEX INJ,1,23.0,20.0,20.0,0,,,,INJECTION
2915,2915,VOVERAN SR 100MG TAB,1,26.83,23.33,23.33,124,,,,TABLET
3689,3689,VOVERON GEL,1,35.65,31.0,31.0,0,,,,CREAM
4024,4024,VOVION SR TAB,1,71.3,62.0,62.0,0,,,,TABLET
3655,3655,VOXIQUIN 250MG TAB,1,112.61,97.92,97.92,25,,,,TABLET
725,725,VOXIQUIN 500MG TAB,1,194.72,169.32,169.32,9,,,,TABLET
4743,4743,VYBER 40MG CAP,1,155.25,135.0,135.0,20,,,,CAPSULE
4136,4136,VYBER 40MG INF,1,154.1,134.0,134.0,31,,,,OTHER
5049,5049,WALK ZONE TAB,1,178.25,155.0,155.0,0,,,,TABLET
4735,4735,WART-OFF 15ML LOTION,1,402.5,350.0,350.0,0,,,,CREAM
3600,3600,WATCEF 1GM INJ,1,57.5,50.0,50.0,0,,,,INJECTION
3821,3821,WATCEF 500MG INJ,1,54.62,47.5,47.5,0,,,,INJECTION
500,500,WATER INJ 5ML,1,5.52,4.8,4.8,349,,,,INJECTION
4382,4382,WAX AID EAR DROPS,1,48.3,42.0,42.0,0,,,,DROPS
2970,2970,WEIGHT-X CAP,1,77.62,67.5,67.5,8,,,,CAPSULE
4995,4995,WELLGEST CAP,1,517.5,450.0,450.0,0,,,,CAPSULE
3546,3546,WELOMEP INFUGEN,1,74.75,65.0,65.0,0,,,,OTHER
3513,3513,WELTIDINE INJ,1,66.7,58.0,58.0,0,,,,INJECTION
527,527,WERIMOX 250MG CAP,1,68.18,59.29,59.29,0,,,,CAPSULE
495,495,WERIMOX 250MG SYP,1,101.87,88.58,88.58,0,,,,SYRUP
3142,3142,WERIMOX 500MG CAP,1,97.75,85.0,85.0,0,,,,CAPSULE
3606,3606,WERRIDAL SYP,1,59.63,51.85,51.85,0,,,,SYRUP
514,514,WHEEL CHAIR MEDI,1,6785.0,5900.0,5900.0,0,,,,OTHER
3581,3581,WINLOXINE 400MG TAB,1,143.75,125.0,125.0,0,,,,TABLET
3793,3793,WINZOLE FORT TAB,1,16.67,14.5,14.5,0,,,,TABLET
3815,3815,WISPRAZOL 20MG CAP,1,46.0,40.0,40.0,0,,,,CAPSULE
4487,4487,WOFF 500MG TAB,1,98.78,85.9,85.9,0,,,,TABLET
4376,4376,WOLTROB-SR TAB,1,57.5,50.0,50.0,0,,,,TABLET
2734,2734,WRIST SUPPORT CHINA,1,86.25,75.0,75.0,1,,,,SUPPOSITORY
3762,3762,WYDRYLIN DM 60ML SYP,1,29.69,25.82,25.82,0,,,,SYRUP
3899,3899,WYMOX 125MG SYP,1,128.78,111.98,111.98,22,,,,SYRUP
3643,3643,WYMOX 250MG CAP,1,46.54,40.47,40.47,0,,,,CAPSULE
3900,3900,WYMOX 250MG SYP,1,191.0,166.09,166.09,1,,,,SYRUP
3644,3644,WYMOX 500MG CAP,1,111.86,97.27,97.27,0,,,,CAPSULE
4270,4270,X-PLENDED 10MG TAB,1,474.5,412.61,412.61,3,,,,TABLET
4254,4254,X-PLENDED 5MG TAB,1,244.37,212.5,212.5,3,,,,TABLET
4458,4458,X-TRAM TAB,1,0.0,0.0,0.0,0,,,,TABLET
4276,4276,XALTIDE HFA INHALER,1,768.75,668.48,668.48,0,,,,INHALER
3111,3111,XASER 10MG TAB,1,9.2,8.0,8.0,0,,,,TABLET
2729,2729,XEERAK 100MG SYP,1,103.5,90.0,90.0,0,,,,SYRUP
3162,3162,XEERAK 200MG SYP,1,155.25,135.0,135.0,0,,,,SYRUP
3640,3640,XIMBACT 400MG CAP,1,100.05,87.0,87.0,0,,,,CAPSULE
3086,3086,XINIA SR CAP,1,48.87,42.5,42.5,20,,,,CAPSULE
4118,4118,XIRIP 500MG TAB,1,92.0,80.0,80.0,0,,,,TABLET
4473,4473,XORBACT 1GM INJ,1,246.26,214.14,214.14,0,,,,INJECTION
4474,4474,XORBACT 2GM INJ,1,319.68,277.98,277.98,7,,,,INJECTION
3012,3012,XYCAM 20MG CAP,1,28.75,25.0,25.0,0,,,,CAPSULE
2594,2594,XYLEX INJ 1X100,1,5.58,4.85,4.85,133,,,,INJECTION
4312,4312,XYLOAID 2% INJ,1,31.05,27.0,27.0,0,,,,INJECTION
4600,4600,XYLOGEL 15GM,1,34.5,30.0,30.0,0,,,,CREAM
3861,3861,XYNOSINE CHILD,1,55.49,48.25,48.25,8,,,,OTHER
4425,4425,YELLOW TEPS,1,0.33,0.29,0.29,1000,,,,OTHER
3395,3395,YOUZATRA 250 INJ,1,36.8,32.0,32.0,0,,,,INJECTION
3394,3394,YOUZATRA 500MG INJ,1,48.3,42.0,42.0,0,,,,INJECTION
734,734,ZAFNOL TAB,1,89.93,78.2,78.2,27,,,,TABLET
4281,4281,ZAHICRAN SACHET,1,97.75,85.0,85.0,0,,,,SACHET
2435,2435,ZAINEX 75MG TAB,1,28.75,25.0,25.0,0,,,,TABLET
2480,2480,ZAM ZAM GLAXOS LARG,1,78.2,68.0,68.0,0,,,,OTHER
3202,3202,ZAPEX 120ML SYP,1,25.3,22.0,22.0,0,,,,SYRUP
3112,3112,ZAPRA 20MG CAP,1,31.05,27.0,27.0,0,,,,CAPSULE
3154,3154,ZAPRAL PLUS 40MG CAP,1,120.75,105.0,105.0,4,,,,CAPSULE
5246,5246,ZATOFEN 60ML SYP,1,189.63,164.9,164.9,0,,,,SYRUP
3084,3084,ZAYGOR 120ML SYP,1,78.2,68.0,68.0,0,,,,SYRUP
3956,3956,ZAYGOR V SYP,1,94.3,82.0,82.0,0,,,,SYRUP
4907,4907,ZAYZINE 60ML SYP,1,32.2,28.0,28.0,26,,,,SYRUP
3974,3974,ZE FARM 250MG CAP,1,80.5,70.0,70.0,0,,,,CAPSULE
3118,3118,ZEACAL 1000 TAB PDH,1,103.5,90.0,90.0,0,,,,TABLET
4713,4713,ZECAM 7.5MG TAB,1,18.4,16.0,16.0,0,,,,TABLET
3829,3829,ZECIT 60ML SYP,1,40.25,35.0,35.0,29,,,,SYRUP
727,727,ZECIT L TAB,1,26.45,23.0,23.0,8,,,,TABLET
3540,3540,ZEE 500MG TAB,1,224.25,195.0,195.0,0,,,,TABLET
5336,5336,ZEEGAR-V 120ML SYP,1,75.9,66.0,66.0,24,,,,SYRUP
3373,3373,ZEEMOX 250MG SYP,1,104.66,91.01,91.01,0,,,,SYRUP
3747,3747,ZEEPAIN 40MG SACHE,1,63.25,55.0,55.0,0,,,,SACHET
4222,4222,ZEFED 200MG/5ML SYP,1,126.5,110.0,110.0,2,,,,SYRUP
3183,3183,ZEFED 250MG TAB,1,195.5,170.0,170.0,2,,,,TABLET
619,619,ZEFTROX INJ 500MG,1,0.0,0.0,0.0,0,,,,INJECTION
3338,3338,ZELIUM 120ML SYP,1,43.7,38.0,38.0,0,,,,SYRUP
2846,2846,ZELIUM 60ML SYP,1,35.65,31.0,31.0,27,,,,SYRUP
5188,5188,ZEMONT 5MG TAB,1,57.5,50.0,50.0,0,,,,TABLET
4319,4319,ZERO PLAST,1,69.0,60.0,60.0,0,,,,OTHER
1282,1282,ZESTRIL 5MG TAB,1,80.5,70.0,70.0,0,,,,TABLET
2338,2338,ZETASH BEAUTY CREAM,1,253.0,220.0,220.0,0,,,,CREAM
2339,2339,ZETASH SOAP,1,97.75,85.0,85.0,0,,,,OTHER
5386,5386,ZI MALT 120ML SYP,1,97.75,85.0,85.0,9,,,,SYRUP
3445,3445,ZIMY 250MG CAP,1,135.7,118.0,118.0,0,,,,CAPSULE
700,700,ZINACEF 250MG ING,1,46.99,40.86,40.86,0,,,,OTHER
4297,4297,ZINCAT-OD SYP,1,134.11,116.62,116.62,0,,,,SYRUP
2417,2417,ZINDIGY 3CC SYRING,1,6.67,5.8,5.8,0,,,,OTHER
3944,3944,ZINE SYP,1,25.3,22.0,22.0,0,,,,SYRUP
3735,3735,ZINK 60ML SYP,1,40.25,35.0,35.0,0,,,,SYRUP
757,757,ZINOROX 250 INJ,1,0.0,0.0,0.0,0,,,,INJECTION
4635,4635,ZIPPY-D CAP,1,40.25,35.0,35.0,0,,,,CAPSULE
3852,3852,ZISES 0.5MG TAB,1,38.33,33.33,33.33,0,,,,TABLET
4257,4257,ZITHROX 250MG CAP,1,112.7,98.0,98.0,0,,,,CAPSULE
3722,3722,ZIX 200MG SYP,1,82.8,72.0,72.0,0,,,,SYRUP
3312,3312,ZOCLAN 1GM INJ,1,86.82,75.5,75.5,0,,,,INJECTION
719,719,ZOLAM 0.5MG TAB,1,109.25,95.0,95.0,0,,,,TABLET
5174,5174,ZOPEND 20MG TAB,1,389.02,338.28,338.28,1,,,,TABLET
3281,3281,ZOPENT 40MG TAB,1,389.88,339.03,339.03,2,,,,TABLET
3652,3652,ZUMAX 400MG CAP,1,253.0,220.0,220.0,0,,,,CAPSULE
3182,3182,ZYRTEC SYP,1,149.47,129.97,129.97,5,,,,SYRUP
14,14,INSTUM SA,1,48.3,42.0,42.0,0,,,,OTHER
2658,2658,FEND SUCROSE INJ,1,32.2,28.0,28.0,0,,,,INJECTION
173,173,FRILID-FR CAP,1,59.8,52.0,52.0,0,,,,CAPSULE
5093,5093,HI-D3 INJ,1,28.75,25.0,25.0,0,,,,INJECTION
4180,4180,MENATE INJ,1,138.0,120.0,120.0,0,,,,INJECTION
167,167,PANASET TAB 1X20,1,25.87,22.5,22.5,0,,,,TABLET
296,296,PANASETOL CF TAB 1X20,1,9.2,8.0,8.0,0,,,,TABLET
2527,2527,ANN-VIL INJ   VENUS PHARMA,1,2.53,2.2,2.2,0,,,,INJECTION
1654,1654,CHLOROQUINE INJ,1,16.1,14.0,14.0,172,,,,INJECTION
5118,5118,DIAZOCIN 2ML INJ,1,69.0,60.0,60.0,9,,,,INJECTION
169,169,XYLEX VAIL 50ML,1,17.25,15.0,15.0,0,,,,OTHER
4856,4856,AMOXIPEN 500MG CAP,1,109.25,95.0,95.0,42,,,,CAPSULE
5064,5064,DROTALIS FORTE 80MG TAB,1,44.85,39.0,39.0,0,,,,TABLET
4890,4890,LISKOPRIDE 50MG TAB,1,74.75,65.0,65.0,1,,,,TABLET
168,168,MALARINA 15ML SYP,1,20.7,18.0,18.0,0,,,,SYRUP
4388,4388,TURBO 125MG TAB,1,149.5,130.0,130.0,0,,,,TABLET
4389,4389,TURBO 250MG TAB,1,189.75,165.0,165.0,0,,,,TABLET
200,200,FENMMOL 60ML SYP,1,23.0,20.0,20.0,0,,,,SYRUP
201,201,FENMOL 6 PLUS SYP,1,25.3,22.0,22.0,0,,,,SYRUP
172,172,NISTORAL 30ML DROPS,1,103.5,90.0,90.0,0,,,,DROPS
2381,2381,ORTHOCAL-D TAB 1X30,1,63.25,55.0,55.0,0,,,,TABLET
178,178,POLYPAR 30ML SYP,1,41.4,36.0,36.0,13,,,,SYRUP
179,179,LEDERPLEX 120ML SYP,1,225.0,195.65,195.65,7,,,,SYRUP
180,180,HIZOVIT 120ML SYP,1,54.05,47.0,47.0,10,,,,SYRUP
189,189,CAC PLUS TAB,1,345.47,300.41,300.41,28,,,,TABLET
586,586,METHERGIN ING,1,0.0,0.0,0.0,0,,,,OTHER
585,585,METHERGIN TAB NIVAS,1,22.54,19.6,19.6,0,,,,TABLET
587,587,SYNTOCINON ING,1,0.0,0.0,0.0,0,,,,OTHER
277,277,TEGRAL 200 NEW TAB,1,102.53,89.16,89.16,5,,,,TABLET
4706,4706,VIGAMOX 5ML EYE DROP,1,0.0,0.0,0.0,0,,,,DROPS
2928,2928,VOLTRAL SR 100MG TAB,1,225.49,196.08,196.08,0,,,,TABLET
205,205,BUSCOPAN PLUS TAB 1X10,1,14.83,12.9,12.9,420,,,,TABLET
4137,4137,CAL ONE D 120ML SYP,1,380.98,331.29,331.29,3,,,,SYRUP
2384,2384,CAL ONE-D TAB,1,157.04,136.56,136.56,21,,,,TABLET
191,191,FANSIDAR 15ML SYP,1,70.87,61.63,61.63,0,,,,SYRUP
4773,4773,GLUCOVANCE 5/500MG TAB,1,236.37,205.54,205.54,0,,,,TABLET
2400,2400,ISMO 20MG TAB,1,0.0,0.0,0.0,0,,,,TABLET
238,238,LEXOTANIL 3MG TAB,1,119.45,103.87,103.87,0,,,,TABLET
419,419,LIBRAX 5+2.5MG TAB,1,105.82,92.02,92.02,15,,,,TABLET
5421,5421,NEUROMET 500MCG INJ,1,178.25,155.0,155.0,20,,,,INJECTION
4849,4849,ORZIT 500MG TAB,1,378.73,329.33,329.33,0,,,,TABLET
426,426,POLYBION FORT SYP,1,85.17,74.06,74.06,0,,,,SYRUP
1678,1678,SYNFLEX 550MG TAB,1,296.37,257.71,257.71,12,,,,TABLET
571,571,VALIUM 5.O MG TAB,1,65.22,56.71,56.71,0,,,,TABLET
4772,4772,CO-EZIDAY 50/12.5MG TAB,1,493.53,429.16,429.16,2,,,,TABLET
5016,5016,EZIDAY 25MG TAB,1,279.6,243.13,243.13,1,,,,TABLET
5381,5381,NERVIN 0.5MG TAB,1,267.03,232.2,232.2,2,,,,TABLET
5043,5043,SOFTIN 10MG TAB,1,96.77,84.15,84.15,0,,,,TABLET
2522,2522,STOMACID 60ML SYP,1,21.8,18.96,18.96,0,,,,SYRUP
15,15,WERIMOX 125MG SYP,1,67.27,58.5,58.5,0,,,,SYRUP
197,197,AMOXICILLIN 125MG SYP,1,73.6,64.0,64.0,0,,,,SYRUP
2340,2340,APROVEL TAB,1,0.0,0.0,0.0,0,,,,TABLET
198,198,OSPAMOX 125MG SYP,1,77.67,67.54,67.54,0,,,,SYRUP
780,780,PANDIDOL CF TAB,1,0.0,0.0,0.0,0,,,,TABLET
206,206,OMNIDOL TAB 1X20,1,46.0,40.0,40.0,127,,,,TABLET
207,207,PYROCAM 20MG CAP,1,52.9,46.0,46.0,0,,,,CAPSULE
2327,2327,FRUSELEX 2ML 20MG INJ,1,0.0,0.0,0.0,0,,,,INJECTION
209,209,VOLTEC 75MG TAB,1,18.69,16.25,16.25,0,,,,TABLET
210,210,DICLOSCOT XR 100MG TAB,1,86.25,75.0,75.0,0,,,,TABLET
2932,2932,AZIT 250MG CAP,1,135.7,118.0,118.0,0,,,,CAPSULE
211,211,CATEX 500MG TAB,1,56.35,49.0,49.0,0,,,,TABLET
5268,5268,MONTEKARL 10MG TAB,1,70.15,61.0,61.0,0,,,,TABLET
748,748,TEXCOL EX SYP,1,0.0,0.0,0.0,0,,,,SYRUP
3252,3252,LEVERA 5MG TAB,1,18.4,16.0,16.0,0,,,,TABLET
3251,3251,LORATA 10MG TAB,1,19.55,17.0,17.0,0,,,,TABLET
2413,2413,QRELIF 75 MG TAB,1,14.95,13.0,13.0,0,,,,TABLET
4641,4641,SITMOXEN-25MG TAB,1,41.4,36.0,36.0,0,,,,TABLET
212,212,VINCO 500MG TAB,1,51.75,45.0,45.0,0,,,,TABLET
16,16,FRUITAMIN C SACH,1,7.01,6.1,6.1,731,,,,SACHET
215,215,OPRIL 20MG CAP,1,51.75,45.0,45.0,58,,,,CAPSULE
1782,1782,WELKIN 500MG TAB,1,41.4,36.0,36.0,0,,,,TABLET
221,221,BISACODYL 5MG TAB,1,10.92,9.5,9.5,50,,,,TABLET
5419,5419,M-LIUM 10MG TAB,1,11.5,10.0,10.0,25,,,,TABLET
232,232,ODIC 50MG TAB,1,12.07,10.5,10.5,0,,,,TABLET
223,223,DEXER EYE DROPS,1,41.4,36.0,36.0,0,,,,DROPS
226,226,LEVONOR 250MG TAB,1,43.7,38.0,38.0,0,,,,TABLET
2952,2952,ALPHA-PLUS 0.5MG TAB,1,25.3,22.0,22.0,0,,,,TABLET
861,861,DYCLO GR 50MG,1,0.0,0.0,0.0,0,,,,OTHER
4200,4200,EFIBAC 2MG TAB,1,32.2,28.0,28.0,0,,,,TABLET
4202,4202,FEMAGET 2.5MG TAB,1,517.5,450.0,450.0,0,,,,TABLET
4168,4168,IVAX 2GM INJ,1,149.5,130.0,130.0,0,,,,INJECTION
230,230,VOLDEN 50MG TAB,1,19.55,17.0,17.0,0,,,,TABLET
373,373,VOLDEN FORT K 75MG,1,26.45,23.0,23.0,0,,,,OTHER
4167,4167,VOLDEN FORT SR TAB,1,55.2,48.0,48.0,0,,,,TABLET
233,233,DISPRIN  TAB,1,30.87,26.84,26.84,90,,,,TABLET
2323,2323,ATL 100MG TAB,1,38.64,33.6,33.6,50,,,,TABLET
2236,2236,ATL TAB  50MG,1,28.4,24.7,24.7,90,,,,TABLET
246,246,DAISY 10MG TAB 1X20,1,20.7,18.0,18.0,143,,,,TABLET
4291,4291,MEGAFENAC 50MG TAB,1,30.59,26.6,26.6,0,,,,TABLET
5371,5371,MEGALOR 10MG TAB,1,51.75,45.0,45.0,3,,,,TABLET
833,833,ALLERVIL 15MG SYP,1,0.0,0.0,0.0,0,,,,SYRUP
831,831,ALLERVIL 25MG INJ,1,0.0,0.0,0.0,0,,,,INJECTION
832,832,ALLERVIL 25MG INJ,1,0.0,0.0,0.0,0,,,,INJECTION
835,835,ALLERVIL 4MG TAB,1,0.0,0.0,0.0,0,,,,TABLET
834,834,ALLERVIL 50MG TAB,1,0.0,0.0,0.0,0,,,,TABLET
400,400,ANZOL ING,1,13.8,12.0,12.0,0,,,,OTHER
836,836,ATROSOL INJ 1ML,1,0.0,0.0,0.0,0,,,,INJECTION
837,837,BROMALEX TAB 3ML,1,0.0,0.0,0.0,0,,,,TABLET
838,838,CANTER 250MG TAB,1,0.0,0.0,0.0,0,,,,TABLET
839,839,CANTER 500MG TAB,1,0.0,0.0,0.0,0,,,,TABLET
840,840,CANTER SYP 60ML,1,0.0,0.0,0.0,0,,,,SYRUP
841,841,CAVIDOL 12.5MG TAB,1,0.0,0.0,0.0,0,,,,TABLET
842,842,CAVIDOL 25MG TAB,1,0.0,0.0,0.0,0,,,,TABLET
843,843,CELETAB  100MG CAP,1,379.35,329.87,329.87,0,,,,TABLET
844,844,CELETAB  200MG  CAP,1,0.0,0.0,0.0,0,,,,TABLET
845,845,CIDPRO  20MG  CAP,1,0.0,0.0,0.0,0,,,,CAPSULE
846,846,CIDPRO  40MG  CAP,1,0.0,0.0,0.0,0,,,,CAPSULE
847,847,CIMETAMAT  100MG INJ,1,0.0,0.0,0.0,0,,,,INJECTION
849,849,CIMETAMAT 200MG TAB,1,0.0,0.0,0.0,0,,,,TABLET
850,850,CIMETAMAT 400MG TAB,1,0.0,0.0,0.0,0,,,,TABLET
848,848,CIMETAMAT 60ML SUSP,1,0.0,0.0,0.0,0,,,,SYRUP
851,851,CIPLET 125MG  SUSP,1,0.0,0.0,0.0,0,,,,SYRUP
854,854,CIPLET 200MG INJ,1,0.0,0.0,0.0,0,,,,INJECTION
852,852,CIPLET 250MG SUSP,1,0.0,0.0,0.0,0,,,,SYRUP
855,855,CIPLET 250MG TAB,1,101.66,88.4,88.4,0,,,,TABLET
856,856,CIPLET 400MG/100ML INF,1,0.0,0.0,0.0,0,,,,OTHER
853,853,CIPLET 500MG TAB,1,178.38,155.11,155.11,0,,,,TABLET
858,858,CIPRO 20MG CAP,1,0.0,0.0,0.0,0,,,,CAPSULE
857,857,CIPRO 40MG CAP,1,0.0,0.0,0.0,0,,,,CAPSULE
859,859,DYCLO 100MG TAB,1,0.0,0.0,0.0,0,,,,TABLET
860,860,DYCLO 50MG TAB,1,73.35,63.78,63.78,0,,,,TABLET
252,252,DYCLO 75MG INJ 1X20,1,22.42,19.5,19.5,126,,,,INJECTION
862,862,DYCLO PLUS INJ,1,0.0,0.0,0.0,0,,,,INJECTION
863,863,DYCLO-ACE 100MG TAB,1,0.0,0.0,0.0,0,,,,TABLET
864,864,DYCLO-M 50MG TAB,1,0.0,0.0,0.0,0,,,,TABLET
865,865,DYCLO-M 75MG TAB,1,0.0,0.0,0.0,0,,,,TABLET
866,866,DYCLO-P 50MG TAB,1,0.0,0.0,0.0,0,,,,TABLET
867,867,E-DYNAPRAM 10MG TAB,1,0.0,0.0,0.0,0,,,,TABLET
869,869,ERYBRON 500MG TAB,1,0.0,0.0,0.0,0,,,,TABLET
868,868,ERYBRON 60ML SUSP,1,0.0,0.0,0.0,0,,,,SYRUP
870,870,ERYDERM 60ML SOLN,1,0.0,0.0,0.0,0,,,,OTHER
873,873,ERYTHROCIN 1G IV-INJ,1,0.0,0.0,0.0,0,,,,INJECTION
872,872,ERYTHROCIN 200MG 60ML SUSP,1,69.0,60.0,60.0,0,,,,SYRUP
874,874,ERYTHROCIN 250MG TAB,1,215.6,187.48,187.48,6,,,,TABLET
871,871,ERYTHROCIN 30ML DROPS,1,0.0,0.0,0.0,0,,,,DROPS
875,875,ERYTHROCIN 500MG TAB,1,162.24,141.08,141.08,0,,,,TABLET
878,878,EXEF 1GM INJ,1,0.0,0.0,0.0,0,,,,INJECTION
876,876,EXEF 250MG INJ,1,0.0,0.0,0.0,0,,,,INJECTION
877,877,EXEF 500MG INJ,1,0.0,0.0,0.0,0,,,,INJECTION
879,879,EXLOR 125MG 60ML SUSP,1,0.0,0.0,0.0,0,,,,SYRUP
880,880,EXLOR 250MG 60ML SUSP,1,0.0,0.0,0.0,0,,,,SYRUP
881,881,EXLOR 50MG 15ML DROPS,1,0.0,0.0,0.0,0,,,,DROPS
882,882,EXPLAT 75MG TAB,1,0.0,0.0,0.0,0,,,,TABLET
886,886,EXTHR 300MG TAB,1,0.0,0.0,0.0,0,,,,TABLET
884,884,EXTHRO 100MG TAB,1,0.0,0.0,0.0,0,,,,TABLET
885,885,EXTHRO 150MG TAB,1,0.0,0.0,0.0,0,,,,TABLET
887,887,EXTHRO 250MG TAB,1,0.0,0.0,0.0,0,,,,TABLET
883,883,EXTHRO 50MG TAB,1,0.0,0.0,0.0,0,,,,TABLET
888,888,FENTYL INJ,1,0.0,0.0,0.0,0,,,,INJECTION
890,890,FURMIUM 10MG TAB,1,0.0,0.0,0.0,0,,,,TABLET
889,889,FURMIUM 5MG TAB,1,0.0,0.0,0.0,0,,,,TABLET
892,892,GENTICILLIN 10MG INJ,1,0.0,0.0,0.0,0,,,,INJECTION
891,891,GENTICILLIN 40MG INJ,1,0.0,0.0,0.0,0,,,,INJECTION
893,893,HEMOTON-S SYP 120ML,1,0.0,0.0,0.0,0,,,,SYRUP
895,895,HEMOVIT CAP  5X6,1,0.0,0.0,0.0,0,,,,CAPSULE
894,894,HEMTON-S SYP 250ML,1,0.0,0.0,0.0,0,,,,SYRUP
896,896,INCOBAL 500MG TAB,1,0.0,0.0,0.0,0,,,,TABLET
537,537,INCOBAL INJ 1X10,1,18.17,15.8,15.8,0,,,,INJECTION
897,897,INCOBAL MCG TAB 30S,1,0.0,0.0,0.0,0,,,,TABLET
898,898,INDAZOLE 20MG CAP,1,0.0,0.0,0.0,0,,,,CAPSULE
899,899,INDAZOLE 40MG CAP,1,11.5,10.0,10.0,0,,,,CAPSULE
900,900,INDIGA 100MG CAP,1,0.0,0.0,0.0,0,,,,CAPSULE
903,903,INDIGA 100MG TAB,1,0.0,0.0,0.0,0,,,,TABLET
901,901,INDIGA 400MG CAP,1,0.0,0.0,0.0,0,,,,CAPSULE
902,902,INDIGA CAP 300MG,1,0.0,0.0,0.0,0,,,,CAPSULE
904,904,INDOFER 50MG SYP,1,0.0,0.0,0.0,0,,,,SYRUP
905,905,INDOFER PLUS 100MG TAB,1,0.0,0.0,0.0,0,,,,TABLET
907,907,INDOKAST 10MG TAB,1,0.0,0.0,0.0,0,,,,TABLET
908,908,INDOKAST 4MG  SACHET,1,0.0,0.0,0.0,0,,,,SACHET
906,906,INDOKAST 5MG TAB,1,0.0,0.0,0.0,0,,,,TABLET
913,913,INDOMAL 60ML SUSP,1,0.0,0.0,0.0,0,,,,SYRUP
909,909,INDOMAL 80ML INJ,1,0.0,0.0,0.0,0,,,,INJECTION
912,912,INDOMAL SUSP,1,0.0,0.0,0.0,0,,,,SYRUP
910,910,INDOMAL TAB,1,0.0,0.0,0.0,0,,,,TABLET
911,911,INDOMAL TAB,1,0.0,0.0,0.0,0,,,,TABLET
914,914,INDOML HD TAB,1,0.0,0.0,0.0,0,,,,TABLET
915,915,INDOMOL HD TAB,1,0.0,0.0,0.0,0,,,,TABLET
916,916,INDPRO 30MG CAP,1,0.0,0.0,0.0,0,,,,CAPSULE
918,918,INJEX 1MG INJ VIAL,1,0.0,0.0,0.0,0,,,,INJECTION
917,917,INJEX 250MG INJ VIAL,1,0.0,0.0,0.0,0,,,,INJECTION
919,919,INSTIGMINE INJ,1,0.0,0.0,0.0,0,,,,INJECTION
920,920,INZEE  SYP  60ML,1,0.0,0.0,0.0,0,,,,SYRUP
921,921,INZEE TAB 10MG,1,0.0,0.0,0.0,0,,,,TABLET
922,922,IRNAZIN TAB 5MG,1,0.0,0.0,0.0,0,,,,TABLET
923,923,KETASOL 25MG INJ,1,0.0,0.0,0.0,0,,,,INJECTION
924,924,LINTRE TAB 100MG,1,0.0,0.0,0.0,0,,,,TABLET
925,925,LINTRE TAB 50MG,1,0.0,0.0,0.0,0,,,,TABLET
929,929,LODIOMIL 25MG TAB,1,0.0,0.0,0.0,0,,,,TABLET
926,926,LOFTYL TAB 300MG,1,0.0,0.0,0.0,0,,,,TABLET
927,927,LOTUS 5ML SYP,1,0.0,0.0,0.0,0,,,,SYRUP
928,928,LUDIOMIL TAB 10MG,1,0.0,0.0,0.0,0,,,,TABLET
930,930,MAXCEF 1GM INF,1,0.0,0.0,0.0,0,,,,OTHER
936,936,MAXEF 1GM INJ-IM,1,0.0,0.0,0.0,0,,,,INJECTION
933,933,MAXEF 1GM INJ-IV,1,0.0,0.0,0.0,0,,,,INJECTION
934,934,MAXEF 250MG INJ-IM,1,0.0,0.0,0.0,0,,,,INJECTION
931,931,MAXEF 250MG INJ-IV,1,0.0,0.0,0.0,0,,,,INJECTION
935,935,MAXEF 500MG INJ-IM,1,0.0,0.0,0.0,0,,,,INJECTION
932,932,MAXEF 500MG INJ-IV,1,0.0,0.0,0.0,0,,,,INJECTION
939,939,MAXPAN 100MG 30ML SUSP,1,208.93,181.68,181.68,0,,,,SYRUP
940,940,MAXPAN 200MG 30ML SUSP,1,0.0,0.0,0.0,0,,,,SYRUP
938,938,MAXPAN 200MG CAP,1,0.0,0.0,0.0,0,,,,CAPSULE
937,937,MAXPAN 200MG TAB,1,0.0,0.0,0.0,0,,,,TABLET
941,941,MAXPAN 400MG CAP,1,0.0,0.0,0.0,0,,,,CAPSULE
942,942,METOCLON 1GM 20ML DROPS,1,0.0,0.0,0.0,0,,,,DROPS
944,944,METOCLON 2ML INJ,1,385.25,335.0,335.0,0,,,,INJECTION
945,945,METOCLON 50ML SYP,1,0.0,0.0,0.0,0,,,,SYRUP
943,943,METOCLON 5ML,1,0.0,0.0,0.0,0,,,,OTHER
946,946,METOCLON TAB 10MG,1,0.0,0.0,0.0,0,,,,TABLET
947,947,MILAM 5ML INJ,1,0.0,0.0,0.0,0,,,,INJECTION
948,948,MILAM TAB,1,0.0,0.0,0.0,0,,,,TABLET
949,949,MISARTAN 20MG TAB,1,0.0,0.0,0.0,0,,,,TABLET
960,960,MOB 400MG TAB,1,0.0,0.0,0.0,0,,,,TABLET
953,953,NASOGIN 2ML INJ,1,0.0,0.0,0.0,0,,,,INJECTION
954,954,NASOGIN 500MG TAB,1,0.0,0.0,0.0,0,,,,TABLET
955,955,NILCOSYN TAB,1,0.0,0.0,0.0,0,,,,TABLET
956,956,NIXPRO 40MG CAP,1,0.0,0.0,0.0,0,,,,CAPSULE
958,958,OFLOX 200MG TAB,1,109.63,95.33,95.33,0,,,,TABLET
2430,2430,ORS ( OEM) SACHET,1,12.94,11.25,11.25,0,,,,SACHET
959,959,PARABAC 500MG INJ,1,0.0,0.0,0.0,0,,,,INJECTION
961,961,PENTAZOGON INJ 1ML,1,0.0,0.0,0.0,0,,,,INJECTION
963,963,PENTAZOGON INJ 1ML,1,0.0,0.0,0.0,0,,,,INJECTION
962,962,PENTAZOGON TAB 25MG,1,0.0,0.0,0.0,0,,,,TABLET
965,965,PLUC PLUS SACHET,1,0.0,0.0,0.0,0,,,,SACHET
964,964,PLUC SACHT,1,0.0,0.0,0.0,0,,,,SACHET
966,966,POVAX 60ML SOLN,1,0.0,0.0,0.0,0,,,,OTHER
968,968,POVEX  60ML SCRUB,1,0.0,0.0,0.0,0,,,,OTHER
967,967,POVEX  SOLN  50ML,1,0.0,0.0,0.0,0,,,,OTHER
970,970,SNOLIP  20MG TAB,1,0.0,0.0,0.0,0,,,,TABLET
969,969,SNOLIP 10MG  TAB,1,0.0,0.0,0.0,0,,,,TABLET
971,971,STARLEV  250MG TAB,1,0.0,0.0,0.0,0,,,,TABLET
972,972,STARLEV  500MG TAB,1,0.0,0.0,0.0,0,,,,TABLET
973,973,STARLEV  5MG INF,1,0.0,0.0,0.0,0,,,,OTHER
974,974,TOFRANIL 25MG TAB,1,36.22,31.5,31.5,0,,,,TABLET
977,977,VERICEF  250MG INJ,1,0.0,0.0,0.0,0,,,,INJECTION
980,980,VERICEF 125MG SUSP,1,0.0,0.0,0.0,0,,,,SYRUP
979,979,VERICEF 1GM INJ,1,0.0,0.0,0.0,0,,,,INJECTION
981,981,VERICEF 250MG 60ML SUSP,1,0.0,0.0,0.0,0,,,,SYRUP
975,975,VERICEF 250MG CAP,1,0.0,0.0,0.0,0,,,,CAPSULE
976,976,VERICEF 500MG CAP,1,0.0,0.0,0.0,0,,,,CAPSULE
978,978,VERICEF 500MG INJ,1,0.0,0.0,0.0,0,,,,INJECTION
990,990,VITACOMPON INJ,1,165.6,144.0,144.0,0,,,,INJECTION
991,991,VITROBION  INJ,1,41.4,36.0,36.0,0,,,,INJECTION
982,982,XED  250MG CAP,1,0.0,0.0,0.0,0,,,,CAPSULE
983,983,XED 250MG INJ,1,0.0,0.0,0.0,0,,,,INJECTION
985,985,XED 500MG CAP,1,0.0,0.0,0.0,0,,,,CAPSULE
984,984,XED 500MG INJ,1,0.0,0.0,0.0,0,,,,INJECTION
986,986,XIDIC 500MG TAB,1,0.0,0.0,0.0,0,,,,TABLET
987,987,Z-NEST  0.5MG TAB,1,0.0,0.0,0.0,0,,,,TABLET
988,988,ZINKUP 10MG SUSP,1,0.0,0.0,0.0,0,,,,SYRUP
989,989,ZINKUP OD 20MG SYP,1,0.0,0.0,0.0,0,,,,SYRUP
4609,4609,ELPOMIDE 2ML INJ,1,7.82,6.8,6.8,0,,,,INJECTION
4619,4619,PIROXILITE 1ML INJ,1,11.5,10.0,10.0,0,,,,INJECTION
253,253,VOLITE 75MG ING 1X100,1,5.52,4.8,4.8,0,,,,OTHER
255,255,AMPICILLIN SODIUM 500MGX50VAIL,1,24.72,21.5,21.5,456,,,,INJECTION
2826,2826,AMPICLIN SODIUM 250MG VAIL,1,9.77,8.5,8.5,0,,,,INJECTION
18,18,LAXOBERON 120ML SYP,1,247.25,215.0,215.0,37,,,,SYRUP
4726,4726,ALP 0.5MG TAB,1,287.5,250.0,250.0,0,,,,TABLET
681,681,ANAPAZ DROPS,1,0.0,0.0,0.0,0,,,,DROPS
4729,4729,CITANEW 5MG TAB,1,348.22,302.8,302.8,0,,,,TABLET
3207,3207,CRAN MAX SACHET HILTON PHARMA,1,304.83,265.07,265.07,0,,,,SACHET
5276,5276,FERCARI 50MG INJ,1,2737.0,2380.0,2380.0,0,,,,INJECTION
4572,4572,HITOP 25MG TAB,1,303.35,263.78,263.78,0,,,,TABLET
5150,5150,ROLIP 10MG TAB,1,358.75,311.96,311.96,0,,,,TABLET
267,267,TRANSAMIN 500MG CAP,1,515.31,448.1,448.1,1,,,,CAPSULE
257,257,TRANSAMIN 500MG INJ,1,146.67,127.54,127.54,0,,,,INJECTION
260,260,DECADRON 4MG INJ 1X25,1,31.48,27.37,27.37,24,,,,INJECTION
261,261,NEURO-BEDOXINE INJ 1X25,1,28.06,24.4,24.4,0,,,,INJECTION
262,262,ACUPAZ TAB,1,138.0,120.0,120.0,0,,,,TABLET
2740,2740,DRYGLIT 120ML SYP,1,26.45,23.0,23.0,0,,,,SYRUP
3250,3250,EBGIT 10MG TAB,1,46.0,40.0,40.0,0,,,,TABLET
4130,4130,PROGITZ ELIXIR 120ML SYP,1,31.05,27.0,27.0,0,,,,SYRUP
3666,3666,ZOGLIT 20MG CAP,1,17.25,15.0,15.0,0,,,,CAPSULE
264,264,BELLADERMA PLASTER,1,15.81,13.75,13.75,61,,,,OTHER
289,289,CIPROVAL 500MG TAB ARSON,1,42.55,37.0,37.0,0,,,,TABLET
3440,3440,BIBRACIN 100MG CAP,1,0.0,0.0,0.0,0,,,,CAPSULE
545,545,CHLOROQUINE  TAB,1,34.5,30.0,30.0,0,,,,TABLET
3311,3311,EZEERO 250MG TAB,1,69.0,60.0,60.0,0,,,,TABLET
2665,2665,SIROXIN 500MG TAB,1,51.75,45.0,45.0,0,,,,TABLET
268,268,UNESID 100 TAB,1,241.5,210.0,210.0,0,,,,TABLET
2237,2237,UTANIL TAB 3MG 30S,1,89.7,78.0,78.0,0,,,,TABLET
273,273,SALINASE N DROPS,1,127.99,111.3,111.3,15,,,,DROPS
275,275,NURAMINE FORT INJ,1,9.77,8.5,8.5,0,,,,INJECTION
279,279,EFFER CAL TAB,1,74.75,65.0,65.0,0,,,,TABLET
2738,2738,ARQ E GULAB DROPS,1,41.4,36.0,36.0,22,,,,DROPS
3414,3414,ARQ-E-GULAB 120ML SYP,1,46.0,40.0,40.0,0,,,,SYRUP
3134,3134,BAZURI 240ML QARSHI,1,149.5,130.0,130.0,0,,,,OTHER
2883,2883,FAULAD 240ML SYP QARSHI,1,212.75,185.0,185.0,8,,,,SYRUP
631,631,GESTOFILL 120ML SYP QARSHI,1,140.3,122.0,122.0,4,,,,SYRUP
3048,3048,GESTOFILL TAB,1,10.81,9.4,9.4,0,,,,TABLET
4191,4191,ISPAGHOL SACHET QARSHE,1,12.94,11.25,11.25,0,,,,SACHET
3161,3161,JOSHANDA QARSHI,1,19.29,16.77,16.77,3,,,,OTHER
22,22,KHATOONI 120ML SYP,1,143.75,125.0,125.0,3,,,,SYRUP
21,21,SURFICOL QARSHI TAB,1,14.26,12.4,12.4,139,,,,TABLET
3265,3265,TOOT SIAH 60ML SYP QARSHI,1,112.7,98.0,98.0,0,,,,SYRUP
3136,3136,TOOTSIAH 120ML SYP QARSHI,1,96.6,84.0,84.0,0,,,,SYRUP
287,287,BONE STRENGTH CAP,1,80.5,70.0,70.0,0,,,,CAPSULE
288,288,MAXVIT TAB,1,92.0,80.0,80.0,0,,,,TABLET
292,292,CLINIC 3CC 1X100,1,7.07,6.15,6.15,2242,,,,OTHER
293,293,CLINIC 5CC 1X100,1,7.07,6.15,6.15,2345,,,,OTHER
297,297,ALZIUM 0.5MG TAB,1,97.75,85.0,85.0,0,,,,TABLET
4563,4563,AIRTAL 100MG TAB,1,180.55,157.0,157.0,0,,,,TABLET
476,476,ARTECXIN FORTE TAB,1,230.0,200.0,200.0,0,,,,TABLET
3654,3654,AXESOM 20MG CAP,1,122.14,106.21,106.21,24,,,,CAPSULE
3466,3466,AXESOM 40MG CAP,1,203.24,176.73,176.73,46,,,,CAPSULE
5020,5020,BIFORGE 10/160MG TAB,1,477.48,415.2,415.2,0,,,,TABLET
5388,5388,BIFORGE 5/80MG TAB,1,534.06,464.4,464.4,1,,,,TABLET
3871,3871,CEFTRO 1GM INJ,1,232.09,201.82,201.82,0,,,,INJECTION
4046,4046,CEFTRO 2GM INJ,1,346.4,301.22,301.22,0,,,,INJECTION
5018,5018,COMBIVAIR FORTE 400+12MCG,1,184.56,160.49,160.49,4,,,,OTHER
3480,3480,CYROCIN 125MG SYP,1,135.7,118.0,118.0,29,,,,SYRUP
1943,1943,CYROCIN 250MG SYP,1,195.5,170.0,170.0,22,,,,SYRUP
3511,3511,CYROCIN 250MG TAB,1,112.41,97.75,97.75,33,,,,TABLET
3510,3510,CYROCIN 500MG TAB,1,185.72,161.5,161.5,37,,,,TABLET
3897,3897,EFIX 100MG/5ML SYP,1,205.16,178.4,178.4,55,,,,SYRUP
5074,5074,EFIX DS SYP,1,251.04,218.3,218.3,41,,,,SYRUP
4566,4566,HERBESSER 30MG TAB,1,96.71,84.1,84.1,0,,,,TABLET
2401,2401,KESTINE 10MG TAB,1,168.13,146.2,146.2,0,,,,TABLET
2463,2463,LIPIREX 10MG TAB,1,138.0,120.0,120.0,0,,,,TABLET
416,416,LOPRIN 75MG TAB,1,27.17,23.63,23.63,15,,,,TABLET
5127,5127,OXAQUIN 400MG TAB,1,239.49,208.25,208.25,0,,,,TABLET
4603,4603,RABECID 20MG TAB,1,382.66,332.75,332.75,0,,,,TABLET
784,784,ROSULIN 10MG TAB,1,306.54,266.56,266.56,0,,,,TABLET
4814,4814,SACUVIA 50MG TAB,1,0.0,0.0,0.0,0,,,,TABLET
477,477,SENERGY-OD TAB,1,50.6,44.0,44.0,0,,,,TABLET
301,301,SKILAX 5MG TAB 1X6,1,21.53,18.72,18.72,0,,,,TABLET
499,499,SKILAX DROPS,1,129.32,112.45,112.45,25,,,,DROPS
4303,4303,TAMADOL 50MG CAP,1,138.0,120.0,120.0,0,,,,CAPSULE
4267,4267,TAMADOL INJ,1,23.0,20.0,20.0,0,,,,INJECTION
5387,5387,TRIFORGE 5/160/12.5MG TAB,1,110.77,96.32,96.32,4,,,,TABLET
4117,4117,ULSANIC 120ML SYP,1,396.12,344.45,344.45,3,,,,SYRUP
2714,2714,LIVEX MAX CONDOM,1,28.75,25.0,25.0,0,,,,OTHER
398,398,SILK CHINA 2/0,1,67.27,58.5,58.5,12,,,,OTHER
305,305,SURGICAL TAP RECO,1,21.08,18.33,18.33,143,,,,OTHER
306,306,GLYCERIN 25G 1X12,1,25.3,22.0,22.0,0,,,,OTHER
317,317,UREAN STRIP R/E,1,10.92,9.5,9.5,111,,,,OTHER
307,307,IV SET WEEGO 1X25,1,14.03,12.2,12.2,0,,,,OTHER
314,314,CAIFRAN 120ML SYP,1,29.9,26.0,26.0,0,,,,SYRUP
310,310,FAULAD 120ML SYP,1,37.95,33.0,33.0,0,,,,SYRUP
652,652,FAULAD 240ML SYP,1,11.5,10.0,10.0,0,,,,SYRUP
2416,2416,FUMENT 120ML SYP,1,51.75,45.0,45.0,0,,,,SYRUP
393,393,GAOZABAN 120ML SYP,1,46.23,40.2,40.2,0,,,,SYRUP
313,313,GASTINAL 120ML SYP,1,54.05,47.0,47.0,0,,,,SYRUP
440,440,HAPRY SAAN 120ML SYP,1,38.52,33.5,33.5,0,,,,SYRUP
2545,2545,HERBEEN 120ML SYP,1,51.23,44.55,44.55,0,,,,SYRUP
2546,2546,HERBEEN 240ML SYP,1,95.16,82.75,82.75,0,,,,SYRUP
312,312,MOLTEN 60ML SYP,1,36.6,31.83,31.83,0,,,,SYRUP
311,311,PALTEEN 60ML SYP,1,62.1,54.0,54.0,0,,,,SYRUP
1428,1428,ADOLAN 100MG CAP,1,0.0,0.0,0.0,0,,,,CAPSULE
1426,1426,ADOLAN 50MG CAP,1,0.0,0.0,0.0,0,,,,CAPSULE
1427,1427,ADOLAN 50MG INJ,1,0.0,0.0,0.0,0,,,,INJECTION
1429,1429,ALEREASE 1MG INJ,1,0.0,0.0,0.0,0,,,,INJECTION
1431,1431,ALEREASE 1MG TAB,1,0.0,0.0,0.0,0,,,,TABLET
1430,1430,ALEREASE 2MG TAB,1,0.0,0.0,0.0,0,,,,TABLET
1432,1432,ALOVAC 200MG 10ML SUSP,1,0.0,0.0,0.0,0,,,,SYRUP
1433,1433,ALOVAC 200MG TAB,1,0.0,0.0,0.0,0,,,,TABLET
1435,1435,AMRX 10MG TAB,1,0.0,0.0,0.0,0,,,,TABLET
1434,1434,AMRX 5MG TAB,1,0.0,0.0,0.0,0,,,,TABLET
1436,1436,AMYLINE 25MG TAB,1,0.0,0.0,0.0,0,,,,TABLET
1437,1437,ANASYNTH 2MG TAB,1,0.0,0.0,0.0,0,,,,TABLET
1438,1438,ANTHELMIN 250MG TAB,1,0.0,0.0,0.0,0,,,,TABLET
1439,1439,APAROX 150MG TAB,1,0.0,0.0,0.0,0,,,,TABLET
1440,1440,APAROX 300MG TAB,1,0.0,0.0,0.0,0,,,,TABLET
1441,1441,AQUASIN 10MG INJ,1,0.0,0.0,0.0,0,,,,INJECTION
1442,1442,AQUASIN 40MG TAB,1,0.0,0.0,0.0,0,,,,TABLET
1444,1444,ASMATOL 4MG TAB,1,0.0,0.0,0.0,0,,,,TABLET
1443,1443,ASMATOL 5MG INJ 10ML,1,0.0,0.0,0.0,0,,,,INJECTION
1445,1445,ASTEMINE 10MG TAB,1,0.0,0.0,0.0,0,,,,TABLET
1447,1447,ASTHANIL 1MG TAB,1,0.0,0.0,0.0,0,,,,TABLET
1446,1446,ASTHANIL 60ML SYP,1,0.0,0.0,0.0,0,,,,SYRUP
1448,1448,ATHIOL 4MG INJ,1,0.0,0.0,0.0,0,,,,INJECTION
1449,1449,ATOROVENT 1MG INJ,1,0.0,0.0,0.0,0,,,,INJECTION
1450,1450,AVITA 5000IU TAB,1,0.0,0.0,0.0,0,,,,TABLET
1453,1453,BIKIL 1G INJ,1,0.0,0.0,0.0,0,,,,INJECTION
1451,1451,BIKIL 250MG INJ,1,0.0,0.0,0.0,0,,,,INJECTION
1452,1452,BIKIL 500MG INJ,1,0.0,0.0,0.0,0,,,,INJECTION
1455,1455,BISON 10MG  TAB,1,0.0,0.0,0.0,0,,,,TABLET
1454,1454,BISON 5MG TAB,1,0.0,0.0,0.0,0,,,,TABLET
1457,1457,CLITHOR 125MG SUSP,1,0.0,0.0,0.0,0,,,,SYRUP
1456,1456,CLITHOR 250MG CAP,1,0.0,0.0,0.0,0,,,,CAPSULE
2458,2458,CLITHOR 500MG CAP,1,0.0,0.0,0.0,0,,,,CAPSULE
1460,1460,CLOPAN 10MG TAB,1,0.0,0.0,0.0,0,,,,TABLET
1461,1461,CLOPAN 10MG TAB,1,0.0,0.0,0.0,0,,,,TABLET
1459,1459,CLOPAN 5MG INJ,1,0.0,0.0,0.0,0,,,,INJECTION
1463,1463,CLOTRIMA 100MG TAB,1,0.0,0.0,0.0,0,,,,TABLET
1462,1462,CLOTRIMA 500MG TAB,1,0.0,0.0,0.0,0,,,,TABLET
1464,1464,CONVUL 200MG TAB,1,0.0,0.0,0.0,0,,,,TABLET
1465,1465,CONVUL 200MG TAB,1,0.0,0.0,0.0,0,,,,TABLET
1466,1466,COTRIZA 400MG TAB,1,0.0,0.0,0.0,0,,,,TABLET
1467,1467,COTRIZA FORTE 800MG TAB,1,0.0,0.0,0.0,0,,,,TABLET
1469,1469,CYPRODIN  4MG TAB,1,0.0,0.0,0.0,0,,,,TABLET
1471,1471,DENOM  50MG INJ,1,0.0,0.0,0.0,0,,,,INJECTION
1470,1470,DEOCALM 1MG INJ,1,0.0,0.0,0.0,0,,,,INJECTION
1472,1472,DEVOM 50MG INJ,1,16.77,14.58,14.58,0,,,,INJECTION
1473,1473,DIABETA 5MG TAB,1,0.0,0.0,0.0,0,,,,TABLET
1474,1474,DIPRON 500MG TAB,1,0.0,0.0,0.0,0,,,,TABLET
1475,1475,ELOVIR 200MG TAB,1,0.0,0.0,0.0,0,,,,TABLET
1476,1476,EMETIL 12.5MG INJ,1,0.0,0.0,0.0,0,,,,INJECTION
1477,1477,EMETIL 5MG TAB,1,0.0,0.0,0.0,0,,,,TABLET
1478,1478,EMOTIVAN 1MG TAB,1,0.0,0.0,0.0,0,,,,TABLET
1479,1479,EMOTIVAN 2MG TAB,1,0.0,0.0,0.0,0,,,,TABLET
1480,1480,ENERZA  60ML SYP,1,0.0,0.0,0.0,0,,,,SYRUP
1482,1482,EPINAT 100MG TAB,1,0.0,0.0,0.0,0,,,,TABLET
1483,1483,EPINAT 100MG TAB,1,0.0,0.0,0.0,0,,,,TABLET
1481,1481,EPINAT 30MG 12ML SUSP,1,0.0,0.0,0.0,0,,,,SYRUP
1484,1484,EZUMAC 20MG CAP,1,0.0,0.0,0.0,0,,,,CAPSULE
1485,1485,EZUMAC 40MG CAP,1,0.0,0.0,0.0,0,,,,CAPSULE
1487,1487,FERRUX 100MG TAB,1,0.0,0.0,0.0,0,,,,TABLET
1486,1486,FERRUX 60ML SYP,1,0.0,0.0,0.0,0,,,,SYRUP
1488,1488,FERRUX-FA TAB,1,0.0,0.0,0.0,0,,,,TABLET
1489,1489,FURGAN 25MG INJ,1,0.0,0.0,0.0,0,,,,INJECTION
1490,1490,GARAN 25MG TAB,1,0.0,0.0,0.0,0,,,,TABLET
1491,1491,GARAN 50MG TAB,1,0.0,0.0,0.0,0,,,,TABLET
1492,1492,GLOSIFLOX 400MG TAB,1,0.0,0.0,0.0,0,,,,TABLET
1493,1493,HIPERTONIC SOLUTION,1,0.0,0.0,0.0,0,,,,OTHER
1495,1495,IBUPROFEN 200MG TAB,1,0.0,0.0,0.0,0,,,,TABLET
1494,1494,IBUPROFEN 400MG TAB,1,0.0,0.0,0.0,0,,,,TABLET
1496,1496,IMIDOL 25MG TAB,1,0.0,0.0,0.0,0,,,,TABLET
1497,1497,INDOCIN 25MG CAP,1,0.0,0.0,0.0,0,,,,CAPSULE
1498,1498,LIBERAN 10MG TAB,1,0.0,0.0,0.0,0,,,,TABLET
1499,1499,LIMBAR 10MG TAB,1,0.0,0.0,0.0,0,,,,TABLET
1500,1500,LIMBAR 20MG TAB,1,0.0,0.0,0.0,0,,,,TABLET
1502,1502,LIVIAT 1GM TAB,1,0.0,0.0,0.0,0,,,,TABLET
1501,1501,LIVIAT 500MG 30ML SUSP,1,0.0,0.0,0.0,0,,,,SYRUP
1503,1503,LIVIAT 500MG TAB,1,0.0,0.0,0.0,0,,,,TABLET
1504,1504,LOMPER 20MG CAP,1,0.0,0.0,0.0,0,,,,CAPSULE
1505,1505,LORICIN 10MG INJ,1,0.0,0.0,0.0,0,,,,INJECTION
1506,1506,LORISIN 20MG INJ,1,0.0,0.0,0.0,0,,,,INJECTION
1507,1507,LOXAT 200MG 100ML INF,1,0.0,0.0,0.0,0,,,,OTHER
1508,1508,LOXAT 200MG TAB,1,0.0,0.0,0.0,0,,,,TABLET
1510,1510,LUKRX 10MG TAB,1,92.0,80.0,80.0,0,,,,TABLET
1509,1509,LUKRX 5MG TAB,1,0.0,0.0,0.0,0,,,,TABLET
1511,1511,LUMEZA 15MG SUSP,1,0.0,0.0,0.0,0,,,,SYRUP
1512,1512,MAVEST 10MG TAB,1,0.0,0.0,0.0,0,,,,TABLET
1513,1513,MAVEST 20MG TAB,1,0.0,0.0,0.0,0,,,,TABLET
1514,1514,MAYADIL 20MG TAB SR,1,0.0,0.0,0.0,0,,,,TABLET
1515,1515,MECOZA500MCG INJ,1,0.0,0.0,0.0,0,,,,INJECTION
1516,1516,MEGAVIT 100MCG INJ,1,0.0,0.0,0.0,0,,,,INJECTION
1518,1518,METROZIL 200MG 60ML SUSP,1,0.0,0.0,0.0,0,,,,SYRUP
1519,1519,METROZIL 400MG TAB,1,18.86,16.4,16.4,0,,,,TABLET
3519,3519,METROZIL 60ML SUSP SIZA,1,47.02,40.89,40.89,0,,,,SYRUP
432,432,METROZINE 100ML INF SIZA,1,114.29,99.38,99.38,0,,,,OTHER
1520,1520,MEXAIR 0.3MG 60MLEXPC,1,0.0,0.0,0.0,0,,,,OTHER
1521,1521,MEXAIR 0.5MG INJ,1,0.0,0.0,0.0,0,,,,INJECTION
1523,1523,MEXAIR 2.5MG TAB,1,0.0,0.0,0.0,0,,,,TABLET
1524,1524,NAUSIN 50MG INJ,1,0.0,0.0,0.0,0,,,,INJECTION
1525,1525,NEOLOX 400MG 100ML INF,1,0.0,0.0,0.0,0,,,,OTHER
1526,1526,NEOSTIG 2.5MG INJ,1,0.0,0.0,0.0,0,,,,INJECTION
1527,1527,NEOSTIGMINE 0.5MG INJ,1,0.0,0.0,0.0,0,,,,INJECTION
1528,1528,NEOSTIGMINE 0.5MG INJ,1,0.0,0.0,0.0,0,,,,INJECTION
1529,1529,NIFELAT 10MG TAB,1,0.0,0.0,0.0,0,,,,TABLET
1530,1530,NOCT RUM 1MG INJ,1,0.0,0.0,0.0,0,,,,INJECTION
1531,1531,OBRAMYCIN 20MG INJ,1,0.0,0.0,0.0,0,,,,INJECTION
1532,1532,OBRAMYCIN 80MG INJ,1,0.0,0.0,0.0,0,,,,INJECTION
1533,1533,OXYTETRACYCLINE 250MG CAP,1,29.9,26.0,26.0,24,,,,CAPSULE
1534,1534,PRAVA 20MG TAB,1,0.0,0.0,0.0,0,,,,TABLET
1535,1535,PREDNISOLONE 5MG TAB,1,39.19,34.08,34.08,0,,,,TABLET
1536,1536,PROCALM 100MG TAB,1,0.0,0.0,0.0,0,,,,TABLET
1537,1537,PROGOUT 300MG TAB,1,0.0,0.0,0.0,0,,,,TABLET
1538,1538,PROPANOLOL 10MG TAB,1,0.0,0.0,0.0,0,,,,TABLET
1539,1539,PROPRANOLOL 10MG TAB,1,0.0,0.0,0.0,0,,,,TABLET
1540,1540,PROPRANOLOL HCL 40MG TAB,1,0.0,0.0,0.0,0,,,,TABLET
1541,1541,RANITIDE 25MG INJ,1,9.2,8.0,8.0,0,,,,INJECTION
1545,1545,RHEUMATIN  100MG TAB SR,1,0.0,0.0,0.0,0,,,,TABLET
1542,1542,RHEUMATIN 25MG INJ,1,0.0,0.0,0.0,0,,,,INJECTION
1544,1544,RHEUMATIN 25MG TAB,1,0.0,0.0,0.0,0,,,,TABLET
1543,1543,RHEUMATIN 50MG TAB,1,0.0,0.0,0.0,0,,,,TABLET
1547,1547,RHEUMATIN-K 75MG TAB,1,0.0,0.0,0.0,0,,,,TABLET
1548,1548,RHEUTRX 200MG SR TAB,1,0.0,0.0,0.0,0,,,,TABLET
1546,1546,RHUMATIN-K 50MG TAB,1,0.0,0.0,0.0,0,,,,TABLET
1549,1549,ROTAVIT 100MG TAB,1,0.0,0.0,0.0,0,,,,TABLET
1550,1550,SAURAN 125MG INJ,1,0.0,0.0,0.0,0,,,,INJECTION
1551,1551,SAURAN 250MG INJ,1,0.0,0.0,0.0,0,,,,INJECTION
1552,1552,SIFLOGEM 320MG TAB,1,0.0,0.0,0.0,0,,,,TABLET
1553,1553,SIZABID 1MG TAB,1,0.0,0.0,0.0,0,,,,TABLET
1554,1554,SIZABID 2MG TAB,1,0.0,0.0,0.0,0,,,,TABLET
1555,1555,SIZADOX 100MG CAP,1,0.0,0.0,0.0,0,,,,CAPSULE
1556,1556,SIZAMIDE 2.5MG TAB,1,0.0,0.0,0.0,0,,,,TABLET
1557,1557,SOPRA CAPSULE 30MG,1,0.0,0.0,0.0,0,,,,CAPSULE
1558,1558,SORAX 100ML SYP,1,0.0,0.0,0.0,0,,,,SYRUP
1561,1561,STAYFEN 100MG TAB,1,0.0,0.0,0.0,0,,,,TABLET
1560,1560,STAYFEN 200MG TAB,1,0.0,0.0,0.0,0,,,,TABLET
1559,1559,STAYFEN 50MG/ML INJ,1,0.0,0.0,0.0,0,,,,INJECTION
1562,1562,SUCFATE 1GM 60ML SUSP,1,0.0,0.0,0.0,0,,,,SYRUP
1564,1564,SUCFATE 1GM TAB,1,0.0,0.0,0.0,0,,,,TABLET
1563,1563,SUCFATE 500MG TAB,1,0.0,0.0,0.0,0,,,,TABLET
1565,1565,SUPREN 250MG CAP,1,0.0,0.0,0.0,0,,,,CAPSULE
1566,1566,SUPREN 500MG CAP,1,0.0,0.0,0.0,0,,,,CAPSULE
1567,1567,TETRACYLINE HCL 250MG CAP,1,0.0,0.0,0.0,0,,,,CAPSULE
1568,1568,TINIDAZOLE 300MG TAB,1,0.0,0.0,0.0,0,,,,TABLET
1569,1569,TORAX-BRONCO 125MG SYP,1,0.0,0.0,0.0,0,,,,SYRUP
1570,1570,TORAX-DM 60ML SYP,1,0.0,0.0,0.0,0,,,,SYRUP
1572,1572,TORAX-G 60ML SYP,1,0.0,0.0,0.0,0,,,,SYRUP
1573,1573,TRAUMAX 250MG INJ,1,0.0,0.0,0.0,0,,,,INJECTION
1575,1575,TRAUMAX 250MG TAB,1,0.0,0.0,0.0,0,,,,TABLET
1574,1574,TRAUMAX 500MG TAB,1,0.0,0.0,0.0,0,,,,TABLET
1571,1571,TRAX-EX 60ML SYP,1,0.0,0.0,0.0,0,,,,SYRUP
1576,1576,TRYCIN 500MG TAB,1,0.0,0.0,0.0,0,,,,TABLET
1577,1577,ULCEMET 100MG INJ,1,0.0,0.0,0.0,0,,,,INJECTION
1578,1578,ULCEMET 400MG TAB,1,0.0,0.0,0.0,0,,,,TABLET
385,385,ULCENIL 120ML SYP,1,195.5,170.0,170.0,8,,,,SYRUP
1581,1581,ULCENIL 20MG TAB,1,0.0,0.0,0.0,0,,,,TABLET
356,356,ULCENIL 60ML SYP,1,132.94,115.6,115.6,10,,,,SYRUP
1580,1580,ULCNIL 40MG TAB,1,0.0,0.0,0.0,0,,,,TABLET
1579,1579,ULEMET 200MG TAB,1,0.0,0.0,0.0,0,,,,TABLET
1583,1583,URIMED 400MG TAB,1,0.0,0.0,0.0,0,,,,TABLET
1584,1584,VARLAN 80MG TAB,1,0.0,0.0,0.0,0,,,,TABLET
689,689,VEPROX 200MG INFUSION 100ML,1,64.4,56.0,56.0,0,,,,INJECTION
1585,1585,VEPROX 250MG TAB,1,54.05,47.0,47.0,0,,,,TABLET
1586,1586,VEPROX 500MG TAB,1,74.75,65.0,65.0,0,,,,TABLET
1587,1587,VEPROX 50ML INF,1,0.0,0.0,0.0,0,,,,OTHER
1588,1588,VOTEC 100ML INF,1,0.0,0.0,0.0,0,,,,OTHER
1589,1589,WORMAZOLE 100MG TAB,1,0.0,0.0,0.0,0,,,,TABLET
1592,1592,XIVAL 30ML SUSP,1,0.0,0.0,0.0,0,,,,SYRUP
1590,1590,XIVAL 400MG CAP,1,0.0,0.0,0.0,0,,,,CAPSULE
1591,1591,XIVAL 60ML SUSP,1,0.0,0.0,0.0,0,,,,SYRUP
1593,1593,XUROX 125MG TAB,1,0.0,0.0,0.0,0,,,,TABLET
1594,1594,XUROX 250MG TAB,1,0.0,0.0,0.0,0,,,,TABLET
1595,1595,XYFEX  120MG CAP,1,0.0,0.0,0.0,0,,,,CAPSULE
1598,1598,ZEEFAR 125MG 60ML SUSP,1,0.0,0.0,0.0,0,,,,SYRUP
1596,1596,ZEEFAR 250MG CAP,1,0.0,0.0,0.0,0,,,,CAPSULE
1599,1599,ZEEFRA 250MG 60ML SUSP,1,0.0,0.0,0.0,0,,,,SYRUP
1597,1597,ZEEFRA 500MG CAP,1,0.0,0.0,0.0,0,,,,CAPSULE
1600,1600,ZEMYCARD 30MG TAB,1,0.0,0.0,0.0,0,,,,TABLET
1601,1601,ZEMYCARD 60MG TAB,1,0.0,0.0,0.0,0,,,,TABLET
23,23,D DRON INJ,1,8.46,7.36,7.36,449,,,,INJECTION
251,251,EPHADRYL 50MG INJ,1,184.0,160.0,160.0,0,,,,INJECTION
342,342,EPHAGENT BROPS,1,14.37,12.5,12.5,0,,,,OTHER
5046,5046,EPHAROX 1ML INJ,1,14.26,12.4,12.4,11,,,,INJECTION
5083,5083,EPHAROX 20MG TAB,1,31.62,27.5,27.5,0,,,,TABLET
3946,3946,IZMEPRA 20MG CAP,1,23.57,20.5,20.5,145,,,,CAPSULE
5131,5131,MESOCAM 7.5MG TAB,1,69.0,60.0,60.0,0,,,,TABLET
3994,3994,VOMILIDE INJ,1,9.89,8.6,8.6,227,,,,INJECTION
4277,4277,VOMILIDE TAB,1,0.0,0.0,0.0,0,,,,TABLET
5085,5085,ZUPLENZ 8MG INJ,1,50.6,44.0,44.0,0,,,,INJECTION
470,470,CYANORIN FORT,1,10.12,8.8,8.8,0,,,,OTHER
528,528,JETEPAR 10ML INJ,1,97.36,84.66,84.66,5,,,,INJECTION
333,333,JETEPAR 2CC INJ,1,97.36,84.66,84.66,0,,,,INJECTION
392,392,BLAZE-PLUS 50/12.5MG,1,274.85,239.0,239.0,0,,,,OTHER
5332,5332,DONIUM 10MG TAB,1,11.96,10.4,10.4,2,,,,TABLET
375,375,ADLEVO 250MG TAB,1,43.7,38.0,38.0,0,,,,TABLET
387,387,XOPRA 40MG IV INJ,1,80.5,70.0,70.0,0,,,,INJECTION
992,992,AARAM  75MG INJ,1,0.0,0.0,0.0,0,,,,INJECTION
994,994,ABAPEN  300MG CAP,1,0.0,0.0,0.0,0,,,,CAPSULE
993,993,ABAPEN 100MG  CAP,1,0.0,0.0,0.0,0,,,,CAPSULE
995,995,ABAPEN 400MG CAP,1,0.0,0.0,0.0,0,,,,CAPSULE
1028,1028,BEASY 10MG TAB,1,0.0,0.0,0.0,0,,,,TABLET
1030,1030,BNAREX  1G INJ,1,0.0,0.0,0.0,0,,,,INJECTION
1029,1029,BNAREX  500MG/ VIAL INJ,1,0.0,0.0,0.0,0,,,,INJECTION
1033,1033,BOCHHOCLOX  250MG INJ,1,0.0,0.0,0.0,0,,,,INJECTION
1032,1032,BOFALGAN 150MG INJ,1,0.0,0.0,0.0,0,,,,INJECTION
1031,1031,BOFALGAN 1G INF,1,0.0,0.0,0.0,0,,,,OTHER
1035,1035,BOSCHOFEN  200MG TAB,1,0.0,0.0,0.0,0,,,,TABLET
1034,1034,BOSCHOFEN  400MG  TAB,1,0.0,0.0,0.0,0,,,,TABLET
1036,1036,BOSCHTAMOL 500MG TAB,1,0.0,0.0,0.0,0,,,,TABLET
1037,1037,BOSCHTAN 250MG TAB,1,0.0,0.0,0.0,0,,,,TABLET
1038,1038,BOSHCAM-B 20MG TAB,1,0.0,0.0,0.0,0,,,,TABLET
1039,1039,BRASO 10MG TAB,1,0.0,0.0,0.0,0,,,,TABLET
1040,1040,BRASO 10MG TAB,1,0.0,0.0,0.0,0,,,,TABLET
1041,1041,BRASO 5MG TAB,1,0.0,0.0,0.0,0,,,,TABLET
1042,1042,BRASO 5MG TAB,1,0.0,0.0,0.0,0,,,,TABLET
1043,1043,BRIZOPT 10MG  DROPS,1,0.0,0.0,0.0,0,,,,DROPS
1044,1044,BTROL 250MG CAP,1,141.15,122.74,122.74,2,,,,CAPSULE
1045,1045,BTROL 500MG CAP,1,240.46,209.1,209.1,0,,,,CAPSULE
2315,2315,CALAMOX 10ML 62.5MG DRP,1,134.89,117.3,117.3,0,,,,OTHER
4103,4103,CALAMOX DS SYP SMALL,1,143.54,124.82,124.82,0,,,,SYRUP
538,538,OLINC 600 INJ,1,56.43,49.07,49.07,48,,,,INJECTION
590,590,SUPRAMOX 1G ING,1,0.0,0.0,0.0,0,,,,OTHER
675,675,SUPRAMOX 250MG SYP,1,173.6,150.96,150.96,2,,,,SYRUP
674,674,SUPRAMOX 500MG CAP,1,0.0,0.0,0.0,0,,,,CAPSULE
4273,4273,AMCLAV 1GM TAB,1,317.99,276.51,276.51,0,,,,TABLET
4272,4272,AMCLAV 375MG TAB,1,146.31,127.23,127.23,0,,,,TABLET
4271,4271,AMCLAV 625MG TAB,1,214.11,186.18,186.18,0,,,,TABLET
475,475,BEKSON FORT 250MCG INHALER,1,414.0,360.0,360.0,0,,,,INHALER
4036,4036,CEFIGET DS SYP,1,269.54,234.38,234.38,0,,,,SYRUP
4809,4809,CLARTEK XL 500NG TAB,1,386.41,336.01,336.01,0,,,,TABLET
5397,5397,CORE 24 TAB,1,989.0,860.0,860.0,0,,,,TABLET
4569,4569,DIAMPA 10+5MG TAB,1,243.71,211.92,211.92,0,,,,TABLET
4506,4506,FEXET 120MG TAB,1,632.96,550.4,550.4,1,,,,TABLET
4088,4088,FEXET 60MG TAB,1,187.6,163.13,163.13,2,,,,TABLET
4639,4639,FORMIGET 400+12MCG,1,171.43,149.07,149.07,0,,,,OTHER
5408,5408,GETOFIN 1GM INJ,1,251.61,218.79,218.79,10,,,,INJECTION
3022,3022,GETRYL 2MG TAB,1,214.28,186.33,186.33,2,,,,TABLET
394,394,GONADIL-F CAP,1,522.57,454.41,454.41,5,,,,CAPSULE
2364,2364,LEFLOX 500MG TAB,1,282.44,245.6,245.6,0,,,,TABLET
4511,4511,LIPIGET 10MG TAB,1,305.8,265.91,265.91,0,,,,TABLET
4827,4827,MONTIGET 10MG TAB,1,506.57,440.5,440.5,0,,,,TABLET
2975,2975,NEXIUM 20MG TAB,1,392.93,341.68,341.68,1,,,,TABLET
2944,2944,NEXIUM 40MG TAB,1,636.92,553.84,553.84,2,,,,TABLET
2510,2510,ORLIFIT 120MG TAB,1,514.28,447.2,447.2,0,,,,TABLET
2447,2447,RISEK 20MG CAP,1,201.1,174.87,174.87,9,,,,CAPSULE
330,330,RISEK 20MG SACHETS,1,24.28,21.11,21.11,111,,,,SACHET
4138,4138,RISEK IV INJ,1,478.7,416.26,416.26,2,,,,INJECTION
2920,2920,RISEK SACHET 40MG,1,39.16,34.05,34.05,90,,,,SACHET
4275,4275,ROVISTA 10MG TAB,1,423.23,368.03,368.03,0,,,,TABLET
2947,2947,SIVAB 7.5MG TAB,1,640.32,556.8,556.8,1,,,,TABLET
4294,4294,SOLIFEN 5MG TAB,1,640.01,556.53,556.53,0,,,,TABLET
4911,4911,STARCOX 60MG TAB,1,210.75,183.26,183.26,0,,,,TABLET
4518,4518,TAMSOLIN 0.4MG CAP,1,681.64,592.73,592.73,0,,,,CAPSULE
4762,4762,VONOZAN 10MG TAB,1,431.08,374.85,374.85,0,,,,TABLET
270,270,ANSAID TAB,1,13.85,12.04,12.04,197,,,,TABLET
529,529,ARTHROTEC 50 TAB,1,313.51,272.62,272.62,0,,,,TABLET
4387,4387,BASOQUIN  150MG TAB,1,43.08,37.46,37.46,12,,,,TABLET
174,174,CITRALAKA LIQUID 120ML,1,172.09,149.64,149.64,39,,,,SYRUP
4218,4218,COREX D 120ML SYP,1,205.1,178.35,178.35,0,,,,SYRUP
46,46,COREX D 60ML SYP,1,68.48,59.55,59.55,0,,,,SYRUP
561,561,DEPO-MEDROL 80MG,1,0.0,0.0,0.0,0,,,,OTHER
2449,2449,DILZEM 60MG TAB,1,207.0,180.0,180.0,0,,,,TABLET
3277,3277,LINCOCIN 300MG INJ,1,38.63,33.59,33.59,0,,,,INJECTION
3951,3951,LINCOCIN 600MG INJ PFIZER,1,414.29,360.25,360.25,0,,,,INJECTION
25,25,LYSOVIT 120ML SYP,1,246.26,214.14,214.14,38,,,,SYRUP
2983,2983,NORVASC 10MG TAB,1,684.25,595.0,595.0,0,,,,TABLET
240,240,PONSTAN 250MG TAB,1,38.11,33.14,33.14,74,,,,TABLET
241,241,PONSTAN FORTE 500MG TAB,1,69.92,60.8,60.8,85,,,,TABLET
4169,4169,SAYANA INJ,1,63.25,55.0,55.0,0,,,,INJECTION
472,472,VIBRAMYCIN 100MG CAP,1,62.73,54.55,54.55,0,,,,CAPSULE
4769,4769,BENDAZOLE TAB,1,32.15,27.96,27.96,0,,,,TABLET
439,439,BROPHYL=D 120ML SYP,1,114.13,99.24,99.24,4,,,,SYRUP
412,412,BROXOL DM SYP,1,131.38,114.24,114.24,16,,,,SYRUP
411,411,BROXOL EXP 120ML SYP,1,112.22,97.58,97.58,24,,,,SYRUP
328,328,DYMIN TAB,1,39.58,34.42,34.42,23,,,,TABLET
3209,3209,FENBRO 8 PLUS,1,100.39,87.3,87.3,0,,,,OTHER
611,611,FENBRO 90ML SYP,1,63.16,54.92,54.92,0,,,,SYRUP
2650,2650,FERVIT CAP,1,109.09,94.86,94.86,0,,,,CAPSULE
3146,3146,KAMIC 250MG TAB,1,23.92,20.8,20.8,0,,,,TABLET
4193,4193,PEDROL 120ML SYP,1,0.0,0.0,0.0,0,,,,SYRUP
2600,2600,PEDROL 60ML SYP,1,56.57,49.19,49.19,36,,,,SYRUP
3085,3085,PEDROL DROPS,1,80.36,69.88,69.88,0,,,,DROPS
2684,2684,PEDROL EXTRA TAB STALEY,1,16.01,13.92,13.92,0,,,,TABLET
2913,2913,PEDROL FORT SYP STALEY,1,113.01,98.27,98.27,20,,,,SYRUP
2707,2707,PEDROL PLAN TAB,1,25.58,22.24,22.24,0,,,,TABLET
2946,2946,PEDROL TOTAL SYP STALEY,1,68.82,59.84,59.84,18,,,,SYRUP
4288,4288,RIAM 60ML SYP,1,65.57,57.02,57.02,45,,,,SYRUP
2697,2697,RINTAL 120ML SYP,1,53.68,46.68,46.68,0,,,,SYRUP
2764,2764,VASEDEX-L 120ML SYP,1,158.35,137.7,137.7,37,,,,SYRUP
5096,5096,AZOUR 250MG CAP,1,129.95,113.0,113.0,0,,,,CAPSULE
3891,3891,EXAMIC 250MG INJ,1,14.95,13.0,13.0,0,,,,INJECTION
3890,3890,EXAMIC 500MG INJ,1,27.02,23.5,23.5,0,,,,INJECTION
5329,5329,FENIPH 10MG INJ,1,51.75,45.0,45.0,0,,,,INJECTION
5084,5084,IBO-Z DS SYP,1,66.7,58.0,58.0,16,,,,SYRUP
5247,5247,PARASOL 500MG TAB,1,27.6,24.0,24.0,32,,,,TABLET
4891,4891,RESOLAM 0.5MG TAB,1,40.25,35.0,35.0,0,,,,TABLET
51911,51911,SKINSAFE 15G CREAM,1,66.7,58.0,58.0,8,,,,CREAM
5340,5340,SPIRAL 60ML SYP,1,48.3,42.0,42.0,89,,,,SYRUP
2526,2526,TRIAM 40MG INJ,1,36.8,32.0,32.0,0,,,,INJECTION
5117,5117,Z-ROLAC 5MG INJ,1,16.1,14.0,14.0,0,,,,INJECTION
3442,3442,AARAM  120ML SYP,1,36.22,31.5,31.5,23,,,,SYRUP
5061,5061,AARAM CAP,1,37.26,32.4,32.4,0,,,,CAPSULE
3537,3537,ACTIVE FA 120ML SYP,1,36.22,31.5,31.5,0,,,,SYRUP
2049,2049,ALERGIC LOTION,1,34.5,30.0,30.0,0,,,,CREAM
3622,3622,ALLERGY-X 120ML SYP,1,36.22,31.5,31.5,0,,,,SYRUP
2405,2405,ANAAR SHARBAT,1,147.2,128.0,128.0,0,,,,OTHER
2869,2869,APITIZER 120ML SYP,1,36.22,31.5,31.5,6,,,,SYRUP
3093,3093,ARTHO-X 120ML SYP,1,31.05,27.0,27.0,0,,,,SYRUP
2802,2802,BABY TONIC 120ML SYP,1,36.22,31.5,31.5,0,,,,SYRUP
2432,2432,BAZOORI SHARBAT,1,172.5,150.0,150.0,0,,,,OTHER
613,613,BIOMENT 120ML SYP,1,36.22,31.5,31.5,57,,,,SYRUP
4041,4041,BIOMENT CAP,1,30.27,26.32,26.32,0,,,,CAPSULE
3878,3878,BIOMENT SACHTE,1,69.0,60.0,60.0,0,,,,SACHET
2553,2553,BIOMINT DROPS,1,28.98,25.2,25.2,0,,,,DROPS
3985,3985,BLOOD BANK 240ML SYP,1,66.7,58.0,58.0,0,,,,SYRUP
3331,3331,BLOOD STOP TAB,1,55.2,48.0,48.0,0,,,,TABLET
2845,2845,BRAIN UP 240ML SYP,1,55.2,48.0,48.0,0,,,,SYRUP
3349,3349,BRAINAL 120ML SYP,1,31.05,27.0,27.0,0,,,,SYRUP
2870,2870,CALCIFAL 120ML SYP,1,36.22,31.5,31.5,0,,,,SYRUP
2805,2805,CALCIUM PLUS 120ML SYP,1,36.22,31.5,31.5,0,,,,SYRUP
3433,3433,COFDIN 120ML SYP,1,36.22,31.5,31.5,49,,,,SYRUP
3170,3170,COUGH-GO 120ML SYP,1,26.45,23.0,23.0,0,,,,SYRUP
5053,5053,COUGH-X 120ML SYP,1,29.9,26.0,26.0,0,,,,SYRUP
4673,4673,CRACK-X CREAM,1,62.1,54.0,54.0,0,,,,CREAM
2046,2046,CUF REST 120ML SYP,1,23.0,20.0,20.0,0,,,,SYRUP
2806,2806,DEMAGHI 120ML SYP,1,21.85,19.0,19.0,0,,,,SYRUP
5327,5327,DIA X 120ML SYP,1,41.4,36.0,36.0,17,,,,SYRUP
3590,3590,DYCOVER 120ML SYP,1,36.22,31.5,31.5,0,,,,SYRUP
3092,3092,ENYKUF 120ML SYP,1,36.22,31.5,31.5,46,,,,SYRUP
2824,2824,FACODREAM CREAM,1,77.62,67.5,67.5,5,,,,CREAM
3819,3819,FAL-C SACH,1,49.45,43.0,43.0,0,,,,SACHET
4252,4252,FALCID 120ML SYP,1,31.74,27.6,27.6,0,,,,SYRUP
5095,5095,FALCID SACHET,1,7.47,6.5,6.5,0,,,,SACHET
3425,3425,FALCON BALM,1,52.9,46.0,46.0,2,,,,CREAM
2791,2791,FALVITU-M 120ML SYP,1,25.87,22.5,22.5,0,,,,SYRUP
2799,2799,FAULAD SIAH 120ML SYP,1,24.15,21.0,21.0,0,,,,SYRUP
3424,3424,FAULAD SURKH 120ML SYP,1,36.22,31.5,31.5,0,,,,SYRUP
3986,3986,FEMOZYM 120ML SYP,1,24.15,21.0,21.0,0,,,,SYRUP
3664,3664,FEVER-S 120ML SYP,1,31.05,27.0,27.0,0,,,,SYRUP
3094,3094,GASTOFAL 120ML SYP FALCON,1,28.75,25.0,25.0,0,,,,SYRUP
2797,2797,GHUTTI 60ML SYP FALCON,1,25.87,22.5,22.5,11,,,,SYRUP
3992,3992,GLOBIN PLUS 240ML SYP,1,43.24,37.6,37.6,0,,,,SYRUP
3137,3137,GLYCERIN PURE FALCON,1,40.25,35.0,35.0,0,,,,OTHER
3168,3168,GROW WELL 120ML SYP,1,26.45,23.0,23.0,0,,,,SYRUP
3329,3329,GROWFALL 120ML SYP,1,27.02,23.5,23.5,0,,,,SYRUP
2554,2554,GULFAMI 120ML SYP,1,27.51,23.92,23.92,0,,,,SYRUP
2304,2304,GYNOFALL CAP,1,41.4,36.0,36.0,0,,,,CAPSULE
2302,2302,HAMAL PLUS CAP,1,58.65,51.0,51.0,0,,,,CAPSULE
3333,3333,HAZMINA POWDER,1,19.55,17.0,17.0,0,,,,SACHET
3602,3602,HEPTAPLEX 120ML SYP,1,36.22,31.5,31.5,0,,,,SYRUP
4251,4251,HONEY MIX SYP,1,39.15,34.04,34.04,0,,,,SYRUP
3097,3097,IROFAL 120ML SYP,1,25.94,22.56,22.56,0,,,,SYRUP
2070,2070,ISPAGHOL HUSK,1,126.5,110.0,110.0,0,,,,OTHER
4011,4011,ISTHAMA-X 120ML SYP,1,27.6,24.0,24.0,0,,,,SYRUP
3426,3426,JOSHANDA 120ML SYP,1,25.87,22.5,22.5,0,,,,SYRUP
2800,2800,KASTORI 240ML SYP,1,58.19,50.6,50.6,0,,,,SYRUP
5052,5052,KORAX 60ML SYP,1,18.4,16.0,16.0,0,,,,SYRUP
2868,2868,KUFSIM 120ML SYP,1,31.05,27.0,27.0,0,,,,SYRUP
3435,3435,LANGZOFIN 120ML SYP,1,36.22,31.5,31.5,42,,,,SYRUP
4295,4295,LAXIFAL 120ML SYP,1,37.03,32.2,32.2,0,,,,SYRUP
2367,2367,LAXOMOL 120ML SYP,1,37.26,32.4,32.4,10,,,,SYRUP
3169,3169,LEMON FORT 120ML SYP,1,24.15,21.0,21.0,0,,,,SYRUP
3875,3875,LEVOFAL 120ML SYP,1,31.74,27.6,27.6,0,,,,SYRUP
3810,3810,LIPOHERB CAP,1,77.62,67.5,67.5,0,,,,CAPSULE
2045,2045,LIVER FORT 120ML SYP,1,21.85,19.0,19.0,0,,,,SYRUP
3171,3171,MANSOREEN FORTE 120ML SYP,1,26.45,23.0,23.0,0,,,,SYRUP
2068,2068,MENSOFALL 120ML SYP,1,25.94,22.56,22.56,0,,,,SYRUP
2871,2871,MINTACID 120ML SYP,1,26.45,23.0,23.0,0,,,,SYRUP
3167,3167,MINTTA PLUS 120ML SYP,1,26.45,23.0,23.0,0,,,,SYRUP
2798,2798,MOTHER 240ML SYP,1,62.1,54.0,54.0,3,,,,SYRUP
3432,3432,MULATHI TOOT 120ML SYP,1,36.22,31.5,31.5,27,,,,SYRUP
3332,3332,PAIN EX LOTION,1,34.5,30.0,30.0,0,,,,CREAM
2627,2627,PAIN-X OINTMENT,1,72.45,63.0,63.0,0,,,,CREAM
5146,5146,PANGMOL PLUS CAP,1,113.85,99.0,99.0,2,,,,CAPSULE
122,122,PEPERMINT 120ML SYP,1,36.22,31.5,31.5,65,,,,SYRUP
2803,2803,PEPPERMINT 60ML SYP,1,16.67,14.5,14.5,0,,,,SYRUP
2565,2565,PEPTEK 120ML SYP,1,36.22,31.5,31.5,21,,,,SYRUP
3788,3788,PEPTEK COLIC DROPS,1,31.05,27.0,27.0,5,,,,DROPS
3534,3534,PEPTIC COLIC SYP,1,25.87,22.5,22.5,16,,,,SYRUP
2303,2303,PILES CAP,1,32.43,28.2,28.2,0,,,,CAPSULE
779,779,PILES X TUBE,1,72.45,63.0,63.0,7,,,,OTHER
2969,2969,PIPSOGEL 120ML SYP,1,36.22,31.5,31.5,15,,,,SYRUP
4007,4007,PIPSOGEL 240ML SYP,1,62.1,54.0,54.0,0,,,,SYRUP
2801,2801,PODINA 120ML SYP,1,36.22,31.5,31.5,62,,,,SYRUP
3236,3236,PODINA 120ML WHITE SYP,1,23.78,20.68,20.68,0,,,,SYRUP
2903,2903,PODINA 240ML SYP FALCON,1,62.1,54.0,54.0,15,,,,SYRUP
5121,5121,PRICKLY HEAT CREAM,1,184.0,160.0,160.0,9,,,,CREAM
4704,4704,PYLOCK CAP,1,87.97,76.5,76.5,5,,,,CAPSULE
3354,3354,QABZOL 120ML SYP,1,24.15,21.0,21.0,0,,,,SYRUP
4674,4674,QAMFOR OINT,1,72.45,63.0,63.0,11,,,,CREAM
3330,3330,RENOMIST 120ML SYP,1,25.3,22.0,22.0,0,,,,SYRUP
2804,2804,SAFEEN 120ML SYP,1,36.22,31.5,31.5,3,,,,SYRUP
3518,3518,SCABIES X 60ML LOTION,1,58.19,50.6,50.6,0,,,,CREAM
2628,2628,SULPHEX OINTMENT 25G,1,51.75,45.0,45.0,2,,,,CREAM
3434,3434,SUPER COUGH 120ML SYP,1,36.22,31.5,31.5,12,,,,SYRUP
2630,2630,TABKHIR-E-MAIDA SMALL,1,36.22,31.5,31.5,3,,,,TABLET
2629,2629,TABKIR-E-MAIDA LARGE,1,56.92,49.5,49.5,4,,,,TABLET
2047,2047,TOOT SIAH 120ML SYP FALCON,1,36.22,31.5,31.5,59,,,,SYRUP
2766,2766,TOOT SIAH FORT 120ML SYP,1,36.22,31.5,31.5,39,,,,SYRUP
3096,3096,TYPHAL 60ML SYP,1,17.25,15.0,15.0,0,,,,SYRUP
3095,3095,ULCER-X 120ML SYP,1,27.02,23.5,23.5,0,,,,SYRUP
2069,2069,URINOL 120ML SYP,1,41.4,36.0,36.0,11,,,,SYRUP
5130,5130,WAQFA CAP,1,36.22,31.5,31.5,0,,,,CAPSULE
2769,2769,BESTLEVO 500MG TAB,1,52.9,46.0,46.0,0,,,,TABLET
346,346,CIPROBEST 125MG SYP,1,55.2,48.0,48.0,0,,,,SYRUP
2749,2749,CIPROBEST 250MG TAB,1,44.85,39.0,39.0,0,,,,TABLET
1907,1907,CIPROBEST 500MG TAB,1,57.5,50.0,50.0,0,,,,TABLET
3242,3242,XIMBACT 100MG SYP,1,59.8,52.0,52.0,0,,,,SYRUP
4766,4766,LEGAMOX 400MG TAB,1,253.0,220.0,220.0,0,,,,TABLET
5350,5350,LEGICAM 20MG CAP,1,50.6,44.0,44.0,32,,,,CAPSULE
5348,5348,LEGOCIP 250MG TAB,1,78.2,68.0,68.0,42,,,,TABLET
5347,5347,LEGOCIP 500MG TAB,1,97.75,85.0,85.0,10,,,,TABLET
5349,5349,LEVOBA 250MG TAB,1,92.0,80.0,80.0,17,,,,TABLET
5414,5414,LEXIME D 30ML SYP,1,166.75,145.0,145.0,8,,,,SYRUP
1685,1685,OLAX 400MG TAB,1,59.8,52.0,52.0,0,,,,TABLET
83,83,BROLIN 120ML SYP,1,44.85,39.0,39.0,38,,,,SYRUP
121,121,LEFIN 60ML SYP,1,21.85,19.0,19.0,0,,,,SYRUP
27,27,LEMACH 90ML SYP,1,48.3,42.0,42.0,54,,,,SYRUP
127,127,LEMALTOSE 120ML SYP,1,47.15,41.0,41.0,0,,,,SYRUP
1602,1602,ABAGLIN 100MG TAB,1,0.0,0.0,0.0,0,,,,TABLET
1603,1603,ABAGLIN 300MG TAB,1,0.0,0.0,0.0,0,,,,TABLET
1877,1877,ACETOFRIL  25MG TAB,1,0.0,0.0,0.0,0,,,,TABLET
1604,1604,ACTIVAL 120ML SYP,1,0.0,0.0,0.0,0,,,,SYRUP
1605,1605,ADAXIT 500MG CAP,1,0.0,0.0,0.0,0,,,,CAPSULE
1606,1606,ALFAVIT SYP 60ML,1,0.0,0.0,0.0,0,,,,SYRUP
1608,1608,ALLORAT 10MG TAB,1,0.0,0.0,0.0,0,,,,TABLET
1607,1607,ALLORAT 60ML SYP,1,0.0,0.0,0.0,0,,,,SYRUP
1609,1609,ANTINAUS 12.5MG INJ,1,0.0,0.0,0.0,0,,,,INJECTION
1610,1610,AVIRIB 400MG CAP,1,0.0,0.0,0.0,0,,,,CAPSULE
1611,1611,B.P.ACE 10MG TAB,1,0.0,0.0,0.0,0,,,,TABLET
1612,1612,BABI SALT ( ORS),1,0.0,0.0,0.0,0,,,,OTHER
1613,1613,BLOKASIN 100MG INJ,1,0.0,0.0,0.0,0,,,,INJECTION
1614,1614,BREXICAM TAB,1,0.0,0.0,0.0,0,,,,TABLET
1617,1617,CEFRAMED  1GM INJ,1,0.0,0.0,0.0,0,,,,INJECTION
1619,1619,CEFRAMED 125MG 60ML SUSP,1,0.0,0.0,0.0,0,,,,SYRUP
1615,1615,CEFRAMED 250MG INJ,1,0.0,0.0,0.0,0,,,,INJECTION
1618,1618,CEFRAMED 500MG CAP,1,0.0,0.0,0.0,0,,,,CAPSULE
1616,1616,CEFRAMED 500MG INJ,1,0.0,0.0,0.0,0,,,,INJECTION
1620,1620,CEFRAMED FORTE 250MG 60ML SUSP,1,0.0,0.0,0.0,0,,,,SYRUP
1622,1622,CEFROZIL 1GM INJ,1,0.0,0.0,0.0,0,,,,INJECTION
1621,1621,CEFROZIL 500MG INJ,1,0.0,0.0,0.0,0,,,,INJECTION
1625,1625,CEFTREX 1GM INJ,1,0.0,0.0,0.0,0,,,,INJECTION
1623,1623,CEFTREX 250MG INJ,1,0.0,0.0,0.0,0,,,,INJECTION
1624,1624,CEFTREX 500MG INJ,1,0.0,0.0,0.0,0,,,,INJECTION
1626,1626,CEOXIL 125MG 60ML SUSP,1,0.0,0.0,0.0,0,,,,SYRUP
1627,1627,CEOXIL 250MG 60ML SUSP,1,0.0,0.0,0.0,0,,,,SYRUP
1628,1628,CEOXIL 500MG CAP,1,0.0,0.0,0.0,0,,,,CAPSULE
1932,1932,CEPHAGEN-1 125MG 60ML SYP,1,0.0,0.0,0.0,0,,,,SYRUP
1928,1928,CEPHAGEN-1 500MG CAP,1,0.0,0.0,0.0,0,,,,CAPSULE
1629,1629,CHLORAMPHENICOL 125MG 60ML SUS,1,0.0,0.0,0.0,0,,,,INJECTION
1630,1630,CIKIN 250MG TAB,1,0.0,0.0,0.0,0,,,,TABLET
1631,1631,CINOKORT 40MG INJ,1,46.0,40.0,40.0,0,,,,INJECTION
1632,1632,CIPOFINE 500MG TAB,1,0.0,0.0,0.0,0,,,,TABLET
1633,1633,CLAVUMOX 125MG 60ML SYP,1,0.0,0.0,0.0,0,,,,SYRUP
1634,1634,CLAVUMOX 500MG TAB,1,0.0,0.0,0.0,0,,,,TABLET
1635,1635,CLOCRYS INJ,1,0.0,0.0,0.0,0,,,,INJECTION
1636,1636,CLONATRIL 0.5 MG TAB,1,0.0,0.0,0.0,0,,,,TABLET
1637,1637,CLONATRIL 2MG TAB,1,0.0,0.0,0.0,0,,,,TABLET
1949,1949,CLOXAZAN 250MG 60ML SYP,1,0.0,0.0,0.0,0,,,,SYRUP
1638,1638,CODAR TAB,1,0.0,0.0,0.0,0,,,,TABLET
1639,1639,COFSYL SYP 60ML,1,31.05,27.0,27.0,0,,,,SYRUP
1640,1640,CROMOSOL EYE DROPS,1,0.0,0.0,0.0,0,,,,DROPS
1642,1642,DIAGLIDE 1GM TAB,1,0.0,0.0,0.0,0,,,,TABLET
1643,1643,DIAGLIDE 2MG TAB,1,0.0,0.0,0.0,0,,,,TABLET
1644,1644,DIAZIN 5MG TAB,1,0.0,0.0,0.0,0,,,,TABLET
1645,1645,DIVIRAT 200MG TAB,1,0.0,0.0,0.0,0,,,,TABLET
1646,1646,DIXIGRAM 250MG 60ML SUSP,1,0.0,0.0,0.0,0,,,,SYRUP
1647,1647,DIXIGRAM 500MG TAB,1,0.0,0.0,0.0,0,,,,TABLET
1649,1649,ECOBLAN 500MCG INJ,1,0.0,0.0,0.0,0,,,,INJECTION
1648,1648,ECOBLAN 500MCG TAB,1,0.0,0.0,0.0,0,,,,TABLET
1650,1650,EFFECO TONIC 240ML SYP,1,0.0,0.0,0.0,0,,,,SYRUP
1660,1660,ENTACT-S  10MG  DROPS,1,0.0,0.0,0.0,0,,,,DROPS
1651,1651,ENTACT-S 20MG TAB,1,0.0,0.0,0.0,0,,,,TABLET
1661,1661,EPHEDRA 30MG TAB,1,0.0,0.0,0.0,0,,,,TABLET
1663,1663,EPODOX 100MG TAB,1,0.0,0.0,0.0,0,,,,TABLET
1662,1662,EPODOX 40MG SUSP,1,0.0,0.0,0.0,0,,,,SYRUP
1665,1665,EXPODOX 100MG TAB,1,0.0,0.0,0.0,0,,,,TABLET
1664,1664,EXPODOX 40MG SUSP,1,0.0,0.0,0.0,0,,,,SYRUP
1668,1668,FAZIM 1G INJ,1,0.0,0.0,0.0,0,,,,INJECTION
1666,1666,FAZIM 250MG INJ,1,0.0,0.0,0.0,0,,,,INJECTION
1667,1667,FAZIM 500MG INJ,1,0.0,0.0,0.0,0,,,,INJECTION
1671,1671,FENDIC  S  5ML DRP,1,0.0,0.0,0.0,0,,,,OTHER
1669,1669,FENDIC 50MG TAB,1,0.0,0.0,0.0,0,,,,TABLET
1670,1670,FENDIC S  25MG INJ ML,1,0.0,0.0,0.0,0,,,,INJECTION
1672,1672,FENMOL 12MG DRP,1,0.0,0.0,0.0,0,,,,OTHER
1673,1673,FENMOL CF 100MG SACH ET,1,0.0,0.0,0.0,0,,,,SACHET
1674,1674,FENMOL EXTRA TAB,1,0.0,0.0,0.0,0,,,,TABLET
1675,1675,FENMOL PLUS TAB,1,30.76,26.75,26.75,54,,,,TABLET
1687,1687,FERRITIN  120ML SYP,1,0.0,0.0,0.0,0,,,,SYRUP
1688,1688,FERRITIN 60ML SYP,1,0.0,0.0,0.0,0,,,,SYRUP
1689,1689,FERROPRO  SYP,1,0.0,0.0,0.0,0,,,,SYRUP
1690,1690,FERRTIN 60ML SYP,1,0.0,0.0,0.0,0,,,,SYRUP
1691,1691,FERVIGOR TAB 100MG,1,0.0,0.0,0.0,0,,,,TABLET
1692,1692,FFERROPRO  350G SYP,1,0.0,0.0,0.0,0,,,,SYRUP
1693,1693,FINE GRIPE WATER   120ML LIQUI,1,0.0,0.0,0.0,0,,,,OTHER
1694,1694,FINEX 100MG 30ML SUSP,1,0.0,0.0,0.0,0,,,,SYRUP
1695,1695,FINEX 200MG 5ML SUSP,1,0.0,0.0,0.0,0,,,,SYRUP
1696,1696,FINEX 400MG  CAP,1,0.0,0.0,0.0,0,,,,CAPSULE
1697,1697,FLAVOGIN 500MG DRP,1,0.0,0.0,0.0,0,,,,OTHER
1698,1698,FLINOX 250MG TAB,1,0.0,0.0,0.0,0,,,,TABLET
1699,1699,FLINOX 750MG TAB,1,0.0,0.0,0.0,0,,,,TABLET
1700,1700,FLINOX DRP 5ML,1,0.0,0.0,0.0,0,,,,OTHER
1701,1701,FLLASSIUM K 50MG CAP,1,0.0,0.0,0.0,0,,,,CAPSULE
1702,1702,FLOGESIC 35MG TAB,1,0.0,0.0,0.0,0,,,,TABLET
1703,1703,FLOSPAR 100MG TAB,1,0.0,0.0,0.0,0,,,,TABLET
1704,1704,FLU-FINE  TAB,1,0.0,0.0,0.0,0,,,,TABLET
1705,1705,FLU-FINE 60ML SYP,1,0.0,0.0,0.0,0,,,,SYRUP
1706,1706,FLUCARE 500MG SACHET,1,0.0,0.0,0.0,0,,,,SACHET
1707,1707,FOBAC 1G INJ,1,0.0,0.0,0.0,0,,,,INJECTION
1708,1708,FOBAC 2G INJ,1,0.0,0.0,0.0,0,,,,INJECTION
1709,1709,FOCALIN   5ML DRP,1,0.0,0.0,0.0,0,,,,OTHER
1710,1710,FURAPOL  120ML SUSP  25MG,1,0.0,0.0,0.0,0,,,,SYRUP
1711,1711,FURAPOL 10MG TAB,1,0.0,0.0,0.0,0,,,,TABLET
1712,1712,FURAPOL 25MG SUSP  60ML,1,0.0,0.0,0.0,0,,,,SYRUP
1713,1713,GENEK-75  75MG TAB,1,0.0,0.0,0.0,0,,,,TABLET
1714,1714,GERICAP 10MG  CAP,1,0.0,0.0,0.0,0,,,,CAPSULE
1715,1715,GROWELL 0.5MCG  TAB,1,0.0,0.0,0.0,0,,,,TABLET
1716,1716,HEXALON 1000ML SOLN,1,0.0,0.0,0.0,0,,,,OTHER
1717,1717,HICAINE 10MG 120ML SUSP,1,0.0,0.0,0.0,0,,,,SYRUP
1719,1719,HISTALON 60ML SYP,1,34.5,30.0,30.0,0,,,,SYRUP
1720,1720,HYDREX 120ML SYP,1,48.3,42.0,42.0,31,,,,SYRUP
2727,2727,HYDREX DM SYP,1,50.6,44.0,44.0,12,,,,SYRUP
1722,1722,IBU-GESIC  100MG 90ML SUSP,1,0.0,0.0,0.0,0,,,,SYRUP
1723,1723,ICHTHAMOL GLYCRINE,1,51.75,45.0,45.0,13,,,,OTHER
1718,1718,IISTALON SYP 120ML,1,0.0,0.0,0.0,0,,,,SYRUP
1724,1724,INFLAROX 20MG CAP,1,0.0,0.0,0.0,0,,,,CAPSULE
1725,1725,IRON PLUS 200MG TAB,1,0.0,0.0,0.0,0,,,,TABLET
1726,1726,KANAN 500MG 2ML INJ,1,0.0,0.0,0.0,0,,,,INJECTION
1727,1727,KAYLAN 30MG CAP,1,0.0,0.0,0.0,0,,,,CAPSULE
1728,1728,KLARIFINE 125MG 60ML SUSP,1,0.0,0.0,0.0,0,,,,SYRUP
1729,1729,KLARIFINE 250MG TAB,1,0.0,0.0,0.0,0,,,,TABLET
1730,1730,KOFKODIL 5MG 60ML SYP,1,0.0,0.0,0.0,0,,,,SYRUP
5389,5389,KRYS-D CAP,1,41.4,36.0,36.0,1,,,,CAPSULE
1731,1731,LEFLOCIN  500MG TAB,1,0.0,0.0,0.0,0,,,,TABLET
1732,1732,LEFLOCIN 250MG TAB,1,0.0,0.0,0.0,0,,,,TABLET
1733,1733,LEXHAL 500MG INJ,1,0.0,0.0,0.0,0,,,,INJECTION
1734,1734,LINCO PLUS 600MG 2ML INJ,1,0.0,0.0,0.0,0,,,,INJECTION
1735,1735,LIPRIDE 100MG TAB,1,0.0,0.0,0.0,0,,,,TABLET
1736,1736,LUGOLS SOLN 30ML SOLN,1,0.0,0.0,0.0,0,,,,OTHER
1738,1738,MALAQUINE 250MG TAB,1,0.0,0.0,0.0,0,,,,TABLET
1739,1739,MALAQUINE 50MG 60ML SYP,1,0.0,0.0,0.0,0,,,,SYRUP
1740,1740,MALTEX  100MG 60ML,1,0.0,0.0,0.0,0,,,,OTHER
1741,1741,MALTEX  100MG TAB,1,0.0,0.0,0.0,0,,,,TABLET
1742,1742,MATRIC 500MG 100ML INF,1,0.0,0.0,0.0,0,,,,OTHER
1753,1753,MATRIC-DF 500MG TAB,1,0.0,0.0,0.0,0,,,,TABLET
1754,1754,MATRIC-F 25MG 60ML SUSP,1,0.0,0.0,0.0,0,,,,SYRUP
1743,1743,MAVRON FORTE  120ML SYP,1,0.0,0.0,0.0,0,,,,SYRUP
1744,1744,MAXACLOR 1MG 2ML DROPS,1,0.0,0.0,0.0,0,,,,DROPS
2807,2807,MAXACLOR 20ML SYP,1,0.0,0.0,0.0,0,,,,SYRUP
1745,1745,MAXACLOR 5MG INJ,1,0.0,0.0,0.0,0,,,,INJECTION
1746,1746,MAXOVE 400MG TAB,1,0.0,0.0,0.0,0,,,,TABLET
1747,1747,MEBSPA 135MG TAB,1,0.0,0.0,0.0,0,,,,TABLET
1748,1748,MEDINOL 30MG TAB,1,0.0,0.0,0.0,0,,,,TABLET
1737,1737,MEGATRATE PLUS 540MG 120ML SUS,1,0.0,0.0,0.0,0,,,,OTHER
1749,1749,MEGAZYME 20MG  120ML SYP,1,0.0,0.0,0.0,0,,,,SYRUP
1750,1750,METRIC 200MG 60ML SUSP,1,0.0,0.0,0.0,0,,,,SYRUP
1751,1751,METRIC 500MG 100ML INF,1,0.0,0.0,0.0,0,,,,OTHER
1752,1752,METRIC-DF 125MG 60ML SUSP,1,0.0,0.0,0.0,0,,,,SYRUP
1757,1757,MIGRANIL 2MG TAB,1,0.0,0.0,0.0,0,,,,TABLET
1758,1758,MILOSOL 5ML DROPS,1,0.0,0.0,0.0,0,,,,DROPS
1759,1759,MOKLIN 250MG INJ,1,0.0,0.0,0.0,0,,,,INJECTION
1760,1760,MONOCARE 50MG CAP,1,0.0,0.0,0.0,0,,,,CAPSULE
1761,1761,MOXIRIN 5MG 5ML DROPS,1,0.0,0.0,0.0,0,,,,DROPS
1755,1755,MRTRIC-F 100MG TAB,1,0.0,0.0,0.0,0,,,,TABLET
1762,1762,MUSIDE 100MG TAB,1,0.0,0.0,0.0,0,,,,TABLET
1763,1763,MYCIN-E 200MG 60ML SUSP,1,0.0,0.0,0.0,0,,,,SYRUP
1764,1764,NALAROPTIC 5ML DROPS,1,0.0,0.0,0.0,0,,,,DROPS
1765,1765,NAPORINE 275MG TAB,1,0.0,0.0,0.0,0,,,,TABLET
1766,1766,NAPORINE 550MG TAB,1,0.0,0.0,0.0,0,,,,TABLET
1767,1767,NASALINE 30MLDROPS,1,0.0,0.0,0.0,0,,,,DROPS
1769,1769,NIVASTAIN 250MG TAB,1,0.0,0.0,0.0,0,,,,TABLET
1855,1855,ONEK 75MG TAB,1,0.0,0.0,0.0,0,,,,TABLET
1770,1770,OPTIBRAM 5ML DROPS,1,0.0,0.0,0.0,0,,,,DROPS
1771,1771,OZEM 20MG CAP,1,0.0,0.0,0.0,0,,,,CAPSULE
1772,1772,PANTULCER 40MGB TAB,1,0.0,0.0,0.0,0,,,,TABLET
1774,1774,PARACETAMOL 120MG 60ML SUSP,1,0.0,0.0,0.0,0,,,,SYRUP
1776,1776,PENVEE 125MG 60ML SUSP,1,0.0,0.0,0.0,0,,,,SYRUP
1775,1775,PENVEE 250MG 60ML SUSP,1,0.0,0.0,0.0,0,,,,SYRUP
1779,1779,PERILL 10MG TAB,1,0.0,0.0,0.0,0,,,,TABLET
1778,1778,PERILL 1MG 120ML SUSP,1,0.0,0.0,0.0,0,,,,SYRUP
1777,1777,PERILL 1MG 60ML SUSP,1,0.0,0.0,0.0,0,,,,SYRUP
1780,1780,PIRENTAL 250MG 10ML SUSP,1,0.0,0.0,0.0,0,,,,SYRUP
1784,1784,POLYCAL 500MG SACHET,1,0.0,0.0,0.0,0,,,,SACHET
1788,1788,POLYCILLIN 125MG 60ML SYP,1,0.0,0.0,0.0,0,,,,SYRUP
1787,1787,POLYCILLIN 125MG CAP,1,0.0,0.0,0.0,0,,,,CAPSULE
1785,1785,POLYCILLIN 250MG CAP,1,0.0,0.0,0.0,0,,,,CAPSULE
1786,1786,POLYCILLIN 500MG CAP,1,0.0,0.0,0.0,0,,,,CAPSULE
1791,1791,POLYCLOX 125MG 60ML SYP,1,0.0,0.0,0.0,0,,,,SYRUP
1789,1789,POLYCLOX 125MG CAP,1,0.0,0.0,0.0,0,,,,CAPSULE
1790,1790,POLYCLOX 25OMG CAP,1,0.0,0.0,0.0,0,,,,CAPSULE
1793,1793,POLYGENTA 40MG 2ML INJ,1,0.0,0.0,0.0,0,,,,INJECTION
1792,1792,POLYGENTA 5ML DRP,1,0.0,0.0,0.0,0,,,,OTHER
1794,1794,POLYWORM 20ML SYP,1,33.35,29.0,29.0,0,,,,SYRUP
1795,1795,POLYXIL 125MG  60ML SUSP,1,31.05,27.0,27.0,0,,,,SYRUP
1797,1797,POLYXIL 250MG CAP,1,0.0,0.0,0.0,0,,,,CAPSULE
1796,1796,POLYXIL 500MG CAP,1,0.0,0.0,0.0,0,,,,CAPSULE
1799,1799,POLYZIDE 120ML SYP,1,0.0,0.0,0.0,0,,,,SYRUP
1800,1800,POLYZINE 5MG CAP,1,0.0,0.0,0.0,0,,,,CAPSULE
1798,1798,POYXIL FORTE SUSP250MG,1,0.0,0.0,0.0,0,,,,SYRUP
1801,1801,PROFLAM 90ML SUSP,1,36.8,32.0,32.0,0,,,,SYRUP
1802,1802,PROMINE 120ML ELIXIR,1,0.0,0.0,0.0,0,,,,SYRUP
1803,1803,RAPID ENEMA 120ML ENEMA,1,0.0,0.0,0.0,0,,,,OTHER
1805,1805,RAVINA 15MG TAB,1,0.0,0.0,0.0,0,,,,TABLET
1804,1804,RAVINA 75MG TAB,1,0.0,0.0,0.0,0,,,,TABLET
1807,1807,RI CEF 250MG CAP,1,0.0,0.0,0.0,0,,,,CAPSULE
1808,1808,RI CEF 500MG CAP,1,0.0,0.0,0.0,0,,,,CAPSULE
1806,1806,RI CEF 60ML SUSP,1,0.0,0.0,0.0,0,,,,SYRUP
1809,1809,RICER 20MG TAB,1,0.0,0.0,0.0,0,,,,TABLET
1810,1810,RICER 40MG TAB,1,0.0,0.0,0.0,0,,,,TABLET
1813,1813,RIFAMPICIN 150MG CAP,1,0.0,0.0,0.0,0,,,,CAPSULE
1811,1811,RIFAMPICIN 300MG CAP,1,0.0,0.0,0.0,0,,,,CAPSULE
1812,1812,RIFAMPICIN 450MG CAP,1,0.0,0.0,0.0,0,,,,CAPSULE
1814,1814,RIZADOLE 2MG TAB,1,0.0,0.0,0.0,0,,,,TABLET
1815,1815,RORCIN 150MG TAB,1,0.0,0.0,0.0,0,,,,TABLET
1816,1816,SAWAN  20MG CAP,1,0.0,0.0,0.0,0,,,,CAPSULE
1818,1818,SEROFINE 25MG TAB,1,0.0,0.0,0.0,0,,,,TABLET
1817,1817,SEROPINE 200MG TAB,1,0.0,0.0,0.0,0,,,,TABLET
1819,1819,SERVIBET 40MG TAB,1,0.0,0.0,0.0,0,,,,TABLET
1820,1820,SERVIPER 10MG 60ML SUSP,1,0.0,0.0,0.0,0,,,,SYRUP
1821,1821,SILZOLIN 500MG INJ,1,0.0,0.0,0.0,0,,,,INJECTION
1822,1822,SIMETHICONE 25MG 120ML SUSP,1,0.0,0.0,0.0,0,,,,SYRUP
1824,1824,SIMTAS 10MG TAB,1,0.0,0.0,0.0,0,,,,TABLET
1823,1823,SIMTAS 20MG TAB,1,0.0,0.0,0.0,0,,,,TABLET
1825,1825,SODIUM ACID  CITRATE 120ML SYP,1,57.5,50.0,50.0,0,,,,SYRUP
1826,1826,STERIFRIN 15ML DROPS,1,0.0,0.0,0.0,0,,,,DROPS
1828,1828,SULFADAR 25MG TAB,1,0.0,0.0,0.0,0,,,,TABLET
1827,1827,SULPADAR 500MG 15ML SUSP,1,0.0,0.0,0.0,0,,,,SYRUP
1829,1829,SYNAPTIN 10MG TAB,1,0.0,0.0,0.0,0,,,,TABLET
1830,1830,SYNOCATE 25MG 1ML INJ,1,0.0,0.0,0.0,0,,,,INJECTION
1850,1850,TELFEX 120MG TAB,1,0.0,0.0,0.0,0,,,,TABLET
1831,1831,TELFEX 20MG CAP,1,0.0,0.0,0.0,0,,,,CAPSULE
1851,1851,TELFEX-D 120MG TAB,1,0.0,0.0,0.0,0,,,,TABLET
1852,1852,THELMOX 30ML SUSP,1,0.0,0.0,0.0,0,,,,SYRUP
1853,1853,TIZED 4MG TAB,1,0.0,0.0,0.0,0,,,,TABLET
1854,1854,TOBRAMET 5ML EYE DROPS,1,0.0,0.0,0.0,0,,,,DROPS
1857,1857,TRICOSTEN   VAG TAB 100MG,1,0.0,0.0,0.0,0,,,,TABLET
1856,1856,TRICOSTEN 1 TAB,1,35.65,31.0,31.0,0,,,,TABLET
1858,1858,ULCERTEC SUSP 60ML,1,0.0,0.0,0.0,0,,,,SYRUP
1859,1859,VALROX 500MG TAB,1,0.0,0.0,0.0,0,,,,TABLET
1860,1860,VITACON INJ,1,0.0,0.0,0.0,0,,,,INJECTION
1861,1861,VITACON-12 120ML SYP,1,0.0,0.0,0.0,0,,,,SYRUP
1862,1862,VITAMIN B COMP 120ML SYP,1,0.0,0.0,0.0,0,,,,SYRUP
1863,1863,VIXPLEX 120ML SYP,1,51.75,45.0,45.0,0,,,,SYRUP
1865,1865,WINCORAM 10MG TAB,1,0.0,0.0,0.0,0,,,,TABLET
1864,1864,WINORAM  5MG TAB,1,0.0,0.0,0.0,0,,,,TABLET
1867,1867,ZECIT 10MG TAB,1,26.45,23.0,23.0,6,,,,TABLET
1866,1866,ZECIT 5MG 60ML TAB,1,0.0,0.0,0.0,0,,,,TABLET
1868,1868,ZECIT-L 5MG TAB,1,0.0,0.0,0.0,0,,,,TABLET
1869,1869,ZECOIT 5MG TAB,1,0.0,0.0,0.0,0,,,,TABLET
1870,1870,ZIROMAX 250MG CAP,1,0.0,0.0,0.0,0,,,,CAPSULE
1878,1878,ACNOT 2MG TAB,1,0.0,0.0,0.0,0,,,,TABLET
614,614,ADICOS SYP 120ML,1,138.0,120.0,120.0,0,,,,SYRUP
1880,1880,ALMAGEL 120ML SUSP,1,0.0,0.0,0.0,0,,,,SYRUP
2418,2418,AMDAQUIN SYP,1,77.42,67.32,67.32,1,,,,SYRUP
1881,1881,AMDAQUINE 150MG TAB,1,20.7,18.0,18.0,0,,,,TABLET
1883,1883,AMIKACIN 100MG INJ,1,0.0,0.0,0.0,0,,,,INJECTION
1885,1885,AMIKACIN 1G INJ,1,0.0,0.0,0.0,0,,,,INJECTION
1884,1884,AMIKACIN 500MG INJ,1,0.0,0.0,0.0,0,,,,INJECTION
1882,1882,AMODAQUINE 150MG 20MLSUSP,1,0.0,0.0,0.0,0,,,,SYRUP
1896,1896,ANGILINGUAL 0.5MG SLTAB,1,0.0,0.0,0.0,0,,,,TABLET
1897,1897,ANGILINGUAL 0.5MG TAB SL,1,0.0,0.0,0.0,0,,,,TABLET
1899,1899,ANTAZOLINE 50 MG TAB,1,0.0,0.0,0.0,0,,,,TABLET
1898,1898,ANTAZOLINE 50MG 2ML INJ,1,0.0,0.0,0.0,0,,,,INJECTION
1900,1900,ARLOFA 20MG TAB,1,0.0,0.0,0.0,0,,,,TABLET
1901,1901,ARTESUL TAB,1,0.0,0.0,0.0,0,,,,TABLET
1903,1903,ARTEZA 80MG INJ-IM,1,140.3,122.0,122.0,0,,,,INJECTION
3033,3033,ARTEZA 80MG/ML INJ,1,109.25,95.0,95.0,0,,,,INJECTION
1902,1902,ARTISUL TAB,1,0.0,0.0,0.0,0,,,,TABLET
1904,1904,ASPIDIS 300MG TAB,1,0.0,0.0,0.0,0,,,,TABLET
1905,1905,ASPISAFE 150MG TAB,1,0.0,0.0,0.0,0,,,,TABLET
1906,1906,ASPISAFE 75MG TAB,1,0.0,0.0,0.0,0,,,,TABLET
1910,1910,ASTHOTIFEN 60ML SYP,1,103.22,89.76,89.76,12,,,,SYRUP
1911,1911,ASTHOTIFEN TAB,1,118.52,103.06,103.06,0,,,,TABLET
1912,1912,ATENOLOL 100MG TAB,1,63.02,54.8,54.8,0,,,,TABLET
1915,1915,BAMBUZAF 10MG  TAB,1,0.0,0.0,0.0,0,,,,TABLET
1914,1914,BAMBUZAF 10MG TAB,1,0.0,0.0,0.0,0,,,,TABLET
1913,1913,BAMBUZAF 5MG 60ML SYP,1,0.0,0.0,0.0,0,,,,SYRUP
1916,1916,BECLO SAL 100MCG INHALER,1,0.0,0.0,0.0,0,,,,INHALER
1917,1917,BENZIBIOTIC 0.6MIU INJ,1,33.35,29.0,29.0,0,,,,INJECTION
1918,1918,BENZIBIOTIC 1.2MIU INJ,1,126.5,110.0,110.0,0,,,,INJECTION
1921,1921,BETADIF 15G 0.05%W/W OIN,1,0.0,0.0,0.0,0,,,,CREAM
1919,1919,BETADIP 0.05%W/W CREAM,1,0.0,0.0,0.0,0,,,,CREAM
1920,1920,BUTASLIM 10MG TAB,1,0.0,0.0,0.0,0,,,,TABLET
1922,1922,CARDACE 5MG TAB,1,0.0,0.0,0.0,0,,,,TABLET
1923,1923,CARDACE TAB,1,0.0,0.0,0.0,0,,,,TABLET
1924,1924,CARDACE-H TAB,1,0.0,0.0,0.0,0,,,,TABLET
1926,1926,CEFORAL-3 100MG 30ML SUSP,1,142.6,124.0,124.0,15,,,,SYRUP
1925,1925,CEFORAL-3 400MG CAP,1,264.5,230.0,230.0,2,,,,CAPSULE
1929,1929,CEPHAGEN-1 1G INJ VIAL,1,0.0,0.0,0.0,0,,,,INJECTION
1933,1933,CEPHAGEN-1 250MG 60ML SUSP,1,0.0,0.0,0.0,0,,,,SYRUP
1927,1927,CEPHAGEN-1 250MG CAP,1,0.0,0.0,0.0,0,,,,CAPSULE
1934,1934,CEPHAGEN-1 250MG CAP,1,0.0,0.0,0.0,0,,,,CAPSULE
1930,1930,CEPHAGEN-1 250MG INJ,1,0.0,0.0,0.0,0,,,,INJECTION
1931,1931,CEPHAGEN-1 500MG INJ,1,0.0,0.0,0.0,0,,,,INJECTION
1935,1935,CEPHGEN-1  250MG INJ,1,0.0,0.0,0.0,0,,,,INJECTION
1938,1938,CEPHGEN-1 125MG 60MML SUSP,1,0.0,0.0,0.0,0,,,,SYRUP
1937,1937,CEPHGEN-1 1G INJ,1,0.0,0.0,0.0,0,,,,INJECTION
1936,1936,CEPHGEN-1 500MG INJ,1,0.0,0.0,0.0,0,,,,INJECTION
1939,1939,CINCHOCAINE 5MG INJ,1,0.0,0.0,0.0,0,,,,INJECTION
1940,1940,CLIOCINOL 20G CREAM,1,0.0,0.0,0.0,0,,,,CREAM
1941,1941,CLIOQUINOL HYDROCORTISONE 15G,1,0.0,0.0,0.0,0,,,,OTHER
1942,1942,CLIOQUINOL HYDROCORTISONE 5G C,1,0.0,0.0,0.0,0,,,,OTHER
1944,1944,CLOTRIM 10GM CREAM ZAFA,1,47.45,41.26,41.26,22,,,,CREAM
1945,1945,CLOTRIM 20ML LOTION ZAPA,1,71.84,62.47,62.47,22,,,,CREAM
1948,1948,CLOXAZAN 125MG 125MG 60ML SYP,1,0.0,0.0,0.0,0,,,,SYRUP
1946,1946,CLOXAZAN 250MG CAP,1,0.0,0.0,0.0,0,,,,CAPSULE
1947,1947,CLOXAZAN 500MG CAP,1,0.0,0.0,0.0,0,,,,CAPSULE
1950,1950,CO-ESTROGEN 0.625MG TAB,1,0.0,0.0,0.0,0,,,,TABLET
1951,1951,CODLI AD 60IU SOFT CAP,1,0.0,0.0,0.0,0,,,,CAPSULE
1952,1952,COLEZAF 20MG TAB,1,0.0,0.0,0.0,0,,,,TABLET
1953,1953,COLIZAF 10MG TAB,1,0.0,0.0,0.0,0,,,,TABLET
1954,1954,COLOSTIN 20MG TAB,1,0.0,0.0,0.0,0,,,,TABLET
620,620,CP ZAF 250MG,1,0.0,0.0,0.0,0,,,,OTHER
1958,1958,CPZAF 200MG 100ML INF,1,0.0,0.0,0.0,0,,,,OTHER
1955,1955,CPZAF 200MG 50ML INF,1,0.0,0.0,0.0,0,,,,OTHER
1957,1957,CPZAF 250MG TAB,1,0.0,0.0,0.0,0,,,,TABLET
1956,1956,CPZAF 500MG TAB,1,142.6,124.0,124.0,24,,,,TABLET
1959,1959,CROTAN  10%W/W 20G CREAM,1,0.0,0.0,0.0,0,,,,CREAM
1961,1961,DAMOPRES 100MG TAB,1,0.0,0.0,0.0,0,,,,TABLET
1960,1960,DAMOPRES 25MG TAB,1,0.0,0.0,0.0,0,,,,TABLET
1963,1963,DEBRIDAT 100MG TAB,1,0.0,0.0,0.0,0,,,,TABLET
1965,1965,DEBRIDAT 200MG TAB,1,0.0,0.0,0.0,0,,,,TABLET
1962,1962,DEPRIDAT 24MG 120ML SUSP,1,0.0,0.0,0.0,0,,,,SYRUP
1966,1966,DESOFAM TAB,1,0.0,0.0,0.0,0,,,,TABLET
1967,1967,DEXTROSE 25%W/W INJ,1,0.0,0.0,0.0,0,,,,INJECTION
1968,1968,DIAF-TUS 250MG TAB,1,0.0,0.0,0.0,0,,,,TABLET
1964,1964,DIBRIDAT 100MG TAB,1,0.0,0.0,0.0,0,,,,TABLET
1969,1969,DICLOKALIUM 50MG6 TAB,1,0.0,0.0,0.0,0,,,,TABLET
1975,1975,DICLOZAF 1%W/W GEL 20G,1,0.0,0.0,0.0,0,,,,CREAM
1974,1974,DICLOZAF 100MG TAB SR,1,0.0,0.0,0.0,0,,,,TABLET
1970,1970,DICLOZAF 25MG INJ3ML,1,0.0,0.0,0.0,0,,,,INJECTION
1971,1971,DICLOZAF 25MG TAB,1,0.0,0.0,0.0,0,,,,TABLET
1972,1972,DICLOZAF 25MG TAB,1,0.0,0.0,0.0,0,,,,TABLET
526,526,DICLOZAF 50MG TAB,1,30.47,26.5,26.5,0,,,,TABLET
1973,1973,DICLOZAF 50MG TAB,1,0.0,0.0,0.0,0,,,,TABLET
1976,1976,DIGLYTA 15MG TAB,1,0.0,0.0,0.0,0,,,,TABLET
1977,1977,DIGLYTA 30MG TAB,1,0.0,0.0,0.0,0,,,,TABLET
1978,1978,DIGLYTA PLUS 500MG TAB,1,0.0,0.0,0.0,0,,,,TABLET
1979,1979,DILTIAZAF 30MG TAB,1,0.0,0.0,0.0,0,,,,TABLET
1980,1980,DILTIAZAF 60MG TAB,1,0.0,0.0,0.0,0,,,,TABLET
1981,1981,DILTIAZAF 90MG TABSR,1,0.0,0.0,0.0,0,,,,TABLET
1982,1982,DIROGEST 10MG TAB,1,0.0,0.0,0.0,0,,,,TABLET
1983,1983,DIUZMA 25MG TAB,1,0.0,0.0,0.0,0,,,,TABLET
1984,1984,DIZMA-4 1G INJ VIAL,1,0.0,0.0,0.0,0,,,,INJECTION
1985,1985,DIZMA-4 500MG INJ,1,0.0,0.0,0.0,0,,,,INJECTION
1986,1986,DOXYCYCLINE 100MG CAP,1,40.25,35.0,35.0,0,,,,CAPSULE
1987,1987,EMKIT 0.75MG TAB,1,0.0,0.0,0.0,0,,,,TABLET
1988,1988,EMKIT-DS 1.5MG TAB,1,0.0,0.0,0.0,0,,,,TABLET
1989,1989,ENOXAZAN 400MG CAP,1,0.0,0.0,0.0,0,,,,CAPSULE
1990,1990,EPIZEP 0.25%W/V DROPS,1,0.0,0.0,0.0,0,,,,DROPS
1992,1992,EPIZEP 0.5MG TAB,1,0.0,0.0,0.0,0,,,,TABLET
1991,1991,EPIZEP 2MG TAB,1,0.0,0.0,0.0,0,,,,TABLET
1993,1993,ERGOVAS-3 1MG 60ML ORAL SOLN,1,0.0,0.0,0.0,0,,,,OTHER
1994,1994,ERIMIN 3MG TAB,1,0.0,0.0,0.0,0,,,,TABLET
1995,1995,ERIMIN 3MG TAB,1,0.0,0.0,0.0,0,,,,TABLET
1996,1996,ERIPSAN 0.25MG TAB,1,0.0,0.0,0.0,0,,,,TABLET
463,463,FAMILA 150MG INJ,1,154.47,134.32,134.32,3,,,,INJECTION
213,213,FAMILA 28F TAB,1,42.96,37.36,37.36,58,,,,TABLET
1998,1998,FAMTAZA 10MG 60ML SUSP,1,0.0,0.0,0.0,0,,,,SYRUP
1908,1908,FAMTAZA 40MG TAB,1,34.41,29.92,29.92,0,,,,TABLET
2000,2000,FEGURAL 0.2MG CAP,1,0.0,0.0,0.0,0,,,,CAPSULE
1999,1999,FEGURAL 50MG CAP,1,0.0,0.0,0.0,0,,,,CAPSULE
2001,2001,FEGURAL 50MG CAP,1,0.0,0.0,0.0,0,,,,CAPSULE
2002,2002,FIRMOFOS 10MG TAB,1,0.0,0.0,0.0,0,,,,TABLET
2003,2003,FIRMOFOS WEEKLY 70MG TAB,1,0.0,0.0,0.0,0,,,,TABLET
2004,2004,FLEXETRAN 250MG 5ML INJ,1,0.0,0.0,0.0,0,,,,INJECTION
2005,2005,FLORAMEX 2MG CAP,1,0.0,0.0,0.0,0,,,,CAPSULE
2006,2006,FOLIC ACID TAB ZAFA,1,50.6,44.0,44.0,65,,,,TABLET
2007,2007,FURATOP 0.2%W/W  CREAM,1,0.0,0.0,0.0,0,,,,CREAM
2008,2008,FURATOP 0.2%W/W CREAM,1,0.0,0.0,0.0,0,,,,CREAM
2009,2009,FURATOP 0.2W%W/W POWDER,1,0.0,0.0,0.0,0,,,,SACHET
2010,2010,GEMZIL 300MG CAP,1,0.0,0.0,0.0,0,,,,CAPSULE
2011,2011,GEMZIL 600MG CAP,1,0.0,0.0,0.0,0,,,,CAPSULE
2012,2012,GYNOFEN TAB,1,0.0,0.0,0.0,0,,,,TABLET
2014,2014,H2 REC 150MG TAB,1,0.0,0.0,0.0,0,,,,TABLET
2013,2013,H2 REC 25MG 2ML INJ,1,0.0,0.0,0.0,0,,,,INJECTION
2015,2015,HAEMOMID 10L INF,1,0.0,0.0,0.0,0,,,,OTHER
2017,2017,HARTMANS SOLUTIN 500ML INF,1,0.0,0.0,0.0,0,,,,OTHER
2016,2016,HARTMANS SOLUTION  1000ML INF,1,0.0,0.0,0.0,0,,,,OTHER
2018,2018,HEPA-ZAF 3MG CAP,1,0.0,0.0,0.0,0,,,,CAPSULE
2019,2019,HEXYDIL 2MG TAB,1,0.0,0.0,0.0,0,,,,TABLET
2021,2021,HYDRALAZINE 20MG INJ,1,0.0,0.0,0.0,0,,,,INJECTION
2020,2020,HYDRALAZINE 25MG TAB,1,0.0,0.0,0.0,0,,,,TABLET
2023,2023,HYDRO SOD SUC 100MG VIAL INJ,1,0.0,0.0,0.0,0,,,,INJECTION
2022,2022,HYDRO SOD SUC 250MG INJ,1,0.0,0.0,0.0,0,,,,INJECTION
4720,4720,HYDROCORTISONE CREAM,1,54.3,47.22,47.22,0,,,,CREAM
2025,2025,IBOQUIK 20MG CAP,1,0.0,0.0,0.0,0,,,,CAPSULE
2024,2024,IBUQUIK 200MG CAP,1,0.0,0.0,0.0,0,,,,CAPSULE
2026,2026,IBUQUIK 400MG CAP,1,0.0,0.0,0.0,0,,,,CAPSULE
2027,2027,IBUQUIK 400MG CAP,1,0.0,0.0,0.0,0,,,,CAPSULE
2028,2028,IBUSOFT 200MG CAP,1,0.0,0.0,0.0,0,,,,CAPSULE
2029,2029,IBUSOFT 200MG CAP,1,0.0,0.0,0.0,0,,,,CAPSULE
2031,2031,INFECTRAN  400MG TAB,1,0.0,0.0,0.0,0,,,,TABLET
2030,2030,INFECTRAN 400MG CAP,1,0.0,0.0,0.0,0,,,,CAPSULE
2032,2032,INSULIN 100IU/ML 10ML INJ,1,0.0,0.0,0.0,0,,,,INJECTION
2033,2033,INSULIN NPH (BOVINE) 100IU/ML,1,0.0,0.0,0.0,0,,,,OTHER
2034,2034,INSULINE REGULAR (BOVINE) 100I,1,0.0,0.0,0.0,0,,,,OTHER
2036,2036,KANAMYCIN 1G VIAL INJ,1,0.0,0.0,0.0,0,,,,INJECTION
2035,2035,KANAMYCIN 500MG VIAL INJ,1,0.0,0.0,0.0,0,,,,INJECTION
2037,2037,KAOLIN PESTIN 60ML SYP,1,0.0,0.0,0.0,0,,,,SYRUP
2039,2039,KLEMAT 1MG TAB,1,0.0,0.0,0.0,0,,,,TABLET
2040,2040,KLEMAT 2MG TAB,1,0.0,0.0,0.0,0,,,,TABLET
2038,2038,KLEMAY 0.25MG 120ML SYP,1,0.0,0.0,0.0,0,,,,SYRUP
2041,2041,LABETALOL 100MG TAB,1,0.0,0.0,0.0,0,,,,TABLET
2043,2043,LACTATED  RINGER 500ML INF,1,0.0,0.0,0.0,0,,,,OTHER
2042,2042,LACTATED 1000ML INF RINGER,1,0.0,0.0,0.0,0,,,,OTHER
2044,2044,LENSOPARF 60%W/W 160G GEL,1,0.0,0.0,0.0,0,,,,CREAM
2054,2054,LISNA 20MG TAB,1,0.0,0.0,0.0,0,,,,TABLET
2055,2055,LISNA 5MG TAB,1,0.0,0.0,0.0,0,,,,TABLET
2056,2056,LONACORT 4MG 1ML INJ,1,0.0,0.0,0.0,0,,,,INJECTION
2057,2057,LONACORT0.1% 5G OINT,1,0.0,0.0,0.0,0,,,,CREAM
2058,2058,LOVASTATIN 20MG TAB,1,0.0,0.0,0.0,0,,,,TABLET
2059,2059,MACLARA 125MG 60ML SUSP,1,0.0,0.0,0.0,0,,,,SYRUP
2060,2060,MACLARA 250MG TAB,1,0.0,0.0,0.0,0,,,,TABLET
2061,2061,MACLARA 500MG TAB,1,0.0,0.0,0.0,0,,,,TABLET
2062,2062,MAGNISIUM SULPHATE 500MG 10ML,1,0.0,0.0,0.0,0,,,,OTHER
2063,2063,MAGNISIUM SULPHATE 500MG 2ML I,1,0.0,0.0,0.0,0,,,,OTHER
2064,2064,MANITTOZAF 20% 500ML INF,1,0.0,0.0,0.0,0,,,,OTHER
2065,2065,MEFACID 250MG TAB,1,0.0,0.0,0.0,0,,,,TABLET
2066,2066,MEFACID 250MG TAB,1,0.0,0.0,0.0,0,,,,TABLET
2067,2067,MENTONA 0.3MG TAB,1,0.0,0.0,0.0,0,,,,TABLET
2073,2073,METRIDA 200MG 60ML SUSP,1,0.0,0.0,0.0,0,,,,SYRUP
2074,2074,METRIDA 200MG TAB,1,0.0,0.0,0.0,0,,,,TABLET
2075,2075,METRIDA 400MG TAB,1,0.0,0.0,0.0,0,,,,TABLET
2071,2071,METRIDA 500MG 100ML INF,1,0.0,0.0,0.0,0,,,,OTHER
2077,2077,MIRTAZEF 30MG TAB,1,0.0,0.0,0.0,0,,,,TABLET
2076,2076,MIRTAZEP 15MG TAB,1,0.0,0.0,0.0,0,,,,TABLET
2078,2078,MISOCLEAR 200MCG TAB,1,0.0,0.0,0.0,0,,,,TABLET
2079,2079,MISOCLEAR 200MCG TAB,1,0.0,0.0,0.0,0,,,,TABLET
2080,2080,MOLIZA 400MG TAB,1,0.0,0.0,0.0,0,,,,TABLET
2082,2082,MONTAZA 10MG TAB,1,0.0,0.0,0.0,0,,,,TABLET
2081,2081,MONTAZA 5MG TAB,1,0.0,0.0,0.0,0,,,,TABLET
2072,2072,MTRIDA 400MG TAB,1,0.0,0.0,0.0,0,,,,TABLET
2083,2083,MUSELAX 100MG 5ML INJ,1,0.0,0.0,0.0,0,,,,INJECTION
2084,2084,MUSELUX 50MG INJ,1,0.0,0.0,0.0,0,,,,INJECTION
2085,2085,MVEM-21 150MG CAP,1,0.0,0.0,0.0,0,,,,CAPSULE
2087,2087,NAFTROL 500MG TAB,1,0.0,0.0,0.0,0,,,,TABLET
2086,2086,NAPTROL 250MG TAB,1,0.0,0.0,0.0,0,,,,TABLET
2088,2088,NARASIS 5MG TAB,1,0.0,0.0,0.0,0,,,,TABLET
2089,2089,NARASIS 5MG TAB,1,0.0,0.0,0.0,0,,,,TABLET
2090,2090,NEO-K 500MG TABSR,1,0.0,0.0,0.0,0,,,,TABLET
2091,2091,NEOFE FOLIC 150MG TAB,1,0.0,0.0,0.0,0,,,,TABLET
2092,2092,NEZATON 1000MCG 3ML INJ,1,0.0,0.0,0.0,0,,,,INJECTION
2093,2093,NICOSUR 250MG TAB,1,0.0,0.0,0.0,0,,,,TABLET
2094,2094,NICOSUR 500MG TAB,1,0.0,0.0,0.0,0,,,,TABLET
2095,2095,NIFEDIL 10MG CAP,1,0.0,0.0,0.0,0,,,,CAPSULE
2096,2096,NIFEDIL 10MG CAP,1,0.0,0.0,0.0,0,,,,CAPSULE
2097,2097,NIFEDIL S.G 10MG CAP,1,0.0,0.0,0.0,0,,,,CAPSULE
2098,2098,NIFEDIL-XL 30MG TAB,1,0.0,0.0,0.0,0,,,,TABLET
2099,2099,NIMZA 3MG TAB,1,0.0,0.0,0.0,0,,,,TABLET
2100,2100,NITROSUST 2.6MG TAB SR,1,0.0,0.0,0.0,0,,,,TABLET
2101,2101,NITROSUST 6.4MG TABSR,1,0.0,0.0,0.0,0,,,,TABLET
4097,4097,NORGYAN TAB,1,119.25,103.7,103.7,0,,,,TABLET
2103,2103,NORIFAM 1ML INJ,1,0.0,0.0,0.0,0,,,,INJECTION
2104,2104,OFLOBIOTIC 200MG TAB,1,0.0,0.0,0.0,0,,,,TABLET
2105,2105,ONDIMETIC 2MG 4ML INJ,1,0.0,0.0,0.0,0,,,,INJECTION
2106,2106,ORAZAF 3.5G SACHET,1,0.0,0.0,0.0,0,,,,SACHET
2107,2107,ORBACARFINE EYE DROPS 5ML,1,0.0,0.0,0.0,0,,,,DROPS
2108,2108,ORBACHLOR  10ML EYE ROPS,1,0.0,0.0,0.0,0,,,,OTHER
2109,2109,ORBACIN EYE DROPS 5ML,1,0.0,0.0,0.0,0,,,,DROPS
2110,2110,ORBACLEAR 7.5ML EYE DROPS,1,0.0,0.0,0.0,0,,,,DROPS
2111,2111,ORBAFLOUR 5ML EYE DROP,1,0.0,0.0,0.0,0,,,,DROPS
2112,2112,ORBALEPH 5L EDROPS,1,0.0,0.0,0.0,0,,,,DROPS
2113,2113,ORBANAPH 10ML EYE DROPS,1,0.0,0.0,0.0,0,,,,DROPS
2115,2115,ORBATROL 3.5G EYE OINTMENT,1,0.0,0.0,0.0,0,,,,CREAM
2114,2114,ORBATROL 5ML EYE DROPS,1,0.0,0.0,0.0,0,,,,DROPS
2116,2116,ORBATROPIN 15ML EYE DROPS,1,0.0,0.0,0.0,0,,,,DROPS
2117,2117,ORBATROPIN 7.5ML EYE DROPS,1,0.0,0.0,0.0,0,,,,DROPS
2118,2118,ORBETAM 10ML EAR DROPS,1,0.0,0.0,0.0,0,,,,DROPS
2119,2119,ORBETAM 10ML EYE DROPS,1,0.0,0.0,0.0,0,,,,DROPS
2120,2120,ORBETAM 10ML NASAL DROPS,1,0.0,0.0,0.0,0,,,,DROPS
2123,2123,ORBETAM-M  10ML NASAL DROPS,1,0.0,0.0,0.0,0,,,,DROPS
2122,2122,ORBETAM-N 10ML EYE DROPS,1,0.0,0.0,0.0,0,,,,DROPS
2121,2121,ORBETAN-N 10ML EAR DROPS,1,0.0,0.0,0.0,0,,,,DROPS
2124,2124,ORBUNOL 5ML EYE DROPS,1,0.0,0.0,0.0,0,,,,DROPS
2125,2125,OROXIZAF 125MG 60ML SUSP,1,0.0,0.0,0.0,0,,,,SYRUP
2126,2126,OSTANVIR- FLU 75MG CAP,1,0.0,0.0,0.0,0,,,,CAPSULE
2127,2127,OVLOGYN 5MG 60ML SUSP,1,0.0,0.0,0.0,0,,,,SYRUP
2128,2128,PARA 4 KIDS 120MG 60ML SUSP,1,0.0,0.0,0.0,0,,,,SYRUP
2129,2129,PARA 6+ 250MG 450ML SUSP,1,0.0,0.0,0.0,0,,,,SYRUP
2130,2130,PARA 6+ 250MG 60ML SUSP,1,0.0,0.0,0.0,0,,,,SYRUP
2133,2133,PERITOZAF 1000ML SOLN,1,0.0,0.0,0.0,0,,,,OTHER
2134,2134,PHENDIA 10MG TAB,1,0.0,0.0,0.0,0,,,,TABLET
2135,2135,PICOZ 5MG TAB,1,0.0,0.0,0.0,0,,,,TABLET
2136,2136,PICOZ 7.5MG 15ML DROPS,1,0.0,0.0,0.0,0,,,,DROPS
2137,2137,PLATAGG-1 75MG TAB,1,0.0,0.0,0.0,0,,,,TABLET
2138,2138,POLYZAF 500IU/G 4G OINT,1,0.0,0.0,0.0,0,,,,CREAM
2139,2139,POLYZAF 500IU/G 6G OINT,1,0.0,0.0,0.0,0,,,,CREAM
2140,2140,PROCHOLIDIN 5MG TAB,1,0.0,0.0,0.0,0,,,,TABLET
2141,2141,PROCTOLOG 10G OINT,1,0.0,0.0,0.0,0,,,,CREAM
2142,2142,PROCTOLOG 20G OINT,1,0.0,0.0,0.0,0,,,,CREAM
2143,2143,PROLFER 3MIU INJ VIAL,1,0.0,0.0,0.0,0,,,,INJECTION
2145,2145,PROPOFOL 10MG INJ,1,0.0,0.0,0.0,0,,,,INJECTION
2144,2144,PROPOLOL 10MG INJ,1,0.0,0.0,0.0,0,,,,INJECTION
2152,2152,RAFAMPICIN 450MG CAP,1,0.0,0.0,0.0,0,,,,CAPSULE
2146,2146,RELAXTRON 10MG 2.5ML INJ,1,0.0,0.0,0.0,0,,,,INJECTION
2153,2153,RIFAMPICIN 100MG 60ML SYRUP,1,0.0,0.0,0.0,0,,,,SYRUP
2149,2149,RIFAMPICIN 150MG CAP,1,0.0,0.0,0.0,0,,,,CAPSULE
2148,2148,RIFAMPICIN 300MG CAP,1,0.0,0.0,0.0,0,,,,CAPSULE
2151,2151,RIFAMPICIN 300MG CAP,1,0.0,0.0,0.0,0,,,,CAPSULE
2147,2147,RIFAMPICIN 450MG CAP,1,0.0,0.0,0.0,0,,,,CAPSULE
2154,2154,RIFAMPICIN+INH 150MG CAP,1,0.0,0.0,0.0,0,,,,CAPSULE
2150,2150,RIFAPICIN 150MG CAP,1,0.0,0.0,0.0,0,,,,CAPSULE
2155,2155,ROXYFROG DEPO 150MG 1ML INJ,1,0.0,0.0,0.0,0,,,,INJECTION
2157,2157,RUSCORECTOL 0.8%W/W 15G OINT,1,0.0,0.0,0.0,0,,,,CREAM
2156,2156,S T  MOM 200MCG TAB,1,175.55,152.65,152.65,13,,,,TABLET
2158,2158,SERAZYME 5MG TAB,1,0.0,0.0,0.0,0,,,,TABLET
2159,2159,SIMVAZAF 10MG TAB,1,0.0,0.0,0.0,0,,,,TABLET
2160,2160,SIMVAZAF 20MG  TAB,1,0.0,0.0,0.0,0,,,,TABLET
2161,2161,SOBICARB 8.4%W/V INJ,1,0.0,0.0,0.0,0,,,,INJECTION
2162,2162,SOBICARB 8.4W/V INJ,1,0.0,0.0,0.0,0,,,,INJECTION
2163,2163,SOBICARB INJ,1,0.0,0.0,0.0,0,,,,INJECTION
2164,2164,SOBICARB INJ,1,0.0,0.0,0.0,0,,,,INJECTION
2165,2165,SOBICARB INJ,1,0.0,0.0,0.0,0,,,,INJECTION
3307,3307,SODAZAF SACHET,1,205.84,178.99,178.99,0,,,,SACHET
2167,2167,SORBIMON 20MG TAB,1,0.0,0.0,0.0,0,,,,TABLET
2168,2168,SORBIMON 20MG TAB,1,0.0,0.0,0.0,0,,,,TABLET
2169,2169,STMOM 200MCG TAB,1,0.0,0.0,0.0,0,,,,TABLET
2170,2170,STMOM 25MCG TAB,1,0.0,0.0,0.0,0,,,,TABLET
2172,2172,SUCEFTA 1G INJ,1,0.0,0.0,0.0,0,,,,INJECTION
2171,2171,SULCEFTA 500MG INJ,1,0.0,0.0,0.0,0,,,,INJECTION
2173,2173,TESMIC 0.3MG 60ML SYRUP,1,0.0,0.0,0.0,0,,,,SYRUP
2174,2174,TESMIC 2.5MG TAB,1,0.0,0.0,0.0,0,,,,TABLET
2176,2176,TESTONON 1ML INJ,1,0.0,0.0,0.0,0,,,,INJECTION
2175,2175,TIBOPAUSE 2.5MG TAB,1,0.0,0.0,0.0,0,,,,TABLET
2177,2177,URIVOX 100MG TAB,1,0.0,0.0,0.0,0,,,,TABLET
2178,2178,VADORAL 400U CAP,1,30.18,26.24,26.24,31,,,,CAPSULE
2180,2180,VASOLOID 10MG 60ML ORAL SOLN,1,0.0,0.0,0.0,0,,,,OTHER
2181,2181,VITALYSINE  120ML SYRUP,1,0.0,0.0,0.0,0,,,,SYRUP
2183,2183,VOFLOZA 250MG TAB,1,0.0,0.0,0.0,0,,,,TABLET
2182,2182,VOFLOZA 500MG TAB,1,0.0,0.0,0.0,0,,,,TABLET
409,409,XYNOSINE SPRAY,1,68.92,59.93,59.93,13,,,,INHALER
2184,2184,YES 2 ZINC 60ML SUSP,1,0.0,0.0,0.0,0,,,,SYRUP
2185,2185,ZACLAZIDDE 80MG TAB,1,0.0,0.0,0.0,0,,,,TABLET
2186,2186,ZACLOVIR 10G CREAM,1,0.0,0.0,0.0,0,,,,CREAM
2187,2187,ZACLOVIR 200MG CAP,1,0.0,0.0,0.0,0,,,,CAPSULE
2189,2189,ZAFACAIN 1G VAIL INJ,1,0.0,0.0,0.0,0,,,,INJECTION
2188,2188,ZAFACAIN 500MG VAIL INJ,1,0.0,0.0,0.0,0,,,,INJECTION
2193,2193,ZAFALEXIN 125MG 60ML SUSP,1,0.0,0.0,0.0,0,,,,SYRUP
2194,2194,ZAFALEXIN 250MG 60ML SUSP,1,0.0,0.0,0.0,0,,,,SYRUP
2190,2190,ZAFALEXIN 250MG CAP,1,0.0,0.0,0.0,0,,,,CAPSULE
2191,2191,ZAFALEXIN 250MG CAP,1,0.0,0.0,0.0,0,,,,CAPSULE
2192,2192,ZAFALEXIN 500MG CAP,1,0.0,0.0,0.0,0,,,,CAPSULE
194,194,ZAFIXIME 1GM INJ,1,138.0,120.0,120.0,10,,,,INJECTION
193,193,ZAFIXIME 250MG INJ,1,71.3,62.0,62.0,84,,,,INJECTION
192,192,ZAFIXIME 500MG INJ,1,78.2,68.0,68.0,122,,,,INJECTION
2196,2196,ZAFQUIN 300MG 2ML INJ,1,0.0,0.0,0.0,0,,,,INJECTION
2200,2200,ZAFTOLIN 100MCG/ACTU INHALER,1,0.0,0.0,0.0,0,,,,INHALER
2197,2197,ZAFTOLIN 2MG 60ML SYRUP,1,0.0,0.0,0.0,0,,,,SYRUP
2198,2198,ZAFTOLIN 2MG TAB,1,0.0,0.0,0.0,0,,,,TABLET
2199,2199,ZAFTOLIN 4MG TAB,1,0.0,0.0,0.0,0,,,,TABLET
2195,2195,ZAFTOLIN 5MG 20ML SOLN,1,0.0,0.0,0.0,0,,,,OTHER
2201,2201,ZAFUROX 250MG INJ,1,0.0,0.0,0.0,0,,,,INJECTION
2202,2202,ZAFUROX 750MG INJ,1,0.0,0.0,0.0,0,,,,INJECTION
2203,2203,ZAFVIL 25MG 2ML INJ,1,0.0,0.0,0.0,0,,,,INJECTION
2204,2204,ZALMO 5MG TAB,1,0.0,0.0,0.0,0,,,,TABLET
2208,2208,ZAMCLAV  500MG INJ,1,0.0,0.0,0.0,0,,,,INJECTION
2205,2205,ZAMLO-H 5MG TAB,1,0.0,0.0,0.0,0,,,,TABLET
2212,2212,ZAMOCLAV  875MG TAB,1,0.0,0.0,0.0,0,,,,TABLET
2207,2207,ZAMOCLAV 125MG 60ML SYP,1,0.0,0.0,0.0,0,,,,SYRUP
2209,2209,ZAMOCLAV 1G INJ,1,0.0,0.0,0.0,0,,,,INJECTION
2206,2206,ZAMOCLAV 250MG 60ML SYP,1,0.0,0.0,0.0,0,,,,SYRUP
2210,2210,ZAMOCLAV 250MG TAB,1,0.0,0.0,0.0,0,,,,TABLET
2211,2211,ZAMOCLAV 500MG TAB,1,0.0,0.0,0.0,0,,,,TABLET
2213,2213,ZAMPICILLIN 125MG 60ML SYP,1,0.0,0.0,0.0,0,,,,SYRUP
2216,2216,ZAMPICILLIN 1G INJ,1,0.0,0.0,0.0,0,,,,INJECTION
2214,2214,ZAMPICILLIN 250MG CAP,1,0.0,0.0,0.0,0,,,,CAPSULE
2218,2218,ZAMPICILLIN 250MG INJ,1,2.3,2.0,2.0,0,,,,INJECTION
2215,2215,ZAMPICILLIN 500MG CAP,1,0.0,0.0,0.0,0,,,,CAPSULE
2217,2217,ZAMPICILLIN 500MG INJ,1,0.0,0.0,0.0,0,,,,INJECTION
2219,2219,ZAMPILOX 125MG 60ML SYP,1,0.0,0.0,0.0,0,,,,SYRUP
2221,2221,ZAMPILOX 125MG CAP,1,0.0,0.0,0.0,0,,,,CAPSULE
2222,2222,ZAMPILOX 125MG CAP,1,0.0,0.0,0.0,0,,,,CAPSULE
2220,2220,ZAMPILOX 125MG SYP,1,0.0,0.0,0.0,0,,,,SYRUP
2223,2223,ZAMPILOX 250MG CAP,1,0.0,0.0,0.0,0,,,,CAPSULE
2224,2224,ZAMPRA 20MG CAP,1,0.0,0.0,0.0,0,,,,CAPSULE
2226,2226,ZANCLOR 125MG 60ML SYP,1,0.0,0.0,0.0,0,,,,SYRUP
2227,2227,ZANCLOR 250MG 60ML SUSP,1,0.0,0.0,0.0,0,,,,SYRUP
2225,2225,ZANCLOR 250MG CAP,1,0.0,0.0,0.0,0,,,,CAPSULE
2228,2228,ZANSULIN 100IU ML 10ML INJ,1,0.0,0.0,0.0,0,,,,INJECTION
2229,2229,ZANSULIN NPH  10ML INJ,1,0.0,0.0,0.0,0,,,,INJECTION
2230,2230,ZANSULIN RENGULAR 100IU ML 10M,1,0.0,0.0,0.0,0,,,,OTHER
2232,2232,ZATRANEX 250MG 5ML INJ,1,0.0,0.0,0.0,0,,,,INJECTION
2231,2231,ZATRANEX 250MG CAP,1,0.0,0.0,0.0,0,,,,CAPSULE
2233,2233,ZAUXIT 20MG CAP,1,0.0,0.0,0.0,0,,,,CAPSULE
2245,2245,ZAVERA 40MG TAB,1,0.0,0.0,0.0,0,,,,TABLET
2244,2244,ZAVIRA 240MG TABSR,1,0.0,0.0,0.0,0,,,,TABLET
2248,2248,ZEFTROX 1G INJ,1,0.0,0.0,0.0,0,,,,INJECTION
2246,2246,ZEFTROX 250MG INJ,1,80.5,70.0,70.0,0,,,,INJECTION
2247,2247,ZEFTROX 500MG INJ,1,103.5,90.0,90.0,0,,,,INJECTION
2254,2254,ZESCAP 200MG SOFTCAP,1,0.0,0.0,0.0,0,,,,CAPSULE
2250,2250,ZESCAP 400MG SOFT CAP,1,145.66,126.66,126.66,0,,,,CAPSULE
2253,2253,ZESCAP 600MG SOFTCAP,1,0.0,0.0,0.0,0,,,,CAPSULE
2259,2259,ZESVIT M S.G 500MG SOFTCAP,1,0.0,0.0,0.0,0,,,,CAPSULE
2256,2256,ZESVIT S.G  500MG SOFTCAP,1,0.0,0.0,0.0,0,,,,CAPSULE
2257,2257,ZESVIT S.G 500MG CAP SOFTCAP,1,0.0,0.0,0.0,0,,,,CAPSULE
2258,2258,ZESVIT-M S.G 500MG SOFT CAP,1,0.0,0.0,0.0,0,,,,CAPSULE
2260,2260,ZF C 500MG SACHET,1,0.0,0.0,0.0,0,,,,SACHET
2261,2261,ZICLIODIN 250MG TAB,1,0.0,0.0,0.0,0,,,,TABLET
2266,2266,ZIFAZOME 1G INJ,1,0.0,0.0,0.0,0,,,,INJECTION
2267,2267,ZIFAZOME 250MG INJ,1,0.0,0.0,0.0,0,,,,INJECTION
2268,2268,ZIFAZOME 500MG INJ,1,0.0,0.0,0.0,0,,,,INJECTION
2270,2270,ZIFENTA 250MG INJ,1,0.0,0.0,0.0,0,,,,INJECTION
2269,2269,ZIFENTA 500MG INJ,1,0.0,0.0,0.0,0,,,,INJECTION
525,525,ZIMES 20MG CAP,1,64.97,56.5,56.5,0,,,,CAPSULE
2262,2262,ZIMES 40MG CAP,1,0.0,0.0,0.0,0,,,,CAPSULE
2263,2263,ZINDIGI 10MG TAB,1,0.0,0.0,0.0,0,,,,TABLET
2264,2264,ZINDIGI 10MG TAB,1,0.0,0.0,0.0,0,,,,TABLET
2265,2265,ZINDIGI 20MG TAB,1,0.0,0.0,0.0,0,,,,TABLET
2271,2271,ZIPENTA 1G INJ,1,0.0,0.0,0.0,0,,,,INJECTION
283,283,ZODIP 5MG TAB,1,38.97,33.89,33.89,80,,,,TABLET
2272,2272,ZORAT 10MG TAB,1,0.0,0.0,0.0,0,,,,TABLET
2273,2273,ZOSARTAN-K 50MG TAB,1,0.0,0.0,0.0,0,,,,TABLET
2277,2277,ZOXICILLIN  250MG CAP,1,31.05,27.0,27.0,0,,,,CAPSULE
2280,2280,ZOXICILLIN 125MG 60ML SUSPENSI,1,0.0,0.0,0.0,0,,,,SYRUP
633,633,ZOXICILLIN 125MG SYP,1,35.65,31.0,31.0,0,,,,SYRUP
2274,2274,ZOXICILLIN 1G INJ,1,0.0,0.0,0.0,0,,,,INJECTION
2276,2276,ZOXICILLIN 250MG INJ,1,16.1,14.0,14.0,0,,,,INJECTION
380,380,ZOXICILLIN 250MG SYP,1,111.11,96.62,96.62,0,,,,SYRUP
2278,2278,ZOXICILLIN 500MG CAP,1,101.2,88.0,88.0,0,,,,CAPSULE
2275,2275,ZOXICILLIN 500MG INJ,1,0.0,0.0,0.0,0,,,,INJECTION
2279,2279,ZOXICILLIN DROPS,1,40.25,35.0,35.0,0,,,,DROPS
2281,2281,ZUSELAX 100MG 5ML INJ,1,0.0,0.0,0.0,0,,,,INJECTION
2282,2282,ZUSELAX 50MG INJ,1,0.0,0.0,0.0,0,,,,INJECTION
5311,5311,ALLERPHENE 4MG TAB,1,6.21,5.4,5.4,86,,,,TABLET
679,679,CALCIUM-P SYP 60ML,1,178.25,155.0,155.0,81,,,,SYRUP
4203,4203,CEFIMAX 200MG SYP,1,0.0,0.0,0.0,0,,,,SYRUP
4135,4135,CEZINE 60ML SYP,1,27.6,24.0,24.0,0,,,,SYRUP
496,496,CRAMOLA SACHES P H D,1,12.07,10.5,10.5,65,,,,SACHET
286,286,FRU VITAMIN TAB SOFGEL,1,103.5,90.0,90.0,0,,,,TABLET
3229,3229,KUIN 250MG TAB,1,74.75,65.0,65.0,0,,,,TABLET
4061,4061,KUIN-250MG SYP,1,97.75,85.0,85.0,0,,,,SYRUP
696,696,MECAMIN ING 500MG P.D.H,1,71.3,62.0,62.0,0,,,,OTHER
3290,3290,PD CEF 250MG INJ,1,67.62,58.8,58.8,16,,,,INJECTION
3288,3288,PD CEF 500MG INJ,1,85.65,74.48,74.48,22,,,,INJECTION
3289,3289,PD CEF IG INJ,1,113.85,99.0,99.0,20,,,,INJECTION
4155,4155,PD-MEEK INJ,1,11.5,10.0,10.0,0,,,,INJECTION
3255,3255,PDVIT TAB,1,63.25,55.0,55.0,0,,,,TABLET
4746,4746,SCAB 60ML LOTION,1,124.2,108.0,108.0,0,,,,CREAM
4810,4810,SCAB SOAP,1,109.25,95.0,95.0,0,,,,OTHER
4644,4644,INDRROP D INJ,1,287.59,250.08,250.08,9,,,,INJECTION
4999,4999,NEUTROMIN 500MG INJ,1,13.8,12.0,12.0,0,,,,INJECTION
364,364,OMENEU 20 MG CAP,1,98.9,86.0,86.0,0,,,,CAPSULE
3249,3249,VEXA 1GM  INJ,1,74.75,65.0,65.0,0,,,,INJECTION
3247,3247,VEXA 250MG INJ,1,37.95,33.0,33.0,0,,,,INJECTION
3248,3248,VEXA 500MG INJ,1,48.3,42.0,42.0,0,,,,INJECTION
362,362,CEVAL 250MG TAB,1,44.85,39.0,39.0,0,,,,TABLET
2556,2556,NOVAEDAXIN 500MG TAB,1,55.2,48.0,48.0,0,,,,TABLET
4643,4643,NOVEMOL 100ML INF,1,95.45,83.0,83.0,0,,,,OTHER
361,361,ROZOLE 250MG TAB,1,36.8,32.0,32.0,0,,,,TABLET
359,359,ROZOLE 500MG TAB,1,54.05,47.0,47.0,0,,,,TABLET
2693,2693,APOCLOX 250MG INJ,1,80.5,70.0,70.0,36,,,,INJECTION
2427,2427,FERRODIN INJ,1,41.4,36.0,36.0,0,,,,INJECTION
4060,4060,KUIN-125MG SYP,1,74.75,65.0,65.0,0,,,,SYRUP
358,358,VIBION INJ,1,304.75,265.0,265.0,31,,,,INJECTION
2564,2564,ABOCAL TAB,1,166.75,145.0,145.0,0,,,,TABLET
319,319,ARINAC 200MG TAB,1,65.71,57.14,57.14,50,,,,TABLET
325,325,ARINAC FORTE TAB,1,143.69,124.95,124.95,78,,,,TABLET
603,603,ARINAC SYP 120ML,1,172.43,149.94,149.94,47,,,,SYRUP
28,28,BRUFEN 120ML SYP,1,127.7,111.04,111.04,152,,,,SYRUP
4258,4258,BRUFEN 200MG TAB,1,42.79,37.21,37.21,15,,,,TABLET
327,327,BRUFEN 400MG TAB 25X1,1,27.54,23.95,23.95,0,,,,TABLET
641,641,BRUFEN DS SYP,1,116.78,101.55,101.55,36,,,,SYRUP
2452,2452,BURNOL CREAM,1,30.27,26.32,26.32,0,,,,CREAM
4140,4140,CECON DROPS,1,154.18,134.07,134.07,3,,,,DROPS
4247,4247,CECON TAB,1,180.19,156.69,156.69,0,,,,TABLET
329,329,CITRO SODA 1X20,1,29.69,25.82,25.82,115,,,,OTHER
3457,3457,COFCOL 120ML SYP ABBOTT,1,68.77,59.8,59.8,0,,,,SYRUP
176,176,CREMAFFIN 120ML SYP,1,178.02,154.8,154.8,3,,,,SYRUP
175,175,DIJEX-MP 120ML SYP,1,182.01,158.27,158.27,16,,,,SYRUP
2379,2379,DUPHALAC 120ML SYP,1,312.73,271.94,271.94,3,,,,SYRUP
2680,2680,ENOXABID 400MG TAB,1,799.11,694.88,694.88,0,,,,TABLET
2520,2520,ENTAMIZOLE 90ML SYP,1,143.69,124.95,124.95,36,,,,SYRUP
2519,2519,ENTAMIZOLE TAB,1,82.04,71.34,71.34,0,,,,TABLET
239,239,EPIVAL 250MG TAB,1,91.68,79.72,79.72,9,,,,TABLET
449,449,EPIVAL 500MG TAB,1,229.44,199.51,199.51,19,,,,TABLET
2765,2765,IBERET 120ML SYP,1,179.05,155.7,155.7,7,,,,SYRUP
462,462,IBERET 500 GRADUMET TAB,1,364.02,316.54,316.54,0,,,,TABLET
2380,2380,KLARICID 60ML 125MG SYP,1,561.18,487.98,487.98,0,,,,SYRUP
5319,5319,OPTILETS M TAB,1,326.37,283.8,283.8,0,,,,TABLET
2391,2391,SILLIVER 120ML SYP,1,287.38,249.9,249.9,6,,,,SYRUP
334,334,SILLIVER 200MG TAB,1,498.13,433.16,433.16,0,,,,TABLET
2399,2399,SUGER STRIP VIVACHEK,1,21.85,19.0,19.0,0,,,,OTHER
1582,1582,URIXIN 400MG TAB,1,140.64,122.3,122.3,0,,,,TABLET
399,399,VIDAYLIN-L SYP,1,1.15,1.0,1.0,0,,,,SYRUP
316,316,VIDAYLIN-M SYP,1,99.53,86.55,86.55,0,,,,SYRUP
350,350,TARGET-3 CAP,1,207.0,180.0,180.0,1,,,,CAPSULE
2437,2437,COLDREX 120ML SYP,1,126.35,109.87,109.87,16,,,,SYRUP
2919,2919,COLDREX TAB,1,43.64,37.95,37.95,57,,,,TABLET
2631,2631,COLDREX-E 120ML SYP,1,88.54,76.99,76.99,0,,,,SYRUP
389,389,RIOMED 125MG SYP,1,218.5,190.0,190.0,0,,,,SYRUP
360,360,IBUPED 90ML SYP,1,28.75,25.0,25.0,0,,,,SYRUP
378,378,MOLIMAX 60ML SYP,1,43.7,38.0,38.0,25,,,,SYRUP
388,388,DETRAN-P 75MG TAB,1,24.15,21.0,21.0,0,,,,TABLET
370,370,SEA BERRY POUCHES,1,86.25,75.0,75.0,0,,,,OTHER
345,345,SUPPLEMENT-M,1,573.8,498.96,498.96,0,,,,SUPPOSITORY
353,353,ZAHIVIT 240ML SYP,1,74.75,65.0,65.0,0,,,,SYRUP
5313,5313,ZETRUM TAB,1,126.5,110.0,110.0,0,,,,TABLET
372,372,ACZON 500MG INJ,1,93.36,81.18,81.18,0,,,,INJECTION
5412,5412,BEGENT 15GM CREAM,1,71.3,62.0,62.0,10,,,,CREAM
4324,4324,E-REL 1GM INJ,1,118.38,102.94,102.94,0,,,,INJECTION
4325,4325,E-REL 2GM INJ,1,188.96,164.31,164.31,0,,,,INJECTION
4323,4323,E-REL 500MG INJ,1,88.78,77.2,77.2,0,,,,INJECTION
5045,5045,ECOGAB 75MG TAB,1,135.7,118.0,118.0,0,,,,TABLET
4328,4328,ESOPEP 40MG INJ,1,118.45,103.0,103.0,0,,,,INJECTION
4858,4858,FLEXIRIL DS SYP,1,211.76,184.14,184.14,0,,,,SYRUP
4327,4327,FUNGICURE 150MG CAP,1,62.62,54.45,54.45,0,,,,CAPSULE
5204,5204,G-FER 100MG INJ,1,101.2,88.0,88.0,0,,,,INJECTION
4767,4767,MECOMED 500MG INJ,1,13.8,12.0,12.0,48,,,,INJECTION
415,415,MECOMID 500MG TAB,1,22.88,19.9,19.9,0,,,,TABLET
4329,4329,MOBICAM 25MG GEL,1,73.99,64.34,64.34,0,,,,CREAM
2524,2524,P-CYCLO 20MG TAB,1,64.4,56.0,56.0,0,,,,TABLET
487,487,PELTON C 120ML SYP,1,190.62,165.76,165.76,16,,,,SYRUP
367,367,PROTOLE 20MG CAP,1,51.84,45.08,45.08,0,,,,CAPSULE
4326,4326,PROTOLE 40MG CAP,1,81.96,71.27,71.27,0,,,,CAPSULE
405,405,RAMA-D INJ,1,25.76,22.4,22.4,24,,,,INJECTION
363,363,DE-ARTHO 100MG CAP,1,64.4,56.0,56.0,0,,,,CAPSULE
383,383,CEFMARK 500MG INJ,1,41.4,36.0,36.0,0,,,,INJECTION
340,340,IRON-FER INJ 1X5,1,97.75,85.0,85.0,0,,,,INJECTION
431,431,UNI STROPER 100MG ING,1,49.45,43.0,43.0,0,,,,OTHER
3261,3261,BARRISAL 175ML SYP,1,128.8,112.0,112.0,0,,,,SYRUP
4795,4795,BAZURI (BARID)   800ML,1,419.75,365.0,365.0,1,,,,OTHER
3263,3263,CARMINA PLUS TAB,1,60.82,52.89,52.89,0,,,,TABLET
1210,1210,GHUTTI 60ML SYP HAMDARD,1,103.5,90.0,90.0,12,,,,SYRUP
3188,3188,ISPAGHOL 25GM,1,174.8,152.0,152.0,7,,,,OTHER
3187,3187,ISPAGHOL JAR 100GM,1,569.25,495.0,495.0,0,,,,OTHER
3260,3260,KHUBAN 175ML SYP,1,121.65,105.78,105.78,0,,,,SYRUP
406,406,NAUNEHAL SYP,1,112.41,97.75,97.75,13,,,,SYRUP
29,29,SAFI 175ML SYP,1,215.83,187.68,187.68,10,,,,SYRUP
684,684,SUALIN TAB,1,10.58,9.2,9.2,0,,,,TABLET
2392,2392,SUDURI 120ML SYP,1,128.8,112.0,112.0,0,,,,SYRUP
4707,4707,SUPARI PAK 120GM,1,212.75,185.0,185.0,0,,,,OTHER
3259,3259,TUNSUKH 175ML SYP,1,162.15,141.0,141.0,0,,,,SYRUP
5249,5249,ARSODAZOLE-DS TAB,1,27.83,24.2,24.2,115,,,,TABLET
369,369,ZINCO PLASTER,1,34.5,30.0,30.0,0,,,,OTHER
5252,5252,APPO 120ML SYP,1,63.25,55.0,55.0,34,,,,SYRUP
4226,4226,APPRID 2MG TAB,1,152.49,132.6,132.6,3,,,,TABLET
5251,5251,AWABOAN 120ML SYP,1,64.4,56.0,56.0,23,,,,SYRUP
5341,5341,AWAFER 120ML SYP,1,64.4,56.0,56.0,1,,,,SYRUP
2929,2929,BON M SOFT GEL,1,87.4,76.0,76.0,0,,,,CREAM
2529,2529,ESALPRAM 10MG TAB,1,195.5,170.0,170.0,0,,,,TABLET
5416,5416,GASTACID 120ML SYP,1,63.25,55.0,55.0,46,,,,SYRUP
4336,4336,HEVOCRAN SACHETS,1,9.77,8.5,8.5,0,,,,SACHET
376,376,RAPIDON 10MG TAB,1,56.35,49.0,49.0,0,,,,TABLET
4570,4570,USAFEX 75MG TAB,1,189.19,164.51,164.51,0,,,,TABLET
4866,4866,USAVIT TAB,1,132.25,115.0,115.0,0,,,,TABLET
4915,4915,DEXCIP DROP,1,143.89,125.12,125.12,0,,,,DROPS
5112,5112,CEFAMAX-DS SYP,1,138.0,120.0,120.0,0,,,,SYRUP
4131,4131,IMCIT INJ,1,14.95,13.0,13.0,0,,,,INJECTION
4611,4611,JIAX 1GM INJ,1,96.6,84.0,84.0,0,,,,INJECTION
4111,4111,NEOCOBAL 0.5MG TAB,1,12.65,11.0,11.0,0,,,,TABLET
4996,4996,ONDISON 8MG TAB,1,63.25,55.0,55.0,0,,,,TABLET
5047,5047,PULCON 150MG CAP,1,47.15,41.0,41.0,0,,,,CAPSULE
390,390,VITA-D INJ,1,24.15,21.0,21.0,0,,,,INJECTION
379,379,AKSOSEF 1000MG INJ,1,56.35,49.0,49.0,0,,,,INJECTION
368,368,NORAN 20MG CAP,1,35.65,31.0,31.0,0,,,,CAPSULE
335,335,HEALTH 3CC SYRINGE,1,3.45,3.0,3.0,0,,,,OTHER
336,336,ZINDAGI 5CC SYRINGES,1,6.9,6.0,6.0,0,,,,OTHER
424,424,ACTIDIL SYP,1,116.52,101.32,101.32,52,,,,SYRUP
4204,4204,ACTIFED DM SYP,1,146.22,127.15,127.15,0,,,,SYRUP
2900,2900,ACTIFED- P SYP,1,200.1,174.0,174.0,0,,,,SYRUP
2939,2939,ACTIFED-P COLD TAB,1,24.7,21.48,21.48,0,,,,TABLET
2359,2359,AMOXIL 125MG SYP,1,128.79,111.99,111.99,17,,,,SYRUP
720,720,AMOXIL 250MG CAP,1,10.19,8.86,8.86,251,,,,CAPSULE
721,721,AMOXIL 500MG CAP,1,18.2,15.83,15.83,310,,,,CAPSULE
643,643,AMOXIL DROPS 125MG,1,107.59,93.56,93.56,0,,,,DROPS
644,644,AMOXIL FORTE 250MG SYP,1,190.99,166.08,166.08,3,,,,SYRUP
331,331,AMPICLOX 250MG CAP,1,10.59,9.21,9.21,0,,,,CAPSULE
2767,2767,AMPICLOX 250MG SYP,1,227.75,198.04,198.04,0,,,,SYRUP
332,332,AMPICLOX 500MG CAP,1,20.8,18.09,18.09,250,,,,CAPSULE
2819,2819,AMPICLOX DROP,1,260.65,226.65,226.65,8,,,,INJECTION
430,430,ANGISED TAB,1,1.99,1.73,1.73,180,,,,TABLET
2583,2583,ATARAX 25MG TAB,1,145.27,126.32,126.32,0,,,,TABLET
615,615,AUGMENTIN 156MG SYP,1,367.38,319.46,319.46,8,,,,SYRUP
35,35,AUGMENTIN 375MG TAB,1,257.66,224.05,224.05,15,,,,TABLET
642,642,AUGMENTIN 457MG BD SYP,1,403.51,350.88,350.88,15,,,,SYRUP
285,285,AUGMENTIN 62.5MG/ML DROPS,1,135.7,118.0,118.0,0,,,,DROPS
19,19,AUGMENTIN BD 1G,1,354.63,308.37,308.37,16,,,,OTHER
2948,2948,AUGMENTIN DS 312 SYP,1,576.71,501.49,501.49,0,,,,SYRUP
17,17,AUGMENTTIN 625MG TAB,1,539.92,469.5,469.5,27,,,,TABLET
425,425,BETNELAN TAB,1,46.69,40.6,40.6,20,,,,TABLET
2861,2861,BETNESOL TAB,1,45.84,39.86,39.86,79,,,,TABLET
284,284,BETNESOL- N DROPS,1,116.38,101.2,101.2,5,,,,DROPS
552,552,BETNOVAT N CREAM 20G,1,178.63,155.33,155.33,47,,,,CREAM
553,553,BETNOVATE N ONIT 20G,1,179.68,156.24,156.24,41,,,,OTHER
4782,4782,CAC 1000 LEMON,1,232.93,202.55,202.55,0,,,,OTHER
1,1,CALPOL 100ML  SYP,1,109.1,94.87,94.87,168,,,,SYRUP
754,754,CALPOL 6PLUS SYP,1,118.77,103.28,103.28,34,,,,SYRUP
2866,2866,CALPOL PLUS TAB,1,17.02,14.8,14.8,0,,,,TABLET
2,2,CALPOL TAB 1X20,1,26.71,23.23,23.23,0,,,,TABLET
294,294,CICATRIN POWDER 20G,1,197.43,171.68,171.68,8,,,,SACHET
663,663,CIPVAL 500MG TAB GLAXO,1,297.09,258.34,258.34,0,,,,TABLET
518,518,CLOBEVATE 20G CREAM,1,215.31,187.23,187.23,20,,,,CREAM
517,517,CLOBEVATE 20G OINTMENT,1,210.32,182.89,182.89,0,,,,CREAM
2385,2385,CORTISPORIN 3G EYE OINTMENT,1,97.57,84.84,84.84,8,,,,CREAM
4575,4575,CUTIVTE CREAM,1,255.76,222.4,222.4,0,,,,CREAM
2349,2349,DERMOVATE 20GM OINTNET,1,192.51,167.4,167.4,4,,,,CREAM
2477,2477,DERMOVATE CREAM 20MG,1,198.0,172.17,172.17,13,,,,CREAM
3661,3661,DERMOVATE-NN OINT,1,232.86,202.49,202.49,2,,,,CREAM
298,298,ENO SACHETS,1,19.89,17.3,17.3,452,,,,SACHET
417,417,FEF0L VIT CAP,1,153.97,133.89,133.89,51,,,,CAPSULE
2608,2608,FEFOL CAP,1,57.24,49.77,49.77,0,,,,CAPSULE
437,437,LIDOSPORIN EAR DROPS 5ML,1,117.01,101.75,101.75,49,,,,DROPS
281,281,OTOSPORIN EAR DROPS,1,116.76,101.53,101.53,27,,,,DROPS
2880,2880,PANADOL CF TAB,1,100.05,87.0,87.0,0,,,,TABLET
632,632,PANADOL DROP 20ML,1,94.37,82.06,82.06,16,,,,DROPS
4150,4150,PANADOL EXTEND TAB,1,72.53,63.07,63.07,0,,,,TABLET
196,196,PANADOL EXTRA TAB,1,67.04,58.3,58.3,32,,,,TABLET
195,195,PANADOL TAB,1,34.82,30.28,30.28,969,,,,TABLET
217,217,PIRITON 4MG TAB 1X50,1,12.42,10.8,10.8,0,,,,TABLET
626,626,PIRITON EXP.....SYP,1,57.34,49.86,49.86,0,,,,SYRUP
429,429,POLYFAX EYE IONMENT,1,112.88,98.16,98.16,30,,,,OTHER
4123,4123,POLYFAX PLUS SKIN OINT,1,287.28,249.81,249.81,1,,,,CREAM
610,610,POLYFAX SKIN OINT,1,222.05,193.09,193.09,4,,,,CREAM
1892,1892,SENSODYNE  TOOT FACE ORIGINAL,1,184.0,160.0,160.0,0,,,,OTHER
1894,1894,SENSODYNE F TOOT FACE,1,149.5,130.0,130.0,0,,,,OTHER
1893,1893,SENSODYNE TOTAL CARE TOOT FACE,1,74.75,65.0,65.0,0,,,,OTHER
243,243,SEPTRAN DS SYP,1,99.8,86.78,86.78,55,,,,SYRUP
20,20,SEPTRAN DS TAB 1X10,1,91.34,79.43,79.43,44,,,,TABLET
244,244,SEPTRAN SYP,1,68.48,59.55,59.55,35,,,,SYRUP
2360,2360,SEPTRAN TAB,1,53.52,46.54,46.54,10,,,,TABLET
559,559,SOMOGELL 15GM,1,186.79,162.43,162.43,39,,,,CREAM
2750,2750,THYROXINE 50MG TAB,1,249.92,217.32,217.32,3,,,,TABLET
2634,2634,VELOSEF 125MG SYP,1,254.63,221.42,221.42,0,,,,SYRUP
402,402,VELOSEF 1GM ING,1,641.8,558.09,558.09,1,,,,OTHER
249,249,VELOSEF 250MG CAP,1,359.35,312.48,312.48,2,,,,CAPSULE
404,404,VELOSEF 250MG ING,1,255.79,222.43,222.43,3,,,,OTHER
250,250,VELOSEF 500MG CAP,1,701.81,610.27,610.27,5,,,,CAPSULE
403,403,VELOSEF 500MG ING,1,356.4,309.91,309.91,5,,,,OTHER
2847,2847,VENTOLIN 120ML SYP,1,157.06,136.57,136.57,9,,,,SYRUP
280,280,VENTOLIN 2MG TAB,1,145.47,126.5,126.5,0,,,,TABLET
2816,2816,VENTOLIN 4MG TAB,1,20.93,18.2,18.2,0,,,,TABLET
601,601,VENTOLIN EXP...120ML SYP,1,116.38,101.2,101.2,5,,,,SYRUP
600,600,VENTOLIN SOLUTION 20ML,1,68.55,59.61,59.61,26,,,,OTHER
248,248,ZANTAC 150MG TAB,1,88.39,76.86,76.86,0,,,,TABLET
8,8,ZENTEL 10ML SYP,1,112.5,97.83,97.83,21,,,,SYRUP
266,266,ZENTEL 200MG TAB,1,44.11,38.36,38.36,20,,,,TABLET
2851,2851,ZYRTEC 10MG TAB,1,188.92,164.28,164.28,4,,,,TABLET
4146,4146,CAMFED 20MG CAP,1,26.45,23.0,23.0,0,,,,CAPSULE
3864,3864,CEPHDRO 500MG CAP,1,197.51,171.75,171.75,0,,,,CAPSULE
2812,2812,CERIGEX 60ML SYP,1,32.2,28.0,28.0,47,,,,SYRUP
4141,4141,CERIGEX TAB,1,25.3,22.0,22.0,0,,,,TABLET
5392,5392,EBAFED 10MG TAB,1,51.75,45.0,45.0,2,,,,TABLET
4922,4922,FEDLOX 7.5MG TAB,1,34.5,30.0,30.0,14,,,,TABLET
30,30,FEDRALKA 120ML SYP,1,63.25,55.0,55.0,83,,,,SYRUP
5167,5167,FEKAST 10MG TAB,1,97.75,85.0,85.0,0,,,,TABLET
2561,2561,ZEFED 500MG CAP,1,299.0,260.0,260.0,8,,,,CAPSULE
3243,3243,CEFITEST 100MG SYP,1,63.25,55.0,55.0,0,,,,SYRUP
5124,5124,LANZORIDE INFUSION,1,460.0,400.0,400.0,0,,,,INJECTION
5123,5123,MENCOBAL INJ,1,10.92,9.5,9.5,0,,,,INJECTION
339,339,TREATOFER INJ 1X5,1,86.25,75.0,75.0,0,,,,INJECTION
341,341,COOL FRESH TAB,1,9.2,8.0,8.0,0,,,,TABLET
5394,5394,JAYFER TAB,1,69.0,60.0,60.0,0,,,,TABLET
4839,4839,RIPSIL TAB,1,20.7,18.0,18.0,0,,,,TABLET
322,322,VITAMIN K TAB,1,14.95,13.0,13.0,17,,,,TABLET
343,343,ROMIDOL TAB 1X20,1,11.21,9.75,9.75,0,,,,TABLET
351,351,CIPROFOZ 250MG SYP,1,87.4,76.0,76.0,0,,,,SYRUP
5301,5301,FOZIN 60ML SYP,1,34.5,30.0,30.0,0,,,,SYRUP
5250,5250,H2-FOZ 120ML SYP,1,25.3,22.0,22.0,0,,,,SYRUP
5342,5342,HAEMAID 120ML SYP,1,74.75,65.0,65.0,0,,,,SYRUP
5308,5308,ROMY 200MG SYP,1,87.4,76.0,76.0,3,,,,SYRUP
5288,5288,SINURINE 60ML SYP,1,63.25,55.0,55.0,0,,,,SYRUP
355,355,DILOX-M 60ML SYP,1,33.35,29.0,29.0,0,,,,SYRUP
397,397,D/  N/SALIN 500ML,1,65.55,57.0,57.0,96,,,,OTHER
396,396,D/ D/SALIN 500ML,1,51.75,45.0,45.0,0,,,,OTHER
395,395,D/W 500ML,1,82.8,72.0,72.0,112,,,,OTHER
2681,2681,PLADEX 100ML ZEESOL,1,43.7,38.0,38.0,4,,,,OTHER
418,418,CARMINATE 120ML SYP,1,62.67,54.5,54.5,0,,,,SYRUP
467,467,H.PYLORY STOOL STREP,1,143.75,125.0,125.0,0,,,,OTHER
468,468,M.P STREP ACCURATE,1,43.7,38.0,38.0,0,,,,OTHER
466,466,TYPHOID STREP,1,54.05,47.0,47.0,0,,,,OTHER
4751,4751,GLEETAL 5MG TAB,1,92.0,80.0,80.0,0,,,,TABLET
478,478,GLINEXT MR 60MG,1,230.0,200.0,200.0,0,,,,OTHER
5410,5410,CANESTEN 1 TAB,1,177.93,154.72,154.72,2,,,,TABLET
4058,4058,CIPROXIN 250MG TAB,1,288.64,250.99,250.99,0,,,,TABLET
4057,4057,CIPROXIN 500MG TAB,1,508.01,441.75,441.75,0,,,,TABLET
4652,4652,DIANE 35 TAB,1,655.5,570.0,570.0,0,,,,TABLET
582,582,GRAVIBINAN 1ML INJ,1,411.32,357.67,357.67,6,,,,INJECTION
480,480,MICROGYNON ED FE TAB,1,69.0,60.0,60.0,0,,,,TABLET
2479,2479,RESOCHIN TAB NEW,1,27.22,23.67,23.67,0,,,,TABLET
31,31,MIDAZOLE 100ML INJ,1,55.2,48.0,48.0,0,,,,INJECTION
4737,4737,EPLIPSA 500MG TAB,1,608.58,529.2,529.2,0,,,,TABLET
795,795,HI-SPA 40MG TAB,1,0.0,0.0,0.0,0,,,,TABLET
796,796,HI-SPA 80MG TAB,1,0.0,0.0,0.0,0,,,,TABLET
4843,4843,M-ZAM 500MG TAB,1,250.7,218.0,218.0,16,,,,TABLET
4725,4725,NOGERD 50MG TAB,1,218.57,190.06,190.06,0,,,,TABLET
4732,4732,PRELOFT 100MG TAB,1,879.75,765.0,765.0,0,,,,TABLET
484,484,RECEPT 2MG TAB,1,218.5,190.0,190.0,0,,,,TABLET
485,485,STUGERON FORTE CAP,1,256.14,222.73,222.73,4,,,,CAPSULE
2411,2411,CELL,1,57.5,50.0,50.0,0,,,,OTHER
554,554,H.PYLORI (ACCURATE) 1X40,1,51.75,45.0,45.0,0,,,,OTHER
515,515,HCV+HBS  STREP ACCURATE,1,34.5,30.0,30.0,0,,,,OTHER
598,598,PREGNANCY STRIP (ACCURATE),1,9.77,8.5,8.5,0,,,,OTHER
516,516,TYPHOID KITS ACCURATE,1,96.6,84.0,84.0,0,,,,OTHER
2460,2460,EXICAN 20MG TAB,1,92.0,80.0,80.0,0,,,,TABLET
584,584,MAZIMAX 3MG TAB,1,0.0,0.0,0.0,0,,,,TABLET
583,583,PRAZOLUM 0.5MG TAB,1,105.8,92.0,92.0,0,,,,TABLET
592,592,PAN-AMIN G 500ML DRIPS,1,902.75,785.0,785.0,0,,,,INJECTION
599,599,BLOOD GROUP KET,1,2127.5,1850.0,1850.0,1,,,,OTHER
2420,2420,TYPHOID TEST KIT DIASPOT,1,57.5,50.0,50.0,0,,,,OTHER
2456,2456,GLOREX 300MG CAP,1,113.85,99.0,99.0,0,,,,CAPSULE
651,651,SOWEL 50MG TAB,1,0.0,0.0,0.0,0,,,,TABLET
354,354,KARY LAX 120ML SYP,1,65.55,57.0,57.0,0,,,,SYRUP
654,654,DELMOX 250MG SYP,1,34.5,30.0,30.0,0,,,,SYRUP
657,657,DELTAFEN SYP,1,46.0,40.0,40.0,0,,,,SYRUP
656,656,ADFENAC ING 1X100,1,5.52,4.8,4.8,0,,,,OTHER
3364,3364,FE-SUCROSE INJ,1,32.2,28.0,28.0,0,,,,INJECTION
3393,3393,CIPROFLOXACIN 250MG TAB,1,51.75,45.0,45.0,0,,,,TABLET
659,659,CIPROFLOXACIN 500MG TAB,1,54.05,47.0,47.0,0,,,,TABLET
44,44,ADALIN 120ML SYP,1,50.6,44.0,44.0,0,,,,SYRUP
324,324,BONJELA GEL,1,35.65,31.0,31.0,0,,,,CREAM
2305,2305,CIPROQUINE 250MG TAB,1,94.3,82.0,82.0,0,,,,TABLET
523,523,COBOLMIN INJ 1X10,1,69.0,60.0,60.0,0,,,,INJECTION
793,793,DRT FORTE 80MG TAB,1,77.62,67.5,67.5,0,,,,TABLET
5072,5072,INFAZITH 500MG CAP,1,273.7,238.0,238.0,4,,,,CAPSULE
32,32,MAXIL 125MG SYP,1,82.8,72.0,72.0,0,,,,SYRUP
2613,2613,MAXIL 250MG SYP,1,113.85,99.0,99.0,0,,,,SYRUP
479,479,MNTK 10MG TAB,1,287.5,250.0,250.0,0,,,,TABLET
3372,3372,RAMOL INJ,1,109.25,95.0,95.0,0,,,,INJECTION
5398,5398,TITAN-250MG INJ,1,88.3,76.78,76.78,10,,,,INJECTION
5399,5399,TITAN-500MG INJ,1,149.56,130.05,130.05,5,,,,INJECTION
282,282,VICKS VSPORUB,1,58.7,51.04,51.04,0,,,,OTHER
660,660,ROMTOLIDONE TAB,1,30.19,26.25,26.25,0,,,,TABLET
2673,2673,NEW VIL INJ,1,2.59,2.25,2.25,0,,,,INJECTION
697,697,NEW-D INJ,1,20.7,18.0,18.0,0,,,,INJECTION
2318,2318,NEWSFER 100MG 5ML INJ,1,41.4,36.0,36.0,0,,,,INJECTION
711,711,ESPROL 20MG CAP,1,83.1,72.26,72.26,0,,,,CAPSULE
712,712,ESPROL 40MG CAP,1,103.5,90.0,90.0,0,,,,CAPSULE
3098,3098,FEVERAL 100ML INF,1,82.8,72.0,72.0,0,,,,OTHER
2622,2622,FEVERAL INJ 1X50,1,13.8,12.0,12.0,0,,,,INJECTION
3417,3417,LISODIM INJ,1,16.53,14.37,14.37,0,,,,INJECTION
4166,4166,LOPROT 10MG CAP,1,0.0,0.0,0.0,0,,,,CAPSULE
3427,3427,LOPROT 20MG CAP,1,97.27,84.58,84.58,0,,,,CAPSULE
2923,2923,SERGIFEX 1GM INJ,1,147.2,128.0,128.0,0,,,,INJECTION
2924,2924,SERGIFEX 500MG INJ,1,90.85,79.0,79.0,0,,,,INJECTION
658,658,VICK BLAM,1,39.28,34.16,34.16,0,,,,OTHER
580,580,D/SALINE 100ML,1,29.9,26.0,26.0,0,,,,OTHER
5012,5012,ASTECK 5MG TAB,1,65.55,57.0,57.0,0,,,,TABLET
450,450,DEXA-N CREAM,1,33.53,29.16,29.16,16,,,,CREAM
5179,5179,PENTALLIN 120ML SYP,1,95.3,82.87,82.87,0,,,,SYRUP
5180,5180,PENTALLIN-DM 120ML SYP,1,107.52,93.5,93.5,6,,,,SYRUP
5181,5181,SWISSMETHER PLUS 30ML SYP,1,109.69,95.38,95.38,8,,,,SYRUP
5182,5182,SWISSMETHER PLUS 60ML SYP,1,179.96,156.49,156.49,5,,,,SYRUP
444,444,K KORT INJ,1,134.89,117.3,117.3,13,,,,INJECTION
428,428,SOLOCIP 250MG TAB,1,30.47,26.5,26.5,0,,,,TABLET
427,427,SOLOCIP 500MG TAB,1,41.97,36.5,36.5,0,,,,TABLET
565,565,BROMA 3MG TAB,1,132.25,115.0,115.0,0,,,,TABLET
2235,2235,PHARMIC FORTE TAB,1,20.7,18.0,18.0,0,,,,TABLET
33,33,TRI-MELASIN CREAM 30G,1,410.89,357.3,357.3,0,,,,CREAM
778,778,NEETEC 1GM INJ,1,0.0,0.0,0.0,0,,,,INJECTION
414,414,SANIPLAST,1,2.88,2.5,2.5,0,,,,OTHER
5017,5017,AVSAR 10/160MG TAB,1,706.27,614.15,614.15,3,,,,TABLET
4585,4585,AVSAR 160/10/12.5 TAB,1,135.6,117.91,117.91,13,,,,TABLET
4798,4798,AVSAR 5/160 TAB,1,291.46,253.44,253.44,6,,,,TABLET
3929,3929,AVSAR 80/5MG TAB,1,348.16,302.75,302.75,4,,,,TABLET
4253,4253,AVSAR PLUS 160/5/12.5MG TAB,1,125.05,108.74,108.74,12,,,,TABLET
5255,5255,BYVAS 5MG TAB,1,382.74,332.82,332.82,0,,,,TABLET
2465,2465,EVOPRIDE 4MG TAB,1,345.0,300.0,300.0,0,,,,TABLET
2462,2462,LOWPLAT 75MG TAB,1,279.47,243.02,243.02,0,,,,TABLET
423,423,NISE TAB,1,143.69,124.95,124.95,0,,,,TABLET
791,791,RAMIPACE 2.5MG TAB,1,172.5,150.0,150.0,0,,,,TABLET
2461,2461,RAMIPACE 5MG TAB,1,706.05,613.96,613.96,1,,,,TABLET
4667,4667,TELSARTA-D TAB,1,635.05,552.22,552.22,0,,,,TABLET
690,690,AMMONIA SOLUTION,1,27.6,24.0,24.0,7,,,,OTHER
2478,2478,GLYCERIN 25GM CORTEX PHRAMA,1,34.5,30.0,30.0,9,,,,OTHER
802,802,BUTRAL 60ML SYP,1,0.0,0.0,0.0,0,,,,SYRUP
4108,4108,LAGYN 400MG TAB,1,18.4,16.0,16.0,0,,,,TABLET
5136,5136,NODAL-T 37.25/325MG TAB,1,69.0,60.0,60.0,0,,,,TABLET
803,803,RHIZIN 60ML SYP,1,0.0,0.0,0.0,0,,,,SYRUP
5352,5352,VEBEX 250MG TAB,1,195.36,169.88,169.88,0,,,,TABLET
1215,1215,COLIC 60ML SYP,1,41.4,36.0,36.0,0,,,,SYRUP
1657,1657,COUGH LESS DM 120ML SYP,1,23.0,20.0,20.0,0,,,,SYRUP
2743,2743,D-TOXIN 60ML SYP,1,18.4,16.0,16.0,0,,,,SYRUP
1211,1211,DR.KOFF PLUS 120ML SYP,1,25.3,22.0,22.0,0,,,,SYRUP
1207,1207,ELEVATE-D 240ML SYP,1,57.5,50.0,50.0,0,,,,SYRUP
1655,1655,FER-N 120ML SYP,1,40.25,35.0,35.0,0,,,,SYRUP
2242,2242,FERRO BLOOD 240ML,1,57.5,50.0,50.0,0,,,,OTHER
1208,1208,G.ROSE 250ML SYP,1,51.75,45.0,45.0,0,,,,SYRUP
2572,2572,GASTAMIN 240ML SYP,1,0.0,0.0,0.0,0,,,,SYRUP
1212,1212,GESTO-B 120ML SYP,1,23.0,20.0,20.0,0,,,,SYRUP
1206,1206,GESTO-M 120ML SYP,1,23.0,20.0,20.0,0,,,,SYRUP
2328,2328,GESTO-S 120ML SYP,1,23.0,20.0,20.0,0,,,,SYRUP
1201,1201,GINKOREN 240ML SYP,1,57.5,50.0,50.0,0,,,,SYRUP
1659,1659,GREENTOX 60ML SYP,1,16.1,14.0,14.0,0,,,,SYRUP
2578,2578,GYNO-G 120ML SYP,1,0.0,0.0,0.0,0,,,,SYRUP
1199,1199,HAEMO-M 120ML SYP,1,23.0,20.0,20.0,0,,,,SYRUP
1200,1200,HAEMO-M 240ML SYP,1,51.75,45.0,45.0,0,,,,SYRUP
4485,4485,IVY LEAF DROP,1,43.7,38.0,38.0,9,,,,DROPS
1656,1656,MANIDEX 120ML SYP,1,23.0,20.0,20.0,0,,,,SYRUP
1204,1204,MEGA PLEX 120ML SYP,1,40.25,35.0,35.0,0,,,,SYRUP
1205,1205,MIROPLEX 120ML SYP,1,40.25,35.0,35.0,0,,,,SYRUP
1684,1684,PEPERMINT 120ML SYP,1,19.55,17.0,17.0,0,,,,SYRUP
1213,1213,PODINA 120ML SYP,1,5.75,5.0,5.0,0,,,,SYRUP
1209,1209,RAMICID 120ML SYP,1,28.75,25.0,25.0,0,,,,SYRUP
2582,2582,TOOT SIAH 120ML SYP,1,18.4,16.0,16.0,0,,,,SYRUP
1214,1214,V-ZYME 120ML SYP,1,28.75,25.0,25.0,0,,,,SYRUP
2573,2573,WHIN FAST 120ML SYP,1,0.0,0.0,0.0,0,,,,SYRUP
1653,1653,WORMOZEEN 30ML SYP,1,13.8,12.0,12.0,0,,,,SYRUP
1652,1652,X-TREME 120ML SYP,1,40.25,35.0,35.0,0,,,,SYRUP
2576,2576,AMCAL-D 120ML SYP,1,0.0,0.0,0.0,0,,,,SYRUP
1203,1203,FAULAD 120ML SYP,1,40.25,35.0,35.0,0,,,,SYRUP
1202,1202,FAULAD 240ML SYP,1,51.75,45.0,45.0,0,,,,SYRUP
3258,3258,JOSHANDA 120ML SYP,1,110.4,96.0,96.0,0,,,,SYRUP
2571,2571,SALPEP 120ML SYP,1,0.0,0.0,0.0,0,,,,SYRUP
2570,2570,SALPEP 240ML SYP,1,0.0,0.0,0.0,0,,,,SYRUP
2574,2574,THARAM-V 120ML SYP,1,0.0,0.0,0.0,0,,,,SYRUP
2530,2530,THARAM-V TAB,1,57.5,50.0,50.0,0,,,,TABLET
2531,2531,THERAMIN TAB,1,57.5,50.0,50.0,0,,,,TABLET
997,997,ALOC 120MG TAB,1,0.0,0.0,0.0,0,,,,TABLET
998,998,ALOC 180MG TAB,1,0.0,0.0,0.0,0,,,,TABLET
996,996,ALOC 60MG CAP,1,0.0,0.0,0.0,0,,,,CAPSULE
999,999,ALOC D 60MG TAB,1,0.0,0.0,0.0,0,,,,TABLET
1002,1002,AMBAC 1.5GM INJ,1,0.0,0.0,0.0,0,,,,INJECTION
1000,1000,AMBAC CAP,1,0.0,0.0,0.0,0,,,,CAPSULE
1001,1001,AMBAC INJ,1,0.0,0.0,0.0,0,,,,INJECTION
1005,1005,AMKAY 100MG INJ,1,0.0,0.0,0.0,0,,,,INJECTION
1006,1006,AMKAY 250MG INJ,1,0.0,0.0,0.0,0,,,,INJECTION
1003,1003,AMKAY 25MG INJ,1,0.0,0.0,0.0,0,,,,INJECTION
1004,1004,AMKAY 50MG INJ,1,0.0,0.0,0.0,0,,,,INJECTION
1009,1009,AMPIN 1GM INJ,1,0.0,0.0,0.0,0,,,,INJECTION
1007,1007,AMPIN 250MG INJ,1,0.0,0.0,0.0,0,,,,INJECTION
1008,1008,AMPIN 500MG INJ,1,0.0,0.0,0.0,0,,,,INJECTION
1011,1011,AMPLUS 125MG INJ,1,0.0,0.0,0.0,0,,,,INJECTION
1012,1012,ARAM PLUS 75MG INJ,1,0.0,0.0,0.0,0,,,,INJECTION
1014,1014,ARIVA 10MG TAB,1,0.0,0.0,0.0,0,,,,TABLET
1013,1013,ARIVA 20MG TAB,1,0.0,0.0,0.0,0,,,,TABLET
1017,1017,ATLIN 100MG TAB,1,0.0,0.0,0.0,0,,,,TABLET
1015,1015,ATLIN 25MG TAB,1,0.0,0.0,0.0,0,,,,TABLET
1016,1016,ATLIN 50MG TAB,1,0.0,0.0,0.0,0,,,,TABLET
1018,1018,ATLIN PLUS TAB,1,0.0,0.0,0.0,0,,,,TABLET
1019,1019,AVELIN 400MG/250ML INF,1,0.0,0.0,0.0,0,,,,OTHER
1021,1021,BACTAMOX PLUS 1GM INJ,1,0.0,0.0,0.0,0,,,,INJECTION
1020,1020,BACTAMOX PLUS 250MG INJ,1,0.0,0.0,0.0,0,,,,INJECTION
1022,1022,BACTAMOX PLUS 2GM INJ,1,0.0,0.0,0.0,0,,,,INJECTION
1023,1023,BASTROL 10MG TAB,1,0.0,0.0,0.0,0,,,,TABLET
1024,1024,BASTROL 20MG TAB,1,0.0,0.0,0.0,0,,,,TABLET
1026,1026,BEASY 4MG SACHET,1,0.0,0.0,0.0,0,,,,SACHET
1025,1025,BEASY 4MG TAB,1,0.0,0.0,0.0,0,,,,TABLET
1027,1027,BEASY 5MG TAB,1,0.0,0.0,0.0,0,,,,TABLET
1046,1046,BOSCHTRIM 400MG TAB,1,0.0,0.0,0.0,0,,,,TABLET
1047,1047,BOSCHTRIM 800MG TAB,1,0.0,0.0,0.0,0,,,,TABLET
1051,1051,BTROL 250MG INJ,1,0.0,0.0,0.0,0,,,,INJECTION
1050,1050,BTROL 500MG INJ,1,77.95,67.78,67.78,4,,,,INJECTION
1053,1053,BUCAN 5ML INJ,1,0.0,0.0,0.0,0,,,,INJECTION
1055,1055,BVIR TAB 1MG,1,0.0,0.0,0.0,0,,,,TABLET
1054,1054,BVRI TAB 0.5MG,1,0.0,0.0,0.0,0,,,,TABLET
763,763,CALAMOX 156.25MG 60ML SYP,1,147.87,128.58,128.58,0,,,,SYRUP
1056,1056,CALAMOX 156.LARG,1,147.87,128.58,128.58,12,,,,OTHER
185,185,CALAMOX 1GM TAB,1,264.97,230.41,230.41,0,,,,TABLET
2825,2825,CALAMOX 375MG TAB,1,169.52,147.41,147.41,10,,,,TABLET
1061,1061,CALAMOX 500MG INJ,1,0.0,0.0,0.0,0,,,,INJECTION
1058,1058,CALAMOX 500MG TAB,1,0.0,0.0,0.0,0,,,,TABLET
184,184,CALAMOX 625MG TAB,1,209.41,182.1,182.1,15,,,,TABLET
1063,1063,CALAMOX 875MG  TAB,1,0.0,0.0,0.0,0,,,,TABLET
2240,2240,CALAMOX DS 312.5MG SUSP,1,227.18,197.55,197.55,40,,,,SYRUP
1064,1064,CALAMOX DUO 400MG SUSP,1,0.0,0.0,0.0,0,,,,SYRUP
1065,1065,CALAMOX DUO SUSP 35ML,1,182.36,158.57,158.57,0,,,,SYRUP
1059,1059,CALAMOX SUSP 100ML,1,0.0,0.0,0.0,0,,,,SYRUP
1060,1060,CALAMOX SUSP 60ML,1,67.85,59.0,59.0,0,,,,SYRUP
1057,1057,CALAMOX TAB 250MG,1,0.0,0.0,0.0,0,,,,TABLET
1067,1067,CALOC 10MG TAB,1,0.0,0.0,0.0,0,,,,TABLET
1066,1066,CALOC TAB 5MG,1,0.0,0.0,0.0,0,,,,TABLET
1068,1068,CEBAC  500MG INJ,1,0.0,0.0,0.0,0,,,,INJECTION
1069,1069,CEBAC 1GM INJ,1,0.0,0.0,0.0,0,,,,INJECTION
34,34,CEBOSH 100MG SYP,1,220.62,191.84,191.84,20,,,,SYRUP
1074,1074,CEBOSH 200MG 30ML SUSP DS,1,195.5,170.0,170.0,0,,,,SYRUP
1070,1070,CEBOSH 200MG TAB,1,341.96,297.36,297.36,0,,,,TABLET
1072,1072,CEBOSH 400MG CAP,1,390.61,339.66,339.66,5,,,,CAPSULE
1071,1071,CEBOSH 400MG TAB,1,328.75,285.87,285.87,0,,,,TABLET
1078,1078,CEFALOR 125MG  60ML SUSP,1,0.0,0.0,0.0,0,,,,SYRUP
1075,1075,CEFALOR 15ML DROPS,1,0.0,0.0,0.0,0,,,,DROPS
1079,1079,CEFALOR 250MG 60ML SUSP,1,0.0,0.0,0.0,0,,,,SYRUP
1076,1076,CEFALOR 250MG CAP,1,0.0,0.0,0.0,0,,,,CAPSULE
1077,1077,CEFALOR 500MG CAP,1,0.0,0.0,0.0,0,,,,CAPSULE
1080,1080,CEFAZOL 1GM INJ,1,0.0,0.0,0.0,0,,,,INJECTION
1081,1081,CEFAZOL 250MG INJ,1,0.0,0.0,0.0,0,,,,INJECTION
1084,1084,CEFOTAX 1GM INJ,1,0.0,0.0,0.0,0,,,,INJECTION
1082,1082,CEFOTAX 250MG INJ,1,0.0,0.0,0.0,0,,,,INJECTION
1083,1083,CEFOTAX 500MG INJ,1,0.0,0.0,0.0,0,,,,INJECTION
1094,1094,CEFOXNE 1MG INJ,1,0.0,0.0,0.0,0,,,,INJECTION
1090,1090,CEFRINEX  60ML SUSP,1,0.0,0.0,0.0,0,,,,SYRUP
1089,1089,CEFRINEX 1MG INJ,1,0.0,0.0,0.0,0,,,,INJECTION
1085,1085,CEFRINEX 250MG CAP,1,0.0,0.0,0.0,0,,,,CAPSULE
1087,1087,CEFRINEX 250MG INJ,1,0.0,0.0,0.0,0,,,,INJECTION
1091,1091,CEFRINEX 250MG SUSP,1,0.0,0.0,0.0,0,,,,SYRUP
1086,1086,CEFRINEX 500MG CAP,1,0.0,0.0,0.0,0,,,,CAPSULE
1088,1088,CEFRINEX 500MG INJ,1,0.0,0.0,0.0,0,,,,INJECTION
1093,1093,CEFXONE 250MG INJ IM,1,112.9,98.17,98.17,0,,,,INJECTION
1095,1095,CEFXONE 250MG INJ IV,1,95.31,82.88,82.88,0,,,,INJECTION
1092,1092,CEFXONE 500MG INJ IM,1,159.53,138.72,138.72,0,,,,INJECTION
2827,2827,CEFXONE 500MG INJ IV,1,116.13,100.98,100.98,0,,,,INJECTION
1098,1098,CEPRAZONE 1MG INJ,1,0.0,0.0,0.0,0,,,,INJECTION
1096,1096,CEPRAZONE 250MG INJ,1,0.0,0.0,0.0,0,,,,INJECTION
1097,1097,CEPRAZONE 500MG INJ,1,0.0,0.0,0.0,0,,,,INJECTION
1099,1099,CHLORAMPHENICOL 1G,1,0.0,0.0,0.0,0,,,,INJECTION
1100,1100,CILAPEN 250MG INJ,1,0.0,0.0,0.0,0,,,,INJECTION
1101,1101,CILAPEN 500MG INJ,1,0.0,0.0,0.0,0,,,,INJECTION
1103,1103,CILLINZ 500MG INJ,1,0.0,0.0,0.0,0,,,,INJECTION
1102,1102,CIPLINZ 250MG MG TAB,1,0.0,0.0,0.0,0,,,,TABLET
1105,1105,CORACE 10MG TAB,1,0.0,0.0,0.0,0,,,,TABLET
1106,1106,CORACE 20MG TAB,1,0.0,0.0,0.0,0,,,,TABLET
1104,1104,CORACE 5MG TAB,1,0.0,0.0,0.0,0,,,,TABLET
1107,1107,CORACE PLUS 10MG TAB,1,0.0,0.0,0.0,0,,,,TABLET
1108,1108,CORACE PLUS 20MG TAB,1,0.0,0.0,0.0,0,,,,TABLET
1174,1174,COTORIN 0.1MG CAP,1,0.0,0.0,0.0,0,,,,CAPSULE
1110,1110,DEXAMEX 20MG INJ,1,0.0,0.0,0.0,0,,,,INJECTION
1111,1111,DEXAMEX 4MG INJ,1,0.0,0.0,0.0,0,,,,INJECTION
1109,1109,DEXAMEX EYE DROPS,1,0.0,0.0,0.0,0,,,,DROPS
1112,1112,DIFAM 75MG INJ,1,0.0,0.0,0.0,0,,,,INJECTION
1113,1113,DIFAM PLUS 75MG INJ,1,80.5,70.0,70.0,0,,,,INJECTION
1114,1114,DOLO-K 50MG TAB,1,0.0,0.0,0.0,0,,,,TABLET
1118,1118,DROMAX 10ML DROPS,1,0.0,0.0,0.0,0,,,,DROPS
1115,1115,DROMAX 125MG 60ML SUSP,1,0.0,0.0,0.0,0,,,,SYRUP
1119,1119,DROMAX 1GM TAB,1,0.0,0.0,0.0,0,,,,TABLET
1116,1116,DROMAX 250MG 60ML SUSP,1,0.0,0.0,0.0,0,,,,SYRUP
1117,1117,DROMAX 500MG CAP,1,0.0,0.0,0.0,0,,,,CAPSULE
1120,1120,DURIDE 5MG INJ,1,0.0,0.0,0.0,0,,,,INJECTION
1121,1121,ELOCIN 500MG INF,1,0.0,0.0,0.0,0,,,,OTHER
1122,1122,ETIDRON 200MG TAB,1,0.0,0.0,0.0,0,,,,TABLET
1123,1123,FALCINIL INJECTION 80MG,1,0.0,0.0,0.0,0,,,,INJECTION
1124,1124,FALGAN 100ML INF,1,0.0,0.0,0.0,0,,,,OTHER
1126,1126,FELIP 200MG CAP,1,0.0,0.0,0.0,0,,,,CAPSULE
1125,1125,FELIP 67MG CAP,1,0.0,0.0,0.0,0,,,,CAPSULE
1127,1127,FLAZOL 500MG 100ML INF,1,0.0,0.0,0.0,0,,,,OTHER
1130,1130,FORTAZIM 1GM INJ,1,307.62,267.5,267.5,0,,,,INJECTION
1128,1128,FORTAZIM 250MG INJ,1,0.0,0.0,0.0,0,,,,INJECTION
1129,1129,FORTAZIM 500MG INJ,1,163.77,142.41,142.41,0,,,,INJECTION
1131,1131,GEMIXA 320MG TAB 7S,1,0.0,0.0,0.0,0,,,,TABLET
1133,1133,GENTIC 20MG INJ,1,0.0,0.0,0.0,0,,,,INJECTION
1134,1134,GENTIC 40 MG INJ,1,0.0,0.0,0.0,0,,,,INJECTION
1132,1132,GENTIC 40MG INJ,1,0.0,0.0,0.0,0,,,,INJECTION
1135,1135,GLAX 200MG TAB,1,0.0,0.0,0.0,0,,,,TABLET
1137,1137,GLAX 2MG INF,1,0.0,0.0,0.0,0,,,,OTHER
1136,1136,GLAX 400MG TAB,1,0.0,0.0,0.0,0,,,,TABLET
1138,1138,GLAX 4MG INF,1,0.0,0.0,0.0,0,,,,OTHER
1140,1140,IDAZOL 5MG INJ,1,0.0,0.0,0.0,0,,,,INJECTION
1142,1142,IVCEF 1G INJ,1,0.0,0.0,0.0,0,,,,INJECTION
1141,1141,IVCEF 500MG INJ,1,0.0,0.0,0.0,0,,,,INJECTION
1143,1143,IZILON 400MG INF,1,0.0,0.0,0.0,0,,,,OTHER
1144,1144,IZILON 400MG TAB,1,0.0,0.0,0.0,0,,,,TABLET
1145,1145,LAMIZID 150MG TAB,1,0.0,0.0,0.0,0,,,,TABLET
1146,1146,LEZOL 600MG INF,1,0.0,0.0,0.0,0,,,,OTHER
1147,1147,LINTIZ 2MG TAB,1,0.0,0.0,0.0,0,,,,TABLET
1149,1149,LINZIM 100MG SUSP,1,122.58,106.59,106.59,0,,,,SYRUP
1148,1148,LINZIM 400MG CAP,1,0.0,0.0,0.0,0,,,,CAPSULE
1150,1150,LIZOBAL 500MG TAB,1,0.0,0.0,0.0,0,,,,TABLET
1151,1151,LOREFECT 10MGTAB,1,0.0,0.0,0.0,0,,,,TABLET
1152,1152,LOTOROS DROPS,1,0.0,0.0,0.0,0,,,,DROPS
11453,11453,MACLACIN 250MG SUSP,1,0.0,0.0,0.0,0,,,,SYRUP
1154,1154,MACLACIN 250MG TAB,1,0.0,0.0,0.0,0,,,,TABLET
1155,1155,MACLACIN 500MG TAB,1,0.0,0.0,0.0,0,,,,TABLET
1156,1156,MALADRIN 25MG TAB,1,0.0,0.0,0.0,0,,,,TABLET
1157,1157,MEROFER 20MG INJ,1,0.0,0.0,0.0,0,,,,INJECTION
1158,1158,MEVIT 500MG INJ,1,0.0,0.0,0.0,0,,,,INJECTION
1159,1159,MICAM 15MG TAB,1,0.0,0.0,0.0,0,,,,TABLET
1160,1160,MICAM 7.5MG TAB,1,0.0,0.0,0.0,0,,,,TABLET
1161,1161,MICTEL 40MG TAB,1,0.0,0.0,0.0,0,,,,TABLET
1162,1162,MICTEL 80MG TAB,1,0.0,0.0,0.0,0,,,,TABLET
1163,1163,MICTRA 50MG INJ,1,0.0,0.0,0.0,0,,,,INJECTION
1139,1139,N/A HERME TAB,1,0.0,0.0,0.0,0,,,,TABLET
1164,1164,NOROCIN 400MG TAB,1,0.0,0.0,0.0,0,,,,TABLET
1165,1165,NUISTA 10MG TAB,1,0.0,0.0,0.0,0,,,,TABLET
1166,1166,NUISTA 20MG TAB,1,0.0,0.0,0.0,0,,,,TABLET
1167,1167,NUISTA 40MG TAB,1,0.0,0.0,0.0,0,,,,TABLET
1168,1168,NUISTA PLUS 10MG TAB,1,0.0,0.0,0.0,0,,,,TABLET
1170,1170,NULCER 150MG TAB,1,0.0,0.0,0.0,0,,,,TABLET
1169,1169,NULCER 25MG INJ,1,0.0,0.0,0.0,0,,,,INJECTION
1172,1172,NUZIB CAP 100MG,1,0.0,0.0,0.0,0,,,,CAPSULE
1171,1171,NUZIB CAP 200MG,1,0.0,0.0,0.0,0,,,,CAPSULE
1173,1173,OCTORIN 0.1MG TAB,1,0.0,0.0,0.0,0,,,,TABLET
1175,1175,OGREL 75MG TAB,1,193.97,168.67,168.67,0,,,,TABLET
1176,1176,OGREL PLUS 162 150MG TAB,1,0.0,0.0,0.0,0,,,,TABLET
1177,1177,OGREL PLUS 81 75MG TAB,1,186.46,162.14,162.14,1,,,,TABLET
1178,1178,OLINC 150MG INJ,1,0.0,0.0,0.0,0,,,,INJECTION
531,531,OLINC 300 INJ,1,34.06,29.62,29.62,43,,,,INJECTION
1179,1179,OLINC 500MG INJ,1,0.0,0.0,0.0,0,,,,INJECTION
1181,1181,OMEZOL 10MG CAP,1,0.0,0.0,0.0,0,,,,CAPSULE
1180,1180,OMEZOL 20MG CAP,1,0.0,0.0,0.0,0,,,,CAPSULE
1182,1182,OMEZOL 40MG CAP,1,0.0,0.0,0.0,0,,,,CAPSULE
1183,1183,OMEZOL 40MG INF,1,138.0,120.0,120.0,0,,,,OTHER
1184,1184,ONIDIN 2MG DROPS,1,0.0,0.0,0.0,0,,,,DROPS
1186,1186,ORTHOFENAC 100MG EYE DROPS,1,0.0,0.0,0.0,0,,,,DROPS
1187,1187,ORTHOFENAC 100MG TAB,1,0.0,0.0,0.0,0,,,,TABLET
1185,1185,ORTHOFENAC 25MG INJ,1,0.0,0.0,0.0,0,,,,INJECTION
1188,1188,ORTHOFENAC 50MG TAB,1,0.0,0.0,0.0,0,,,,TABLET
1190,1190,ORVA 10MG TAB,1,0.0,0.0,0.0,0,,,,TABLET
1191,1191,ORVA 20MG TAB,1,0.0,0.0,0.0,0,,,,TABLET
1189,1189,ORVA 40MG TAB,1,0.0,0.0,0.0,0,,,,TABLET
1192,1192,ORVA 40MG TAB,1,0.0,0.0,0.0,0,,,,TABLET
1193,1193,OSTEON 200MG TAB,1,0.0,0.0,0.0,0,,,,TABLET
1194,1194,PENRO 1GM INJ,1,0.0,0.0,0.0,0,,,,INJECTION
1196,1196,PEPTILOC 20MG TAB,1,0.0,0.0,0.0,0,,,,TABLET
1195,1195,PEPTILOC 40MG TAB,1,0.0,0.0,0.0,0,,,,TABLET
1198,1198,PIORYL G 4MG TAB,1,0.0,0.0,0.0,0,,,,TABLET
1217,1217,PIORYL-M 500MG TAB,1,0.0,0.0,0.0,0,,,,TABLET
1218,1218,PIORYL-M 850MG TAB,1,0.0,0.0,0.0,0,,,,TABLET
1197,1197,PIORYLG 2MG TAB,1,0.0,0.0,0.0,0,,,,TABLET
1220,1220,PRELOX 100MG TAB,1,312.8,272.0,272.0,0,,,,TABLET
1219,1219,PRELOX 40MG SUSP,1,250.24,217.6,217.6,0,,,,SYRUP
1221,1221,PROART 200MG TAB,1,0.0,0.0,0.0,0,,,,TABLET
1222,1222,PROTOZOL 15MG CAP,1,0.0,0.0,0.0,0,,,,CAPSULE
1223,1223,PROTOZOL 30MG CAP,1,0.0,0.0,0.0,0,,,,CAPSULE
1224,1224,Q-PRO  30MG INJ,1,0.0,0.0,0.0,0,,,,INJECTION
1226,1226,QBAL 500MG INJ,1,0.0,0.0,0.0,0,,,,INJECTION
1225,1225,QBAL 500MG TAB,1,0.0,0.0,0.0,0,,,,TABLET
1227,1227,QFERON 3MIU INJ,1,0.0,0.0,0.0,0,,,,INJECTION
1228,1228,QFERON 5MIU INJ,1,0.0,0.0,0.0,0,,,,INJECTION
1229,1229,QILOX 200MG INF,1,0.0,0.0,0.0,0,,,,OTHER
1230,1230,QILOX 400MG 100ML INJ,1,0.0,0.0,0.0,0,,,,INJECTION
1232,1232,QLENA 250MG TAB,1,0.0,0.0,0.0,0,,,,TABLET
1231,1231,QLENA 500MG TAB,1,0.0,0.0,0.0,0,,,,TABLET
1234,1234,QMETEM 20MG TAB,1,0.0,0.0,0.0,0,,,,TABLET
1233,1233,QMETEM 40MG TAB,1,0.0,0.0,0.0,0,,,,TABLET
1237,1237,QMETEM PLUS 15MG 60ML SUSP,1,0.0,0.0,0.0,0,,,,SYRUP
1236,1236,QMETEM PLUS 15ML 30ML SUSP,1,0.0,0.0,0.0,0,,,,SYRUP
1235,1235,QMETEM PLUS 80MG TAB,1,0.0,0.0,0.0,0,,,,TABLET
1238,1238,QMETEM-P INJ,1,0.0,0.0,0.0,0,,,,INJECTION
1240,1240,QPRO 15MG CAP,1,0.0,0.0,0.0,0,,,,CAPSULE
1239,1239,QPRO 30MG CAP,1,0.0,0.0,0.0,0,,,,CAPSULE
1241,1241,QPRO 30MG IV-INJ,1,0.0,0.0,0.0,0,,,,INJECTION
1242,1242,QUESTA 10MG TAB,1,0.0,0.0,0.0,0,,,,TABLET
1248,1248,QUINOFLOX 100MG INF,1,0.0,0.0,0.0,0,,,,OTHER
1244,1244,QUINOFLOX 100MG TAB,1,0.0,0.0,0.0,0,,,,TABLET
1247,1247,QUINOFLOX 200MG INF,1,0.0,0.0,0.0,0,,,,OTHER
1250,1250,QUINOFLOX 250MG TAB,1,0.0,0.0,0.0,0,,,,TABLET
1243,1243,QUINOFLOX 400MG INF,1,0.0,0.0,0.0,0,,,,OTHER
1249,1249,QUINOFLOX 500MG TAB,1,0.0,0.0,0.0,0,,,,TABLET
1245,1245,QUINOFLOX 750MG TAB,1,0.0,0.0,0.0,0,,,,TABLET
1246,1246,QUINOFLOX EYE DROPS,1,0.0,0.0,0.0,0,,,,DROPS
1251,1251,QUMIC 0.5% EYE DROPS,1,0.0,0.0,0.0,0,,,,DROPS
1253,1253,QUMIC 250MG TAB,1,0.0,0.0,0.0,0,,,,TABLET
1254,1254,QUMIC 500MG TAB,1,0.0,0.0,0.0,0,,,,TABLET
1252,1252,QUMIC 5MG/ML INF,1,0.0,0.0,0.0,0,,,,OTHER
1259,1259,QZON 1G INJ IV,1,0.0,0.0,0.0,0,,,,INJECTION
1255,1255,QZON 250MG INJ,1,0.0,0.0,0.0,0,,,,INJECTION
1257,1257,QZON 29MG INJ IV,1,0.0,0.0,0.0,0,,,,INJECTION
1256,1256,QZON 500MG INJ,1,0.0,0.0,0.0,0,,,,INJECTION
1258,1258,QZON 500MG INJ IV,1,0.0,0.0,0.0,0,,,,INJECTION
1260,1260,RABOSH 10MG TAB,1,0.0,0.0,0.0,0,,,,TABLET
1261,1261,RABOSH 20MG TAB,1,0.0,0.0,0.0,0,,,,TABLET
1262,1262,RAVAT 40UG DROPS,1,0.0,0.0,0.0,0,,,,DROPS
1263,1263,REDRONA 35MG TAB,1,0.0,0.0,0.0,0,,,,TABLET
1264,1264,REDRONA 5MG  TAB,1,0.0,0.0,0.0,0,,,,TABLET
1265,1265,ROUGE 100MG TAB,1,0.0,0.0,0.0,0,,,,TABLET
1266,1266,ROVA 10MG TAB,1,260.01,226.1,226.1,0,,,,TABLET
1267,1267,ROVA 20MG TAB,1,473.11,411.4,411.4,0,,,,TABLET
1268,1268,ROVA 5MG TAB,1,127.47,110.84,110.84,0,,,,TABLET
1269,1269,SAISTA 10MG TAB,1,0.0,0.0,0.0,0,,,,TABLET
1270,1270,SAISTA 20MG TAB,1,0.0,0.0,0.0,0,,,,TABLET
1271,1271,SAISTA 40MG TAB,1,0.0,0.0,0.0,0,,,,TABLET
1389,1389,SHAW 40MG TAB,1,0.0,0.0,0.0,0,,,,TABLET
1272,1272,SIBURA  15MG CAP,1,0.0,0.0,0.0,0,,,,CAPSULE
1273,1273,SIBURA 10MG CAP,1,0.0,0.0,0.0,0,,,,CAPSULE
1274,1274,SOMEZOL 20MG CAP,1,0.0,0.0,0.0,0,,,,CAPSULE
1275,1275,SOMEZOL 40MG CAP,1,0.0,0.0,0.0,0,,,,CAPSULE
1276,1276,SOMEZOL 40MG INJ,1,0.0,0.0,0.0,0,,,,INJECTION
1277,1277,SORIDE 0.9 INJ,1,0.0,0.0,0.0,0,,,,INJECTION
1394,1394,STICK 125MG 60ML SUSP,1,0.0,0.0,0.0,0,,,,SYRUP
676,676,SUPRAMOX 125MG SYP,1,118.52,103.06,103.06,2,,,,SYRUP
1278,1278,SUPRAMOX 250MG CAP,1,0.0,0.0,0.0,0,,,,CAPSULE
1280,1280,SUPRAMOX 500MG INJ,1,0.0,0.0,0.0,0,,,,INJECTION
1279,1279,SUPRMOX 250MG INJ,1,0.0,0.0,0.0,0,,,,INJECTION
1283,1283,SYMBAL 20MG CAP,1,0.0,0.0,0.0,0,,,,CAPSULE
1284,1284,SYMBAL 20MG CAP,1,0.0,0.0,0.0,0,,,,CAPSULE
1285,1285,SYMBAL 30MG CAP,1,0.0,0.0,0.0,0,,,,CAPSULE
1286,1286,SYMBAL 60MG CAP,1,0.0,0.0,0.0,0,,,,CAPSULE
1287,1287,TANZO  2.25G  INJ,1,0.0,0.0,0.0,0,,,,INJECTION
1288,1288,TANZO 4.5G  INJ,1,994.62,864.89,864.89,0,,,,INJECTION
1290,1290,TARIFLOX  200MG TAB,1,0.0,0.0,0.0,0,,,,TABLET
1292,1292,TARIFLOX FORTE 400MG TAB,1,0.0,0.0,0.0,0,,,,TABLET
1291,1291,TARIFOLX EYE DROPS,1,0.0,0.0,0.0,0,,,,DROPS
1295,1295,TEZOX 1GM INJ,1,0.0,0.0,0.0,0,,,,INJECTION
1293,1293,TEZOX 250MG INJ,1,0.0,0.0,0.0,0,,,,INJECTION
1294,1294,TEZOX 500MG INJ,1,0.0,0.0,0.0,0,,,,INJECTION
1289,1289,TRAIFLOX 200MG  100ML INF,1,0.0,0.0,0.0,0,,,,OTHER
1296,1296,TROZ 500MG INF,1,0.0,0.0,0.0,0,,,,OTHER
1298,1298,ULCELOC 200MG TAB,1,0.0,0.0,0.0,0,,,,TABLET
1297,1297,ULCELOC 400MG TAB,1,0.0,0.0,0.0,0,,,,TABLET
1300,1300,UTAZID 1GM INJ,1,0.0,0.0,0.0,0,,,,INJECTION
1299,1299,UTAZID 250MG INJ,1,0.0,0.0,0.0,0,,,,INJECTION
1301,1301,VARIBA 100MG CAP,1,0.0,0.0,0.0,0,,,,CAPSULE
1302,1302,VARIBA 200MG CAP,1,0.0,0.0,0.0,0,,,,CAPSULE
1303,1303,VARIBA 400MG CAP,1,0.0,0.0,0.0,0,,,,CAPSULE
1305,1305,VINJEC 1GM INJ,1,0.0,0.0,0.0,0,,,,INJECTION
1304,1304,VINJEC 500MG INJ,1,0.0,0.0,0.0,0,,,,INJECTION
1306,1306,ZANIL 250MG  INJ,1,0.0,0.0,0.0,0,,,,INJECTION
1311,1311,ZECEF 1.5GM INJ,1,0.0,0.0,0.0,0,,,,INJECTION
1308,1308,ZECEF 125MG TAB,1,0.0,0.0,0.0,0,,,,TABLET
1312,1312,ZECEF 125MG/5ML SUSP,1,0.0,0.0,0.0,0,,,,SYRUP
1309,1309,ZECEF 250MG INJ,1,57.43,49.94,49.94,0,,,,INJECTION
1307,1307,ZECEF 250MG TAB,1,0.0,0.0,0.0,0,,,,TABLET
1310,1310,ZECEF 750MG INJ,1,0.0,0.0,0.0,0,,,,INJECTION
1314,1314,ZENTRO 20MG TAB,1,0.0,0.0,0.0,0,,,,TABLET
1315,1315,ZENTRO 40MG TAB,1,149.5,130.0,130.0,0,,,,TABLET
1313,1313,ZENTTO 400MG INJ,1,0.0,0.0,0.0,0,,,,INJECTION
1317,1317,ZEZOT 200MG SUSP 15ML,1,0.0,0.0,0.0,0,,,,SYRUP
1316,1316,ZEZOT 250MG CAP,1,0.0,0.0,0.0,0,,,,CAPSULE
1318,1318,ZEZOT 500MG INJ,1,0.0,0.0,0.0,0,,,,INJECTION
1319,1319,ZEZOT 500MG TAB,1,0.0,0.0,0.0,0,,,,TABLET
1320,1320,ZION 150MG TAB,1,0.0,0.0,0.0,0,,,,TABLET
1322,1322,ZOLREST 200MG INF,1,0.0,0.0,0.0,0,,,,OTHER
1321,1321,ZOLREST 600MG TAB,1,0.0,0.0,0.0,0,,,,TABLET
1332,1332,AMIZIP 100MG TAB,1,0.0,0.0,0.0,0,,,,TABLET
1333,1333,AMIZIP 25MG TAB,1,0.0,0.0,0.0,0,,,,TABLET
1334,1334,ANZOLE CAP 30MG,1,0.0,0.0,0.0,0,,,,CAPSULE
1335,1335,AQPINE 1GM INJ,1,0.0,0.0,0.0,0,,,,INJECTION
1336,1336,AQPINE 500MG INJ,1,0.0,0.0,0.0,0,,,,INJECTION
1337,1337,BANXIN 250MG TAB,1,0.0,0.0,0.0,0,,,,TABLET
1338,1338,BANXIN 500MG TAB,1,0.0,0.0,0.0,0,,,,TABLET
1339,1339,BIPED 1GM INJ,1,0.0,0.0,0.0,0,,,,INJECTION
1340,1340,BIPED 500MG INJ,1,0.0,0.0,0.0,0,,,,INJECTION
1341,1341,EFIXONE 1GM INJ,1,0.0,0.0,0.0,0,,,,INJECTION
1342,1342,EFIXONE 250MG INJ,1,0.0,0.0,0.0,0,,,,INJECTION
1343,1343,EFIXONE 500MG INJ,1,0.0,0.0,0.0,0,,,,INJECTION
1344,1344,ERAZONE 1GM INJ,1,0.0,0.0,0.0,0,,,,INJECTION
1345,1345,ERAZONE 250MG INJ,1,0.0,0.0,0.0,0,,,,INJECTION
1346,1346,ERAZONE 500MG INJ,1,0.0,0.0,0.0,0,,,,INJECTION
1347,1347,EVOTRAZIN 5MG TAB,1,0.0,0.0,0.0,0,,,,TABLET
1348,1348,FITCID 30MG TAB,1,0.0,0.0,0.0,0,,,,TABLET
1349,1349,FITERNA TAB,1,0.0,0.0,0.0,0,,,,TABLET
1350,1350,FOLYRON 0.35MG TAB,1,0.0,0.0,0.0,0,,,,TABLET
1351,1351,GEMI 320MG TAB,1,0.0,0.0,0.0,0,,,,TABLET
1352,1352,HARICAM 15MG TAB,1,0.0,0.0,0.0,0,,,,TABLET
1353,1353,HARICAM 75MG TAB,1,0.0,0.0,0.0,0,,,,TABLET
1355,1355,HARIDONE 1GM INJ,1,0.0,0.0,0.0,0,,,,INJECTION
1354,1354,HARIDONE 250MG INJ,1,0.0,0.0,0.0,0,,,,INJECTION
1356,1356,HECLOFEN 50MG TAB,1,0.0,0.0,0.0,0,,,,TABLET
1357,1357,HECLOFEN 75MG TAB,1,0.0,0.0,0.0,0,,,,TABLET
1358,1358,HETRIZINE 10MG TAB,1,0.0,0.0,0.0,0,,,,TABLET
1359,1359,KAVYR 0.5MG TAB,1,0.0,0.0,0.0,0,,,,TABLET
1360,1360,KAVYR 1MG TAB,1,0.0,0.0,0.0,0,,,,TABLET
1361,1361,LYMFO CAP,1,0.0,0.0,0.0,0,,,,CAPSULE
1362,1362,MONAZ 10MG TAB,1,0.0,0.0,0.0,0,,,,TABLET
1363,1363,MONAZ 5MG TAB,1,0.0,0.0,0.0,0,,,,TABLET
1364,1364,NEAMIN 500MG TAB,1,0.0,0.0,0.0,0,,,,TABLET
1365,1365,OMARID 1MG TAB,1,0.0,0.0,0.0,0,,,,TABLET
1366,1366,OMARID 2MG TAB,1,0.0,0.0,0.0,0,,,,TABLET
1367,1367,OMARID 3MG  TAB,1,0.0,0.0,0.0,0,,,,TABLET
1368,1368,OMARID 4MG TAB,1,0.0,0.0,0.0,0,,,,TABLET
1369,1369,OMEYZ 20MG TAB,1,0.0,0.0,0.0,0,,,,TABLET
1370,1370,PYZED 20MG TAB,1,0.0,0.0,0.0,0,,,,TABLET
1372,1372,RAAY 20MG TAB,1,0.0,0.0,0.0,0,,,,TABLET
1373,1373,RECUTE 10MG CAP,1,0.0,0.0,0.0,0,,,,CAPSULE
1375,1375,RECUTE 10MG CAP,1,0.0,0.0,0.0,0,,,,CAPSULE
1374,1374,RECUTE 20MG CAP,1,0.0,0.0,0.0,0,,,,CAPSULE
1376,1376,RECUTE 20MG CAP,1,0.0,0.0,0.0,0,,,,CAPSULE
1377,1377,RESCLEAR 250MG TAB,1,0.0,0.0,0.0,0,,,,TABLET
1378,1378,RESCLEAR 500MG TAB,1,0.0,0.0,0.0,0,,,,TABLET
1379,1379,SEPRETINE 20MG CAP,1,0.0,0.0,0.0,0,,,,CAPSULE
1381,1381,SHAEZ 20MG CAP,1,0.0,0.0,0.0,0,,,,CAPSULE
1380,1380,SHAEZ 40MG CAP,1,0.0,0.0,0.0,0,,,,CAPSULE
1384,1384,SHAFIX 125MG 60ML SUSP,1,0.0,0.0,0.0,0,,,,SYRUP
1385,1385,SHAFIX 250MG 60ML SUSP,1,0.0,0.0,0.0,0,,,,SYRUP
1382,1382,SHAFIX 250MG CAP,1,0.0,0.0,0.0,0,,,,CAPSULE
1383,1383,SHAFIX 500MG CAP,1,0.0,0.0,0.0,0,,,,CAPSULE
1386,1386,SHAFLO 200MG TAB,1,0.0,0.0,0.0,0,,,,TABLET
1387,1387,SHAMIN 10MG TAB,1,0.0,0.0,0.0,0,,,,TABLET
1388,1388,SHAPRAM 10MG TAB,1,0.0,0.0,0.0,0,,,,TABLET
1390,1390,SHAWBAL 500MCG CAP,1,0.0,0.0,0.0,0,,,,CAPSULE
1391,1391,SHAXONE 250MG INJ,1,65.55,57.0,57.0,0,,,,INJECTION
1392,1392,SHAXONE 500MG INJ,1,0.0,0.0,0.0,0,,,,INJECTION
1393,1393,SHIME 100MG CAP,1,0.0,0.0,0.0,0,,,,CAPSULE
1395,1395,STICK 20MG CAP,1,0.0,0.0,0.0,0,,,,CAPSULE
1396,1396,STICK 250MG 60ML SUSP,1,0.0,0.0,0.0,0,,,,SYRUP
1397,1397,STOMACURE 200MG TAB,1,0.0,0.0,0.0,0,,,,TABLET
1398,1398,STOMACURE 400MG TAB,1,0.0,0.0,0.0,0,,,,TABLET
1399,1399,TAZADIN 2MG TAB,1,0.0,0.0,0.0,0,,,,TABLET
1400,1400,TAZADIN 4MG TAB,1,0.0,0.0,0.0,0,,,,TABLET
1401,1401,TEROX 250MG CAP,1,0.0,0.0,0.0,0,,,,CAPSULE
1402,1402,TEROX 500MG CAP,1,0.0,0.0,0.0,0,,,,CAPSULE
1403,1403,VINZ 250MG TAB,1,0.0,0.0,0.0,0,,,,TABLET
1404,1404,VINZ 500MG TAB,1,0.0,0.0,0.0,0,,,,TABLET
1406,1406,VIZZ 20MG TAB,1,0.0,0.0,0.0,0,,,,TABLET
1405,1405,VIZZ 40MG TAB,1,0.0,0.0,0.0,0,,,,TABLET
5346,5346,VIZZ DS 40/240MG TAB,1,126.5,110.0,110.0,32,,,,TABLET
1412,1412,WADIN 125MG 60ML SUSP,1,126.5,110.0,110.0,0,,,,SYRUP
1411,1411,WADIN 1GM INJ,1,0.0,0.0,0.0,0,,,,INJECTION
1413,1413,WADIN 250MG 60ML SUSP,1,0.0,0.0,0.0,0,,,,SYRUP
1407,1407,WADIN 250MG CAP,1,0.0,0.0,0.0,0,,,,CAPSULE
1410,1410,WADIN 250MG INJ,1,0.0,0.0,0.0,0,,,,INJECTION
1408,1408,WADIN 500MG CAP,1,0.0,0.0,0.0,0,,,,CAPSULE
1409,1409,WADIN 500MG INJ,1,0.0,0.0,0.0,0,,,,INJECTION
1415,1415,WAYBACK 100MG 30ML SUSP,1,0.0,0.0,0.0,0,,,,SYRUP
1416,1416,WAYBACK 200MG 30ML SUSP,1,0.0,0.0,0.0,0,,,,SYRUP
1414,1414,WAYBACK 400MG CAP,1,0.0,0.0,0.0,0,,,,CAPSULE
1417,1417,XEGEN 20MG CAP,1,0.0,0.0,0.0,0,,,,CAPSULE
1418,1418,XEGTIN 20MG CAP,1,0.0,0.0,0.0,0,,,,CAPSULE
1419,1419,XERON 550MG TAB,1,0.0,0.0,0.0,0,,,,TABLET
1420,1420,ZEYVIST 10MG TAB,1,0.0,0.0,0.0,0,,,,TABLET
1425,1425,ZEYVIST 20MG,1,0.0,0.0,0.0,0,,,,OTHER
1421,1421,ZITON 250MG CAP,1,0.0,0.0,0.0,0,,,,CAPSULE
1423,1423,ZYMACEF 1GM INJ,1,0.0,0.0,0.0,0,,,,INJECTION
1424,1424,ZYMACEF 250MG INJ,1,0.0,0.0,0.0,0,,,,INJECTION
1422,1422,ZYMACEF 500MG INJ,1,0.0,0.0,0.0,0,,,,INJECTION
1682,1682,LEVONOR 500MG TAB,1,46.0,40.0,40.0,0,,,,TABLET
1686,1686,KRAN MAX SACHES,1,69.0,60.0,60.0,0,,,,SACHET
798,798,BANDAGES  INSAF 15CM X 3MTER,1,161.0,140.0,140.0,0,,,,OTHER
2388,2388,BANDAGES INSAF 5CMX3M,1,46.0,40.0,40.0,0,,,,OTHER
800,800,BANDAGES INSAF 7.5CM X 3METER,1,74.75,65.0,65.0,0,,,,OTHER
2855,2855,BANGAGE 10X3M INSAF,1,103.5,90.0,90.0,0,,,,OTHER
799,799,BANDAGE PEARL WHITE 7.5CM X 3M,1,13.42,11.67,11.67,116,,,,OTHER
401,401,BANDAGES 5CM X 3M DOCTER'S,1,9.11,7.92,7.92,138,,,,OTHER
265,265,BANDAGES DOCTER'S 10CM X 3 MET,1,105.8,92.0,92.0,0,,,,OTHER
2357,2357,ALTO 0.5MG TAB,1,19.55,17.0,17.0,0,,,,TABLET
2476,2476,ARFIFEN 50MG TAB,1,103.5,90.0,90.0,0,,,,TABLET
2494,2494,ATENOLOL 50MG TAB,1,18.4,16.0,16.0,0,,,,TABLET
2402,2402,AXEMAX O.5MG TAB,1,16.1,14.0,14.0,0,,,,TABLET
2475,2475,BIOVIT-G CAP,1,333.5,290.0,290.0,0,,,,CAPSULE
2312,2312,BLACK COBRA EXTRA,1,80.5,70.0,70.0,2,,,,OTHER
1895,1895,BODY PLUS SHAMPOO,1,74.75,65.0,65.0,0,,,,INJECTION
2499,2499,CAC 20 TAB,1,126.5,110.0,110.0,0,,,,TABLET
1840,1840,CAVIAR REPAIR CREAM,1,17.25,15.0,15.0,0,,,,CREAM
2958,2958,CIPROFLOXACIN 500MG TAB,1,41.4,36.0,36.0,0,,,,TABLET
1889,1889,CITRIZ  TAB,1,103.5,90.0,90.0,0,,,,TABLET
2488,2488,CLOFLAM-50MG TAB,1,18.4,16.0,16.0,0,,,,TABLET
2407,2407,COBRA-125 TAB,1,25.3,22.0,22.0,0,,,,TABLET
2497,2497,COBRA-150 COMBITIC,1,80.5,70.0,70.0,21,,,,OTHER
1835,1835,COFCAL TAB,1,12.42,10.8,10.8,0,,,,TABLET
2495,2495,COLD FIT PLUS,1,34.5,30.0,30.0,0,,,,OTHER
2541,2541,DEPEN FORT TAB,1,12.65,11.0,11.0,0,,,,TABLET
2492,2492,DFEN- K+ TAB,1,14.66,12.75,12.75,0,,,,TABLET
1836,1836,DICLOCIN FORTE TAB,1,34.5,30.0,30.0,0,,,,TABLET
1834,1834,DICLOFENAC SODIUM 50MG TAB,1,6.32,5.5,5.5,0,,,,TABLET
2568,2568,DICMOL GEL 30G,1,46.0,40.0,40.0,0,,,,CREAM
2241,2241,DICOPAR FORTE TAB,1,20.7,18.0,18.0,0,,,,TABLET
1845,1845,DILKHUSH-100MG TAB,1,20.7,18.0,18.0,0,,,,TABLET
2540,2540,DOLO ANIBION TAB,1,13.8,12.0,12.0,0,,,,TABLET
2406,2406,DURAGA-100 TAB,1,23.0,20.0,20.0,0,,,,TABLET
2409,2409,FAMOTIDINE 40MG TAB,1,20.7,18.0,18.0,0,,,,TABLET
2486,2486,FIREX 20MG INJ,1,8.05,7.0,7.0,0,,,,INJECTION
2324,2324,GRUCID-D 10X20MG CAP,1,34.5,30.0,30.0,0,,,,CAPSULE
2496,2496,IV CANNULA 22G ACCU-VEIN,1,97.75,85.0,85.0,0,,,,OTHER
2539,2539,KLOPHEN FORT TAB,1,46.0,40.0,40.0,0,,,,TABLET
2404,2404,LANCID-DM CAP,1,32.2,28.0,28.0,0,,,,CAPSULE
1841,1841,MAX MAN TAB,1,138.0,120.0,120.0,0,,,,TABLET
1847,1847,NEGA 100 TAB,1,19.55,17.0,17.0,0,,,,TABLET
2599,2599,NIMESULIDE TAB,1,18.4,16.0,16.0,0,,,,TABLET
2715,2715,ORAMIN-G SOFT CAP,1,345.0,300.0,300.0,0,,,,CAPSULE
2652,2652,PANODOL CF,1,11.5,10.0,10.0,0,,,,OTHER
2498,2498,PENAGRA 100MG TAB,1,17.25,15.0,15.0,0,,,,TABLET
2358,2358,PENEDOL CF 500MG TAB,1,11.5,10.0,10.0,0,,,,TABLET
1846,1846,POWER X TAB,1,207.0,180.0,180.0,0,,,,TABLET
2311,2311,PREGLADY 150MG CAP,1,57.5,50.0,50.0,0,,,,CAPSULE
1844,1844,PYRICAM-20MG CAP,1,16.1,14.0,14.0,0,,,,CAPSULE
2716,2716,RANITIDINE 150MG TAB,1,17.25,15.0,15.0,0,,,,TABLET
1837,1837,RELIEF EXTRA TAB,1,34.5,30.0,30.0,0,,,,TABLET
2489,2489,SPASMOLYTE TAB,1,20.7,18.0,18.0,0,,,,TABLET
1843,1843,SULPIRIDE-50NG CAP,1,46.0,40.0,40.0,0,,,,CAPSULE
1842,1842,V8 TAB,1,18.4,16.0,16.0,0,,,,TABLET
1890,1890,VATIKA 0LIVE OIL,1,63.25,55.0,55.0,0,,,,OTHER
1891,1891,VATIKA COCONUT OIL,1,63.25,55.0,55.0,0,,,,OTHER
2500,2500,VEGA 100 TAB,1,69.0,60.0,60.0,10,,,,TABLET
1849,1849,VIGORED-100 TAB,1,207.0,180.0,180.0,0,,,,TABLET
1848,1848,VIP TAB,1,57.5,50.0,50.0,0,,,,TABLET
2403,2403,VIVIOPTAL CAP,1,126.5,110.0,110.0,0,,,,CAPSULE
1839,1839,VOREN 50MG CAP,1,13.8,12.0,12.0,0,,,,CAPSULE
1838,1838,VOREN 50MG TAB,1,88.18,76.68,76.68,0,,,,TABLET
1833,1833,VOREN IND INJ,1,8.05,7.0,7.0,0,,,,INJECTION
2490,2490,WORMIZOLE TAB,1,8.05,7.0,7.0,0,,,,TABLET
2487,2487,ZEVMELOX-DPC TAB,1,69.0,60.0,60.0,0,,,,TABLET
2491,2491,ZEVOTHRO-500MG TAB,1,115.0,100.0,100.0,0,,,,TABLET
2717,2717,ZEVYCOM-15MG TAB,1,40.25,35.0,35.0,0,,,,TABLET
2493,2493,ZOBIFIC-K-100MG TAB,1,20.7,18.0,18.0,0,,,,TABLET
1872,1872,SYD-BRO 3MG TAB,1,39.48,34.33,34.33,0,,,,TABLET
2648,2648,CK FLOX 250MG TAB,1,90.85,79.0,79.0,0,,,,TABLET
1874,1874,CK FLOX 500MG TAB,1,138.0,120.0,120.0,0,,,,TABLET
2469,2469,XEERAK 400MG CAP,1,224.25,195.0,195.0,0,,,,CAPSULE
1886,1886,PEPPERMINT 120ML SYP,1,19.55,17.0,17.0,0,,,,SYRUP
91,91,ULTRAMOX 125MG SYP,1,32.2,28.0,28.0,0,,,,SYRUP
597,597,URELEX 120ML SYP,1,0.0,0.0,0.0,0,,,,SYRUP
2234,2234,MAXOLON SYP 50ML,1,58.58,50.94,50.94,0,,,,SYRUP
2442,2442,ZYLORIC 100MG TAB,1,37.65,32.74,32.74,3,,,,TABLET
2238,2238,INDERAL 10MG TAB,1,80.75,70.22,70.22,9,,,,TABLET
2243,2243,SUPER SEHAT MAND,1,80.5,70.0,70.0,0,,,,OTHER
4225,4225,IBODEX OINT,1,37.95,33.0,33.0,0,,,,CREAM
2314,2314,OPTINADON TAB,1,71.88,62.5,62.5,0,,,,TABLET
2316,2316,MOM-C 1000 750MG TAB,1,64.4,56.0,56.0,0,,,,TABLET
2873,2873,BETAMETHASONE N DROPS,1,28.75,25.0,25.0,0,,,,DROPS
461,461,MB ASIX 20MG INJ,1,6.09,5.3,5.3,0,,,,INJECTION
4873,4873,MB COBAL 1ML INJ,1,9.77,8.5,8.5,0,,,,INJECTION
3375,3375,MB KANZ 500MG TAB,1,55.2,48.0,48.0,0,,,,TABLET
687,687,MB MOX 250MG SYP,1,34.84,30.3,30.3,0,,,,SYRUP
2319,2319,MB MOX 500MG CAP,1,72.45,63.0,63.0,0,,,,CAPSULE
2322,2322,DEXA  CHINA INJ,1,6.9,6.0,6.0,0,,,,INJECTION
5395,5395,IROTON TAB,1,126.5,110.0,110.0,0,,,,TABLET
2711,2711,PROGESTERONE INJ,1,9.2,8.0,8.0,0,,,,INJECTION
804,804,A-ZATRO DRY POWDER SUSPENION 1,1,0.0,0.0,0.0,0,,,,SYRUP
805,805,CALADAR SUSPENION 15ML,1,0.0,0.0,0.0,0,,,,SYRUP
806,806,CALAXIN 275MG TAB,1,0.0,0.0,0.0,0,,,,TABLET
807,807,CALAXIN 550MG TAB,1,0.0,0.0,0.0,0,,,,TABLET
808,808,CALAZI 250MG CAP,1,54.05,47.0,47.0,0,,,,CAPSULE
809,809,CALDIC 75MG TAB,1,0.0,0.0,0.0,0,,,,TABLET
810,810,CALIFER -F 60ML SYP,1,36.75,31.96,31.96,0,,,,SYRUP
566,566,CALIFER 120ML SYP,1,37.83,32.9,32.9,0,,,,SYRUP
812,812,CALMETHER DRY POWDER SUPENSION,1,0.0,0.0,0.0,0,,,,SACHET
57,57,CALPHACIN 125 MG SYP,1,117.64,102.3,102.3,0,,,,SYRUP
816,816,CALPRO-BC TAB 20S,1,0.0,0.0,0.0,0,,,,TABLET
817,817,CALSIC 20MG CAP,1,34.5,30.0,30.0,0,,,,CAPSULE
818,818,CALSIC 40MG CAP,1,0.0,0.0,0.0,0,,,,CAPSULE
819,819,CALSOZOLE 20MG CAP,1,0.0,0.0,0.0,0,,,,CAPSULE
820,820,CALSOZOLE 40MG CAP,1,0.0,0.0,0.0,0,,,,CAPSULE
821,821,CALWORM 200MG TAB,1,0.0,0.0,0.0,0,,,,TABLET
822,822,CALZINE SYP 60ML,1,19.46,16.92,16.92,0,,,,SYRUP
814,814,CEPMOL 120ML SYP,1,34.59,30.08,30.08,0,,,,SYRUP
813,813,CEPMOL 6 PLUS SUSPENSION 90ML,1,40.0,34.78,34.78,0,,,,SYRUP
460,460,CIPAK  500MG TAB,1,50.6,44.0,44.0,0,,,,TABLET
547,547,CIPAK 250MG TAB,1,42.32,36.8,36.8,0,,,,TABLET
435,435,CIPCAL 125MG SYP,1,50.6,44.0,44.0,0,,,,SYRUP
136,136,CIPCAL 500MG TAB,1,48.3,42.0,42.0,0,,,,TABLET
90,90,CP-LIUM 60ML SYP,1,20.7,18.0,18.0,0,,,,SYRUP
830,830,FIURBID 100MG TAB,1,0.0,0.0,0.0,0,,,,TABLET
655,655,FLURBID-100MG TAB,1,96.6,84.0,84.0,0,,,,TABLET
826,826,GBEN 100MG CAP,1,0.0,0.0,0.0,0,,,,CAPSULE
827,827,GBEN 150MG CAP,1,0.0,0.0,0.0,0,,,,CAPSULE
824,824,GBEN 50MG CAP,1,0.0,0.0,0.0,0,,,,CAPSULE
825,825,GBEN 75MG CAP,1,0.0,0.0,0.0,0,,,,CAPSULE
75,75,LARGYL 90ML SYP,1,24.03,20.9,20.9,0,,,,SYRUP
828,828,LEVOCAL 250MG TAB,1,135.35,117.7,117.7,0,,,,TABLET
2563,2563,LEVOCAL 500MG TAB,1,51.34,44.64,44.64,0,,,,TABLET
93,93,NALIXIC 60ML SYP,1,40.25,35.0,35.0,0,,,,SYRUP
829,829,NALIXIC SUSPENSION  60ML,1,0.0,0.0,0.0,0,,,,SYRUP
60,60,RAMAFEN SYP,1,28.57,24.84,24.84,0,,,,SYRUP
2332,2332,SILK NON STERILL,1,21.85,19.0,19.0,0,,,,OTHER
2668,2668,OZYMAP 20MG CAP,1,25.3,22.0,22.0,0,,,,CAPSULE
2310,2310,TYZO  .05 TAB,1,97.75,85.0,85.0,0,,,,TABLET
457,457,ZAM ZAM GLAXOS SMALL,1,23.57,20.5,20.5,0,,,,OTHER
1679,1679,DEXA DOSACO INJ,1,109.25,95.0,95.0,0,,,,INJECTION
2592,2592,VITAMIN-B COMPOUND INJ,1,7.13,6.2,6.2,0,,,,INJECTION
2702,2702,BETAMAF-N CREAM 15GM,1,26.45,23.0,23.0,0,,,,CREAM
2394,2394,CIPMAP 250MG TAB,1,40.25,35.0,35.0,0,,,,TABLET
2395,2395,CIPMAP 500MG TAB,1,56.35,49.0,49.0,0,,,,TABLET
2414,2414,M -NOL 50MG TAB,1,20.7,18.0,18.0,0,,,,TABLET
4811,4811,TRANSMAF 500MG CAP,1,166.75,145.0,145.0,0,,,,CAPSULE
2415,2415,RAZLAM 0.5MG TAB,1,41.4,36.0,36.0,0,,,,TABLET
2472,2472,ROTIFEN 90ML SYP,1,25.87,22.5,22.5,0,,,,SYRUP
4923,4923,ROZOLAM 0.5MG TAB,1,40.25,35.0,35.0,0,,,,TABLET
458,458,ADACIP 125MG SYP,1,112.7,98.0,98.0,0,,,,SYRUP
3636,3636,ADACIP 250MG SYP,1,140.3,122.0,122.0,0,,,,SYRUP
374,374,ADACIP 250MG TAB,1,38.52,33.5,33.5,0,,,,TABLET
338,338,ADACIP 500MG TAB,1,66.7,58.0,58.0,0,,,,TABLET
2745,2745,ANORCID TAB,1,6.9,6.0,6.0,0,,,,TABLET
695,695,ARFACOBAL 500 TAB ADAMJI,1,69.0,60.0,60.0,0,,,,TABLET
96,96,DOLOR 60ML SYP,1,82.8,72.0,72.0,38,,,,SYRUP
5175,5175,DURDGONE 40MG TAB,1,63.25,55.0,55.0,0,,,,TABLET
5137,5137,DURDGONE DS TAB,1,44.85,39.0,39.0,0,,,,TABLET
2239,2239,IFEN 200MG TAB,1,9.66,8.4,8.4,0,,,,TABLET
4568,4568,KEMPRO 5MG TAB,1,114.53,99.59,99.59,11,,,,TABLET
685,685,LENTIL 2MG TAB,1,21.56,18.75,18.75,0,,,,TABLET
112,112,POLON TAB,1,28.75,25.0,25.0,0,,,,TABLET
4637,4637,VITAZON-D INJ,1,51.75,45.0,45.0,0,,,,INJECTION
366,366,ZAPROLE 20MG CAP,1,94.3,82.0,82.0,11,,,,CAPSULE
2621,2621,ZAPROLE 40MG INJ,1,80.5,70.0,70.0,0,,,,INJECTION
2451,2451,XIBEN 400MG TAB,1,69.0,60.0,60.0,0,,,,TABLET
2459,2459,CYCLODEX 20MG TAB,1,57.5,50.0,50.0,0,,,,TABLET
2467,2467,OLIGYN VAGINAL CREAM,1,46.0,40.0,40.0,0,,,,CREAM
2453,2453,OLIGYN-1 VAGINAL TAB,1,48.3,42.0,42.0,0,,,,TABLET
2468,2468,PROASMA TAB,1,51.75,45.0,45.0,0,,,,TABLET
4460,4460,SEIZUNIL 120ML SYP,1,255.09,221.82,221.82,0,,,,SYRUP
4709,4709,SEIZUNIL 200MG TAB,1,255.09,221.82,221.82,0,,,,TABLET
2454,2454,LOSAAN-H 50MG+12.5MG TAB,1,230.0,200.0,200.0,0,,,,TABLET
2455,2455,OTOFLOX 0.3% EAR DROPS,1,57.5,50.0,50.0,0,,,,DROPS
2501,2501,BP SET MI,1,4600.0,4000.0,4000.0,0,,,,OTHER
2517,2517,KETRESS 15ML SYP,1,38.67,33.63,33.63,0,,,,SYRUP
746,746,NILSTAT DROP,1,190.98,166.07,166.07,17,,,,DROPS
3538,3538,TRAMED INJ,1,66.7,58.0,58.0,0,,,,INJECTION
2577,2577,BABY COUGH 120ML SYP,1,23.0,20.0,20.0,0,,,,SYRUP
2579,2579,BIORISE 120ML SYP,1,0.0,0.0,0.0,0,,,,SYRUP
2575,2575,COUGH CURE 120ML,1,0.0,0.0,0.0,0,,,,OTHER
2533,2533,FERRIC-V 120ML SYP,1,40.25,35.0,35.0,0,,,,SYRUP
2532,2532,FRESH BLOOD 120ML SYP,1,40.25,35.0,35.0,0,,,,SYRUP
2534,2534,GASTRIC 120ML SYP,1,24.15,21.0,21.0,0,,,,SYRUP
2581,2581,GASTROM 120ML SYP,1,0.0,0.0,0.0,0,,,,SYRUP
2569,2569,GYNOMIK 120ML SYP,1,0.0,0.0,0.0,0,,,,SYRUP
2580,2580,MI-COUGH 120ML SYP,1,0.0,0.0,0.0,0,,,,SYRUP
5160,5160,MONTEKAST 10MG TAB,1,162.26,141.1,141.1,0,,,,TABLET
2536,2536,XAVOR 50MG TAB,1,152.5,132.61,132.61,0,,,,TABLET
68,68,PYO-CLEALER MOUTH WASH 120ML,1,43.7,38.0,38.0,0,,,,OTHER
2632,2632,DORCIP 100ML INFUSION,1,40.25,35.0,35.0,0,,,,INJECTION
3335,3335,TRIPOFEN 100MG TAB,1,101.2,88.0,88.0,0,,,,TABLET
2637,2637,5,1,19.55,17.0,17.0,0,,,,OTHER
4171,4171,IMFIX 100MG SYP,1,97.75,85.0,85.0,0,,,,SYRUP
315,315,HYOCIL 120ML SYP,1,35.28,30.68,30.68,0,,,,SYRUP
2705,2705,GLYCERIN 100MG POND CRISTAL,1,80.5,70.0,70.0,0,,,,OTHER
677,677,BABYNOL SYP,1,82.73,71.94,71.94,59,,,,SYRUP
678,678,BRONEX SYP,1,82.47,71.71,71.71,36,,,,SYRUP
2721,2721,COF REST 120ML SYP,1,75.95,66.04,66.04,0,,,,SYRUP
1216,1216,PEDIA CARE 500ML,1,51.75,45.0,45.0,0,,,,OTHER
2813,2813,TEMPOL 60ML SYP,1,0.0,0.0,0.0,0,,,,SYRUP
3215,3215,AMECORT INJ,1,41.4,36.0,36.0,0,,,,INJECTION
607,607,AMEFENEC INJ 1X5,1,29.9,26.0,26.0,0,,,,INJECTION
256,256,DEXA INJ AMEER PHARMA,1,138.0,120.0,120.0,0,,,,INJECTION
5115,5115,O-TRON 4ML INJ,1,41.4,36.0,36.0,0,,,,INJECTION
3547,3547,SUCROC-C INJ,1,29.9,26.0,26.0,0,,,,INJECTION
2691,2691,AMRID 120ML SYP,1,19.55,17.0,17.0,0,,,,SYRUP
2641,2641,SNCIP 125MG SYP,1,78.2,68.0,68.0,0,,,,SYRUP
2808,2808,DOLOGIN 60ML SYP,1,73.51,63.92,63.92,31,,,,SYRUP
365,365,ESSONAVE 20MG CAP,1,94.82,82.45,82.45,7,,,,CAPSULE
115,115,MONTIGRAT 5MG TAB,1,92.0,80.0,80.0,0,,,,TABLET
4173,4173,NOVACORT INJ,1,43.7,38.0,38.0,0,,,,INJECTION
85,85,NOVAEDAXIN 125MG SYP,1,54.05,47.0,47.0,0,,,,SYRUP
2560,2560,NOVAEDAXIN 250MG TAB,1,43.7,38.0,38.0,0,,,,TABLET
2810,2810,SPASM-ODINE 100ML SYP,1,138.0,120.0,120.0,22,,,,SYRUP
4917,4917,CIPOTIC-D 5ML DROP,1,179.15,155.78,155.78,0,,,,DROPS
2811,2811,FEBROL 60ML SYP,1,62.56,54.4,54.4,15,,,,SYRUP
2398,2398,JECTOSOL PLUS 75MG INJ,1,44.76,38.92,38.92,0,,,,INJECTION
787,787,CEFRESH 125MG SYP,1,44.99,39.12,39.12,0,,,,SYRUP
788,788,CEFRESH 250MG SYP,1,76.24,66.3,66.3,0,,,,SYRUP
4824,4824,ANPRA 025MG TAB,1,55.64,48.38,48.38,0,,,,TABLET
51912,51912,BACTCID 500MG TAB,1,221.8,192.87,192.87,6,,,,TABLET
5195,5195,CEFOBACT 1GM INJ,1,257.01,223.49,223.49,11,,,,INJECTION
5178,5178,LEVOCIL 250MG TAB,1,135.35,117.7,117.7,0,,,,TABLET
5177,5177,LEVOCIL 500MG TAB,1,237.8,206.78,206.78,0,,,,TABLET
5199,5199,MOLOX 400MG TAB,1,303.34,263.77,263.77,0,,,,TABLET
5234,5234,MONTAIR 10MG TAB,1,271.76,236.31,236.31,0,,,,TABLET
4561,4561,ORLOVIT 120MG CAP,1,386.35,335.96,335.96,0,,,,CAPSULE
5054,5054,PULMONAT 120ML SYP,1,97.75,85.0,85.0,0,,,,SYRUP
413,413,PULMONOL 120ML SYP,1,132.25,115.0,115.0,26,,,,SYRUP
5159,5159,SITA-MET 50/500MG TAB,1,605.19,526.25,526.25,0,,,,TABLET
555,555,PREGNENCY STRIP 1X100,1,11.5,10.0,10.0,270,,,,OTHER
5222,5222,ASTEL 10MG TAB,1,80.5,70.0,70.0,0,,,,TABLET
5163,5163,DROSPA 40MG TAB,1,55.2,48.0,48.0,0,,,,TABLET
5132,5132,DROSPA FORTE 80MG TAB,1,40.25,35.0,35.0,0,,,,TABLET
5367,5367,ESTYOPRIM 10MG TAB,1,57.5,50.0,50.0,0,,,,TABLET
5126,5126,FERSOX INJ,1,36.8,32.0,32.0,0,,,,INJECTION
646,646,LOPEMID 2MG CAP,1,1.56,1.36,1.36,0,,,,CAPSULE
2780,2780,NO UL 40MG TAB,1,25.3,22.0,22.0,0,,,,TABLET
4787,4787,OFAXIN 200MG TAB,1,63.25,55.0,55.0,0,,,,TABLET
5101,5101,ONVIN 8MG TAB,1,74.75,65.0,65.0,5,,,,TABLET
5070,5070,RUSCAIN GEL,1,41.4,36.0,36.0,0,,,,CREAM
5097,5097,TOREK 30MG INJ,1,18.4,16.0,16.0,0,,,,INJECTION
3144,3144,BAZURI 800ML BARAD,1,270.25,235.0,235.0,0,,,,OTHER
2907,2907,GYNO-DAKTARIN CREAM,1,130.23,113.24,113.24,0,,,,CREAM
3,3,IMODIUM 2MG CAP,1,6.28,5.46,5.46,106,,,,CAPSULE
666,666,MOTILIUM 120ML SYP,1,197.95,172.13,172.13,0,,,,SYRUP
648,648,MOTILIUM TAB,1,197.47,171.71,171.71,1,,,,TABLET
596,596,MOTILIUM-V TAB,1,99.62,86.63,86.63,0,,,,TABLET
4571,4571,NIZORAL 20MG CREAM,1,217.86,189.44,189.44,0,,,,CREAM
4205,4205,ACEFL WET 60ML SYP,1,83.34,72.47,72.47,0,,,,SYRUP
2559,2559,ACEFYL COUGH 60ML SYP,1,118.52,103.06,103.06,62,,,,SYRUP
3308,3308,ACEFYLE COUGH 120ML SYP,1,140.27,121.97,121.97,0,,,,SYRUP
114,114,BACIP 500MG TAB,1,182.94,159.08,159.08,0,,,,TABLET
4723,4723,DEXLOPROT 60MG CAP,1,575.0,500.0,500.0,0,,,,CAPSULE
593,593,FOLITAB 5MG TAB,1,28.75,25.0,25.0,0,,,,TABLET
177,177,KLEEN ENEMA 135ML,1,224.82,195.5,195.5,3,,,,OTHER
4717,4717,PRENEU 50MG CAP,1,609.5,530.0,530.0,0,,,,CAPSULE
43,43,REXYL 120ML SYP,1,34.26,29.79,29.79,0,,,,SYRUP
4142,4142,ROMYCIN 15ML SYP,1,171.35,149.0,149.0,0,,,,SYRUP
4143,4143,ROMYCIN 250MG TAB,1,355.06,308.75,308.75,0,,,,TABLET
3227,3227,FRESH BLOOD 240ML SYP,1,87.97,76.5,76.5,5,,,,SYRUP
3194,3194,PODINA 240ML SYP T.S,1,51.75,45.0,45.0,0,,,,SYRUP
3228,3228,ORTHO X 210MG TAB,1,57.5,50.0,50.0,0,,,,TABLET
4715,4715,ARISAT 2ML INJ,1,5.17,4.5,4.5,0,,,,INJECTION
3206,3206,DOMAX 100ML INFUSION,1,63.25,55.0,55.0,0,,,,INJECTION
3305,3305,METROIN 100ML INFUSION,1,48.3,42.0,42.0,1,,,,INJECTION
3316,3316,D/RLD MEDILACT-D 500ML,1,92.0,80.0,80.0,46,,,,OTHER
630,630,ARQ-E-GLUAB 60ML SYP,1,33.35,29.0,29.0,0,,,,SYRUP
5244,5244,INHALER MARHABA,1,95.45,83.0,83.0,10,,,,INHALER
4748,4748,ISPAGHOL HUSK 50GM,1,310.5,270.0,270.0,0,,,,OTHER
5406,5406,ROSE WATER SPRAY,1,166.75,145.0,145.0,12,,,,INHALER
5405,5405,SHARBAT ILLAICHI 800ML,1,440.83,383.33,383.33,1,,,,OTHER
2410,2410,TOXO HEALSTONE STREP,1,103.5,90.0,90.0,7,,,,OTHER
2817,2817,BENAQUIN 60ML SYP,1,25.3,22.0,22.0,0,,,,SYRUP
2901,2901,BETABISOL-N DROPS,1,34.5,30.0,30.0,0,,,,TABLET
4206,4206,BROVOLIN 4MG TAB,1,16.1,14.0,14.0,0,,,,TABLET
5068,5068,EFLARAN 100ML INF,1,48.3,42.0,42.0,0,,,,OTHER
3204,3204,EFLARAN 400MG TAB,1,28.17,24.5,24.5,0,,,,TABLET
146,146,GENTAMICIN CREAM 10GM,1,16.28,14.16,14.16,0,,,,CREAM
118,118,GYNIDOL TAB,1,32.2,28.0,28.0,0,,,,TABLET
2649,2649,ISFEN-100MG TAB,1,89.7,78.0,78.0,0,,,,TABLET
143,143,ISGOCIN EYE OINTMENT,1,17.25,15.0,15.0,0,,,,CREAM
520,520,KANADEX INJ 1X25,1,143.75,125.0,125.0,0,,,,INJECTION
299,299,KANADEX TAB,1,12.07,10.5,10.5,59,,,,TABLET
36,36,KANADEX-N CREAM 1X12,1,47.44,41.25,41.25,18,,,,CREAM
4794,4794,KANAMIDE 1ML INJ,1,7.47,6.5,6.5,0,,,,INJECTION
2772,2772,KANAVIT 120ML SYP,1,74.75,65.0,65.0,0,,,,SYRUP
2671,2671,NERCOBAL INJ,1,54.05,47.0,47.0,0,,,,INJECTION
4860,4860,NOVOLUX 5MG TAB,1,11.04,9.6,9.6,0,,,,TABLET
4763,4763,NOVOPHENICOL EYE OINTMENT,1,0.0,0.0,0.0,0,,,,CREAM
2773,2773,NOVOPLEX 120ML SYP,1,36.8,32.0,32.0,0,,,,SYRUP
302,302,NOVOVATE-N OIT 5GM,1,12.94,11.25,11.25,0,,,,OTHER
2350,2350,NOVOZYME 120ML SYP,1,28.75,25.0,25.0,0,,,,SYRUP
4850,4850,TYRACIP 100ML INF,1,63.25,55.0,55.0,0,,,,OTHER
2753,2753,TYRACIP 500MG TAB,1,48.3,42.0,42.0,0,,,,TABLET
2623,2623,VECLOFEN-50MG TAB,1,12.65,11.0,11.0,0,,,,TABLET
464,464,D/RL 500ML FDL,1,62.1,54.0,54.0,37,,,,OTHER
501,501,STERIMENT 100ML,1,86.25,75.0,75.0,37,,,,OTHER
3623,3623,D-WELL INJ,1,92.0,80.0,80.0,0,,,,INJECTION
3639,3639,MECOBORN 500MCG TAB,1,103.5,90.0,90.0,0,,,,TABLET
3638,3638,MECOBRON 500MCG INJ,1,178.25,155.0,155.0,0,,,,INJECTION
2330,2330,PODINA 240ML SYP,1,63.25,55.0,55.0,0,,,,SYRUP
37,37,ARCOMOX 125MG SYP,1,27.21,23.66,23.66,0,,,,SYRUP
190,190,ARCOMOX 250MG CAP,1,49.45,43.0,43.0,0,,,,CAPSULE
161,161,ARCOMOX 250MG SYP,1,41.08,35.72,35.72,0,,,,SYRUP
117,117,ARCOMOX 500MG CAP 1X10,1,108.1,94.0,94.0,0,,,,CAPSULE
541,541,ASCARD 75MG TAB,1,31.05,27.0,27.0,8,,,,TABLET
139,139,CIBRA 20MG CAP,1,27.6,24.0,24.0,0,,,,CAPSULE
3763,3763,RHUNOR 120ML SYP,1,38.28,33.29,33.29,0,,,,SYRUP
3759,3759,WABDOM 60ML SYP,1,32.17,27.97,27.97,0,,,,SYRUP
3764,3764,WABZOL 60ML SYP,1,33.46,29.1,29.1,0,,,,SYRUP
3765,3765,WABZOL-M 90ML SYP,1,49.77,43.28,43.28,0,,,,SYRUP
3760,3760,WORMNOR 10ML SYP,1,21.44,18.64,18.64,0,,,,SYRUP
3761,3761,WYDRYLIN 120ML SYP,1,47.38,41.2,41.2,0,,,,SYRUP
3795,3795,METROSOL 60ML SYP APL,1,33.35,29.0,29.0,0,,,,SYRUP
5213,5213,ALDACTONE 100MG TAB,1,594.55,517.0,517.0,0,,,,TABLET
4646,4646,CLARIZA 250MG TAB,1,341.71,297.14,297.14,0,,,,TABLET
2424,2424,D/ RINGER 500ML SEARL,1,36.8,32.0,32.0,0,,,,OTHER
4770,4770,EXTOR 10/160 TAB,1,611.78,531.98,531.98,3,,,,TABLET
219,219,GRAVINATE 50MG INJ,1,27.6,24.0,24.0,0,,,,INJECTION
2809,2809,GRAVINATE 60ML SYP,1,108.21,94.1,94.1,21,,,,SYRUP
422,422,GRAVINATE TAB,1,29.9,26.0,26.0,0,,,,TABLET
38,38,HYDRYLLIN  120ML SYP,1,157.38,136.85,136.85,30,,,,SYRUP
323,323,HYDRYLLIN DM SYP,1,187.68,163.2,163.2,4,,,,SYRUP
4139,4139,METODINE DF TAB,1,77.27,67.19,67.19,9,,,,TABLET
4284,4284,METODINE SYP,1,207.0,180.0,180.0,0,,,,SYRUP
218,218,METROZIN 200MG TAB,1,108.25,94.13,94.13,0,,,,TABLET
3668,3668,METROZINE 400MG TAB,1,34.7,30.17,30.17,0,,,,TABLET
2425,2425,METROZINE 90ML SUSP...SEARAL,1,111.85,97.26,97.26,34,,,,SYRUP
2457,2457,MORCET 10MG TAB,1,225.4,196.0,196.0,0,,,,TABLET
2525,2525,NUBROL FORTE TAB 15 S,1,62.28,54.16,54.16,27,,,,TABLET
5060,5060,OMATRIL 5MG TAB,1,0.0,0.0,0.0,0,,,,TABLET
4285,4285,ORS(PEDITRAL),1,28.51,24.79,24.79,63,,,,OTHER
3371,3371,PARAZYL-L INJ,1,48.3,42.0,42.0,0,,,,INJECTION
2422,2422,PLADEX 100ML SERLA,1,59.8,52.0,52.0,0,,,,OTHER
276,276,RELISPA 40MG TAB,1,220.9,192.09,192.09,21,,,,TABLET
269,269,RELISPA FORTE 80MG TAB,1,148.84,129.43,129.43,30,,,,TABLET
498,498,RELISPA INJ,1,19.73,17.16,17.16,0,,,,INJECTION
2918,2918,ROTEC 50MG TAB,1,262.2,228.0,228.0,0,,,,TABLET
530,530,ROTEC 75MG TAB,1,290.32,252.45,252.45,4,,,,TABLET
483,483,SERENACE 5MG TAB,1,80.5,70.0,70.0,0,,,,TABLET
271,271,SPIROMIDE 40MG TAB,1,158.24,137.6,137.6,4,,,,TABLET
591,591,TEFNO 500MG ING,1,0.0,0.0,0.0,0,,,,OTHER
536,536,TRAMAL INJ 1X5,1,56.99,49.56,49.56,0,,,,INJECTION
4213,4213,TRAMAL SR CAP,1,387.09,336.6,336.6,0,,,,CAPSULE
5209,5209,VIRDI 250MG TAB,1,190.77,165.89,165.89,0,,,,TABLET
5092,5092,VIRDI 500MG TAB,1,326.12,283.58,283.58,5,,,,TABLET
199,199,ZEEMOX 125MG SYP,1,57.21,49.75,49.75,0,,,,SYRUP
4768,4768,DEXAMETHASON SG&G INJ,1,212.75,185.0,185.0,10,,,,INJECTION
5218,5218,DIGESTINE 40MG CAP,1,221.92,192.97,192.97,5,,,,CAPSULE
2620,2620,FEVAGESIC 1G/100ML INFUSION,1,137.62,119.67,119.67,0,,,,INJECTION
321,321,MIDAZOLE INFUSION 100ML,1,58.65,51.0,51.0,0,,,,INJECTION
4807,4807,NYLOZ 20MG CAP,1,181.08,157.46,157.46,0,,,,CAPSULE
4808,4808,NYLOZ 40MG CAP,1,275.65,239.7,239.7,0,,,,CAPSULE
40,40,OMICIN 300MG INJ 1X25,1,17.82,15.5,15.5,0,,,,INJECTION
39,39,OMICIN 600MG INJ 1X25,1,33.12,28.8,28.8,0,,,,INJECTION
4759,4759,VIOPHOS-B 240ML SYP,1,321.42,279.5,279.5,2,,,,SYRUP
4621,4621,ENCIFER 5ML INJ,1,63.25,55.0,55.0,0,,,,INJECTION
4187,4187,LINCOMYCIN INJ,1,34.5,30.0,30.0,0,,,,INJECTION
4194,4194,NOZIAT 500MG TAB,1,109.25,95.0,95.0,0,,,,TABLET
4189,4189,ONDUS 8MG INJ,1,46.0,40.0,40.0,0,,,,INJECTION
5001,5001,BETSO-G CREAM,1,51.75,45.0,45.0,0,,,,CREAM
5000,5000,KISLIN 10MG TAB,1,51.75,45.0,45.0,4,,,,TABLET
4210,4210,ZIX 100MG/5ML SYP,1,92.0,80.0,80.0,0,,,,SYRUP
4208,4208,MONADOL 60ML SYP,1,40.25,35.0,35.0,0,,,,SYRUP
4190,4190,PANAMAZ 250MG TAB,1,16.87,14.67,14.67,0,,,,TABLET
3674,3674,FIXIL 100MG SYP,1,108.1,94.0,94.0,0,,,,SYRUP
4015,4015,FIXIL 400MG CAP,1,189.75,165.0,165.0,0,,,,CAPSULE
4179,4179,SYSPEP 60ML SYP,1,32.2,28.0,28.0,0,,,,SYRUP
4182,4182,APTIPRIDE 25MG TAB,1,86.25,75.0,75.0,0,,,,TABLET
4183,4183,CEF-APT 100MG SYP,1,109.25,95.0,95.0,0,,,,SYRUP
4302,4302,CIT-APT 10MG TAB,1,92.0,80.0,80.0,0,,,,TABLET
4298,4298,OXIDEX 20MG TAB,1,103.5,90.0,90.0,0,,,,TABLET
4236,4236,RESAPT 2MG TAB,1,103.5,90.0,90.0,0,,,,TABLET
4177,4177,TREBAC 250MG TAB,1,92.0,80.0,80.0,0,,,,TABLET
5269,5269,AZICOB 200MG SYP,1,249.75,217.17,217.17,0,,,,SYRUP
4175,4175,AZICOB 250MG TAB,1,92.0,80.0,80.0,0,,,,TABLET
5270,5270,AZICOB 500MG TAB,1,403.71,351.05,351.05,0,,,,TABLET
5272,5272,KLARIO 125MG SYP,1,383.18,333.2,333.2,0,,,,SYRUP
5271,5271,OBPAN 100MG SYP,1,195.01,169.57,169.57,0,,,,SYRUP
5275,5275,VLS 5/80 TAB,1,232.64,202.3,202.3,0,,,,TABLET
2682,2682,AVOREK 50MG TAB,1,98.92,86.02,86.02,0,,,,TABLET
2466,2466,INDERAL 40MG TAB,1,149.78,130.24,130.24,9,,,,TABLET
5094,5094,MACROBAC 200MG SYP,1,273.47,237.8,237.8,0,,,,SYRUP
2474,2474,MACROBAC 250MG CAP,1,315.69,274.51,274.51,1,,,,CAPSULE
535,535,VOREN 25MG TAB,1,104.29,90.69,90.69,0,,,,TABLET
3075,3075,VOREN 50MG CAP,1,84.36,73.36,73.36,0,,,,CAPSULE
47,47,VOREN 50MG TAB 1X10,1,102.22,88.89,88.89,0,,,,TABLET
41,41,VOREN 75MG INJ 1X10,1,51.01,44.36,44.36,0,,,,INJECTION
4653,4653,ZOLBI 20MG CAP,1,225.61,196.18,196.18,0,,,,CAPSULE
4164,4164,CIPROSHINE 250MG TAB,1,59.8,52.0,52.0,0,,,,TABLET
4800,4800,SUNIZINE 10MG TAB,1,17.25,15.0,15.0,0,,,,TABLET
4159,4159,SUNOXICAM 15MG TAB,1,32.2,28.0,28.0,0,,,,TABLET
4292,4292,MOLID 60ML SYP,1,36.8,32.0,32.0,0,,,,SYRUP
4293,4293,MOLID FORT 60ML SYP,1,43.7,38.0,38.0,0,,,,SYRUP
4286,4286,D-ZIME 120ML SYP,1,86.25,75.0,75.0,0,,,,SYRUP
4260,4260,MOUFLAM 50MG TAB,1,57.5,50.0,50.0,0,,,,TABLET
4081,4081,X-PRAZOLE 40MG INJ,1,149.5,130.0,130.0,0,,,,INJECTION
42,42,COLIC 60ML SYP BRICK,1,192.51,167.4,167.4,19,,,,SYRUP
300,300,COLIC DROPS 20ML BRICK,1,172.5,150.0,150.0,30,,,,DROPS
2521,2521,FEMINA 120ML SYP,1,74.78,65.03,65.03,0,,,,SYRUP
4283,4283,ESDOR 40MG CAP,1,51.75,45.0,45.0,0,,,,CAPSULE
4278,4278,RUDAZOLE 100ML INF,1,48.3,42.0,42.0,0,,,,OTHER
4264,4264,SCAB-TEK SOAP,1,126.5,110.0,110.0,2,,,,OTHER
4227,4227,AIRY 10MG TAB,1,87.4,76.0,76.0,0,,,,TABLET
4228,4228,AIRY 5MG TAB,1,63.25,55.0,55.0,0,,,,TABLET
3483,3483,AIRY-4MG SACHETS,1,6.9,6.0,6.0,136,,,,SACHET
5087,5087,NOMIZIL INSTA 40MG SACHET,1,14.95,13.0,13.0,49,,,,SACHET
4788,4788,ZIMY 250MG TAB,1,0.0,0.0,0.0,0,,,,TABLET
4192,4192,CALCIBEX TAB,1,115.0,100.0,100.0,0,,,,TABLET
4052,4052,MI-STATE DROPS,1,36.8,32.0,32.0,0,,,,DROPS
5144,5144,SPAM-ODINE 100ML SYP,1,71.3,62.0,62.0,0,,,,SYRUP
5145,5145,SPAM-ODINE DROP,1,59.8,52.0,52.0,0,,,,DROPS
4296,4296,SCABI EASE 60ML LOTION,1,71.3,62.0,62.0,0,,,,CREAM
4299,4299,CHERRY ON TAB,1,172.5,150.0,150.0,0,,,,TABLET
4300,4300,BRISCEF 100MG SYP,1,126.5,110.0,110.0,0,,,,SYRUP
4301,4301,BRISCEF 200MG SYP,1,172.5,150.0,150.0,0,,,,SYRUP
4304,4304,ZUFEN 90ML SYP,1,43.7,38.0,38.0,0,,,,SYRUP
348,348,ARNIL 50MG TAB,1,61.35,53.35,53.35,0,,,,TABLET
421,421,ARNIL 75MG TAB,1,77.28,67.2,67.2,0,,,,TABLET
5162,5162,CONTRACTUBEX GEL,1,970.48,843.9,843.9,0,,,,CREAM
2756,2756,GEN CIPRO 500MG TAB,1,111.55,97.0,97.0,28,,,,TABLET
694,694,GEN-CIPRO 250MG TAB,1,71.01,61.75,61.75,34,,,,TABLET
228,228,GEN-LEVO 250MG,1,86.25,75.0,75.0,18,,,,OTHER
229,229,GEN-LEVO 500MG TAB,1,147.2,128.0,128.0,11,,,,TABLET
48,48,HEPA-MERZ INF,1,421.28,366.33,366.33,0,,,,OTHER
755,755,HEPA-MERZ SYP,1,494.5,430.0,430.0,0,,,,SYRUP
2505,2505,INCETAX 1GM INJ,1,43.95,38.22,38.22,0,,,,INJECTION
2504,2504,INCETAX 500MG INJ,1,1.15,1.0,1.0,0,,,,INJECTION
3270,3270,OMESEC 20MG CAP,1,71.01,61.75,61.75,0,,,,CAPSULE
263,263,PYODINE SOLUTION BROOKES 60ML,1,146.72,127.58,127.58,0,,,,OTHER
3271,3271,RE-UPTOL 10MG TAB,1,116.15,101.0,101.0,0,,,,TABLET
1683,1683,RYXON 1GM IV INJ,1,83.95,73.0,73.0,0,,,,INJECTION
3353,3353,XIDIM 500MG INJ,1,80.5,70.0,70.0,0,,,,INJECTION
4099,4099,XYLEPAM 0.5MG TAB,1,143.75,125.0,125.0,0,,,,TABLET
5086,5086,AVICAM 20MG CAP,1,43.12,37.5,37.5,0,,,,CAPSULE
3801,3801,METIVER 500MG INJ,1,9.89,8.6,8.6,91,,,,INJECTION
5413,5413,NUCORT 40MG INJ,1,47.56,41.36,41.36,25,,,,INJECTION
5296,5296,CALCIUM PLUS 120ML SYP,1,103.5,90.0,90.0,0,,,,SYRUP
5293,5293,CEFLOREX 400MG CAP,1,212.75,185.0,185.0,0,,,,CAPSULE
4828,4828,CIPRO-EFF 500MG TAB,1,101.2,88.0,88.0,0,,,,TABLET
5125,5125,DOLNOT PLUS INJ,1,5.46,4.75,4.75,0,,,,INJECTION
4831,4831,ESOLITE 40MG CAP,1,86.25,75.0,75.0,0,,,,CAPSULE
4829,4829,LEVO-EFF 500MG TAB,1,120.75,105.0,105.0,0,,,,TABLET
5082,5082,MONTANA 4MG SACHETS,1,6.9,6.0,6.0,0,,,,SACHET
5069,5069,NALBINOR 10MG INJ,1,50.6,44.0,44.0,0,,,,INJECTION
5073,5073,NALZEE 10MG INJ,1,44.27,38.5,38.5,140,,,,INJECTION
4830,4830,OPTOC 20MG CAP,1,37.95,33.0,33.0,0,,,,CAPSULE
5076,5076,SYNOCEF 100MG SYP,1,115.0,100.0,100.0,33,,,,SYRUP
546,546,GYNACOCID TAB,1,128.57,111.8,111.8,0,,,,TABLET
49,49,CYNODOX -C SYP,1,97.06,84.4,84.4,0,,,,SYRUP
2754,2754,EPIDOX CAP,1,36.8,32.0,32.0,0,,,,CAPSULE
481,481,RELAXIPAM 5MG TAB,1,115.0,100.0,100.0,0,,,,TABLET
4841,4841,LIFEBUOY SOAP,1,147.2,128.0,128.0,0,,,,OTHER
5219,5219,SUNSILK SHAMPOO 180ML,1,488.75,425.0,425.0,0,,,,INJECTION
5149,5149,BIOTIN PLUS TAB,1,1067.92,928.63,928.63,0,,,,TABLET
5050,5050,GLUTA FAIR CAP,1,2785.88,2422.5,2422.5,0,,,,CAPSULE
5210,5210,MAGNESIUM 850MG TAB,1,1160.79,1009.38,1009.38,0,,,,TABLET
5139,5139,VITAMIN B12 TAB,1,899.98,782.59,782.59,0,,,,TABLET
4879,4879,BROFANIC 90ML SYP,1,51.75,45.0,45.0,98,,,,SYRUP
4878,4878,BROFANIC-DS 90ML SYP,1,64.4,56.0,56.0,75,,,,SYRUP
5253,5253,MOGRALL FORTE TAB,1,24.15,21.0,21.0,53,,,,TABLET
5254,5254,PAEDAL 120ML SYP,1,63.25,55.0,55.0,0,,,,SYRUP
2700,2700,PROZAM 0.5MG TAB,1,36.8,32.0,32.0,0,,,,TABLET
5088,5088,ALP-SYD 0.5MG TAB,1,32.58,28.33,28.33,11,,,,TABLET
50,50,JOSHANDA MAAN GEE,1,6.9,6.0,6.0,0,,,,OTHER
3235,3235,ORS (BIO LYTE),1,13.8,12.0,12.0,120,,,,OTHER
54,54,ARTHONIL 50MG 1X20,1,12.79,11.12,11.12,43,,,,OTHER
337,337,BEFLAM 75MG TAB,1,18.4,16.0,16.0,190,,,,TABLET
2320,2320,BISACODYL 5MG TAB,1,55.2,48.0,48.0,0,,,,TABLET
2283,2283,CIPRO 250MG TAB BATALA,1,48.3,42.0,42.0,0,,,,TABLET
162,162,CIPRO 500MG TAB BATALA,1,51.75,45.0,45.0,0,,,,TABLET
3716,3716,DONALD 10MG TAB,1,37.95,33.0,33.0,0,,,,TABLET
5,5,FEMME 40MG TAB,1,25.3,22.0,22.0,64,,,,TABLET
3135,3135,FLUSID 100MG TAB,1,189.75,165.0,165.0,0,,,,TABLET
3359,3359,OBLOX 200MG TAB,1,31.05,27.0,27.0,0,,,,TABLET
434,434,ANTACID 120ML SYP,1,51.75,45.0,45.0,0,,,,SYRUP
2776,2776,CHESTY COFF 120ML SYP,1,18.4,16.0,16.0,0,,,,SYRUP
2690,2690,CHESTY SIM DS 120ML SYP,1,18.4,16.0,16.0,0,,,,SYRUP
3239,3239,COLIC 20ML DROPS HIT PHARMA,1,34.5,30.0,30.0,0,,,,DROPS
78,78,FAULAD 225ML SYP,1,56.35,49.0,49.0,0,,,,SYRUP
5287,5287,FAULAD 240ML SYP HIT PHARMA,1,78.2,68.0,68.0,0,,,,SYRUP
4608,4608,GINCOPA 240ML SYP,1,86.25,75.0,75.0,0,,,,SYRUP
3245,3245,GINKGO PLUS 240ML SYP,1,97.75,85.0,85.0,5,,,,SYRUP
3244,3244,HI-GINK 240ML SYP,1,89.7,78.0,78.0,0,,,,SYRUP
4871,4871,HIT-IRONIC-P 240ML SYP,1,97.75,85.0,85.0,0,,,,SYRUP
51,51,JOSHANDA HIT,1,138.0,120.0,120.0,0,,,,OTHER
2636,2636,KANAZYM SYP,1,49.45,43.0,43.0,30,,,,SYRUP
2778,2778,LICKS 120ML SYP,1,18.4,16.0,16.0,0,,,,SYRUP
4869,4869,MIKOVIT 240ML SYP,1,97.75,85.0,85.0,0,,,,SYRUP
433,433,PEPPER MINT SYP,1,25.87,22.5,22.5,0,,,,SYRUP
627,627,SKYSIM FORT SYP,1,48.3,42.0,42.0,100,,,,SYRUP
156,156,CASTOR OIL 30ML SIMAXX,1,43.7,38.0,38.0,4,,,,OTHER
304,304,COTTON WOOL100GM,1,69.0,60.0,60.0,10,,,,OTHER
53,53,GLYCERIN PURE 25GM 1X10,1,26.45,23.0,23.0,0,,,,OTHER
76,76,HYDROGEN PEROXIDE 1X10,1,34.5,30.0,30.0,23,,,,OTHER
89,89,KAOLIN POULTICE,1,40.25,35.0,35.0,10,,,,OTHER
52,52,MERCUROCHROME LOTION,1,115.0,100.0,100.0,0,,,,CREAM
165,165,TINCTURE BENZOIIN CO 1X10,1,63.25,55.0,55.0,15,,,,OTHER
347,347,COUGH REST SYP,1,21.85,19.0,19.0,0,,,,SYRUP
92,92,COUGH STRESS 120ML SYP,1,37.38,32.5,32.5,0,,,,SYRUP
4216,4216,DEWNAC SR TAB,1,49.45,43.0,43.0,0,,,,TABLET
4217,4217,DEWNAC-P 50MG TAB,1,27.6,24.0,24.0,0,,,,TABLET
171,171,LEMAGEL 120ML SYP,1,55.2,48.0,48.0,62,,,,SYRUP
2683,2683,BRINTYL 120ML SYP,1,43.7,38.0,38.0,0,,,,SYRUP
55,55,CENEX 60ML SYP,1,36.8,32.0,32.0,0,,,,SYRUP
4803,4803,CENEX-L 5MG TAB,1,26.45,23.0,23.0,0,,,,TABLET
3430,3430,CEPH-1 125MG SYP,1,57.5,50.0,50.0,0,,,,SYRUP
4650,4650,DOLIRICIN 60ML SYP,1,35.65,31.0,31.0,38,,,,SYRUP
130,130,EXCELLIN 125MG SYP,1,65.55,57.0,57.0,62,,,,SYRUP
303,303,EXCELLIN 250MG SYP,1,92.0,80.0,80.0,58,,,,SYRUP
5099,5099,MEBEC 500MG TAB,1,11.5,10.0,10.0,32,,,,TABLET
2751,2751,MYLENOL 60ML SYP,1,20.7,18.0,18.0,0,,,,SYRUP
2752,2752,MYLENOL 6PLUS SYP,1,23.0,20.0,20.0,0,,,,SYRUP
4899,4899,MYOEASE 2MG TAB,1,29.9,26.0,26.0,0,,,,TABLET
5239,5239,PRELEPTIC 75MG CAP,1,103.5,90.0,90.0,0,,,,CAPSULE
4268,4268,PROVYL 90ML SYP,1,48.3,42.0,42.0,0,,,,SYRUP
371,371,T-SAR 1G INJ,1,65.55,57.0,57.0,0,,,,INJECTION
5079,5079,VIXIME 100MG SYP,1,103.5,90.0,90.0,0,,,,SYRUP
103,103,ARIVAN 1MG TAB,1,43.7,38.0,38.0,0,,,,TABLET
56,56,CEFRADIN 125MG SYP,1,126.5,110.0,110.0,2,,,,SYRUP
5289,5289,DANCHLOR 4MG TAB,1,5.52,4.8,4.8,39,,,,TABLET
377,377,ESOX 20MG CAP,1,52.44,45.6,45.6,34,,,,CAPSULE
2567,2567,EXONIL 3MG TAB,1,45.52,39.58,39.58,0,,,,TABLET
4867,4867,FLURBISAD 100MG TAB,1,6.51,5.66,5.66,0,,,,TABLET
5281,5281,HI NAL 10MG INJ,1,43.7,38.0,38.0,0,,,,INJECTION
4181,4181,NEUROZONE INJ,1,86.25,75.0,75.0,0,,,,INJECTION
3240,3240,SYNFIX 100MG SYP,1,49.45,43.0,43.0,0,,,,SYRUP
82,82,AMOXYCILLIN 250MG CAP,1,48.3,42.0,42.0,0,,,,CAPSULE
493,493,AMOXYCILLIN 500MG CAP,1,101.2,88.0,88.0,0,,,,CAPSULE
81,81,AMPICILLIN 500MG CAP,1,78.2,68.0,68.0,0,,,,CAPSULE
386,386,BEXACIM 30ML SYP,1,60.95,53.0,53.0,0,,,,SYRUP
2757,2757,BEXACIM CAP,1,213.9,186.0,186.0,0,,,,CAPSULE
58,58,BEXACIM FORT SYP,1,71.3,62.0,62.0,0,,,,SYRUP
3210,3210,NEOPLEX INJ 1X25,1,7.36,6.4,6.4,165,,,,INJECTION
2884,2884,PLIDEXA-N CREAM,1,15.33,13.33,13.33,0,,,,CREAM
783,783,PLIMYCIN 600MG INJ,1,33.92,29.5,29.5,112,,,,INJECTION
59,59,ANTIFOCINE 15ML SYP,1,51.75,45.0,45.0,0,,,,SYRUP
1781,1781,CETRA-NEN 60ML SYP,1,37.95,33.0,33.0,30,,,,SYRUP
3199,3199,CIPOXIN 250MG TAB,1,39.1,34.0,34.0,0,,,,TABLET
3165,3165,CIPOXIN 500MG TAB,1,57.5,50.0,50.0,0,,,,TABLET
2775,2775,COLDRID 120ML SYP,1,20.7,18.0,18.0,0,,,,SYRUP
3352,3352,LEVONEN 500MG TAB,1,57.5,50.0,50.0,0,,,,TABLET
2615,2615,NENDON 60ML SYP,1,39.1,34.0,34.0,21,,,,SYRUP
61,61,FARMID 50ML SYP,1,20.7,18.0,18.0,0,,,,SYRUP
88,88,FE-FA  120ML SYP,1,85.1,74.0,74.0,0,,,,SYRUP
2484,2484,MULTINAF SYP,1,28.75,25.0,25.0,0,,,,SYRUP
84,84,NAFAFLUX-P 120ML SYP,1,36.8,32.0,32.0,0,,,,SYRUP
170,170,PERISTAL 60ML SYP,1,21.85,19.0,19.0,0,,,,SYRUP
125,125,ZAYROLLIN 120ML SYP,1,27.6,24.0,24.0,0,,,,SYRUP
154,154,IBO-Z 90ML SYP,1,48.3,42.0,42.0,72,,,,SYRUP
111,111,IROZEE 100 INJ,1,32.2,28.0,28.0,0,,,,INJECTION
160,160,KUFZEE 120ML SYP,1,43.7,38.0,38.0,10,,,,SYRUP
290,290,VAGITRIM CREAM,1,69.0,60.0,60.0,2,,,,CREAM
62,62,ZEDAR 15ML SYP,1,32.2,28.0,28.0,0,,,,SYRUP
227,227,ZICLOPEL 4 CAP 1X18,1,16.93,14.72,14.72,18,,,,CAPSULE
3548,3548,ZOCLAN 500MG INJ,1,44.85,39.0,39.0,0,,,,INJECTION
2450,2450,ACTIM 10MG TAB,1,115.0,100.0,100.0,0,,,,TABLET
649,649,ALKERIS 100MG TAB,1,0.0,0.0,0.0,0,,,,TABLET
2446,2446,BISLER CAP,1,76.56,66.57,66.57,13,,,,CAPSULE
2445,2445,BISLERI 60 ML SYP,1,121.14,105.34,105.34,0,,,,SYRUP
4764,4764,BISLERI TAB,1,157.72,137.15,137.15,0,,,,TABLET
5411,5411,CARICEF 200MG TAB,1,585.95,509.52,509.52,3,,,,TABLET
2444,2444,CARICEF 400MG TAB,1,333.5,290.0,290.0,0,,,,TABLET
482,482,ENIER 8MG TAB,1,207.0,180.0,180.0,0,,,,TABLET
4896,4896,GRASIL 500MG INJ,1,372.57,323.97,323.97,0,,,,INJECTION
3346,3346,MOFEST 400MG TAB,1,230.0,200.0,200.0,0,,,,TABLET
320,320,NOVIDAT 125MG SYP,1,212.01,184.36,184.36,5,,,,SYRUP
2441,2441,NOVIDAT 250MG TAB,1,266.12,231.41,231.41,5,,,,TABLET
2440,2440,NOVIDAT 500MG TAB,1,434.99,378.25,378.25,7,,,,TABLET
4734,4734,ONATO-V HCT TAB,1,379.5,330.0,330.0,0,,,,TABLET
4845,4845,ORNO 8MG TAB,1,218.71,190.18,190.18,0,,,,TABLET
3347,3347,OTID 500MG CAP,1,195.5,170.0,170.0,0,,,,CAPSULE
2523,2523,OXIDIL 1GM IV INJ,1,445.44,387.34,387.34,8,,,,INJECTION
522,522,OXIDIL 250 IM INJ,1,215.48,187.37,187.37,4,,,,INJECTION
521,521,OXIDIL 500 IM INJ,1,299.99,260.86,260.86,4,,,,INJECTION
4842,4842,RITHMO 125MG SYP,1,415.94,361.69,361.69,0,,,,SYRUP
3348,3348,RITHMO 500MG TAB,1,754.14,655.77,655.77,10,,,,TABLET
2934,2934,TERCICA 90ML SYP,1,192.85,167.7,167.7,5,,,,SYRUP
410,410,TONOFLEX INJ,1,172.5,150.0,150.0,0,,,,INJECTION
2917,2917,TONOFLEX-P TAB,1,237.36,206.4,206.4,2,,,,TABLET
408,408,TRIMETABOLE SYP,1,233.76,203.27,203.27,24,,,,TABLET
63,63,C-MARK  100MG SYP,1,56.35,49.0,49.0,0,,,,SYRUP
80,80,MECOMAN 500MG INJ,1,92.0,80.0,80.0,0,,,,INJECTION
64,64,FLEXERIL 30ML 100MG SYP,1,158.7,138.0,138.0,6,,,,SYRUP
182,182,MEDICIP 250MG TAB,1,43.95,38.22,38.22,0,,,,TABLET
183,183,MEDICIP 500MG TAB,1,66.49,57.82,57.82,0,,,,TABLET
2538,2538,RAPID INJ,1,92.0,80.0,80.0,0,,,,INJECTION
65,65,COFSED  120ML SYP,1,52.9,46.0,46.0,0,,,,SYRUP
2485,2485,CIPROGAT 125MG SYP,1,57.5,50.0,50.0,0,,,,SYRUP
202,202,CIPROGAT 250MG TAB,1,55.2,48.0,48.0,0,,,,TABLET
204,204,CIPROGAT 500MG TAB,1,65.55,57.0,57.0,0,,,,TABLET
66,66,I-ROL 120ML SYP,1,32.2,28.0,28.0,0,,,,SYRUP
3898,3898,MIROXICAM 7.5MG TAB,1,29.9,26.0,26.0,0,,,,TABLET
3715,3715,PARACETAMOL TAB BLUE,1,16.1,14.0,14.0,0,,,,TABLET
67,67,CEF-DINE 125MG SYP,1,51.75,45.0,45.0,0,,,,SYRUP
3300,3300,ESO MARK 20MG CAP,1,40.25,35.0,35.0,0,,,,CAPSULE
3302,3302,LIV-MARK 250MG TAB,1,40.25,35.0,35.0,0,,,,TABLET
69,69,ARTIGESIC 90ML SYP,1,21.85,19.0,19.0,0,,,,SYRUP
72,72,ARTIJESIC CREAM 30G,1,32.2,28.0,28.0,0,,,,CREAM
70,70,CEFFEST 100MG SYP,1,117.3,102.0,102.0,14,,,,SYRUP
99,99,FENACAP 50MG CAP,1,32.2,28.0,28.0,0,,,,CAPSULE
102,102,MOXIFEST 400MG TAB,1,172.5,150.0,150.0,0,,,,TABLET
97,97,SOLSEF 125MG SYP,1,55.2,48.0,48.0,0,,,,SYRUP
650,650,SULPRIL 50MG TAB,1,0.0,0.0,0.0,0,,,,TABLET
71,71,LISKOXIME 100MG SYP,1,63.25,55.0,55.0,0,,,,SYRUP
222,222,METHACHLOR EYE DROPS,1,75.9,66.0,66.0,54,,,,DROPS
73,73,METHACHLOR OINTMENT,1,94.71,82.36,82.36,10,,,,CREAM
3208,3208,REMIPAR 30ML SYP,1,26.45,23.0,23.0,0,,,,SYRUP
309,309,REMISOL 60ML SYP,1,72.14,62.73,62.73,62,,,,SYRUP
489,489,REMISOLE 120ML SYP,1,123.43,107.33,107.33,27,,,,SYRUP
74,74,BETONATE CREAM 15G,1,28.75,25.0,25.0,0,,,,CREAM
2284,2284,ACT-HIB 10MCG INJ,1,0.0,0.0,0.0,0,,,,INJECTION
2285,2285,ACTONIL 5MG TAB,1,0.0,0.0,0.0,0,,,,TABLET
2286,2286,ACTONIL OAW 35MG TAB,1,0.0,0.0,0.0,0,,,,TABLET
2287,2287,AMARYL 1MG TAB,1,0.0,0.0,0.0,0,,,,TABLET
2291,2291,AMARYL 1MG TAB,1,0.0,0.0,0.0,0,,,,TABLET
2288,2288,AMARYL 2MG TAB,1,0.0,0.0,0.0,0,,,,TABLET
2292,2292,AMARYL 2MG TAB,1,0.0,0.0,0.0,0,,,,TABLET
2289,2289,AMARYL 3MG TAB,1,0.0,0.0,0.0,0,,,,TABLET
2290,2290,AMARYL 4MG TAB3,1,0.0,0.0,0.0,0,,,,TABLET
2293,2293,AMARYL M 1MG TAB,1,0.0,0.0,0.0,0,,,,TABLET
2294,2294,AMARYL M 2MG TAB,1,0.0,0.0,0.0,0,,,,TABLET
2295,2295,AMESPED 10MG TAB,1,0.0,0.0,0.0,0,,,,TABLET
2296,2296,AMISPED 4MG CHEWABLE TAB,1,0.0,0.0,0.0,0,,,,TABLET
2297,2297,AMISPED 5MG CHEWABLE TAB,1,0.0,0.0,0.0,0,,,,TABLET
2300,2300,ANTRIMA 400MG TAB,1,0.0,0.0,0.0,0,,,,TABLET
2298,2298,ANTRIMA 800MG TAB,1,0.0,0.0,0.0,0,,,,TABLET
2301,2301,APIDRASOLOSTAR 100IU INJ,1,0.0,0.0,0.0,0,,,,INJECTION
2308,2308,APROVEL 150MG TAB,1,0.0,0.0,0.0,0,,,,TABLET
2342,2342,ARPICILLIN 125MG 60ML SUSP,1,0.0,0.0,0.0,0,,,,SYRUP
2341,2341,ARPICILLIN 250MG CAP,1,0.0,0.0,0.0,0,,,,CAPSULE
2345,2345,ARPIMOX 125MG  10ML DRP,1,0.0,0.0,0.0,0,,,,OTHER
2346,2346,ARPIMOX 125MG 60ML SUSP,1,0.0,0.0,0.0,0,,,,SYRUP
2347,2347,ARPIMOX 250MG 60ML SUSP,1,0.0,0.0,0.0,0,,,,SYRUP
2343,2343,ARPIMOX 250MG CAP,1,0.0,0.0,0.0,0,,,,CAPSULE
2344,2344,ARPIMOX 500MG CAP,1,0.0,0.0,0.0,0,,,,CAPSULE
2348,2348,ASCABIOL 120ML LOTION,1,0.0,0.0,0.0,0,,,,CREAM
2299,2299,ATRIMA 200MG 50ML SUSP,1,0.0,0.0,0.0,0,,,,SYRUP
11,11,AVIL 25MG TAB,1,16.71,14.53,14.53,27,,,,TABLET
1062,1062,CIPROZEE 250MG TAB,1,0.0,0.0,0.0,0,,,,TABLET
602,602,CLAFORAN 0.25MG INJ,1,146.37,127.28,127.28,20,,,,INJECTION
4750,4750,CLAFORAN 0.5G INJ,1,221.39,192.51,192.51,33,,,,INJECTION
480947,480947,COPLAVIX 75/75MG TAB,1,482.67,419.71,419.71,0,,,,TABLET
7,7,DAONIL 5MG TAB,1,54.71,47.57,47.57,21,,,,TABLET
26,26,FLAGYL 120ML SYP,1,148.49,129.12,129.12,25,,,,SYRUP
234,234,FLAGYL 400MG TAB,1,45.61,39.66,39.66,198,,,,TABLET
181,181,FLAGYL INFUSTION NEW,1,205.82,178.97,178.97,3,,,,OTHER
5056,5056,FLAGYL PLUS 90ML SYP,1,120.3,104.61,104.61,0,,,,SYRUP
278,278,FLAGYL PLUS TAB 1X3,1,25.3,22.0,22.0,0,,,,TABLET
4034,4034,HAEMACCEL INF,1,937.05,814.83,814.83,3,,,,OTHER
242,242,LASIX 20MG TAB,1,2.62,2.28,2.28,252,,,,TABLET
2867,2867,LASIX 40MG TAB,1,4.34,3.77,3.77,180,,,,TABLET
420,420,LASIX ING,1,11.42,9.93,9.93,0,,,,OTHER
473,473,NEODIPAR 500MG TAB,1,14.95,13.0,13.0,0,,,,TABLET
291,291,NIVAQUINE P 250MG 1X50,1,16.67,14.5,14.5,0,,,,OTHER
295,295,NO- SPA 40MG TAB,1,384.07,333.97,333.97,0,,,,TABLET
216,216,NO-SPA  INJ,1,73.29,63.73,63.73,0,,,,INJECTION
24,24,PHENERGAN 120ML SYP,1,141.43,122.98,122.98,26,,,,SYRUP
2307,2307,SOLOSTAR 100IU ING,1,0.0,0.0,0.0,0,,,,OTHER
12,12,STEMETIL 5MG TAB,1,2.98,2.59,2.59,280,,,,TABLET
736,736,TIXYLIX SYP,1,56.07,48.76,48.76,0,,,,SYRUP
77,77,CALAMINE LOTION,1,59.8,52.0,52.0,5,,,,CREAM
152,152,ENZOVIT 120ML SYP,1,82.8,72.0,72.0,8,,,,SYRUP
2744,2744,LINKOWIN INJ,1,18.4,16.0,16.0,0,,,,INJECTION
79,79,MEDIRON PLUS SYP,1,72.45,63.0,63.0,0,,,,SYRUP
4789,4789,ONDESMED 4ML INJ,1,36.8,32.0,32.0,0,,,,INJECTION
131,131,ACEFIL 60ML SYP,1,26.45,23.0,23.0,0,,,,SYRUP
86,86,FEVERNIL C 60ML SYP,1,27.6,24.0,24.0,0,,,,SYRUP
349,349,COLIC 60ML OTC SYP,1,41.4,36.0,36.0,0,,,,SYRUP
87,87,KOF BREAK 120ML SYP,1,29.9,26.0,26.0,0,,,,SYRUP
384,384,PAYLOGEL 120ML SYP,1,39.1,34.0,34.0,0,,,,SYRUP
94,94,STAMOX 125MG SYP,1,33.92,29.5,29.5,0,,,,SYRUP
5134,5134,AMENEX 500MG INJ,1,32.2,28.0,28.0,1,,,,INJECTION
4064,4064,AMNOKET INJ,1,18.4,16.0,16.0,0,,,,INJECTION
98,98,KAMEDEX 4MG INJ,1,143.75,125.0,125.0,31,,,,INJECTION
568,568,NEWETHER INJ 1X5,1,36.8,32.0,32.0,0,,,,INJECTION
3362,3362,AZIZOX 250MG CAP,1,138.0,120.0,120.0,0,,,,CAPSULE
245,245,LETIRIX 60ML SYP,1,50.26,43.7,43.7,5,,,,SYRUP
2626,2626,METGYL 60ML SYP,1,32.2,28.0,28.0,0,,,,SYRUP
100,100,MOLIMAX 10MG TAB,1,12.02,10.45,10.45,0,,,,TABLET
159,159,OROWISH 240ML,1,80.5,70.0,70.0,0,,,,OTHER
3230,3230,CIPXRE 250MG TAB,1,47.15,41.0,41.0,0,,,,TABLET
151,151,ESOTONE 40MG CAP,1,63.25,55.0,55.0,0,,,,CAPSULE
101,101,FERLIP-F TAB,1,33.35,29.0,29.0,0,,,,TABLET
5409,5409,ACICHEK 40MG INJ,1,89.7,78.0,78.0,1,,,,INJECTION
381,381,AWATROX 250MG IM INJ,1,32.2,28.0,28.0,0,,,,INJECTION
116,116,BIOGABA 300MG TAB,1,149.5,130.0,130.0,0,,,,TABLET
104,104,BROZAM 3MG TAB,1,67.85,59.0,59.0,0,,,,TABLET
3238,3238,C-OXACIN 125MG SYP,1,63.25,55.0,55.0,0,,,,SYRUP
110,110,MONEST 5MG TAB,1,80.5,70.0,70.0,0,,,,TABLET
5109,5109,RONSUC 100MG INJ,1,115.0,100.0,100.0,25,,,,INJECTION
188,188,EVION 200MG 1X10,1,79.66,69.27,69.27,5,,,,OTHER
187,187,EVION 400MG CAP,1,136.79,118.95,118.95,107,,,,CAPSULE
9,9,EVION 600MG CAP 1X10,1,194.64,169.25,169.25,7,,,,CAPSULE
236,236,GLUCOPHAGE 1GM,1,158.29,137.64,137.64,5,,,,OTHER
237,237,GLUCOPHAGE 500MG TAB,1,41.32,35.93,35.93,4,,,,TABLET
235,235,GLUCOPHAGE 850MG TAB,1,125.34,108.99,108.99,0,,,,TABLET
2483,2483,MULTIBIONATA INJ,1,140.05,121.78,121.78,25,,,,INJECTION
274,274,NEUROBION INJ 1X25,1,58.74,51.08,51.08,135,,,,INJECTION
2854,2854,NEUROBION TAB,1,140.23,121.94,121.94,5,,,,TABLET
1875,1875,POLYBION Z CAP,1,144.2,125.39,125.39,2,,,,CAPSULE
2562,2562,SANGOBION 120ML SYP,1,141.43,122.98,122.98,0,,,,SYRUP
186,186,SANGOBION CAP,1,107.52,93.5,93.5,59,,,,CAPSULE
308,308,WINTOGENO BALM,1,148.58,129.2,129.2,3,,,,CREAM
105,105,FLURIDOL 100MG TAB,1,115.0,100.0,100.0,0,,,,TABLET
132,132,ATROMIN 100MG TAB,1,31.05,27.0,27.0,0,,,,TABLET
106,106,FEBAGYL 100MG TAB,1,138.0,120.0,120.0,0,,,,TABLET
2669,2669,NOACIP 250MG TAB,1,43.7,38.0,38.0,0,,,,TABLET
119,119,NOAFIAM-75MG TAB,1,27.6,24.0,24.0,0,,,,TABLET
344,344,GENTAMICIN SULPHATE 80MG CHINA,1,10.0,8.7,8.7,116,,,,OTHER
107,107,INDOMETHACIN 25MG CAP,1,16.67,14.5,14.5,5,,,,CAPSULE
2423,2423,ACZON 1GM ING,1,94.5,82.17,82.17,0,,,,OTHER
214,214,ACZON 250MG INJ,1,75.14,65.34,65.34,0,,,,INJECTION
2514,2514,ARTICURE INJ,1,11.5,10.0,10.0,0,,,,INJECTION
609,609,COX-2 TAB,1,59.8,52.0,52.0,0,,,,TABLET
4322,4322,E-REL 250MG INJ,1,0.0,0.0,0.0,0,,,,INJECTION
3459,3459,MOBICAM 20MG INJ,1,13.8,12.0,12.0,0,,,,INJECTION
2857,2857,NALBIN INJ,1,121.41,105.57,105.57,0,,,,INJECTION
141,141,RAPID 40MG CAP,1,155.25,135.0,135.0,9,,,,CAPSULE
109,109,RELCIP 250MG TAB,1,48.3,42.0,42.0,0,,,,TABLET
108,108,RELCIP 500MG TAB,1,66.49,57.82,57.82,0,,,,TABLET
259,259,TRANOSLIDE 250MG INJ,1,14.09,12.25,12.25,0,,,,INJECTION
2893,2893,TRANSOLID 500MG CAP,1,181.12,157.5,157.5,0,,,,CAPSULE
258,258,TRANSOLIDE 500MG INJ,1,27.6,24.0,24.0,0,,,,INJECTION
224,224,APOCLOX 500MG INJ,1,103.5,90.0,90.0,22,,,,INJECTION
2905,2905,CALBOND D 120ML SYP,1,34.5,30.0,30.0,0,,,,SYRUP
4201,4201,CEFIMAX 100MG SYP,1,103.5,90.0,90.0,0,,,,SYRUP
113,113,PAPLOFEN-P 50MG TAB,1,20.7,18.0,18.0,105,,,,TABLET
120,120,NEUROLYSE 120ML SYP,1,31.05,27.0,27.0,0,,,,SYRUP
166,166,PHARMIC TAB 1X60,1,10.92,9.5,9.5,0,,,,TABLET
123,123,ANTIMIC 125MG SYP,1,52.9,46.0,46.0,0,,,,SYRUP
391,391,ANTIMIC 250MG SYP,1,64.4,56.0,56.0,0,,,,SYRUP
357,357,BURGUNDY 1GM INJ,1,82.8,72.0,72.0,0,,,,INJECTION
691,691,DANIDOL CF TAB,1,31.62,27.5,27.5,0,,,,TABLET
4197,4197,DANIDOL TAB,1,22.42,19.5,19.5,0,,,,TABLET
2653,2653,DANPORO 500MG TAB,1,80.5,70.0,70.0,0,,,,TABLET
2829,2829,DANPRO 250MG TAB,1,51.75,45.0,45.0,0,,,,TABLET
254,254,IWIL INJ 1X100,1,2.64,2.3,2.3,0,,,,INJECTION
231,231,LEVODEN 250MG TAB,1,48.3,42.0,42.0,0,,,,TABLET
225,225,LEVODEN 500MG TAB,1,63.25,55.0,55.0,0,,,,TABLET
3303,3303,METHYVIT 500MG TAB,1,161.0,140.0,140.0,0,,,,TABLET
2672,2672,METHYVIT INJ,1,51.75,45.0,45.0,0,,,,INJECTION
2959,2959,NITID 50MG INJ,1,66.7,58.0,58.0,0,,,,INJECTION
2667,2667,OMENZA 20MG CAP,1,17.02,14.8,14.8,0,,,,CAPSULE
1323,1323,BAMBIA 5MG ORAL SOLN 60ML,1,0.0,0.0,0.0,0,,,,OTHER
1324,1324,BONAFIDE 0.25MCG TAB,1,0.0,0.0,0.0,0,,,,TABLET
1325,1325,HBFER 100MG TAB,1,0.0,0.0,0.0,0,,,,TABLET
3299,3299,HEALIUM INSTA 20MG SACHETS,1,51.75,45.0,45.0,0,,,,SACHET
1326,1326,LUMESIN 40MG TAB,1,0.0,0.0,0.0,0,,,,TABLET
1327,1327,LUMESIN 80MG TAB,1,0.0,0.0,0.0,0,,,,TABLET
1328,1328,PAINGUIN 20MG TAB,1,0.0,0.0,0.0,0,,,,TABLET
124,124,PEPTIDON 120ML SYP,1,48.3,42.0,42.0,35,,,,SYRUP
2728,2728,PEPTIDONE 60ML SYP,1,36.8,32.0,32.0,38,,,,SYRUP
1330,1330,PREVASMA 10MG TAB,1,80.5,70.0,70.0,0,,,,TABLET
1329,1329,PREVASMA 5MG TAB,1,0.0,0.0,0.0,0,,,,TABLET
1331,1331,PREVASMA CHEWABLE 4MG TAB,1,0.0,0.0,0.0,0,,,,TABLET
2471,2471,ZITHROX 500MG CAP,1,52.9,46.0,46.0,0,,,,CAPSULE
126,126,COFNOL-E 120ML SYP,1,28.75,25.0,25.0,0,,,,SYRUP
1876,1876,HIREEZ 60ML SYP,1,19.55,17.0,17.0,0,,,,SYRUP
2862,2862,BETAGENIC CREAM,1,120.96,105.18,105.18,12,,,,CREAM
2863,2863,BETAGENIC OIT,1,125.8,109.39,109.39,18,,,,OTHER
534,534,CLOBEDDERM LOTION,1,59.2,51.48,51.48,0,,,,CREAM
544,544,CLOBEDERM 15G OIT,1,97.23,84.55,84.55,18,,,,OTHER
10,10,CLOBEDERM CREAM 10G,1,98.92,86.02,86.02,6,,,,CREAM
539,539,CLOBEDERM NN OIT,1,134.89,117.3,117.3,26,,,,OTHER
456,456,COMBINOL E 120ML SYP,1,88.94,77.34,77.34,89,,,,SYRUP
2777,2777,COMBINOL JUNIOR 60ML SYP,1,45.68,39.72,39.72,0,,,,SYRUP
2823,2823,COMBINOL-D 120ML SYP,1,157.32,136.8,136.8,10,,,,SYRUP
452,452,CONAZ LOTION,1,340.17,295.8,295.8,0,,,,CREAM
2516,2516,DIAROXY 50MG CAP,1,280.32,243.76,243.76,0,,,,CAPSULE
45,45,HYDERQUIN PLUS CREAM,1,170.21,148.01,148.01,47,,,,CREAM
2537,2537,OXCYM DR 30MG CAP,1,251.4,218.61,218.61,0,,,,CAPSULE
3860,3860,SCAB FREE LOTION,1,155.55,135.26,135.26,12,,,,CREAM
540,540,SCABION 20GM CREAM,1,82.42,71.67,71.67,0,,,,CREAM
2609,2609,VOMILUX 60ML SYP,1,91.0,79.13,79.13,62,,,,SYRUP
128,128,APIMORE 120ML SYP,1,33.35,29.0,29.0,0,,,,SYRUP
352,352,DR. COF 120ML SYP,1,37.95,33.0,33.0,0,,,,SYRUP
2997,2997,AMOXICAP 500MG CAP,1,104.65,91.0,91.0,0,,,,CAPSULE
133,133,LAXOLAX 15ML DROPS,1,23.0,20.0,20.0,0,,,,DROPS
4265,4265,CLOZOLE 100MG TAB,1,51.75,45.0,45.0,0,,,,TABLET
4266,4266,CLOZOLE 500MG TAB,1,63.25,55.0,55.0,0,,,,TABLET
3458,3458,PHLODIC 100MG CAP,1,42.17,36.67,36.67,0,,,,CAPSULE
134,134,PHLODIC-K 75MG TAB,1,31.62,27.5,27.5,89,,,,TABLET
2306,2306,AMMONIUM CHLORIDE SYP,1,0.0,0.0,0.0,0,,,,SYRUP
135,135,LOXAN 250MG TAB,1,63.25,55.0,55.0,0,,,,TABLET
203,203,LOXAN 500MG TAB,1,96.6,84.0,84.0,0,,,,TABLET
683,683,SAPIZINE 10MG TAB,1,10.35,9.0,9.0,0,,,,TABLET
688,688,SAPIZINE SYP S,1,29.9,26.0,26.0,0,,,,SYRUP
5232,5232,SYLOGEL 15GM,1,46.0,40.0,40.0,11,,,,CREAM
137,137,LEVELONE 250MG TAB,1,49.45,43.0,43.0,0,,,,TABLET
138,138,CITHROX 500MG TAB,1,51.75,45.0,45.0,0,,,,TABLET
2548,2548,AMOPLEX 250ML SYP,1,50.6,44.0,44.0,0,,,,SYRUP
653,653,GINK-SR 240ML SYP,1,81.65,71.0,71.0,0,,,,SYRUP
2549,2549,IRON VIT 250ML SYP,1,50.6,44.0,44.0,0,,,,SYRUP
2547,2547,LION POWER FAULAD 240ML SYP,1,50.6,44.0,44.0,0,,,,SYRUP
1887,1887,NEURO MAX 240ML SYP,1,63.25,55.0,55.0,0,,,,SYRUP
140,140,OPFRIDON 1X20 TAB,1,9.49,8.25,8.25,0,,,,TABLET
142,142,KAYMAX 75MG TAB,1,26.45,23.0,23.0,0,,,,TABLET
144,144,ORTHRAM 20MG TAB,1,34.5,30.0,30.0,0,,,,TABLET
3246,3246,DYTRA 40MG INJ,1,13.5,11.74,11.74,0,,,,INJECTION
794,794,DYTRA FORTE 80MG TAB,1,0.0,0.0,0.0,0,,,,TABLET
4565,4565,ELZANOR 12.5/500MG TAB,1,301.07,261.8,261.8,0,,,,TABLET
145,145,FENAC 75MG INJ,1,50.6,44.0,44.0,0,,,,INJECTION
2439,2439,GENTAMICIN INJ TABROS,1,19.09,16.6,16.6,190,,,,TABLET
153,153,LINCO 600MG INJ TABROS,1,47.72,41.5,41.5,25,,,,TABLET
4403,4403,RAPICORT 5MG TAB,1,41.18,35.81,35.81,9,,,,TABLET
5067,5067,RAST 20MG TAB,1,502.41,436.88,436.88,0,,,,TABLET
4082,4082,SPADIX INJ,1,63.88,55.55,55.55,3,,,,INJECTION
4091,4091,SPADIX TAB,1,134.11,116.62,116.62,13,,,,TABLET
5212,5212,VALTEC 80MG TAB,1,267.95,233.0,233.0,0,,,,TABLET
13,13,CALCEE 1000MG SA,1,21.27,18.5,18.5,99,,,,OTHER
2612,2612,COLDENE TAB,1,25.3,22.0,22.0,0,,,,TABLET
220,220,DIAGESIC-P TAB,1,81.65,71.0,71.0,0,,,,TABLET
2677,2677,MYTIL 125MG SYP,1,125.36,109.01,109.01,0,,,,SYRUP
2664,2664,MYTIL 250MG SYP,1,57.5,50.0,50.0,0,,,,SYRUP
4645,4645,NIB 5MG TAB,1,293.07,254.84,254.84,0,,,,TABLET
5220,5220,SLOCYCLINE 100MG CAP,1,494.5,430.0,430.0,3,,,,CAPSULE
247,247,SOFVASC 10MG TAB,1,675.44,587.34,587.34,3,,,,TABLET
2438,2438,SOFVASC 5MG TAB,1,345.32,300.28,300.28,2,,,,TABLET
4666,4666,SOFVASC-HCT,1,472.32,410.71,410.71,0,,,,OTHER
5033,5033,CELTIS 500MG INJ,1,161.0,140.0,140.0,0,,,,INJECTION
5238,5238,DEEZON 2G INJ,1,299.0,260.0,260.0,0,,,,INJECTION
1681,1681,DOXY CAP CHINA,1,38.52,33.5,33.5,211,,,,CAPSULE
524,524,ESSO 20MG CAP,1,374.03,325.24,325.24,2,,,,CAPSULE
5003,5003,FIST GEL,1,94.3,82.0,82.0,0,,,,CREAM
486,486,SITON PLUS CREAM,1,368.52,320.45,320.45,0,,,,CREAM
4567,4567,SKAB LOTION,1,128.62,111.84,111.84,0,,,,CREAM
5196,5196,VONOPRAN 10MG TAB,1,280.6,244.0,244.0,0,,,,TABLET
5356,5356,VYBER 20/1680MG SACHET,1,20.35,17.7,17.7,140,,,,SACHET
4669,4669,VYBER 20MG CAP,1,120.75,105.0,105.0,20,,,,CAPSULE
3894,3894,ASKPROL TAB,1,11.21,9.75,9.75,0,,,,TABLET
454,454,PASPA INJ,1,11.04,9.6,9.6,0,,,,INJECTION
1909,1909,PIXICAM 20MG INJ,1,40.25,35.0,35.0,0,,,,INJECTION
2317,2317,RAXID 50MG 2ML INJ,1,54.05,47.0,47.0,0,,,,INJECTION
148,148,SPASTOP 40MG INJ,1,8.28,7.2,7.2,0,,,,INJECTION
149,149,LACO D3,1,103.5,90.0,90.0,0,,,,OTHER
2624,2624,AMDIK 50MG TAB,1,13.8,12.0,12.0,0,,,,TABLET
150,150,AMLIN 600MG INJ,1,28.75,25.0,25.0,0,,,,INJECTION
2356,2356,AMOXYCILLIN  500MG CAP,1,35.65,31.0,31.0,0,,,,CAPSULE
2325,2325,AMOXYCILLIN 125MG SYP,1,27.6,24.0,24.0,0,,,,SYRUP
2607,2607,AMROCIP 250MG TAB,1,48.3,42.0,42.0,0,,,,TABLET
551,551,AMROCIP 500MG TAB,1,69.0,60.0,60.0,0,,,,TABLET
569,569,AMROVIL ING,1,4.89,4.25,4.25,0,,,,OTHER
686,686,BENASOL-N DROPS AMROS,1,37.95,33.0,33.0,0,,,,DROPS
2557,2557,DEXA AMROS ING,1,230.0,200.0,200.0,0,,,,OTHER
3360,3360,LEMIN 250MG TAB,1,40.25,35.0,35.0,0,,,,TABLET
2408,2408,MEGACIP 125MG SYP,1,62.1,54.0,54.0,0,,,,SYRUP
2431,2431,ROFIL DS 200MG SYP,1,73.6,64.0,64.0,0,,,,SYRUP
5110,5110,JASIC 100MG TAB,1,6.13,5.33,5.33,0,,,,TABLET
326,326,KIDCARE ORS 1X20,1,8.62,7.5,7.5,0,,,,OTHER
2814,2814,MINICOL 30ML DROPS,1,80.5,70.0,70.0,10,,,,DROPS
155,155,ZOLINT 60ML SYP,1,69.0,60.0,60.0,34,,,,SYRUP
164,164,COVREM 10MG INJ,1,69.0,60.0,60.0,0,,,,INJECTION
4042,4042,HEALER CAP,1,21.27,18.5,18.5,82,,,,CAPSULE
157,157,NEOCOBAL 0.5MG INJ,1,81.07,70.5,70.5,0,,,,INJECTION
208,208,PULDOL SR TAB,1,23.76,20.66,20.66,56,,,,TABLET
158,158,PALMO-CID 120ML SYP,1,33.35,29.0,29.0,0,,,,SYRUP
3254,3254,CLOMICIL 50MG TAB,1,46.0,40.0,40.0,0,,,,TABLET
163,163,LOMOXY 250MG SYP,1,39.1,34.0,34.0,0,,,,SYRUP
5248,5248,LOMOXY 500MG CAP,1,120.75,105.0,105.0,0,,,,CAPSULE
