"batch_id","barcode","batch_number","quantity","retail_price","tp_price","cost_price","expiry_date"
"1","0","","113","150","61.6599998474121","82","2028-05-30"
"1","1","","13","450","354.5","234.160003662109","2028-06-06"
"1","100","","227","217","188.320007324219","156","2028-06-05"
"1","1000","","6","150","130","130","2028-10-28"
"1","10001","","2","500","215","0","2029-08-13"
"1","10002","","2","500","290","0","2029-08-13"
"1","10003","","24","100","91.6600036621094","0","2029-08-13"
"1","10004","","48","60","56","0","2029-08-13"
"1","10005","","3","240","160","0","2029-08-15"
"1","10006","","1","518","431","0","2029-08-16"
"1","10007","","1","647","539","0","2029-08-16"
"1","1001","","10","600","550","500","2028-11-15"
"1","1002","","11","500","375","217","2028-06-06"
"1","1003","","19","500","460","450","2028-06-06"
"1","1004","","20","270","230","176","2028-06-06"
"1","1005","","31","110","95","81","2028-08-02"
"1","1006","","17","150","130","110","2028-05-30"
"1","1009","","1","4700","4402","0","2029-06-11"
"1","101","","138","195","167","130","2028-06-05"
"1","1010","","40","620","570","380","2028-05-30"
"1","1011","","84","160","145","125","2028-06-06"
"1","1012","","10","150","135","135","2028-07-14"
"1","1014","","94","300","220","223","2028-06-06"
"2","1015","","88","900","820","787.859985351563","2028-11-01"
"1","1015","0","10","900","820","820","2028-06-05"
"1","1016","","340","120","85","85","2028-08-02"
"1","1017","","871","10","5.69999980926514","6.09999990463257","2028-06-22"
"1","1018","","942","10","6","6.09999990463257","2028-06-22"
"1","1019","","12","250","220","220","2028-11-11"
"1","102","","65","200","172.190002441406","160","2028-07-07"
"1","1020","","15","900","783","778.400024414063","2028-08-23"
"1","1021","","27","88","32","32","2028-06-01"
"1","1022","","121","200","145","154","2028-06-04"
"1","1023","0","25","100","82","82","2028-09-02"
"1","1024","","15","100","90","0","2029-08-02"
"1","1025","0","5","100","90","0","2029-02-17"
"1","1026","","13","115","82","123.199996948242","2028-06-16"
"1","1027","","24","480","410","0","2029-08-13"
"1","1029","","10","30","8","8","2028-06-03"
"1","103","","28","193","167","160","2028-07-07"
"1","1030","","3","200","182","174","2028-06-02"
"1","1031","","6","112","95","95","2028-12-11"
"1","1032","","9","350","297","277","2028-07-31"
"1","1033","","61","75","32","24","2028-05-31"
"1","1035","","43","250","195","217.5","2028-06-02"
"1","1036","","62","180","147","149.600006103516","2028-05-31"
"1","1037","0","2","782","639","592","2028-11-15"
"1","1038","","15","460","336","332","2028-06-02"
"1","1039","","35","210","157","154","2028-06-01"
"1","104","","160","180","156","140","2028-06-05"
"1","1040","","6","128","65","65","2028-06-03"
"1","1041","","61","250","165","150","2028-06-04"
"1","1042","","6","152","136","134","2028-09-01"
"1","1044","","22","350","320","290.399993896484","2028-05-30"
"1","1045","","6","97","84","84","2028-07-23"
"1","1046","","7","232","197","187","2028-05-31"
"1","1047","","40","255","220.580001831055","221","2028-05-29"
"1","1048","","10","240","199","177","2028-06-02"
"1","105","","169","180","156","142","2028-06-05"
"1","1050","","155","231","200","202.399993896484","2028-06-01"
"1","1052","","25","250","200","200","2028-06-06"
"1","1054","","60","87","74","47.5200004577637","2028-07-05"
"1","1055","","2","327.769989013672","283","0","2029-08-17"
"1","1057","","6","260","177","177","2028-11-08"
"1","1058","","3","314","226","226","2028-06-02"
"1","106","","43","532","452.329986572266","468.160003662109","2028-06-02"
"1","1060","","8","265","225","222.740005493164","2028-11-08"
"1","1061","","12","260","224.5","125","2028-11-07"
"1","1062","","155","110","76","81","2028-06-02"
"1","1063","","60","105","70","58","2028-11-03"
"1","1064","","35","470","435","440","2028-05-30"
"1","1065","","19","750","705","710","2028-05-30"
"1","1066","0","1","1700","1550","0","2029-02-11"
"1","1067","","57","170","165","140","2028-05-30"
"1","1068","","25","470","410","420","2028-05-30"
"1","1069","","65","1000","900","820","2028-11-08"
"1","107","","7","876","727","652.5","2028-05-31"
"1","1075","","4","519","481","446","2028-05-31"
"1","1076","","1","649","558","558","2028-05-31"
"1","1077","","2","404","352","352","2028-06-05"
"1","1078","","8","225","153","172","2028-08-26"
"1","1079","","15","370","327.329986572266","340","2028-05-30"
"1","108","","3","800","702","630","2028-06-05"
"1","1080","","7","285","187","184","2028-06-05"
"1","1081","","14","390","232","331","2028-06-23"
"1","1082","","9","175","60","60","2028-06-03"
"1","1083","","19","285","242","242.880004882813","2028-08-01"
"1","1084","","4","396","313","313","2028-05-31"
"1","1090","","16","450","400","351.119995117188","2028-06-04"
"2","1091","","76","140","91","0","2029-01-17"
"1","1091","0","-69","128","89.5999984741211","99","2028-06-02"
"1","1092","","5","350","303","308","2028-06-02"
"1","1093","","4","222","202","192","2028-06-02"
"1","1094","","53","200","176.5","145.75","2028-05-31"
"1","1095","","15","240","201.600006103516","250","2028-06-28"
"1","1096","","12","207","179.490005493164","380","2028-07-23"
"1","1097","","48","196","160","156","2028-06-24"
"1","1098","","72","232","201","200","2028-06-05"
"1","1099","","26","410","368","336","2028-06-30"
"1","110","","5","20","8.5","8.5","2028-06-06"
"1","1100","","6","123","106","0","2029-01-01"
"1","1102","","21","175","141","145","2028-09-21"
"1","1103","","14","260","225","322","2028-06-01"
"1","1104","","248","20","14","14","2028-06-23"
"1","1105","","25","535","140","140","2028-06-06"
"1","1107","","99","223","193","193","2028-06-05"
"1","1108","","3","150","108","108","2028-06-06"
"1","1109","","40","288","250","225","2028-07-14"
"1","111","","926","40","16","15","2028-05-31"
"1","1111","","2","170","147","147","2028-07-23"
"1","1112","","25","385","337","292","2028-05-29"
"1","1113","","90","44","37","37","2028-06-16"
"1","1114","","120","64","47","49","2028-06-16"
"1","1115","","27","120","103","103.800003051758","2028-07-28"
"1","1116","","2","242","206","206","2028-06-01"
"1","1117","","8","480","408","395","2028-05-29"
"1","1118","","30","550","275","475","2028-05-29"
"1","1119","","3","695","588","572","2028-12-23"
"1","112","","241","150","60","70","2028-06-03"
"1","1120","","45","32","27","27","2028-06-16"
"1","1121","","9","63","55","55","2028-06-11"
"1","1122","","15","100","82","0","2029-03-24"
"1","1123","","4","310","268","242","2028-06-05"
"1","1125","","4","385","340","340","2028-06-01"
"1","1127","0","5","90","70","70","2028-06-01"
"1","1128","","13","628","547","543","2028-06-01"
"1","113","","115","100","35","40","2028-06-03"
"1","1131","","25","600","300","275","2028-06-05"
"1","1132","","3","440","308","330","2028-06-05"
"1","1134","","20","125","108.75","108.75","2028-05-30"
"1","1135","","3","290","244","0","2028-12-27"
"1","1136","","1","445","242","242","2028-06-23"
"1","1137","","10","413","268.450012207031","289.100006103516","2028-06-03"
"1","1138","","5","120","60","60","2028-11-21"
"1","1139","","10","376","188","245.699996948242","2028-09-26"
"1","114","","66","70","59","75.6800003051758","2028-06-03"
"1","1141","","8","281","182.649993896484","182.649993896484","2028-11-07"
"1","1142","","32","60","30","30","2028-05-31"
"1","1144","","1","3000","2764.69995117188","0","2029-08-17"
"1","1145","","6","20","12","12","2028-05-31"
"1","1146","","5","532","183","183","2028-08-26"
"1","1147","","294","25","15.8000001907349","10","2028-08-08"
"1","1149","","7","1060","780","770","2028-06-04"
"1","115","","10","110","95","0","2029-03-27"
"1","1150","","15","259","125","145","2028-06-06"
"1","1151","","40","80","30","32","2028-08-11"
"2","1152","","4","160","122","0","2029-01-22"
"1","1152","0","4","160","124","105","2028-06-04"
"1","1153","","136","23","18","15","2028-07-07"
"1","1154","","60","50","39.4000015258789","39.4000015258789","2028-11-11"
"1","1156","","70","20","5.5","5.5","2028-06-16"
"1","1157","","3","180","156","156","2028-06-05"
"1","1158","","18","680","590","539","2028-06-06"
"1","1163","","32","120","41","50","2028-06-16"
"1","1164","","20","35","31","31","2028-05-31"
"1","1165","","3","180","155","146","2028-06-04"
"1","1167","","11","265","229","179.520004272461","2028-06-04"
"1","1168","","4","381","315","329","2028-06-05"
"2","1169","","13","200","170","170","2028-08-29"
"1","1169","0","4","200","170","165","2028-08-16"
"1","1170","","4","281","250","243","2028-06-05"
"1","1171","","22","203","167.600006103516","164","2028-05-29"
"1","1173","","7","550","422.200012207031","500","2028-05-30"
"1","1174","","41","800","582","540","2028-06-16"
"1","1175","","42","540","370","350","2028-06-28"
"1","1176","","70","220","172.610000610352","150","2028-06-16"
"1","1177","","1","30","23","0","2029-08-18"
"1","1178","","90","25","18.6599998474121","18.6599998474121","2028-09-13"
"1","1179","","25","125","93","108","2028-10-27"
"1","118","","4","345","298","0","2029-03-04"
"1","1181","","4","525","472","0","2029-02-06"
"1","1182","","5","161","136.850006103516","199.759994506836","2028-06-05"
"1","1187","","9","110","101","0","2029-03-08"
"1","1188","","3","280","212","204","2028-06-04"
"1","1189","","15","562","488","448.799987792969","2028-05-31"
"1","119","","10","139","138.300003051758","0","2029-03-31"
"1","1190","","13","251","211","195","2028-05-31"
"1","1191","","4","390","340","340","2028-05-31"
"1","1192","","4","240","204","204","2028-09-29"
"1","1193","","18","112","97.1800003051758","114.400001525879","2028-06-01"
"1","1194","","6","501","400.799987792969","396","2028-06-05"
"1","1195","","12","397","347","320.5","2028-06-05"
"1","1196","","5","210","178","181","2028-05-31"
"1","1197","","17","540","467","475.200012207031","2028-05-31"
"1","1198","","6","330","270.5","252","2028-06-01"
"1","1199","","5","203","147","147","2028-06-02"
"1","12","","9","250","212","220","2028-06-11"
"1","120","","108","280","242","216","2028-05-29"
"1","1200","0","1","1030","890.950012207031","410","2028-06-01"
"1","1202","","9","490","427","306","2028-06-01"
"1","1203","","3","250","223","0","2029-01-25"
"1","1204","","17","71","64","62","2028-10-27"
"1","1205","","8","137","113.279998779297","117","2028-08-02"
"1","1206","","9","32","28","28","2028-06-01"
"1","1207","","47","75","64","42","2028-06-11"
"1","1208","0","72","10","6.69999980926514","6.69999980926514","2028-12-01"
"1","1209","","100","10","2.95000004768372","0","2029-04-14"
"1","1210","","250","100","70","71","2028-06-21"
"1","1211","","6","450","363","323","2028-07-08"
"1","1213","","26","70","54","23","2028-06-01"
"1","1214","","3","320","285","285","2028-11-20"
"1","1215","","40","1200","1128.5","1080","2028-06-28"
"1","1216","","12","250","100","190","2028-10-14"
"1","12161","","1","220","190","190","2028-05-30"
"1","1218","","51","100","55","58","2028-08-02"
"1","1219","","9","350","260","260","2028-06-06"
"1","122","","67","160","136","93","2028-06-02"
"1","1220","","24","100","54","73","2028-06-25"
"1","1221","","20","150","65","65","2028-08-05"
"1","1222","","40","200","160","120","2028-08-05"
"1","1223","0","1","750","450","450","2028-06-06"
"1","1226","","1","80","50","0","2029-07-13"
"1","1227","","6","160","139","139","2028-07-20"
"1","1228","","26","300","258","253.440002441406","2028-06-01"
"1","1229","","2","120","30","30","2028-06-04"
"1","123","","4","170","144","92.4000015258789","2028-06-04"
"1","1232","","15","214","90","85","2028-09-21"
"1","1233","","18","80","55","51","2028-06-02"
"1","1235","","43","110","70","55","2028-06-03"
"1","1236","0","1","150","127","127","2028-05-31"
"1","1237","","100","80","67","67","2028-06-04"
"1","1238","","81","50","38","33","2028-06-03"
"1","1239","","4","273","240.889999389648","158","2028-06-03"
"1","124","","213","357","308","259","2028-05-29"
"1","1242","","1","275","160","160","2028-06-05"
"1","1244","","56","216","187.449996948242","145","2028-06-03"
"1","1245","","88","350","310","295","2028-06-11"
"1","1246","","5","126","104","104","2028-06-11"
"1","1247","","14","310","268","232","2028-06-01"
"1","1248","","7","161","140","140","2028-06-01"
"1","1249","","21","121","103","97","2028-06-01"
"1","125","","221","280","242","241.179992675781","2028-05-29"
"1","1251","","34","95","65","83.5999984741211","2028-06-04"
"1","1254","","130","42","38","37","2028-06-29"
"1","1256","","4","82","71","71","2028-06-04"
"1","1257","","6","255","220","0","2029-03-08"
"1","1258","","6","399","348","348","2028-06-11"
"1","1259","","3","389","331","259","2028-06-04"
"1","126","","41","14","6.40000009536743","6.40000009536743","2028-06-16"
"1","1260","","5","500","375","229","2028-05-30"
"1","1261","","32","1200","1033","649","2028-07-03"
"1","1262","","14","575","488","478","2028-05-31"
"1","1263","","22","330","277","264","2028-06-01"
"1","1264","","200","200","85","85","2028-11-15"
"1","1268","","16","146","124.199996948242","126","2028-06-11"
"2","1269","","10","540","467","431.269989013672","2028-12-11"
"1","1269","0","7","400","340","347","2028-06-03"
"1","127","","120","40","25","27","2028-06-27"
"1","1270","","75","38","31","31","2028-06-02"
"1","1271","","12","67","57","57","2028-06-01"
"1","1272","","22","280","246","243","2028-06-21"
"1","1273","","5","210","175","170","2028-06-06"
"1","1274","","17","130","110","86","2028-06-01"
"1","1275","","6","205","174","169","2028-06-11"
"1","1276","","33","1250","1172","1136","2028-09-02"
"1","1278","","12","550","506","490","2028-05-29"
"1","1279","","8","200","176","184","2028-06-03"
"1","128","","4","50","37","37","2028-05-31"
"1","1280","","12","120","101","0","2029-03-27"
"1","1281","","9","121","108","108","2028-12-13"
"1","1282","","3","40","36","36","2028-05-31"
"1","1283","","15","90","27","78.3000030517578","2028-05-31"
"1","1284","","84","50","37","17","2028-06-04"
"1","1285","0","2","95","78","78","2028-05-31"
"1","129","","49","100","85","84.129997253418","2028-05-31"
"1","1291","0","1","250","150","150","2028-06-06"
"1","1294","","9","81","70.6699981689453","70.6699981689453","2028-06-11"
"2","1295","","2","95","82","0","2029-03-31"
"1","1295","0","6","80","69","69","2028-10-27"
"1","1298","","7","400","340","301","2028-06-26"
"2","1299","","38","320","279","263","2028-10-09"
"1","1299","0","2","300","262","262","2028-06-01"
"1","13","","46","230","198","178.639999389648","2028-06-05"
"1","130","","127","150","134","110.879997253418","2028-05-31"
"2","1300","","12","177.600006103516","153.669998168945","0","2029-05-31"
"1","1300","0","6","177.600006103516","153.669998168945","153","2028-11-08"
"1","1301","","4","201","93","93","2028-06-05"
"1","1302","","8","200","177","177","2028-09-23"
"1","1303","","2","368","312.970001220703","312.970001220703","2028-06-01"
"1","1304","","29","550","415","400","2028-06-06"
"1","1305","0","2","350","260","260","2028-06-06"
"1","1306","","28","475","285","290","2028-06-06"
"1","1307","","28","350","170","210","2028-06-06"
"1","1308","","9","500","320","450","2028-09-13"
"1","131","","48","275","228","231","2028-07-14"
"1","1311","","18","75","65","41","2028-08-05"
"1","1312","","23","190","160","167.199996948242","2028-05-31"
"1","1313","","12","180","150","142","2028-05-31"
"1","1314","","49","40","28","22","2028-06-01"
"1","1315","","17","410","348.5","360.799987792969","2028-09-11"
"2","1316","","27","135","47","0","2029-02-19"
"1","1316","0","10","98","41","85.2600021362305","2028-06-03"
"1","1317","","9","300","259","203","2028-06-24"
"1","1318","","17","287","249","226","2028-06-01"
"1","1319","","3","97","63","63","2028-06-01"
"1","132","","66","200","171","108","2028-06-05"
"1","1320","","13","160","133","122","2028-06-16"
"1","1321","","330","20","14.6599998474121","14.3299999237061","2028-07-28"
"1","1322","","320","10","8","8","2028-05-30"
"1","1327","","7","248","151","151","2028-06-05"
"1","1329","","8","80","45","45","2028-06-04"
"1","133","","157","280","242","240","2028-06-05"
"1","1330","0","16","150","130","135","2028-06-04"
"1","1332","","4","415","207.5","207.5","2028-11-21"
"1","1333","","43","160","138","133","2028-05-29"
"1","1334","","2","476","404","0","2029-06-28"
"1","1335","","4","300","252","252","2028-05-31"
"1","1336","","1","1150","1100","1100","2028-05-30"
"1","1338","","14","550","518","529","2028-06-19"
"1","1339","","1","2000","1740","1740","2028-05-31"
"1","134","","1524","30","21.1000003814697","19.1299991607666","2028-05-29"
"1","1340","","3","600","519","495","2028-08-25"
"1","1341","","6","540","413","396","2028-06-11"
"1","1342","","8","215","182","155.759994506836","2028-06-01"
"1","1343","","17","100","84.5999984741211","89","2028-06-24"
"1","1344","","15","30","24","24","2028-06-06"
"1","1345","","22","225","160","146","2028-12-06"
"1","1346","","796","10","8.64999961853027","9","2028-06-04"
"1","1347","","9","150","113","113","2028-06-16"
"1","1349","","4","244","111","110","2028-11-22"
"1","135","","92","116","101.199996948242","43.1199989318848","2028-06-11"
"1","1350","","12","330","148","133","2028-07-17"
"1","1351","0","60","25","15.5","15.5","2028-05-31"
"1","1352","","3","990","856","817","2028-05-31"
"1","1353","","1","530","450.5","450.5","2028-05-31"
"1","1354","","3","272","229","193.600006103516","2028-06-01"
"1","1355","","6","80","68","68","2028-08-04"
"1","1357","","21","100","38","38","2028-05-31"
"1","1358","","137","25","14","20","2028-06-16"
"1","1359","","2","351","320","0","2029-06-15"
"1","136","","29","20","14","14","2028-06-03"
"1","1362","","3","143","100.099998474121","100.099998474121","2028-07-06"
"1","1363","","12","380","300","280","2028-08-05"
"1","1364","","4","380","347","0","2029-07-08"
"2","1365","","72","120","102","58","2028-06-25"
"1","1365","0","10","125","58","58","2028-06-05"
"1","1366","","12","190","160","0","2029-04-12"
"1","1367","","18","150","85","96","2028-06-06"
"1","1368","","31","361.869995117188","337","337","2028-06-24"
"2","1369","","6","220","190","0","2029-04-11"
"1","1369","0","2","189","163.479995727539","163.479995727539","2028-06-01"
"1","1370","","13","500","455","427","2028-06-28"
"1","1371","","4","30","15","15","2028-06-01"
"1","1374","","84","30","11.3400001525879","10.3000001907349","2028-06-16"
"1","1375","","10","286","243","241","2028-07-16"
"1","1376","","8","91","79","70.4100036621094","2028-05-31"
"1","1377","","1","207","180","0","2029-06-30"
"1","1378","","6","285","208","0","2029-03-17"
"1","1379","","1","87","73","73","2028-06-11"
"1","1380","","1","119","101","101","2028-06-11"
"1","1385","","17","350","220","240","2028-05-30"
"1","1386","","4","200","145","145","2028-06-06"
"1","1387","","50","130","120","96.8000030517578","2028-05-30"
"2","1388","","119","350","240","230","2028-08-16"
"1","1388","0","1","320","320","230","2028-08-06"
"1","1389","","27","300","230","210","2028-11-30"
"1","1391","0","3","600","400","400","2028-10-28"
"2","1393","","19","584","496","304.100006103516","2028-10-29"
"1","1393","0","-10","529","278","247","2028-05-29"
"2","1394","","24","51","45.5","43.2900009155273","2028-12-15"
"1","1394","0","6","51","42","41","2028-05-29"
"1","1395","","10","180","153","138","2028-05-29"
"1","1396","","30","30","21","20","2028-05-29"
"2","1397","","30","144","112","0","2029-03-31"
"1","1397","0","14","144","112","112","2028-06-02"
"1","1398","","13","75","59","58","2028-06-02"
"1","1399","","34","103","72.5","69","2028-06-02"
"1","14","","1906","20","18","14","2028-05-30"
"1","140","","87","465","395","389","2028-06-05"
"1","1400","","24","96","68.5","64","2028-06-02"
"1","1401","","27","150","130","129","2028-06-02"
"1","1402","","2","385","278","278","2028-06-02"
"1","1403","","18","400","230","300","2028-06-03"
"1","1404","","29","350","300","255","2028-06-03"
"1","1405","","45","320","295","310","2028-06-03"
"1","1406","","20","150","120","120","2028-06-03"
"1","1407","","16","500","325","435","2028-06-04"
"1","1408","","10","139","109","122.319999694824","2028-06-04"
"1","1409","","3","93","81.8399963378906","81.8399963378906","2028-06-04"
"1","141","","930","20","11","9.5","2028-05-31"
"1","1410","0","2","100","88","88","2028-06-04"
"1","1411","","2","150","132","132","2028-06-04"
"1","1412","","2","158","139.039993286133","139.039993286133","2028-06-04"
"1","1413","","3","370","325.600006103516","308","2028-06-04"
"1","1414","","2","650","552","528","2028-06-04"
"1","1415","","1","130","114.400001525879","114.400001525879","2028-06-04"
"1","1416","","1","130","114.400001525879","114.400001525879","2028-06-04"
"1","1417","","8","250","220","220","2028-06-04"
"2","142","","12","220","191","187","2028-06-02"
"1","142","0","1","220","187","187","2028-06-02"
"1","143","","369","30","25.6599998474121","20.0599994659424","2028-05-31"
"1","144","","48","150","129","112","2028-08-02"
"1","145","","155","120","100","92","2028-06-02"
"1","146","","5","400","363","297","2028-05-31"
"1","147","","3028","15","12.1099996566772","11","2028-05-31"
"1","148","","102","110","98.8000030517578","96.8000030517578","2028-05-31"
"1","149","","77","143","119","117.330001831055","2028-06-16"
"1","150","","71","240","204","209","2028-08-31"
"1","1500","0","2","1800","1350","1350","2028-06-05"
"1","1501","0","3","308","231","231","2028-06-05"
"1","1502","","10","175","92","47","2028-06-05"
"1","1503","","10","140","37","37","2028-06-05"
"1","1504","","3","250","135","135","2028-06-05"
"1","1505","","9","349","235","307.119995117188","2028-06-05"
"2","1506","","230","100","90","84","2028-06-24"
"1","1506","0","10","100","84","84","2028-06-05"
"1","1508","","10","380","320","334.399993896484","2028-06-06"
"1","1509","","18","250","195","150","2028-06-06"
"1","151","","51","183","151.110000610352","143.440002441406","2028-05-31"
"1","1510","","2","250","150","150","2028-06-06"
"1","1511","","1","300","250","250","2028-06-06"
"1","1512","","2","270","200","200","2028-06-06"
"2","1515","","20","90","42","0","2029-03-28"
"1","1515","0","20","90","56","60","2028-06-10"
"1","1516","","2","106","93.2799987792969","93.2799987792969","2028-06-11"
"1","1517","","4","250","213","220","2028-06-11"
"1","1518","","4","210","195","184.800003051758","2028-06-11"
"1","1519","","1","213","187.440002441406","187.440002441406","2028-06-11"
"1","152","","39","85","73.3499984741211","67.7600021362305","2028-05-31"
"1","1520","0","1","130","114.400001525879","114.400001525879","2028-06-11"
"1","1521","","14","58","49","47.5200004577637","2028-06-11"
"1","153","","36","250","217","137.869995117188","2028-05-31"
"1","1530","","12","280","242","242","2028-06-11"
"1","1531","","6","285","246","246","2028-06-11"
"2","1532","","6","290","246","0","2029-07-08"
"1","1532","0","2","565","493","164","2028-06-16"
"1","1533","","3","226","183","183","2028-06-16"
"1","1534","","3","530","405","405","2028-06-16"
"1","1535","","18","66","61.6699981689453","56","2028-06-16"
"1","1536","","7","327","260","210","2028-06-16"
"1","1537","","44","200","22","22","2028-06-16"
"1","1538","","26","317","206.050003051758","158.5","2028-06-18"
"1","1539","","25","376","335","188","2028-06-18"
"1","154","","714","50","27.5","25","2028-05-31"
"1","1540","","80","625","312.5","312.5","2028-06-18"
"1","1541","","44","322","268","158","2028-06-18"
"1","1542","","36","200","100","100","2028-06-18"
"1","1543","","50","246","220","123","2028-06-18"
"1","1544","","40","187","93.5","93.5","2028-06-18"
"1","1545","","6","437","218.5","218.5","2028-06-18"
"1","1546","","81","200","124","132","2028-06-22"
"1","1547","","53","150","58","60","2028-06-22"
"1","1548","","4","155","131","131","2028-06-22"
"1","1549","","9","160","142","142","2028-06-22"
"1","155","","41","40","13","35.2000007629395","2028-05-31"
"1","1550","","520","30","12","20","2028-06-22"
"1","156","","15","300","260","264","2028-06-07"
"1","157","","20","105","28","0","2029-01-17"
"1","158","","23","253","220","202.990005493164","2028-05-31"
"1","159","","57","230","200","178","2028-05-31"
"1","16","","6","157","135","102.080001831055","2028-06-04"
"1","1600","","3","450","300","300","2028-06-27"
"2","1601","","27","580","369","355","2028-08-16"
"1","1601","0","2","580","369","356","2028-06-28"
"1","1602","","3","485","419","397.899993896484","2028-06-28"
"1","1603","","21","460","387","265","2028-06-28"
"1","1604","","51","200","120","110","2028-06-28"
"1","1605","","10","350","302","252","2028-06-28"
"2","1610","","2","180","150","0","2029-04-12"
"1","1610","0","2","180","150","150","2028-07-01"
"1","1620","","10","80","70","70","2028-07-06"
"1","1621","","72","50","41","34","2028-07-07"
"1","1623","","6","590","419","418","2028-07-08"
"1","1624","0","2","294","191.259994506836","280","2028-07-08"
"1","1626","","10","220","136.399993896484","146","2028-07-09"
"1","1627","","1","683","580","580","2028-07-09"
"1","1628","","1","383","334","334","2028-07-09"
"1","1629","","12","86","74","71","2028-07-14"
"1","163","","450","50","40","40","2028-06-29"
"2","1630","","5","400","350","303.329986572266","2028-08-18"
"1","1630","0","4","400","330","330","2028-07-14"
"1","1631","","38","300","250","220","2028-07-14"
"1","1632","","3","200","170","170","2028-07-14"
"1","1633","0","2","500","300","300","2028-07-14"
"1","1634","","2","250","220","220","2028-07-14"
"1","1635","","10","120","93","93","2028-07-09"
"1","1636","","2","202","179","179","2028-07-14"
"1","1637","","4","285","237","237","2028-07-14"
"1","1638","","4","210","190","180","2028-07-14"
"1","1639","","12","150","100","100","2028-07-15"
"1","164","","3","50","30","30","2028-05-31"
"1","1640","","48","150","90","120","2028-07-15"
"1","1641","","52","500","277","272","2028-07-15"
"1","1642","","20","100","78","78","2028-07-16"
"1","1643","","6","250","150","150","2028-07-22"
"1","1644","0","1","1300","810","810","2028-07-22"
"1","1645","","50","300","240","260","2028-07-22"
"1","1646","","10","470","430","400","2028-07-22"
"1","1647","","16","520","480","455","2028-07-22"
"1","1649","","60","212","183","178","2028-07-23"
"2","165","","25","60","13","0","2029-05-19"
"1","165","0","10","50","12","12","2028-12-21"
"1","1650","0","4","350","303","303","2028-07-23"
"1","1651","","18","325","281","256","2028-07-23"
"2","1652","","17","530","463","0","2029-01-11"
"1","1652","0","1","519","450","450","2028-07-23"
"1","1653","","4","1400","1208","1095","2028-07-23"
"1","1654","","3","1150","967.5","820","2028-07-23"
"1","1655","","14","247","213","214","2028-07-23"
"2","1656","","4","1000","750","0","2029-03-18"
"1","1656","0","1","1200","920","920","2028-07-27"
"1","1657","","43","400","345","340","2028-07-27"
"1","1658","","23","249","220","210","2028-07-28"
"1","1659","","6","180","144.279998779297","156.830001831055","2028-07-28"
"1","1660","","200","5","3","3","2028-07-30"
"1","1661","","24","150","100","100","2028-07-30"
"1","1662","","11","200","140","180","2028-07-30"
"1","1663","","6","1200","780","780","2028-07-31"
"2","1664","","20","100","92","0","2029-07-08"
"1","1664","0","18","100","90","88","2028-08-02"
"1","1665","","15","130","105","105","2028-08-02"
"1","1666","","4","450","340","330","2028-08-02"
"1","1667","","2","450","400","400","2028-08-02"
"1","1668","","24","100","90","90","2028-08-02"
"1","1669","","194","50","25.8299999237061","25","2028-08-03"
"1","167","","682","50","18","19","2028-05-31"
"1","1670","","1","425","362","362","2028-08-04"
"1","1671","","1","750","638","638","2028-08-04"
"1","1672","","6","355","301","272","2028-08-04"
"1","1673","","2","252","214","205","2028-08-04"
"1","1674","","3","483","411","411","2028-08-04"
"2","1675","","4","380","319","0","2029-07-26"
"1","1675","0","4","350","297","277","2028-08-04"
"1","1676","","8","400","290","300","2028-08-05"
"1","1677","","22","120","83","80","2028-08-06"
"1","1678","","5","400","300","450","2028-08-06"
"1","1679","","6","800","400","480","2028-08-06"
"1","168","","21","200","172","0","2029-07-08"
"1","1680","","5","220","130","130","2028-08-07"
"1","1681","0","100","5","3.82999992370605","3.82999992370605","2028-08-07"
"1","1682","","100","30","11","11","2028-08-07"
"1","1683","0","5","166","130","130","2028-08-07"
"1","1684","","25","450","313","290","2028-08-08"
"1","1685","","7","195","124","191","2028-08-08"
"1","1686","","6","350","289","289","2028-08-08"
"1","1687","","10","160","72","72","2028-08-08"
"1","1688","0","2","495","430","430","2028-08-09"
"1","1689","","2","220","165","165","2028-08-09"
"1","169","","18","170","143","123","2028-08-25"
"1","1690","0","2","320","240","240","2028-08-09"
"1","1691","","7","220","176","176","2028-08-09"
"1","1692","0","1","400","320","320","2028-08-09"
"1","1694","","38","100","85","86","2028-08-10"
"1","1695","","51","600","330","330","2028-08-10"
"2","1696","","12","180","105","0","2029-03-04"
"1","1696","0","8","180","126.5","107","2028-08-10"
"1","1697","","6","170","87","87","2028-08-10"
"1","1698","0","5","430","310","275","2028-08-10"
"1","1699","","55","100","68","29","2028-08-10"
"1","17","","105","315","273","251.470001220703","2028-05-31"
"1","170","","29","42","36.4700012207031","35.2000007629395","2028-05-31"
"1","1700","0","10","50","25","25","2028-08-11"
"1","1701","","85","10","6","6","2028-08-11"
"1","17010","","40","400","335","350","2028-08-12"
"1","17011","","10","200","170","170","2028-08-12"
"1","17012","","10","20","17","17","2028-08-12"
"1","17013","","3","70","60","60","2028-08-12"
"1","17014","","24","102","85","85","2028-08-13"
"2","1702","","14","350","290","0","2029-01-06"
"1","1702","0","9","400","260","290","2028-08-11"
"1","1703","0","4","65","30","30","2028-08-11"
"1","170384","","12","200","160","160","2028-10-10"
"1","1704","0","2","103","35","35","2028-08-11"
"1","1705","","3","50","22","22","2028-08-11"
"1","1706","","2","74","46","46","2028-08-11"
"1","1707","","2","65","46","46","2028-08-11"
"2","1708","","7","360","250","0","2029-04-12"
"1","1708","0","3","360","270","270","2028-08-12"
"1","1709","","10","700","290","400","2028-08-12"
"1","17099","","5","351","303.329986572266","290","2028-08-16"
"1","171","","25","100","85","78","2028-08-25"
"1","1710","","48","85","74","64","2028-08-16"
"1","17100","","16","62","53","53","2028-08-16"
"1","17102","","2","393","334","330","2028-08-16"
"1","17103","","17","136","118","105","2028-08-16"
"1","17104","","50","600","445","450","2028-08-16"
"1","17105","","3","400","300","320","2028-08-16"
"1","17106","","8","400","285","300","2028-08-16"
"1","17107","","3","300","255","140","2028-08-17"
"1","17108","","20","36","13","13","2028-08-17"
"1","17109","","20","21","12","12","2028-08-17"
"1","17110","0","2","400","260","260","2028-08-18"
"1","17111","","2","550","350","350","2028-08-18"
"1","17112","0","6","360","210","260","2028-08-18"
"2","17113","","12","300","220","0","2029-03-18"
"1","17113","0","2","300","250","250","2028-08-18"
"2","17114","","22","350","250","260","2028-11-08"
"1","17114","0","2","350","280","280","2028-08-18"
"1","17115","0","2","400","320","320","2028-08-18"
"2","17116","","6","300","220","0","2029-07-26"
"1","17116","0","3","300","230","240","2028-08-18"
"1","17117","","1","700","480","480","2028-08-18"
"2","17118","","4","170","150","0","2029-04-01"
"1","17118","0","2","170","150","150","2028-08-20"
"1","17119","0","2","190","162","162","2028-08-20"
"1","17120","","14","220","172","259","2028-08-20"
"1","17121","","289","30","25.2000007629395","24","2028-08-20"
"1","17122","","12","508","447","411","2028-08-20"
"1","17123","","15","284","246.199996948242","246","2028-08-20"
"1","17124","","77","140","118","98","2028-08-20"
"1","17125","","27","100","85","70","2028-08-20"
"1","17126","","4","314","265","273","2028-08-20"
"1","17127","","87","140","61","58","2028-08-21"
"1","17128","0","23","100","76","48","2028-08-21"
"2","17129","","23","275","237","238.330001831055","2028-10-02"
"1","17129","0","6","275","240","240","2028-08-24"
"1","17130","","3","323","258","280","2028-08-25"
"1","17131","0","2","600","528","432","2028-08-25"
"1","17132","","15","160","81","70","2028-08-25"
"1","17133","","7","640","544","544","2028-08-25"
"1","17134","","16","106","87","81","2028-08-26"
"1","17135","0","24","60","45","45","2028-08-26"
"1","17136","","48","60","40","45","2028-08-26"
"1","171367","0","28","50","36","36","2028-08-26"
"1","17138","","2","150","130","130","2028-08-26"
"1","17139","","20","250","209","207.600006103516","2028-08-26"
"1","17140","","2","1750","750","750","2028-08-27"
"1","17141","","6","1200","420","420","2028-08-27"
"1","17142","","10","292","254","245","2028-08-28"
"1","17143","","1","360","220","220","2028-08-28"
"2","17144","","4","150","130","0","2029-07-26"
"1","17144","0","6","130","112","112","2028-08-28"
"1","17145","","3","3499","2350","2350","2028-08-29"
"1","17146","","2","650","350","350","2028-08-29"
"1","17147","","4","117","60","60","2028-08-29"
"1","17148","","7","210","110","115","2028-08-29"
"1","17149","","2","150","75","75","2028-08-29"
"1","17150","","4","350","204","204","2028-08-29"
"1","17151","","3","304","175","175","2028-08-29"
"1","17152","0","7","220","164","147","2028-08-29"
"1","17153","0","85","20","16.3400001525879","16.3400001525879","2028-08-29"
"1","17154","","3","200","100","100","2028-08-29"
"1","17155","","2","270","85","85","2028-08-29"
"1","17156","","5","550","187","187","2028-08-30"
"1","17158","","4","368","157","157","2028-08-30"
"1","17159","","3","300","250","250","2028-09-01"
"1","17160","","5","250","145","220","2028-09-01"
"2","17170","","10","150","81","0","2029-06-28"
"1","17170","0","40","150","81","81","2028-09-01"
"2","17171","","6","350","260","0","2029-08-13"
"1","17171","0","6","350","310","310","2028-09-02"
"1","17172","0","11","300","210","210","2028-09-02"
"1","17173","","17","390","344.5","319","2028-09-02"
"1","17174","","2","233","212","212","2028-09-02"
"1","17175","","22","250","150","250","2028-10-07"
"1","17176","0","3","103","87.5999984741211","87.5999984741211","2028-09-08"
"1","17177","","1","130","112","112","2028-09-10"
"1","17178","","4","250","210","199","2028-09-10"
"1","17179","","2","350","223","223","2028-09-10"
"1","17180","","3","400","330","330","2028-09-10"
"1","17181","","3","300","204","204","2028-09-10"
"1","17182","","3","200","136","136","2028-09-10"
"1","17183","","10","115","97","97","2028-09-11"
"1","17184","0","5","95.7600021362305","60","60","2028-09-12"
"1","17185","","3","800","770","770","2028-09-13"
"1","17186","","14","400","350","350","2028-09-13"
"1","17187","","30","140","118","118","2028-09-17"
"1","17188","","17","620","564.5","519","2028-09-17"
"1","17189","","3","383","331","331","2028-09-17"
"1","17190","","20","60","43.5999984741211","39","2028-09-17"
"1","17191","","50","150","123","123","2028-09-20"
"1","17192","","3","784","653","653","2028-09-20"
"1","17193","0","13","250","150","178","2028-09-20"
"1","17194","","2","450","360","360","2028-09-20"
"1","17195","0","2","250","200","200","2028-09-20"
"2","17196","","2","200","130","0","2029-08-13"
"1","17196","0","2","200","150","150","2028-09-20"
"1","17197","","4","193","110","110","2028-09-20"
"1","17198","","10","140","52","52","2028-09-20"
"1","17199","","16","164","129","117","2028-09-20"
"1","172","","24","40","32","0","2029-05-25"
"1","17200","","13","258","206","184","2028-09-20"
"1","17201","0","2","600","280","280","2028-09-23"
"1","17202","","4","360","287","281","2028-09-24"
"1","17203","","33","40","26.25","26.25","2028-09-24"
"1","17204","","12","100","65","71","2028-09-25"
"1","17205","","9","200","49","140","2028-09-26"
"1","17206","","9","180","154","153","2028-09-29"
"1","17207","","4","100","83","83","2028-09-29"
"1","17208","","3","260","237","237","2028-10-04"
"1","17209","0","2","517","413","413","2028-10-04"
"1","17257","","4","202","86","86","2028-08-30"
"1","173","","34","100","79","79","2028-06-05"
"1","17300","","3","175","140","140","2028-10-04"
"1","17301","","19","220","170","165","2028-10-04"
"2","17302","","184","20","18.4300003051758","0","2029-03-04"
"1","17302","0","114","120","16","16","2028-10-04"
"1","17303","","400","3.20000004768372","2.55999994277954","2.55999994277954","2028-10-04"
"1","17304","","6","333","269","255","2028-10-07"
"1","17305","","3","474","402","402","2028-10-07"
"1","17306","0","2","319","271","271","2028-10-07"
"1","17307","","5","725","522","522","2028-10-07"
"1","17308","","9","292","252","252","2028-10-07"
"1","17380","","101","180","155.600006103516","155.600006103516","2028-10-09"
"1","17381","","2","123","106","106","2028-10-09"
"1","17382","","10","150","129","116.779998779297","2028-10-09"
"1","17385","","7","200","140","140","2028-10-10"
"1","17386","","20","150","90","100","2028-10-10"
"1","17387","","10","60","35","35","2028-10-10"
"1","17388","0","1","2390","2055","2055","2028-10-13"
"1","17389","","3","700","600","590","2028-10-14"
"1","17390","","9","90","79","77.9499969482422","2028-10-14"
"1","17391","","10","150","55","55","2028-10-14"
"1","17392","0","2","470","375.529998779297","375.529998779297","2028-10-14"
"1","17393","0","5","230","75","90","2028-10-14"
"1","174","","16","100","82","67.5800018310547","2028-05-31"
"1","17400","","10","268","157","148","2028-10-19"
"1","17401","","10","150","68","68","2028-10-20"
"1","17402","","8","231","196.550003051758","196.550003051758","2028-10-23"
"1","17403","","34","140","115","110.129997253418","2028-10-23"
"2","17405","","2","200","170","0","2029-07-26"
"1","17405","0","5","200","173","173","2028-10-23"
"1","17406","","7","308","200.199996948242","215","2028-10-24"
"1","17407","","41","150","75","105","2028-10-24"
"1","17408","","1","510","306","306","2028-10-24"
"2","17409","","22","195","78","0","2028-12-27"
"1","17409","0","20","195","117","117","2028-10-24"
"2","17410","","50","1726","800","800","2028-11-21"
"1","17410","0","3","1726","800","800","2028-10-24"
"1","17420","","21","350","265","280","2028-10-27"
"1","17430","","8","330","275","275","2028-10-27"
"1","17431","","4","380","316","316","2028-10-27"
"1","17432","","19","400","280","350","2028-10-28"
"1","17433","","2","200","170","170","2028-10-28"
"1","17434","","6","250","160","160","2028-10-28"
"1","17435","","26","100","41","42","2028-10-29"
"1","17436","0","16","100","63","63","2028-10-30"
"1","17439","","6","100","75","75","2028-10-30"
"1","17440","","6","400","360","290","2028-11-01"
"1","17441","","19","305","295","275","2028-11-01"
"1","17442","","6","800","530","550","2028-11-01"
"1","17445","","10","400","310","310","2028-11-01"
"2","17446","","7","550","450","0","2029-01-11"
"1","17446","0","2","550","450","450","2028-11-01"
"1","174464","","2","450","325","325","2028-11-01"
"1","174465","","270","5","2.67000007629395","2.67000007629395","2028-11-01"
"1","174466","","2","500","350","350","2028-11-01"
"1","174468","0","7","650","580","550","2028-11-01"
"1","174469","0","2","350","200","200","2028-11-01"
"1","17447","","16","650","500","500","2028-11-01"
"1","174470","0","7","500","300","300","2028-11-01"
"1","174471","","2","400","225","225","2028-11-01"
"1","174472","","6","250","180","180","2028-11-01"
"1","174473","0","4","550","480","480","2028-11-01"
"1","174474","0","3","550","480","480","2028-11-01"
"1","174475","","38","1050","950","900","2028-11-01"
"1","174476","","43","550","450","400","2028-11-01"
"2","174477","","4","500","280","0","2029-07-06"
"1","174477","0","6","500","280","280","2028-11-01"
"1","174478","","13","750","717","710","2028-11-01"
"1","174479","","3","800","736","0","2029-01-25"
"1","17448","0","4","300","170","170","2028-11-01"
"1","17449","0","6","350","220","220","2028-11-01"
"2","17450","","2","500","360","0","2029-08-13"
"1","17450","0","2","500","370","370","2028-11-01"
"1","17451","","3","420","315","315","2028-11-01"
"1","17452","0","12","200","96.6699981689453","96.6699981689453","2028-11-01"
"1","17453","","7","340","140","140","2028-11-01"
"1","17454","","66","100","58","58.3300018310547","2028-11-01"
"1","17455","","4","300","180","180","2028-11-01"
"1","17456","0","2","220","170","170","2028-11-01"
"1","17457","","6","200","110","110","2028-11-01"
"1","17458","0","2","200","165","165","2028-11-01"
"1","17459","0","2","450","385","385","2028-11-01"
"1","1746","","7","700","580","580","2028-11-01"
"1","17460","0","1","200","160","160","2028-11-01"
"1","17461","0","12","150","95","95","2028-11-01"
"2","17462","","2","300","220","0","2029-05-03"
"1","17462","0","2","300","220","220","2028-11-01"
"1","17463","","2","550","450","450","2028-11-01"
"1","17464","0","2","200","160","160","2028-11-01"
"1","17465","0","12","250","190","190","2028-11-01"
"2","17466","","6","400","280","0","2029-03-04"
"1","17466","0","6","400","265","265","2028-11-01"
"1","17467","","4","700","580","580","2028-11-01"
"1","176","0","66","50","15","15","2028-05-31"
"1","177","","30","150","129","130","2028-05-31"
"1","177480","","2","800","710","710","2028-11-01"
"1","177481","","300","10","5.19000005722046","5.19000005722046","2028-11-01"
"1","177482","","52","40","29.8400001525879","29.8400001525879","2028-11-01"
"1","177483","","17","260","194","176.429992675781","2028-11-01"
"1","177484","0","2","260","243","243","2028-11-01"
"1","177485","0","10","70","38","59.2999992370605","2028-11-01"
"1","177486","","13","150","52","52","2028-11-02"
"1","177487","","110","40","30","26","2028-11-02"
"1","177488","","10","98","85.2200012207031","85.2200012207031","2028-11-02"
"1","177489","","12","125","107.970001220703","107.970001220703","2028-11-02"
"1","177490","","23","185","160","157.25","2028-11-02"
"2","177491","","11","770","628","0","2029-05-07"
"1","177491","0","1","770","662","552","2028-11-02"
"2","177492","","27","600","558","552.5","2028-12-03"
"1","177492","0","3","600","558","530","2028-11-02"
"1","177493","","18","350","82","82","2028-11-03"
"1","177494","","18","250","70","70","2028-11-03"
"1","177495","0","7","150","85","40","2028-11-03"
"1","177496","0","4","410","351","348.170013427734","2028-11-05"
"1","177497","0","2","415","318","358.980010986328","2028-11-05"
"1","177498","","12","321","208.649993896484","270","2028-11-05"
"1","177499","","3","400","336.329986572266","336.329986572266","2028-11-05"
"1","177500","","8","420","381","407","2028-11-05"
"1","177501","","1","300","274","274","2028-11-05"
"1","177502","","1","400","366","366","2028-11-05"
"1","177503","","2","350","320","320","2028-11-05"
"2","177504","","23","100","80","0","2029-08-17"
"1","177504","0","12","100","80","80","2028-11-05"
"1","177505","","12","80","60","60","2028-11-05"
"1","177506","","11","1650","1402","1330","2028-11-05"
"1","177507","0","2","490","208","208","2028-11-06"
"1","177508","","6","425","390","276.25","2028-11-07"
"1","177509","","1","380","251.940002441406","251.940002441406","2028-11-08"
"1","177510","","1","285","188.949996948242","188.949996948242","2028-11-08"
"1","177511","","6","150","102","102","2028-11-08"
"1","177512","","14","105","87","85.6600036621094","2028-11-08"
"1","177513","","16","245","217","208","2028-11-08"
"1","177514","0","2","165","141","141","2028-11-08"
"1","177515","0","3","755","672","672","2028-11-08"
"1","177516","","18","1500","1345","1150","2028-11-08"
"1","177517","","2","325","286","286","2028-11-08"
"1","177518","","4","3500","3360","3290.96997070313","2028-11-08"
"1","177519","","3","300","200","185","2028-11-08"
"2","177520","","140","10","4.30000019073486","0","2029-01-11"
"1","177520","0","100","10","4.30000019073486","4.30000019073486","2028-11-08"
"1","177521","","4","248","178.5","178.5","2028-11-08"
"1","177522","","14","120","104","105","2028-11-08"
"1","177523","","2","119","104","104","2028-11-08"
"1","177524","","2","154","134","134","2028-11-08"
"1","177525","","4","119","103.5","103.5","2028-11-08"
"1","177526","","4","112","97.25","97.25","2028-11-08"
"1","177527","","9","190","161","139","2028-11-08"
"1","177528","","18","190","95","165","2028-11-08"
"1","177529","","2","390","300","300","2028-11-08"
"1","177530","","6","250","215","200","2028-11-08"
"2","177531","","23","680","540","0","2029-03-14"
"1","177531","0","3","590","490","460","2028-11-08"
"1","177532","0","1","500","330","330","2028-11-08"
"1","177533","0","2","500","150","150","2028-11-08"
"1","177534","0","2","500","300","300","2028-11-08"
"1","177535","0","4","550","410","410","2028-11-08"
"1","177536","0","12","70","60","60","2028-11-08"
"1","177537","0","4","700","580","580","2028-11-08"
"1","177538","","2","300","190","190","2028-11-08"
"1","177539","","11","700","450","430","2028-11-08"
"1","177540","","4","500","370","370","2028-11-08"
"1","177541","","12","200","94.1600036621094","94.1600036621094","2028-11-08"
"1","177542","","12","870","850","780","2028-11-08"
"1","177543","0","2","500","350","350","2028-11-08"
"1","177544","","21","150","108","105","2028-11-08"
"1","177545","","2","1200","800","750","2028-11-08"
"1","177546","","8","230","201","201","2028-11-11"
"2","177547","","1","1663","1438.5","0","2029-07-26"
"1","177547","0","1","1613","1395","1395","2028-11-11"
"1","177548","","10","190","90","90","2028-11-11"
"1","177549","","3","300","140","140","2028-11-11"
"2","177550","","4","300","200","0","2029-03-04"
"1","177550","0","5","300","200","200","2028-11-11"
"1","177551","","2","500","360","360","2028-11-11"
"1","177552","","4","730","660","690","2028-11-11"
"1","177553","","5","750","670","620","2028-11-11"
"1","177554","","1","1050","900","900","2028-11-11"
"1","177555","0","2","2200","1900","1900","2028-11-11"
"1","177556","","1","1300","1200","1200","2028-11-11"
"1","177557","","42","400","260","255","2028-11-11"
"1","177558","0","8","300","240","240","2028-11-11"
"1","177559","0","3","400","260","260","2028-11-11"
"1","177560","0","1","300","225","225","2028-11-11"
"1","177561","","24","50","21","21","2028-11-11"
"1","177562","","24","150","110","100","2028-11-11"
"1","177563","","5","600","390","390","2028-11-11"
"1","177564","0","2","1500","1020","1020","2028-11-11"
"1","177565","0","24","100","79","79","2028-11-11"
"1","177566","","2","550","400","400","2028-11-11"
"1","178","","120","11","7","7","2028-10-02"
"1","179","","2","270","227","228","2028-05-31"
"1","18","","89","80","68","50.4599990844727","2028-06-03"
"1","180","","15","320","276.5","264","2028-05-31"
"2","1800","","1","630","446","0","2029-08-04"
"1","1800","0","1","630","535","535","2028-11-13"
"1","1801","","20","82","66.2200012207031","66.2200012207031","2028-11-13"
"1","18010","","6","1350","1194","877","2028-11-15"
"1","18011","","2","1073","966","966","2028-11-15"
"2","18012","","9","289","252.179992675781","0","2029-02-17"
"1","18012","0","2","289","241","241","2028-11-15"
"1","18013","0","6","215","174","174","2028-11-15"
"1","18014","","5","150","117","129","2028-11-15"
"1","18015","0","1","1387","1207","1207","2028-11-15"
"1","18016","","2","1056","910","926","2028-11-15"
"1","18017","","3","800","659","666","2028-11-15"
"1","18018","0","2","185","154","154","2028-11-15"
"1","18019","","1","800","530","530","2028-11-15"
"1","1802","","4","1500","1418.88000488281","777.820007324219","2028-11-13"
"1","18020","","200","10","4.90000009536743","4.90000009536743","2028-11-15"
"1","18021","","3","650","510","510","2028-11-15"
"1","18022","0","2","1000","790","790","2028-11-15"
"2","18023","","10","400","260","0","2029-02-22"
"1","18023","0","2","350","260","260","2028-11-15"
"1","18024","","2","200","155","155","2028-11-15"
"1","18025","","2","300","225","225","2028-11-15"
"1","18026","","8","200","160","130","2028-11-15"
"1","18027","","6","300","230","230","2028-11-15"
"1","1803","","2","1500","1312","769","2028-11-13"
"1","18030","","15","550","470","480","2028-11-15"
"1","18031","","15","550","470","470","2028-11-15"
"1","18032","","36","50","36","36","2028-11-15"
"1","18033","","1","500","395","395","2028-11-15"
"1","18034","","14","280","190","190","2028-11-15"
"1","18035","","3","1000","780","800","2028-11-15"
"1","18036","","5","1600","1380","1400","2028-11-15"
"1","18037","","2","990","600","600","2028-11-15"
"1","18038","","4","650","500","500","2028-11-15"
"1","1804","","33","98","86","86","2028-11-17"
"1","18040","0","10","300","220","220","2028-11-15"
"1","18041","","12","150","85","85","2028-11-15"
"1","18042","","9","305","207","207","2028-11-16"
"1","18043","","9","360","249","249","2028-11-16"
"1","18044","0","6","77","66","66","2028-11-16"
"1","18045","","3","228","176","176","2028-11-16"
"1","18046","","3","460","300","300","2028-11-16"
"1","18047","","3","160","114","114","2028-11-16"
"1","18048","","3","490","323","323","2028-11-16"
"1","1805","","13","143","130","126.199996948242","2028-11-17"
"1","1806","","16","217","193","191","2028-11-17"
"1","1807","","11","730","700","700","2028-11-17"
"1","182","","40","126","99","95","2028-06-05"
"1","1820","","10","200","75","75","2028-11-18"
"1","1821","","2","130","115","115","2028-11-19"
"1","1822","","8","120","95","102.940002441406","2028-11-20"
"1","1823","","80","40","36","36","2028-11-20"
"1","1824","","2","844","422","422","2028-11-21"
"1","1825","0","1","1580","790","790","2028-11-21"
"1","1826","","2","265","185.5","185.5","2028-11-21"
"1","1827","","4","116.5","101","101","2028-11-22"
"1","1828","0","100","15","6.69999980926514","6.69999980926514","2028-11-22"
"1","1829","0","1","500","250","250","2028-11-22"
"1","183","","16","275","215","208","2028-06-05"
"1","1830","","3","500","360","360","2028-11-22"
"1","1831","","2","570","450","450","2028-11-22"
"1","1832","","1","450","290","290","2028-11-22"
"1","1833","","2","450","290","290","2028-11-22"
"1","1834","","5","250","195","210","2028-11-22"
"1","1835","0","2","400","350","350","2028-11-22"
"1","1836","","2","400","335","335","2028-11-22"
"1","1837","","1","300","160","160","2028-11-22"
"1","1838","","6","300","250","250","2028-11-22"
"1","1839","","2","400","280","280","2028-11-22"
"1","184","","5","195","165","157","2028-06-11"
"1","1840","","2","1350","820","880","2028-11-22"
"1","1841","","4","120","75","75","2028-11-22"
"1","1842","","4","900","650","700","2028-11-22"
"1","1844","","8","1150","970","938","2028-11-25"
"1","1845","","21","300","140","120","2028-11-26"
"1","1846","","19","160","130","113","2028-11-27"
"1","1847","","18","160","62","37","2028-11-27"
"1","1848","","6","120","103.800003051758","103.800003051758","2028-11-27"
"1","1849","0","2","200","166.5","156","2028-11-29"
"1","1850","","2","220","187.5","187.5","2028-11-29"
"2","1851","","29","470","403","0","2029-01-11"
"1","1851","0","3","430","320","320","2028-11-29"
"1","1852","0","2","468","285","285","2028-11-29"
"1","1853","","22","180","155","131","2028-11-29"
"1","1854","","9","70","60.5499992370605","60.5499992370605","2028-11-29"
"1","1855","0","2","550","390","390","2028-11-29"
"1","1856","","24","220","200","190","2028-11-29"
"1","1857","","1","850","800","800","2028-11-29"
"1","1858","","3","200","145","145","2028-11-29"
"1","1859","","18","250","160","155","2028-11-29"
"1","186","","24","120","80","93.3300018310547","2028-05-31"
"1","1860","","12","250","175","175","2028-11-29"
"1","1861","0","1","600","470","470","2028-11-29"
"1","1862","","6","800","692","692","2028-11-29"
"1","1863","0","60","100","67","77","2028-12-01"
"1","1864","","12","500","320","320","2028-12-01"
"1","1865","0","5","500","350","350","2028-12-01"
"1","1867","","2","500","350","350","2028-12-01"
"1","1868","","2","500","350","350","2028-12-01"
"1","1869","","3","200","166","166","2028-12-02"
"1","187","","75","30","12.8000001907349","13","2028-08-10"
"1","1870","","8","730","620","300","2028-12-03"
"1","1871","","22","200","173","173","2028-12-03"
"1","1872","","5","1500","1000","1000","2028-12-03"
"1","1873","","1","480","408","408","2028-12-04"
"1","1874","","20","50","37.7000007629395","37.7000007629395","2028-12-04"
"1","1875","","36","200","140","145","2028-12-05"
"1","1876","0","4","450","250","250","2028-12-06"
"1","1877","","2","400","289","289","2028-12-06"
"1","1878","0","10","70","56.5","56.5","2028-12-06"
"2","1879","","27","70","56","0","2029-05-21"
"1","1879","0","23","70","56","56","2028-12-07"
"1","188","","30","60","42.5999984741211","0","2029-02-09"
"1","1880","","100","40","26","26","2028-12-07"
"1","1881","","5","740","637","637","2028-12-07"
"2","1882","","6","633","495","0","2029-01-01"
"1","1882","0","3","633","500","500","2028-12-07"
"2","1883","","9","300","255","0","2029-01-11"
"1","1883","0","2","300","255","255","2028-12-07"
"1","1884","","22","230","141","166","2028-12-07"
"1","1885","","6","335","199.75","242","2028-12-07"
"1","1886","","2","250","184","184","2028-12-07"
"1","1887","","2","280","204","204","2028-12-07"
"1","1889","","2","210","153","153","2028-12-07"
"1","1890","0","50","50","18","18","2028-12-07"
"1","18900","","4","183","158","158","2028-12-13"
"1","18901","","6","110","95","95","2028-12-16"
"1","18902","","12","222","104","56","2028-12-13"
"1","18903","","12","365","310.25","310.25","2028-12-13"
"2","18904","","6","270","232","0","2029-02-09"
"1","18904","0","2","267","226.949996948242","226.949996948242","2028-12-13"
"1","18905","","6","400","323","339.149993896484","2028-12-13"
"1","18906","0","3","500","300","300","2028-12-13"
"1","18907","","6","80","40","40","2028-12-13"
"1","18908","","12","150","100","100","2028-12-13"
"1","18909","","8","230","190","185","2028-12-13"
"1","1891","","1","750","702","702","2028-12-07"
"1","18910","","2","200","155","155","2028-12-13"
"1","18911","","5","450","300","300","2028-12-13"
"1","18912","","6","300","245","245","2028-12-13"
"1","18913","","3","70","50","50","2028-12-13"
"1","18914","","1","450","250","250","2028-12-13"
"1","18915","","2","300","150","150","2028-12-13"
"1","18916","0","1","650","460","460","2028-12-13"
"1","18917","0","1","450","280","280","2028-12-13"
"1","18918","","24","60","45","45","2028-12-13"
"2","18919","","1","900","800","0","2029-08-13"
"1","18919","0","6","800","700","700","2028-12-13"
"1","1892","0","4","140","119","119","2028-12-07"
"1","1893","","3","240","210","210","2028-12-07"
"1","1894","0","21","100","75","75","2028-12-09"
"1","1895","0","4","175","133.75","133.75","2028-12-09"
"1","1896","","2","550","473.5","473.5","2028-12-11"
"1","1897","","1","350","310.329986572266","310.329986572266","2028-12-11"
"1","1898","","4","175","81","81","2028-12-13"
"1","1899","","4","280","133","133","2028-12-13"
"1","19","","6","495","420","403","2028-12-07"
"2","1900","","1","465","391","0","2029-04-04"
"1","1900","0","1","465","391","391","2028-12-15"
"1","1901","","3","390","337","337","2028-12-15"
"2","1902","","4","351.25","295.5","0","2029-02-06"
"1","1902","0","4","351.25","295.5","295.5","2028-12-15"
"1","1903","","4","210","177.350006103516","177.350006103516","2028-12-15"
"1","1904","","1","1357","1242","1242","2028-12-16"
"1","1905","0","4","178","142.75","142.75","2028-12-18"
"1","1906","","7","200","130","130","2028-12-20"
"1","1907","","6","250","180","180","2028-12-21"
"1","1908","","9","650","540","400","2028-12-21"
"1","1909","","30","150","125","112","2028-12-21"
"1","1910","","2","475","349","349","2028-12-21"
"1","1911","0","1","950","800","800","2028-12-23"
"1","1912","","5","500","380","380","2028-12-23"
"1","1913","0","2","2500","1850","1850","2028-12-23"
"1","1914","","1","4000","3600","3600","2028-12-25"
"1","1915","0","1","1500","1250","1250","2028-12-25"
"2","1916","","3","200","155","0","2029-08-08"
"1","1916","0","4","200","155","150","2028-12-25"
"1","1917","0","23","70","40","40","2028-12-25"
"1","1918","","1","1327","1215","0","2028-12-27"
"1","1919","","6","85","72","0","2028-12-27"
"1","192","","1331","30","12.3000001907349","11","2028-06-02"
"1","1920","","2","550","467","0","2028-12-27"
"1","1921","0","2","490","423.5","0","2028-12-27"
"1","1922","","21","400","320","0","2028-12-27"
"1","1923","","79","800","757","0","2028-12-27"
"1","1924","","2","230","225","0","2028-12-27"
"1","1925","","140","50","22","0","2028-12-28"
"1","1926","","12","50","20","0","2028-12-28"
"1","1927","","23","518","232","0","2028-12-28"
"1","1929","","56","701","315","0","2028-12-28"
"1","1930","0","6","195","139.75","0","2029-01-01"
"1","1931","","21","120","97.5999984741211","0","2029-01-01"
"1","1932","","26","180","130","0","2029-01-01"
"1","1933","","6","1500","1400","0","2029-01-01"
"1","1934","","65","100","79.6999969482422","0","2029-01-03"
"1","1935","","5","100","85","0","2029-01-03"
"1","1936","0","10","30","20.5799999237061","0","2029-01-03"
"1","1937","","300","5","3.04999995231628","0","2029-01-05"
"1","1938","0","1","223","68","0","2029-01-06"
"2","1939","","10","185","157","0","2029-02-06"
"1","1939","0","7","185","157","0","2029-01-06"
"1","194","","107","40","36","33","2028-06-05"
"1","1940","","4","1070","884","0","2029-01-06"
"1","1941","0","5","185","162.800003051758","0","2029-01-07"
"1","1942","","1","4300","3600","0","2029-01-07"
"1","1943","","50","50","34.5","0","2029-01-07"
"1","1944","","1","185","141","0","2029-01-08"
"1","1945","","6","320","204","0","2029-01-08"
"1","1946","","1","300","255","0","2029-01-08"
"1","1947","","1","446","379","0","2029-01-08"
"1","1949","","6","140","55","0","2029-01-08"
"1","195","","157","50","38","42","2028-06-02"
"1","1950","","6","1270","1099","0","2029-01-08"
"1","1951","","8","425","357","0","2029-01-08"
"1","1952","","12","400","346","0","2029-01-08"
"1","1953","","10","60","51","0","2029-01-08"
"1","1954","","1","4941","4115","0","2029-01-08"
"1","1955","","4","386","250.899993896484","0","2029-01-09"
"1","1956","","2","1100","878","0","2029-01-11"
"1","1957","0","1","1800","1513.40002441406","0","2029-01-11"
"1","1958","0","3","820","712","0","2029-01-11"
"2","1959","","29","350","293.25","0","2029-04-28"
"1","1959","0","6","350","288","0","2029-01-11"
"1","196","","476","60","47","44","2028-06-02"
"1","1960","","40","15","10.75","0","2029-01-11"
"1","1961","","4","650","550","0","2029-01-11"
"1","1962","","16","900","820","0","2029-01-11"
"1","1963","","16","150","100","0","2029-01-11"
"1","1964","","21","200","170","0","2029-01-11"
"1","1965","","6","130","91.6699981689453","0","2029-01-12"
"1","1966","","4","250","200","0","2029-01-12"
"1","1967","","1","550","460","0","2029-01-12"
"1","1968","","1","495","400","0","2029-01-12"
"1","1969","","1","1799","950","0","2029-01-12"
"1","1970","0","25","50","30","0","2029-01-15"
"1","1971","","4","200","150","0","2029-01-15"
"1","1972","","4","200","160","0","2029-01-15"
"1","1973","","1","850","710","0","2029-01-15"
"1","1974","","20","25","20","0","2029-01-15"
"1","1975","","4","220","179.25","0","2029-01-17"
"1","1976","","12","50","43","0","2029-01-17"
"1","1977","","24","112","96.75","0","2029-01-17"
"1","1978","0","20","150","95","0","2029-01-17"
"1","1979","0","20","200","102.5","0","2029-01-17"
"1","198","","961","25","20.5","15","2028-05-30"
"1","1980","","12","500","350","0","2029-01-17"
"1","1981","0","3","400","235","0","2029-01-17"
"1","1982","","1","380","300","0","2029-01-17"
"1","1983","0","4","200","180","0","2029-01-17"
"1","1984","0","20","100","48","0","2029-01-17"
"1","1985","0","2","250","150","0","2029-01-17"
"1","1986","","7","400","315","0","2029-01-17"
"1","1987","","3","310","245","0","2029-01-17"
"1","1989","","1","330","280","0","2029-01-22"
"1","199","","1536","25","18","14","2028-05-30"
"1","1990","","1","448","369","0","2029-01-22"
"1","1991","","2","266","230","0","2029-01-22"
"2","1992","","1","650","519","0","2029-08-17"
"1","1992","0","4","500","408","0","2029-01-22"
"1","1993","0","3","150","62","0","2029-01-25"
"1","1994","","1","525","454.130004882813","0","2029-01-25"
"1","1995","","1","470","406","0","2029-01-25"
"1","1996","0","2","165","143","0","2029-01-25"
"1","1997","","3","390","321.329986572266","0","2029-01-25"
"1","1998","","2","140","118.5","0","2029-01-25"
"2","1999","","3","2050","1845.0400390625","0","2029-02-06"
"1","1999","0","1","2050","1845.0400390625","0","2029-01-25"
"1","2","","48","430","356","352","2028-06-22"
"1","20","","17","260","221","228.800003051758","2028-05-31"
"1","200","","336","750","691.099975585938","716","2028-05-29"
"1","2000","","48","100","78","0","2029-01-25"
"1","2001","","7","2000","1830","0","2029-01-25"
"1","2002","","8","1750","1650","0","2029-01-25"
"1","2003","0","3","900","800","0","2029-01-25"
"2","2004","","9","300","200","0","2029-08-17"
"1","2004","0","6","300","200","0","2029-01-25"
"1","2005","","11","100","50","0","2029-01-25"
"1","2006","","3","500","300","0","2029-01-25"
"1","2007","","4","1200","350","0","2029-01-25"
"1","2008","0","2","350","220","0","2029-01-25"
"1","2009","0","3","340","130","0","2029-01-25"
"1","2010","","2","500","300","0","2029-01-25"
"1","2011","","1","932","780","0","2029-01-25"
"1","2012","","12","230","188","0","2029-01-26"
"1","2013","","61","200","176","0","2029-01-26"
"1","2014","","22","170","128","0","2029-01-26"
"1","2015","","24","80","60","0","2029-01-27"
"2","2016","","2","120","94","0","2029-07-18"
"1","2016","0","12","120","94","0","2029-01-26"
"1","2017","","1","4950","3786.75","0","2029-01-27"
"2","2018","","16","260","230","0","2029-04-25"
"1","2018","0","8","240","217","0","2029-01-28"
"1","2019","","100","60","45","0","2029-01-28"
"1","2020","","48","170","150","0","2029-01-28"
"1","2021","","60","80","64.1699981689453","0","2029-01-28"
"1","2022","","8","140","111.5","0","2029-01-28"
"1","2023","","8","260","207.5","0","2029-01-28"
"1","2024","","60","30","19.7999992370605","0","2029-01-28"
"2","2025","","7","352","270","0","2029-03-31"
"1","2025","0","2","335","284","0","2029-01-28"
"1","2026","0","2","345","180","0","2029-01-29"
"1","2027","","1","371","315","0","2029-01-29"
"1","2028","","1","510","433","0","2029-01-29"
"1","2029","","200","10","4.5","0","2029-01-29"
"1","203","","2","340","299","299","2028-06-01"
"1","2030","","20","380","324.369995117188","0","2029-01-29"
"1","2031","","3","113","101.660003662109","0","2029-02-01"
"1","2032","","3","150","121","0","2029-02-02"
"1","2037","","9","450","400","0","2029-02-06"
"1","2038","","2","495","432","0","2029-05-14"
"1","2039","","6","515","334.75","0","2029-02-06"
"1","204","","24","170","113","134","2028-06-01"
"1","2040","","1","353","302","0","2029-02-06"
"1","2041","","6","133","113","0","2029-02-06"
"1","2042","0","9","105","68","0","2029-02-07"
"1","2043","","8","258","182","0","2029-02-07"
"1","2044","0","40","40","27","0","2029-02-09"
"1","2045","0","4","215","203","0","2029-02-12"
"1","205","","30","272","235","235","2028-06-02"
"1","2050","","12","130","91","0","2029-02-12"
"1","2051","","6","150","116","0","2029-02-12"
"1","2052","","8","200","172","0","2029-02-12"
"1","2053","","6","450","310","0","2029-02-16"
"1","2054","","10","160","136.630004882813","0","2029-02-17"
"1","2055","","8","140","123","0","2029-02-17"
"1","2056","","10","2800","2142","0","2029-02-17"
"1","2057","0","1","200","170","0","2029-02-17"
"1","2058","0","20","138","109","0","2029-02-17"
"1","2059","","1","232","200","0","2029-02-19"
"1","206","","9","50","34","34","2028-08-16"
"1","2060","0","2","250","232","0","2029-05-07"
"1","2061","","2","120","98","0","2029-02-22"
"1","2062","","2","200","164.5","0","2029-02-22"
"1","2063","","2","1000","820","0","2029-02-22"
"1","2064","","1","1200","1090","0","2029-02-22"
"1","2065","","1","600","270","0","2029-02-22"
"1","2066","","4","750","590","0","2029-02-22"
"1","2067","","2","300","230","0","2029-02-22"
"1","2068","0","4","1000","680","0","2029-02-22"
"1","2069","","12","100","48","0","2029-02-22"
"1","207","","12","120","103","89","2028-08-24"
"1","2070","","29","70","33","0","2029-05-25"
"1","2071","","4","150","50","0","2029-02-24"
"1","2072","0","4","280","70","0","2029-02-24"
"1","2073","","6","43","37","0","2029-02-24"
"1","208","","4","193","167","167","2028-09-29"
"1","209","","1","220","193","193","2028-06-01"
"1","21","","62","450","387","352","2028-05-31"
"1","210","","13","154","130","133","2028-06-01"
"1","211","","6","162","142.559997558594","142.559997558594","2028-06-01"
"1","213","","45","250","212.75","198","2028-06-01"
"1","214","","10","203","175","163.25","2028-06-01"
"1","215","","8","660","429","567","2028-07-21"
"1","216","","1","240","204","0","2029-01-29"
"1","218","","2","680","596","539","2028-06-01"
"1","219","","18","256","224","211","2028-06-01"
"1","22","","30","110","95","86","2028-05-29"
"1","221","","4","63","55.25","55.25","2028-06-01"
"1","222","","56","338","296","292","2028-06-16"
"1","223","","2","110","96","96","2028-06-01"
"1","224","","119","196","163","148","2028-06-01"
"1","225","","6","115","101","101","2028-06-01"
"1","226","","3","40","35","35","2028-06-01"
"1","228","","2","340","299.200012207031","299.200012207031","2028-06-01"
"1","229","","21","153","132.330001831055","113.330001831055","2028-12-03"
"1","230","","44","80","71","68","2028-06-01"
"1","231","","26","150","130","119","2028-06-01"
"1","232","","39","60","50.5999984741211","20","2028-06-01"
"1","233","","12","335","294.799987792969","294.799987792969","2028-06-01"
"1","234","","3","365","321.200012207031","321.200012207031","2028-06-01"
"1","235","","3","165","143","143","2028-12-15"
"1","236","","43","363","314","283.359985351563","2028-06-01"
"1","237","","178","20","17.1700000762939","15","2028-06-01"
"1","238","","7","342","305","278","2028-06-01"
"1","239","","102","220","150","126","2028-06-23"
"1","24","","22","80","60","64","2028-06-16"
"1","240","","207","100","69","46","2028-06-05"
"1","241","","143","113","98","98","2028-06-05"
"1","242","","33","150","123","95","2028-05-31"
"1","243","","192","30","27","24","2028-06-01"
"1","244","","164","354","306","311.519989013672","2028-05-31"
"1","245","","46","180","140","158.399993896484","2028-05-31"
"1","246","","62","170","133","136.850006103516","2028-06-03"
"1","247","","13","420","366","352","2028-06-16"
"1","248","","4","490","416","431.200012207031","2028-06-02"
"1","249","","9","374","243.100006103516","301","2028-06-01"
"1","25","","14","173","149","150.800003051758","2028-05-31"
"1","250","","169","510","424","380","2028-05-29"
"1","251","","2","60","50","50","2028-06-01"
"1","252","","6","72","62","62","2028-06-01"
"1","253","","10","150","130","0","2029-01-11"
"1","254","","127","232","181.419998168945","196.419998168945","2028-05-31"
"1","255","","132","200","112","116","2028-06-03"
"2","255","0","12","200","116","116","2028-06-03"
"1","256","","6","280","238","174","2028-08-30"
"1","257","","8","280","238","179","2028-06-11"
"1","258","","60","115","85","85","2028-06-01"
"1","259","","26","80","68.8000030517578","70.4000015258789","2028-06-01"
"1","26","","27","285.829986572266","230","242.839996337891","2028-05-31"
"1","260","","25","564","485","424","2028-05-31"
"1","261","","45","284","245","245","2028-06-01"
"1","262","","95","216","187","162","2028-06-01"
"1","263","","34","165","136","114","2028-06-01"
"1","264","","274","182","153","145","2028-05-29"
"1","265","","233","383","248.949996948242","207.199996948242","2028-06-01"
"1","266","","141","216","108","142","2028-06-01"
"1","267","","27","130","115","105","2028-06-01"
"1","268","","65","250","213","206","2028-06-02"
"1","269","","66","136","120","104","2028-05-29"
"1","27","","17","268","107","217","2028-05-31"
"1","270","","5","1210","790","800","2028-06-24"
"1","273","","28","330","285.5","280","2028-06-01"
"1","274","","4","745","372.5","655.599975585938","2028-06-01"
"1","275","","54","280","182","185","2028-06-01"
"1","276","","137","320","208","187","2028-06-01"
"1","278","","131","150","130","105","2028-06-01"
"1","279","","152","60","47","38","2028-06-02"
"1","28","","63","362","308","318.559997558594","2028-05-31"
"1","282","","8","294","194.039993286133","194.039993286133","2028-11-07"
"1","283","","15","310","201.5","273","2028-06-01"
"1","284","","29","438","219","349","2028-06-01"
"1","285","","95","315","272.5","265","2028-06-29"
"1","286","","6","926","801","601.919982910156","2028-06-01"
"1","287","","14","602","520","468.160003662109","2028-06-01"
"1","29","","5","440","380","382","2028-05-31"
"1","290","","4","325","286","286","2028-06-01"
"1","291","","22","282","237","236","2028-06-01"
"1","292","","120","490","423","304","2028-05-29"
"1","293","","18","700","606","468.160003662109","2028-06-29"
"1","294","","8","350","296","295.799987792969","2028-06-01"
"2","294","345","2","296","296","296","2028-10-07"
"1","295","","40","363","302","206.5","2028-06-01"
"1","296","","424","478","380","418.609985351563","2028-06-24"
"1","297","","38","178","148","124.599998474121","2028-06-01"
"1","298","","12","282","240","248.160003662109","2028-06-01"
"1","299","","25","325","211.25","259.600006103516","2028-06-01"
"1","3","","31","180","148","138","2028-06-06"
"1","30","","2","248","218.240005493164","218.240005493164","2028-05-31"
"1","300","","67","246","220","212.139999389648","2028-06-01"
"1","301","","3","330","281","0","2029-07-26"
"1","303","","9","170","144.660003662109","144.660003662109","2028-12-11"
"1","304","","6","100","88","88","2028-06-01"
"1","305","","17","265","230","220","2028-06-01"
"1","306","","48","245","214","160.160003662109","2028-08-13"
"1","307","","72","279","241","250","2028-05-29"
"1","3074","","10","200","48","0","2029-02-25"
"1","3075","","6","230","149.5","0","2029-02-27"
"2","3076","","6","370","90","0","2029-06-07"
"1","3076","0","3","370","90","0","2029-03-01"
"1","3077","","8","150","55","0","2029-03-01"
"1","3078","","1","700","240","0","2029-03-01"
"1","3079","","12","103","89","0","2029-03-01"
"1","308","","3","160","125","125","2028-07-07"
"1","3080","","1","2500","1900","0","2029-03-01"
"1","3081","","6","500","335","0","2029-03-02"
"1","3082","","1","800","612","0","2029-03-02"
"1","3083","","1","850","650","0","2029-03-02"
"1","3084","","5","140","88","0","2029-03-02"
"1","3085","","5","90","70","0","2029-03-02"
"1","3086","0","6","110","97","0","2029-03-03"
"1","3087","","4","330","289","0","2029-03-04"
"1","3088","","7","165","143","0","2029-03-04"
"1","3089","","1","230","198","0","2029-03-04"
"1","309","","26","87","78.25","76.5599975585938","2028-06-01"
"1","3090","","22","807","698","0","2029-03-04"
"1","3091","","16","1450","1290","0","2029-03-04"
"1","3092","","1","1050","830","0","2029-03-04"
"1","3093","","12","556","483.75","0","2029-03-04"
"1","3094","","4","250","130","0","2029-03-04"
"1","3095","0","10","250","80","0","2029-03-04"
"1","3096","","20","50","43","0","2029-03-04"
"1","3097","0","4","300","195","0","2029-03-04"
"1","3098","","9","350","270","0","2029-03-04"
"1","3099","","24","500","275","0","2029-03-04"
"1","31","","49","360","161","162","2028-05-31"
"1","310","","157","30","23.6299991607666","20","2028-06-11"
"1","311","","2","234","152.100006103516","205.919998168945","2028-06-01"
"1","312","","6","290","169","180","2028-06-01"
"1","313","","10","477","412.609985351563","371","2028-06-02"
"1","314","","37","705","458.25","450","2028-06-07"
"1","316","","66","66","26","24","2028-06-01"
"1","317","","9","230","70","80.9599990844727","2028-06-01"
"1","319","","30","437","306","306","2028-06-01"
"1","32","","8","763","671.700012207031","671.440002441406","2028-05-31"
"1","321","","12","234","177","203","2028-06-01"
"1","322","","38","154","133","122.319999694824","2028-06-01"
"1","323","","4","499","424.149993896484","424.149993896484","2028-06-01"
"1","324","","11","330","285","216","2028-06-01"
"1","325","","121","50","42","44","2028-06-01"
"1","327","","345","200","130","147","2028-06-02"
"1","329","","5","640","550","412.5","2028-06-02"
"1","33","","8","704","560","608","2028-06-21"
"1","331","","14","383","337.329986572266","287.970001220703","2028-06-02"
"1","334","","3","199","70","70","2028-06-02"
"1","336","","76","207","91.75","89","2028-06-03"
"1","337","0","4","133","115.709999084473","115.709999084473","2028-06-02"
"1","338","","21","280","233","213.149993896484","2028-06-03"
"1","339","","7","62","54.560001373291","54.560001373291","2028-06-03"
"1","34","","1","397.690002441406","349.970001220703","349.970001220703","2028-05-31"
"1","340","","78","200","167","110","2028-05-31"
"1","341","","10","50","40","40","2028-06-03"
"1","342","","6","245","211.830001831055","211.830001831055","2028-11-29"
"1","343","","13","180","35","160","2028-06-02"
"1","344","","274","100","48","70","2028-06-02"
"1","345","","32","410","342","262","2028-06-02"
"1","346","","25","191","169","135.149993896484","2028-06-02"
"1","347","","2","105","70","70","2028-06-03"
"1","348","","31","187","112.199996948242","164.559997558594","2028-06-03"
"1","35","","6","943.179992675781","815.849975585938","664","2028-05-31"
"1","351","","23","640","556","536.5","2028-06-03"
"1","352","","10","200","171","154.880004882813","2028-06-03"
"1","353","","4","250","210","52.7999992370605","2028-06-03"
"1","354","","12","80","70","70","2028-06-02"
"1","355","","3","242","210","212.960006713867","2028-06-03"
"1","356","","39","167","144","146.960006713867","2028-06-03"
"1","357","","28","150","117","132","2028-06-03"
"1","358","","16","268","223","142","2028-06-03"
"2","36","","2","195","165","0","2029-04-28"
"1","36","0","2","195","165","0","2029-01-08"
"1","360","","4","154","135.520004272461","135.520004272461","2028-06-03"
"1","362","","502","50","20","15.5","2028-06-03"
"1","363","","20","240","193","176","2028-07-09"
"1","364","","30","241","122","192.800003051758","2028-06-03"
"1","365","","12","120","44","70","2028-06-03"
"1","367","","47","125","59","100","2028-06-03"
"1","368","","14","818","707","167.199996948242","2028-06-03"
"1","369","","14","233","197.770004272461","205.039993286133","2028-06-03"
"1","370","","280","110","93.3000030517578","86","2028-06-02"
"1","371","","74","120","78","81.8399963378906","2028-06-03"
"1","372","","10","138","121.440002441406","121.440002441406","2028-06-03"
"1","374","0","7","185","160","147.839996337891","2028-05-31"
"1","378","","33","156","132.770004272461","124.959999084473","2028-06-03"
"1","379","0","11","320","285","285","2028-06-03"
"2","38","","6","610","527.650024414063","0","2029-01-03"
"1","38","0","1","610","527.650024414063","513","2028-06-05"
"1","380","","2","137","117","117","2028-12-15"
"1","381","","30","500","408","392","2028-06-03"
"1","385","","11","338","292.369995117188","241.119995117188","2028-06-03"
"1","386","","20","520","450","386","2028-06-05"
"1","387","","1","262","230.559997558594","230.559997558594","2028-06-03"
"1","388","","52","380","330","290.399993896484","2028-06-03"
"1","389","","41","30","22","20.2399997711182","2028-06-03"
"1","39","","24","277","233","158.399993896484","2028-07-24"
"1","390","","120","30","26.3999996185303","26.3999996185303","2028-06-03"
"1","391","","34","38.4000015258789","37","33.7900009155273","2028-06-03"
"1","392","","535","140","122.949996948242","106","2028-05-29"
"1","393","","165","200","172","133","2028-06-03"
"1","394","","571","6.8600001335144","5.94000005722046","4.80000019073486","2028-06-03"
"1","396","","128","50","40.1199989318848","30","2028-05-31"
"1","397","","1848","10","7.69000005722046","7.73999977111816","2028-06-28"
"1","398","","100","5","3.77999997138977","3.77999997138977","2028-06-03"
"1","399","","560","10","9","9","2028-06-11"
"1","4","","177","250","212","193.600006103516","2028-06-04"
"1","40","","4","88.7399978637695","78.0899963378906","78.0899963378906","2028-06-28"
"1","400","","930","15","12.9700002670288","12","2028-06-02"
"1","4000","","13","160","150","0","2029-03-04"
"1","4001","0","3","600","250","0","2029-03-04"
"1","4002","0","2","350","220","0","2029-03-04"
"1","4003","","2","250","155","0","2029-03-04"
"1","4004","","6","200","120","0","2029-03-04"
"1","4005","","2","650","450","0","2029-03-04"
"1","4006","","1","1000","650","0","2029-03-04"
"1","4007","0","20","50","33","0","2029-03-08"
"1","4008","","10","500","377","0","2029-03-08"
"1","4009","","2","400","305","0","2029-03-08"
"1","401","","200","13","11.0200004577637","11.0200004577637","2028-11-27"
"1","4010","0","2","550","419","0","2029-03-08"
"1","4011","","12","220","160","0","2029-03-08"
"1","4012","","2","550","450","0","2029-03-08"
"1","4013","","3","800","520","0","2029-03-08"
"1","4014","","14","600","480","0","2029-03-08"
"1","4015","","3","300","240","0","2029-03-08"
"1","4016","","22","350","325","0","2029-03-08"
"1","4017","0","3","800","550","0","2029-03-08"
"1","4018","","2","250","155","0","2029-03-08"
"1","4019","","2","300","260","0","2029-03-08"
"1","4022","","4","325","276","0","2029-03-09"
"1","4023","","3","579","501","0","2029-03-14"
"1","4024","","3","350","270","0","2029-03-14"
"1","4025","","2","1000","770","0","2029-03-14"
"1","4026","","14","350","250","0","2029-03-14"
"1","4027","","3","475","300","0","2029-03-14"
"1","4028","","2","230","165","0","2029-03-14"
"1","4029","","1","814","684","0","2029-03-16"
"1","4030","0","2","560","476","0","2029-03-17"
"1","4031","","4","695","591","0","2029-03-17"
"1","4032","","12","160","142","0","2029-03-17"
"1","4033","","20","50","30","0","2029-03-18"
"1","4034","0","4","220","187","0","2029-03-18"
"1","4035","","2","400","250","0","2029-03-18"
"1","4036","","2","700","345","0","2029-03-18"
"1","4037","","7","800","670","0","2029-03-18"
"1","4038","","7","450","300","0","2029-03-18"
"1","4039","","4","175","107","0","2029-03-24"
"1","404","","103","5","5","5","2028-08-06"
"1","405","","546","20","18.4599990844727","15","2028-07-04"
"1","407","","7762","5","2.70000004768372","2.29999995231628","2028-06-02"
"1","408","","22425","5","3.16000008583069","3","2028-05-29"
"1","409","","10026","5","4","3.79999995231628","2028-06-02"
"1","410","","1877","6.80000019073486","5.21999979019165","4.30000019073486","2028-06-04"
"1","411","","3","11.5","10.1199998855591","10.1199998855591","2028-06-04"
"1","412","","430","5","3.22000002861023","3.22000002861023","2028-06-02"
"1","413","0","14","90","79.1999969482422","79.1999969482422","2028-06-04"
"1","415","","19","55","40.9500007629395","37","2028-06-04"
"2","417","","2085","6","5.5","4.94999980926514","2028-06-19"
"1","417","0","-95","5.69999980926514","4.94999980926514","4.94999980926514","2028-06-04"
"1","420","","363","20","17.5","16.5","2028-06-02"
"1","421","","75","30","25","25","2028-06-04"
"2","422","","1730","10","4","4.92000007629395","2028-11-03"
"1","422","0","413","9.80000019073486","4.5","5","2028-06-04"
"1","424","","2","130","110","110","2028-08-20"
"1","425","","6660","5","4.05000019073486","3.26999998092651","2028-05-29"
"1","427","","2780","7","5.26000022888184","3.80999994277954","2028-06-04"
"1","428","","1540","5","3.40000009536743","3","2028-06-04"
"1","429","","1","510","448.799987792969","448.799987792969","2028-06-16"
"1","43","","64","325","162.5","191.100006103516","2028-09-26"
"1","430","","88","196","98","132","2028-06-02"
"1","431","","41","190","165.199996948242","79.1999969482422","2028-06-03"
"1","432","","52","180","156","102.959999084473","2028-06-03"
"1","433","","7","165","144","145.199996948242","2028-06-03"
"1","435","","169","120","56","58","2028-06-03"
"1","436","","61","170","147","110","2028-06-03"
"1","437","","6","65","38","38","2028-06-16"
"1","438","","156","114","100","63","2028-05-29"
"1","439","","10","48","41","41","2028-08-12"
"1","44","","16","525","464","454","2028-06-05"
"1","440","","4","275","234","242","2028-06-03"
"1","441","","12","376","325","330.880004882813","2028-06-03"
"2","442","","2","280","120","0","2029-08-22"
"1","442","0","2","280","120","150","2028-06-03"
"1","443","","14","140","121.800003051758","121.800003051758","2028-07-06"
"1","444","","42","150","124","117.449996948242","2028-06-03"
"1","446","","119","118","104","132","2028-06-03"
"1","447","","15","160","130","104.400001525879","2028-06-03"
"1","449","","12","280","254","231.440002441406","2028-06-03"
"1","450","","84","306","263","269.279998779297","2028-06-03"
"1","451","","98","100","35","30","2028-06-03"
"1","452","","35","800","770","755","2028-06-19"
"1","453","","77","100","87","85.3600006103516","2028-06-03"
"1","454","","130","1500","1415","1403","2028-05-29"
"1","455","","52","750","695","716","2028-05-29"
"1","456","","37","1500","1382","1369","2028-06-16"
"1","457","","34","750","691","686","2028-05-30"
"1","458","","41","1500","1422","1410","2028-05-30"
"1","459","","7","500","441","441","2028-05-29"
"1","46","","2","400","345.989990234375","345.989990234375","2028-12-03"
"1","460","","108","500","426","440","2028-05-29"
"1","461","","41","500","417","435","2028-06-28"
"1","462","","41","1000","801.5","853","2028-06-19"
"1","463","","24","1000","816.200012207031","836","2028-06-02"
"1","464","","3","1100","1060","1050","2028-05-30"
"1","466","","2","650","610","610","2028-05-30"
"1","467","","1","2200","2000","2000","2028-05-30"
"2","469","","44","130","110","83.2300033569336","2028-08-12"
"1","469","0","1","110","96.8000030517578","96.8000030517578","2028-06-03"
"1","47","","14","397","337.609985351563","305","2028-09-17"
"1","471","","18","200","170","176","2028-06-03"
"1","472","","32","140","45","123.199996948242","2028-06-03"
"1","473","","17","186","159","154.880004882813","2028-06-03"
"1","474","","31","190","159.039993286133","164.429992675781","2028-06-03"
"1","475","","89","189","165","160","2028-06-03"
"1","476","","32","120","80","72","2028-06-02"
"1","477","","19","195","163","169.649993896484","2028-06-03"
"2","478","","36","100","88","86","2028-06-24"
"1","478","0","2","88","77.4400024414063","77.4400024414063","2028-06-03"
"1","479","","52","95","80","77.4400024414063","2028-06-03"
"1","480","","46","199","172","156","2028-06-03"
"1","482","","15","413","348","240.800003051758","2028-09-21"
"1","483","","97","100","35","35","2028-06-22"
"1","484","","26","100","40","40","2028-06-03"
"1","485","","28","211","142.100006103516","134","2028-08-04"
"1","486","","44","200","164","135","2028-06-28"
"1","487","","40","130","102","45","2028-06-04"
"1","488","","2","250","220","220","2028-06-04"
"1","489","","14","150","113","100","2028-06-04"
"1","490","","15","155","94","136.399993896484","2028-06-04"
"1","491","","7","55","48.4000015258789","48.4000015258789","2028-06-04"
"1","493","","14","95","83.5999984741211","83.5999984741211","2028-06-04"
"1","494","","20","140","119","114","2028-06-04"
"1","495","","44","122","91.2699966430664","81.7799987792969","2028-06-02"
"1","496","","91","130","76","90","2028-06-02"
"1","497","","319","175","136.830001831055","128","2028-06-03"
"1","498","","54","200","164.880004882813","138.330001831055","2028-06-03"
"1","499","","63","160","122","124","2028-06-04"
"1","5","","400","30","26.3500003814697","24.5","2028-05-31"
"1","50","","23","550","476","470.799987792969","2028-06-29"
"1","500","","20","97","84.6800003051758","84","2028-06-11"
"1","501","","56","139","110","102.080001831055","2028-06-04"
"1","502","","11","180","110","158.399993896484","2028-06-04"
"1","503","","88","219","167","127","2028-06-02"
"1","504","","37","200","177","138","2028-06-02"
"1","505","","30","138","109","145","2028-06-03"
"1","506","","62","125","104","84","2028-09-20"
"2","507","","14","190","150","150","2028-12-21"
"1","507","0","5","190","150","150","2028-08-24"
"1","508","","27","140","104.669998168945","60","2028-06-04"
"1","509","","21","160","122.25","88","2028-09-20"
"1","51","","24","340","294","246","2028-06-29"
"1","510","","1","275","242","0","2029-05-30"
"1","511","","6","295","235","235","2028-11-17"
"1","512","","5","200","172","176","2028-06-04"
"1","513","","4","200","172","176","2028-06-04"
"1","514","","34","158","138","125.839996337891","2028-06-04"
"1","515","","10","116","101.199996948242","93.2799987792969","2028-06-04"
"1","516","","12","150","121.129997253418","110","2028-05-29"
"1","517","","141","120","102","99","2028-06-05"
"1","518","","64","120","90","101.199996948242","2028-06-04"
"1","519","","130","110","97","93.2799987792969","2028-06-04"
"1","52","","1","1344","1143","1143","2028-08-04"
"1","520","","108","147","128.630004882813","125","2028-06-04"
"1","521","","4","60","53","53","2028-08-03"
"1","522","","10","94","79.8099975585938","79.8099975585938","2028-08-19"
"1","523","","23","135","117.419998168945","86.0599975585938","2028-06-04"
"1","524","","23","83","71","63.3600006103516","2028-06-04"
"1","526","","22","125","95","81.8399963378906","2028-06-05"
"1","527","0","11","500","350","350","2028-06-24"
"1","528","","29","300","259","202.399993896484","2028-06-04"
"1","529","","6","239","125","176","2028-06-04"
"2","53","","1","500","440","0","2029-07-12"
"1","53","0","3","500","440","440","2028-05-31"
"1","530","","37","190","155","126","2028-06-24"
"1","531","","16","296","260.25","199.759994506836","2028-06-04"
"1","532","","12","100","87","87","2028-06-04"
"1","533","","4","200","170","176","2028-06-04"
"1","534","","48","230","196.75","151","2028-06-04"
"1","535","","2","276","242.880004882813","242.880004882813","2028-06-04"
"1","536","","9","407","347","347","2028-08-02"
"1","537","","5","150","127","104.720001220703","2028-06-04"
"1","538","","15","150","130","108","2028-06-04"
"1","539","","10","160","136","129.360000610352","2028-06-04"
"1","540","","8","950","821","646","2028-07-02"
"1","541","","24","300","259","264","2028-06-04"
"1","542","","24","275","156","219.119995117188","2028-06-04"
"1","543","","26","180","155","133.759994506836","2028-06-04"
"1","544","","45","216","187.440002441406","157.520004272461","2028-06-04"
"1","545","","135","240","208","160","2028-05-29"
"1","546","","143","235","206","192","2028-06-04"
"1","547","","22","330","307","250.800003051758","2028-06-04"
"1","548","","2","290","255.199996948242","255.199996948242","2028-06-04"
"1","55","","26","1550","1362","1340","2028-05-31"
"1","550","","18","325","281.119995117188","286","2028-06-04"
"1","551","","12","180","135","135","2028-08-09"
"1","552","","3","85","74.8000030517578","74.8000030517578","2028-06-04"
"1","553","","24","230","150","150","2028-06-04"
"1","555","","13","613","530","482","2028-06-05"
"1","556","","4","192","168.960006713867","168.960006713867","2028-06-05"
"1","557","","3","147","126.419998168945","126.419998168945","2028-06-05"
"1","558","","14","192","183","167","2028-06-22"
"1","559","","12","285","272","247","2028-06-22"
"1","56","","9","995","860.679992675781","860","2028-06-16"
"1","560","","3","195","173","105.599998474121","2028-06-05"
"1","561","","48","140","119","106","2028-06-05"
"1","562","","57","320","279.679992675781","271","2028-06-02"
"1","563","","15","250","201.830001831055","173","2028-10-13"
"1","564","","483","85","41","35","2028-08-01"
"1","565","","7","150","47","0","2029-04-04"
"1","568","","97","40","15","15","2028-06-16"
"1","569","","34","200","110","110","2028-06-27"
"1","570","","297","100","40","43","2028-06-02"
"1","571","","560","50","12","12","2028-06-16"
"1","572","","115","900","781.5","450","2028-06-05"
"2","574","","13","274","233","231","2028-11-10"
"1","574","0","1","274","234","191.800003051758","2028-06-01"
"1","575","","25","199","99.5","147","2028-10-24"
"1","576","","28","130","125","111.800003051758","2028-06-28"
"1","577","","8","282","245.25","245.25","2028-06-28"
"1","579","","5","154","124","100.800003051758","2028-06-06"
"1","58","","18","540","339","426.299987792969","2028-05-31"
"1","581","","7","469","412.760009765625","393.369995117188","2028-08-26"
"1","582","","6","850","732","709.760009765625","2028-08-26"
"1","583","","30","380","300","318","2028-05-29"
"1","584","","21","595","506","469","2028-06-05"
"1","585","","42","205","167.5","180.399993896484","2028-06-05"
"1","586","","4","164","143","137.279998779297","2028-06-05"
"1","587","","4","260","224.669998168945","220","2028-06-05"
"1","588","","7","380","300","303.600006103516","2028-06-22"
"1","589","","2","560","485","485","2028-06-05"
"1","59","","7","237","205.529998779297","180","2028-05-31"
"1","590","","8","465","415","402","2028-06-05"
"1","591","","6","130","112","111.25","2028-05-29"
"1","592","","4","399","299.25","299.25","2028-06-05"
"1","593","","4","349","261.75","261.75","2028-06-05"
"1","594","","29","314","273.179992675781","246","2028-06-05"
"1","595","","16","600","519","307","2028-07-23"
"1","596","","17","285","191","250.800003051758","2028-06-05"
"1","598","","9","325","273","247","2028-05-29"
"1","599","","4","305","263","242.880004882813","2028-06-05"
"1","6","","30","775","387.5","605.77001953125","2028-06-01"
"1","60","","4","372","322","272.799987792969","2028-05-31"
"1","600","","57","313","258","217","2028-06-21"
"1","601","","44","192","167","161.729995727539","2028-06-06"
"1","602","","60","145","21","25","2028-06-06"
"1","603","","62","120","100","93","2028-07-14"
"1","604","","16","104","68","72","2028-06-06"
"1","608","","2","599","300","300","2028-06-06"
"1","609","","5","26.6000003814697","23.4099998474121","23.4099998474121","2028-06-06"
"1","61","","11","572","380","400","2028-05-31"
"1","610","","18","150","127","119","2028-06-06"
"1","611","","30","621","288","265","2028-08-26"
"1","612","","14","95","65","67.7600021362305","2028-06-06"
"1","614","","49","450","135","135","2028-06-24"
"1","615","","46","620","521","470","2028-06-06"
"1","616","","20","460","412","368","2028-08-22"
"1","617","","3","255","224.399993896484","224.399993896484","2028-06-06"
"1","618","","3","611","427.700012207031","427.700012207031","2028-06-06"
"1","62","","12","150","54","0","2029-01-11"
"1","620","","6","745","644.429992675781","350","2028-06-06"
"1","621","","1","525","250","250","2028-06-06"
"1","622","","1","246","216.479995727539","216.479995727539","2028-06-06"
"1","624","","2","363","319.440002441406","319.440002441406","2028-06-06"
"1","625","","2","94","82.7200012207031","82.7200012207031","2028-06-06"
"1","626","","3","206","175","154","2028-06-06"
"1","627","","33","243","208","157","2028-06-06"
"1","629","","41","730","630","519.869995117188","2028-06-06"
"1","63","","7","111","96.9700012207031","96.9700012207031","2028-05-31"
"1","630","","20","645","500","393","2028-06-06"
"1","631","","79","356","313","280","2028-06-05"
"1","632","","11","93","80","71.2799987792969","2028-06-03"
"1","633","","6","545","498","0","2029-03-04"
"1","634","","46","344","269","293.040008544922","2028-06-05"
"1","635","","61","316","158","273","2028-05-29"
"1","636","","3086","20","16.1599998474121","15.1599998474121","2028-05-29"
"1","637","","41","448","140","150","2028-06-03"
"1","638","","1429","15","12.8999996185303","11","2028-06-03"
"1","639","","6","600","494","469","2028-06-01"
"1","64","","2","219.5","193.160003662109","193.160003662109","2028-05-31"
"1","640","","12","236","42","42","2028-06-02"
"1","641","","55","137","115","110.879997253418","2028-06-11"
"1","642","","158","60","47.5","43","2028-05-29"
"1","643","","73","220","187","170","2028-06-05"
"1","644","","104","234","203","186.559997558594","2028-06-11"
"1","645","","80","175","151","149","2028-06-11"
"1","646","","178","150","110","193.600006103516","2028-06-03"
"1","647","","22","130","113","110","2028-06-11"
"1","648","","38","120","108","105.599998474121","2028-06-11"
"1","649","","517","40","34","33","2028-05-29"
"1","650","","55","199","164","155","2028-06-11"
"1","651","","129","180","153","132","2028-06-04"
"1","652","","33","240","180","211.199996948242","2028-06-03"
"1","653","","580","130","106","114.400001525879","2028-06-04"
"2","654","","60","155","115","91","2028-06-24"
"1","654","0","1","109","95","95","2028-06-04"
"1","655","","5","81","58","58","2028-06-11"
"1","656","","128","175","151","119","2028-06-03"
"1","657","","410","155","125.669998168945","108","2028-06-02"
"1","658","","17","300","259","259","2028-08-28"
"1","659","","7","463","360","0","2029-05-24"
"1","66","","8","225","182","198","2028-06-02"
"1","660","","8","632","403","440","2028-06-06"
"1","661","","43","580","421","300","2028-06-06"
"1","663","","1","475","332.5","332.5","2028-06-06"
"1","665","","1","250","212.5","212.5","2028-06-06"
"1","666","0","6","447","218","358.700012207031","2028-06-06"
"1","667","","37","495","252","256","2028-07-08"
"1","668","","2","279","237.149993896484","237.149993896484","2028-06-06"
"1","669","","8","225","170","178","2028-08-04"
"1","67","","15","223","193","164","2028-06-11"
"1","670","","29","325","278","272.799987792969","2028-06-06"
"1","671","","3","310","269","269","2028-11-17"
"1","672","","10","160","136","0","2028-12-27"
"1","673","","5","147","124","124","2028-06-02"
"1","674","","18","360","180","170","2028-08-07"
"1","678","","16","215","175","149.600006103516","2028-06-11"
"1","679","","1","520","457.600006103516","457.600006103516","2028-06-11"
"1","68","","15","500","433","202","2028-05-31"
"1","680","","1","87","76.5599975585938","76.5599975585938","2028-06-11"
"1","681","","4","300","237","217.360000610352","2028-06-11"
"1","682","","44","45","36","28","2028-06-11"
"1","683","","63","118","100","59.8400001525879","2028-06-02"
"2","684","","13","67","55","64","2028-09-10"
"1","684","0","10","73","64","64","2028-06-02"
"1","686","","2","189","177","166.320007324219","2028-09-03"
"1","688","","3","299","212","225","2028-11-20"
"1","689","","55","169","153","146","2028-06-30"
"1","69","","13","327","285","278","2028-07-09"
"1","690","","14","332","273","261.440002441406","2028-10-02"
"1","691","","21","202","181","166.320007324219","2028-07-23"
"1","692","","17","105","83","90","2028-10-02"
"1","693","","4","288","249","249","2028-11-05"
"1","694","","4","825","701","649.22998046875","2028-08-26"
"1","695","0","6","80","69","50.1599998474121","2028-10-25"
"1","696","","8","136","119.680000305176","119.680000305176","2028-06-04"
"1","698","","27","160","80","73","2028-07-23"
"1","699","","2","120","63","63","2028-05-29"
"1","7","","128","165","134","129","2028-05-29"
"1","70","","13","200","150","150","2028-05-31"
"2","701","","16","85","67","65","2028-08-16"
"1","701","0","6","77","65","65","2028-07-07"
"1","703","","4","192","166.559997558594","166.559997558594","2028-11-02"
"1","704","","78","200","170","161","2028-05-29"
"1","705","","23","322","284","282","2028-06-28"
"1","706","","104","150","129","109","2028-06-11"
"1","709","","12","120","88","88","2028-10-14"
"1","71","","49","532","463","342","2028-05-31"
"2","710","","16","150","130","126","2028-09-24"
"1","710","0","5","150","132","132","2028-06-03"
"1","711","","26","130","95","113","2028-07-06"
"1","712","","48","135","114","107","2028-06-16"
"1","713","","30","110","83","83","2028-08-09"
"1","714","","20","56","47.7400016784668","49","2028-08-10"
"1","715","","54","70","61","57.2000007629395","2028-07-03"
"1","716","","5","340","140","130","2028-08-07"
"1","718","","48","85","72","57","2028-06-04"
"1","719","","40","220","193.600006103516","193.600006103516","2028-06-04"
"1","72","","14","340","221","242","2028-05-31"
"1","723","","4","87","74","74","2028-08-12"
"1","724","","63","200","178","173","2028-06-16"
"2","725","","10","139","110","0","2029-05-24"
"1","725","0","10","139","122.319999694824","122.319999694824","2028-06-23"
"2","726","","37","1206","1043","1015","2028-12-11"
"1","726","0","4","1173","1015","1016","2028-07-23"
"1","727","","12","100","70","70","2028-10-30"
"1","728","","5","550","461","450","2028-06-16"
"1","729","","7","50","30","30","2028-06-16"
"1","73","","26","250","219","211.5","2028-07-23"
"1","730","","2","100","80","80","2028-06-16"
"1","7300","","9","100","28","0","2029-03-27"
"1","7301","","3","150","129","0","2029-03-27"
"1","7302","0","2","460","397","0","2029-03-27"
"1","7303","","8","400","160","0","2029-03-28"
"1","7304","","23","394","342","0","2029-03-29"
"1","7305","","46","100","83","0","2029-03-29"
"1","7306","","24","120","95.8300018310547","0","2029-03-29"
"1","7307","","10","125","53","0","2029-03-30"
"1","7308","","12","245","115","0","2029-03-30"
"1","7309","","1","294","250","0","2029-03-30"
"1","7310","","2","240","186.5","0","2029-06-28"
"1","7311","0","3","200","133.660003662109","0","2029-03-31"
"1","7312","","6","430","380","0","2029-03-31"
"1","7313","","2","310","265","0","2029-04-01"
"1","7314","","1","230","200","0","2029-04-01"
"1","7315","","7","422","357","0","2029-04-04"
"1","732","","2","795","660","660","2028-09-13"
"1","733","","34","170","145","116","2028-06-16"
"2","735","","40","40","20","0","2029-08-17"
"1","735","+","60","40","20","20","2028-08-23"
"1","737","","713","20","9","9","2028-07-14"
"1","738","","646","60","52","39","2028-06-05"
"1","74","","71","272","176.800003051758","185","2028-05-31"
"1","741","","20","50","27.2000007629395","15","2028-06-16"
"1","7416","","1","580","486.390014648438","0","2029-04-04"
"1","7417","","3","150","38","0","2029-04-04"
"1","7418","","1","390","328","0","2029-04-04"
"1","7419","","4","540","469","0","2029-04-04"
"1","742","","73","154","134","105.599998474121","2028-06-16"
"1","7423","","2","500","450","0","2029-04-04"
"1","743","","58","140","111.300003051758","119","2028-08-26"
"1","744","","125","40","12","11","2028-06-22"
"1","745","","39","40","5","5","2028-06-16"
"1","746","","11","132","112","112","2028-06-11"
"1","747","","4","133","113","113","2028-05-29"
"2","748","","20","160","80","0","2029-08-16"
"1","748","0","38","160","82","86","2028-06-23"
"1","749","","350","50","6.09999990463257","6","2028-06-16"
"1","75","","19","511","332.149993896484","409.200012207031","2028-05-31"
"1","750","","9","295","250","250","2028-05-31"
"1","751","","9","136","119","119","2028-06-03"
"1","752","0","12","320","276.660003662109","246","2028-06-05"
"1","7520","0","2","160","100","0","2029-04-04"
"1","7521","","5","250","80","0","2029-04-04"
"1","7522","","3","385","200","0","2029-04-04"
"1","7523","","3","300","160","0","2029-04-04"
"1","7524","","2","525","475","0","2029-04-04"
"1","753","","32","400","343","290","2028-06-22"
"1","754","","21","118","101.5","103.839996337891","2028-06-11"
"1","755","","21","200","175","163","2028-05-31"
"1","756","","29","320","276","270","2028-08-03"
"1","757","","180","30","12.8999996185303","26","2028-06-16"
"1","758","0","2","220","158","158","2028-06-03"
"1","759","","8","539","297.799987792969","290","2028-05-31"
"1","76","","63","200","166","165.300003051758","2028-05-31"
"1","760","","105","43","38","34","2028-05-31"
"1","761","","44","200","170","96.8000030517578","2028-05-31"
"1","762","","97","96","84","83","2028-06-11"
"1","7625","","2","1500","1416","0","2029-04-04"
"1","7626","","4","140","80","0","2029-04-04"
"1","7627","","1","470","406","0","2029-04-08"
"1","7628","","3","450","383","0","2029-04-08"
"1","7629","0","1000","5","2.82999992370605","0","2029-04-08"
"1","763","","32","415","359","297.309997558594","2028-06-06"
"1","7630","","12","100","70","0","2029-04-09"
"1","7631","","2","321","272","0","2029-04-11"
"1","7632","","15","80","75","0","2029-04-11"
"1","7633","","8","1647","300","0","2029-04-11"
"2","7634","","7","150","109.75","0","2029-04-18"
"1","7634","0","2","150","112","0","2029-04-12"
"1","7635","","75","50","28","0","2029-04-12"
"2","7636","","5","155","135","0","2029-05-19"
"1","7636","0","2","155","135","0","2029-04-12"
"1","7637","","6","560","516","0","2029-04-12"
"1","7638","0","8","350","250","0","2029-04-12"
"1","7639","","2","230","215","0","2029-04-12"
"1","764","","186","360","246","270","2028-06-05"
"1","7640","0","1","1000","650","0","2029-04-12"
"1","7641","","6","230","210","0","2029-04-12"
"1","7642","","2","550","300","0","2029-04-12"
"1","7643","","6","699","670","0","2029-04-12"
"1","7644","","1","1850","1450","0","2029-04-12"
"1","7645","","2","400","340","0","2029-04-12"
"1","7646","","6","350","250","0","2029-04-12"
"1","7647","","6","350","220","0","2029-04-12"
"1","7648","","6","450","350","0","2029-04-12"
"1","7649","","2","240","195","0","2029-04-12"
"1","765","0","1","93","79","79","2028-06-01"
"1","7650","","2","300","255","0","2029-04-13"
"1","7651","0","5","155","113.800003051758","0","2029-04-14"
"1","7652","0","5","305","85","0","2029-04-14"
"1","7653","","5","525","110","0","2029-04-14"
"1","7654","","3","266","117","0","2029-04-14"
"1","7655","","3","467","210","0","2029-04-14"
"1","7656","","10","220","174","0","2029-04-22"
"1","7657","","1","785","675","0","2029-04-22"
"1","7658","","39","150","134","0","2029-04-22"
"1","7659","","1","750","709","0","2029-04-22"
"1","766","","117","20","15.5500001907349","10","2028-05-31"
"2","7660","","6","890","746","0","2029-06-18"
"1","7660","0","1","890","733","0","2029-04-22"
"1","7661","","3","157","133","0","2029-04-25"
"1","7662","","3","180","153","0","2029-04-25"
"1","7663","0","1","2550","2300","0","2029-04-27"
"1","7664","0","2","2400","1300","0","2029-04-27"
"1","7665","0","20","350","260","0","2029-04-27"
"1","7666","0","1","1550","1250","0","2029-04-27"
"1","7667","0","1","600","350","0","2029-04-27"
"1","7668","","2","250","123","0","2029-04-28"
"1","7669","","1","286","243","0","2029-04-28"
"1","7670","","10","458","272.5","0","2029-04-28"
"1","7671","","14","50","41.2900009155273","0","2029-04-28"
"1","7672","","57","100","86","0","2029-05-03"
"1","7673","","2","1565","1224","0","2029-05-03"
"1","7674","","10","115","88","0","2029-05-03"
"1","7675","","10","100","59","0","2029-05-03"
"1","7676","","40","126","62","0","2029-05-05"
"1","7677","","10","100","60","0","2029-05-05"
"1","7678","","5","430","364","0","2029-05-07"
"1","7679","0","1","375","324","0","2029-05-07"
"1","7680","","6","300","256","0","2029-05-07"
"1","7681","","3","180","140","0","2029-05-07"
"1","7682","","2","200","170","0","2029-05-07"
"1","7683","","8","245","159.25","0","2029-05-08"
"1","7685","0","4","440","280","0","2029-05-09"
"1","7686","","6","171","147","0","2029-05-11"
"1","7687","","14","500","252","0","2029-05-14"
"1","7688","","3","350","300","0","2029-05-14"
"1","7689","","2","150","118.5","0","2029-05-14"
"1","769","","58","320","165","220","2028-05-30"
"1","7690","","1","2000","1673.19995117188","0","2029-05-14"
"1","7691","0","2","165","136","0","2029-05-14"
"1","7692","","12","257","224","0","2029-05-19"
"1","7693","","4","346","298","0","2029-05-19"
"1","7694","","4","119","103","0","2029-05-21"
"1","7695","","2","225","156","0","2029-05-21"
"1","7696","0","2","280","185","0","2029-05-21"
"1","7697","","40","50","35","0","2029-05-24"
"1","7698","0","10","70","42","0","2029-05-24"
"1","7699","0","50","30","26","0","2029-05-24"
"1","77","","6","1100","955","404","2028-05-31"
"1","770","","66","120","60","75","2028-06-03"
"1","7700","","6","400","350","0","2029-05-25"
"1","7701","","17","350","280","0","2029-05-25"
"1","77010","","2","200","150","0","2029-06-01"
"1","77011","","8","400","250","0","2029-06-01"
"1","77012","0","4","173","75","0","2029-06-04"
"1","7702","","2","350","240","0","2029-05-25"
"1","7703","","6","120","102","0","2029-05-25"
"1","7704","","2","1450","1232","0","2029-05-25"
"1","7705","0","2","300","166","0","2029-05-31"
"1","7706","","3","503","312","0","2029-05-31"
"1","7707","","3","276","171","0","2029-05-31"
"1","7708","","1","589","471.200012207031","0","2029-05-31"
"1","7709","","10","179","89.5","0","2029-05-31"
"1","771","","1","300","200","200","2028-06-06"
"1","7713","0","3","150","117","0","2029-06-07"
"1","7714","","6","150","125","0","2029-06-07"
"1","7715","","1","550","160","0","2029-06-09"
"1","7716","0","6","100","80","0","2029-06-09"
"1","7717","","6","205","133.25","0","2029-06-11"
"1","7718","0","3","400","200","0","2029-06-11"
"1","7719","","4","1276","1009","0","2029-06-11"
"1","772","","11","550","480","320","2028-06-28"
"1","7720","","1","300","258","0","2029-06-15"
"1","7721","","2","750","605","0","2029-06-15"
"1","7722","0","2","400","349","0","2029-06-16"
"1","7723","0","2","50","45","0","2029-06-16"
"1","7724","","4","745","644","0","2029-06-18"
"1","7725","","2","350","273.5","0","2029-06-18"
"1","7726","","3","525","457","0","2029-06-18"
"1","7727","","6","250","150","0","2029-06-20"
"1","7728","0","1","600","522","0","2029-06-21"
"1","7729","","3","400","350","0","2029-06-21"
"1","773","","2","350","300","300","2028-06-06"
"1","7730","","4","150","95","0","2029-06-21"
"1","7731","","6","100","60","0","2029-06-21"
"1","7732","","2","180","164","0","2029-06-24"
"1","7733","","4","500","470","0","2029-06-24"
"1","7734","","12","250","100","0","2029-06-25"
"1","7735","","15","495","260","0","2029-06-27"
"1","7736","","3","110","89","0","2029-06-28"
"1","7737","","2","750","690","0","2029-06-28"
"1","7738","","2","500","470","0","2029-06-28"
"1","7739","","2","314","284","0","2029-06-28"
"1","774","","6","270","234.899993896484","234.899993896484","2028-05-30"
"1","7740","","2","300","274","0","2029-06-28"
"1","7741","","1","2000","1700","0","2029-06-28"
"1","7742","","40","30","15","0","2029-07-05"
"1","7743","","3","800","735","0","2029-07-08"
"1","7744","","3","800","735","0","2029-07-08"
"1","7745","","6","2400","2251","0","2029-07-08"
"1","7746","","4","285","65","0","2029-07-11"
"1","7747","","4","250","90","0","2029-07-11"
"1","7748","0","25","60","36","0","2029-07-12"
"1","7749","","7","645","561","0","2029-07-12"
"1","775","","28","440","405","372","2028-06-16"
"1","7750","","6","180","145","0","2029-07-12"
"1","7751","","4","120","53.25","0","2029-07-12"
"1","7752","","3","380","335","0","2029-07-12"
"1","7753","0","15","100","79","0","2029-07-12"
"1","7754","0","10","90","53","0","2029-07-14"
"1","7755","0","15","94","78.6600036621094","0","2029-07-18"
"1","7756","","6","100","83","0","2029-07-18"
"1","7757","","1","447","387","0","2029-07-18"
"1","7759","","1","670","579","0","2029-07-18"
"1","7760","","2","350","300","0","2029-07-18"
"1","7761","","4","250","217","0","2029-07-19"
"1","7762","","6","250","205.169998168945","0","2029-07-22"
"1","7763","","4","450","387","0","2029-07-26"
"1","7764","","2","120","102","0","2029-07-27"
"1","7765","","12","90","70","0","2029-07-27"
"1","7766","","2","1200","961","0","2029-07-27"
"1","7767","","12","150","115","0","2029-07-27"
"1","7768","","12","100","75","0","2029-07-27"
"1","7769","","12","180","140","0","2029-07-27"
"1","777","","2","460","404.799987792969","404.799987792969","2028-06-06"
"1","7770","0","20","162","149","0","2029-07-28"
"1","7771","","4","90","65","0","2029-07-28"
"1","7772","","4","485","428.5","0","2029-08-04"
"1","7773","0","100","5","3","0","2029-08-06"
"1","7774","","2","325","211.25","0","2029-08-07"
"1","7775","","2","275","238","0","2029-08-09"
"1","7776","","4","450","120","0","2029-08-09"
"1","7777","","29","550","470","0","2029-08-10"
"1","77771","0","3","520","420","0","2029-08-10"
"1","77772","0","2","380","330.600006103516","0","2029-08-10"
"1","77773","","3","495","410","0","2029-08-13"
"1","77774","","2","300","235","0","2029-08-13"
"1","77775","","16","70","44.5","0","2029-08-13"
"1","77776","","1","2500","2332","0","2029-08-13"
"1","77777","","10","550","470","0","2029-08-13"
"1","77778","0","2","350","250","0","2029-08-13"
"1","77779","","6","300","195","0","2029-08-13"
"1","7780","","4","200","150","0","2029-08-13"
"1","7781","","40","50","19","0","2029-08-13"
"1","7782","","2","300","190","0","2029-08-13"
"1","7783","","6","400","320","0","2029-08-13"
"1","7784","","6","1500","1300","0","2029-08-13"
"1","7785","","1","2500","2080","0","2029-08-13"
"1","7786","","3","600","500","0","2029-08-13"
"1","7787","","2","2000","1850","0","2029-08-13"
"1","7788","","10","60","47.7999992370605","0","2029-08-13"
"1","7789","","2","250","176","0","2029-08-13"
"1","779","","17","350","280","264","2028-06-06"
"1","7790","","2","190","155","0","2029-08-13"
"1","7791","","2","150","111","0","2029-08-13"
"1","7792","","6","85","59.8300018310547","0","2029-08-13"
"1","78","0","5","100","84","84","2028-11-08"
"1","780","","7","500","480","460","2028-10-14"
"1","782","","22","800","740","750","2028-05-30"
"1","784","","120","20","11.8000001907349","11.8000001907349","2028-06-22"
"1","786","","3","350","290","290","2028-08-28"
"1","787","","2","400","350","350","2028-05-30"
"1","788","","11","500","460","400","2028-05-30"
"1","789","","1","250","200","200","2028-06-06"
"1","79","","34","130","112.449996948242","63","2028-05-31"
"1","790","","7","245","199","191","2028-08-29"
"1","791","","4","500","290","200","2028-06-06"
"1","792","","3","120","100","100","2028-06-06"
"1","793","","46","250","183","180","2028-05-30"
"2","794","","12","380","360","378","2028-08-05"
"1","794","0","3","500","450","450","2028-06-06"
"1","795","","21","250","190","170","2028-06-06"
"1","796","","4","300","220","220","2028-06-06"
"1","797","","20","300","170","200","2028-06-25"
"1","799","","101","250","220","220","2028-06-10"
"1","8","","22","400","365.5","369.5","2028-06-01"
"1","80","","31","460","302","278.079986572266","2028-05-31"
"1","800","","143","170","80","82","2028-06-10"
"1","8001","","2","480","391.5","0","2029-08-17"
"1","8002","","6","365","336","0","2029-08-17"
"1","8003","","6","250","210","0","2029-08-17"
"1","8004","","6","230","205","0","2029-08-17"
"1","8005","","2","275","226.5","0","2029-08-17"
"1","8006","","2","400","329","0","2029-08-17"
"1","8007","","4","370","115","0","2029-08-17"
"1","8008","","2","193","154.5","0","2029-08-17"
"1","8009","0","6","120","95.1699981689453","0","2029-08-17"
"1","801","","97","250","135","150","2028-06-24"
"1","8010","","4","400","128","0","2029-08-17"
"1","8011","","4","95","81.7300033569336","0","2029-08-17"
"1","8012","","1","895","654","0","2029-08-17"
"1","8013","","1","280","242","0","2029-08-17"
"1","8014","","3","693","599.450012207031","0","2029-08-17"
"1","8015","0","2","1450","650","0","2029-08-17"
"1","8016","0","50","50","18","0","2029-08-17"
"1","8018","","10","50","35","0","2029-08-17"
"1","8019","","1","700","658","0","2029-08-17"
"1","802","","62","200","65","72","2028-08-24"
"1","8021","","2","1350","1100","0","2029-08-17"
"1","8022","","4","270","255","0","2029-08-17"
"1","804","","5","65","61","57.2000007629395","2028-06-11"
"1","8044","","2","330","275","0","2029-08-22"
"1","8045","","2","210","200","0","2029-08-22"
"1","8046","","2","400","319.5","0","2029-08-22"
"1","8047","","2","950","745","0","2029-08-22"
"1","8049","0","2","690","557","0","2029-08-22"
"1","805","","30","59","34","35","2028-06-11"
"1","8050","0","12","150","100","0","2029-08-22"
"1","8051","","3","350","290","0","2029-08-22"
"1","8052","","4","500","470","0","2029-08-22"
"1","8053","","2","650","560","0","2029-08-22"
"1","8054","","6","170","125","0","2029-08-22"
"1","808","","52","48","42","39.5999984741211","2028-06-11"
"1","81","","99","50","41.5","40.4799995422363","2028-05-31"
"2","810","","18","236","211","184","2028-11-01"
"1","810","0","3","215","187","187","2028-06-05"
"1","811","","34","264","224","211.199996948242","2028-06-11"
"1","812","","3","372","316","0","2029-03-01"
"1","813","","19","125","99.5","55","2028-06-11"
"1","814","","59","300","264","251","2028-06-22"
"1","815","","2","165","140","0","2029-04-22"
"1","819","","67","170","149","144.320007324219","2028-06-11"
"1","82","","10","300","209","198","2028-05-31"
"1","820","","9","300","180","250","2028-06-11"
"1","821","","2","180","151","151","2028-11-02"
"1","822","","18","280","210","190","2028-10-10"
"1","824","","8","115","97","84","2028-06-05"
"1","825","","6","590","491","431.200012207031","2028-06-11"
"1","826","","1","85","74.8000030517578","74.8000030517578","2028-06-11"
"1","829","","62","80","67.7600021362305","67.7600021362305","2028-06-03"
"1","830","","18","630","465","460","2028-06-03"
"1","831","","84","60","33","42","2028-07-30"
"1","832","","50","1200","1047.32995605469","839","2028-06-05"
"1","833","","9","101","88.879997253418","88.879997253418","2028-06-11"
"1","834","","19","156","135","153.119995117188","2028-06-11"
"1","838","","10","190","100","167.199996948242","2028-06-11"
"1","839","0","4","372","345","317","2028-10-02"
"1","84","","10","50","43","0","2029-04-22"
"1","840","","12","145","65","127.599998474121","2028-06-11"
"1","844","0","7","180","100","100","2028-12-14"
"1","845","","2","180","85","85","2028-06-03"
"1","846","0","1","140","70","70","2028-05-31"
"1","85","","22","625","312.5","550","2028-05-31"
"1","850","","48","450","354","0","2029-01-22"
"1","851","","661","60","22.5","23","2028-07-27"
"1","854","","3","172","160","0","2029-06-15"
"1","856","","17","340","300","190","2028-06-16"
"1","857","","2","273","242","0","2029-08-13"
"1","858","","2","375","337.700012207031","0","2029-08-13"
"1","859","","189","70","55","40.5999984741211","2028-06-05"
"1","86","","4","745","468.5","0","2029-01-04"
"1","860","","60","150","120","100","2028-06-16"
"1","862","","12","100","45","45","2028-08-29"
"1","863","0","10","150","73","0","2029-06-26"
"1","866","0","8","90","70","70","2028-05-30"
"2","867","","14","120","85","0","2029-08-04"
"1","867","0","10","100","70","70","2028-12-01"
"1","87","","23","950","827","573","2028-05-31"
"1","870","0","5","280","180","0","2029-02-23"
"1","872","","1","285","242","242","2028-07-09"
"1","873","","27","800","710","670","2028-05-30"
"1","875","","2","400","320","320","2028-08-06"
"1","877","","130","50","18","13","2028-12-01"
"1","88","","137","100","85","86","2028-05-31"
"1","881","","19","120","50","150","2028-08-05"
"1","882","","11","90","42","80","2028-08-05"
"1","883","","25","180","180","180","2028-08-05"
"1","89","","58","200","172","165.300003051758","2028-05-31"
"1","890","","26","180","55","170","2028-08-05"
"1","891","","107","20","10","10","2028-06-03"
"1","892","","33","376","325","330.880004882813","2028-06-03"
"1","893","","5","1010","873","819","2028-11-08"
"1","894","","78","240","204","198","2028-05-31"
"1","895","0","2","305","265","265","2028-06-02"
"1","896","","6","120","105.599998474121","105.599998474121","2028-06-16"
"1","897","","18","160","120","139.199996948242","2028-06-04"
"1","899","","15","162","137.699996948242","131","2028-06-02"
"1","9","","64","298","258","255","2028-05-29"
"1","90","","23","333","284","284","2028-05-31"
"1","904","","68","140","110","0","2029-01-28"
"1","905","","40","100","75","0","2029-01-28"
"1","907","","5","510","452","0","2029-03-01"
"1","908","","10","392","330","333","2028-06-01"
"1","909","","8","434","377.579986572266","368","2028-06-05"
"1","91","","31","221","194","194.479995727539","2028-05-31"
"1","910","","4","120","105","105","2028-11-08"
"1","911","","51","100","82.7699966430664","105.599998474121","2028-06-03"
"1","912","","20","436","403","370","2028-05-29"
"1","913","","14","525","459","335","2028-06-03"
"1","914","","12","410","355","298","2028-06-05"
"1","915","","12","115","90","72","2028-08-29"
"1","916","","84","211","183","148.720001220703","2028-06-11"
"1","917","","15","283","202","202","2028-06-01"
"1","918","","19","400","366","323","2028-05-30"
"1","919","","10","345","263","235","2028-06-28"
"1","920","","12","800","715","770","2028-07-01"
"1","921","","7","80","50","41.75","2028-06-16"
"1","922","","24","210","92","94","2028-05-31"
"1","924","","151","50","35","32","2028-05-29"
"1","925","","8","270","230","240","2028-05-29"
"1","926","","15","165","144","145.199996948242","2028-06-03"
"1","930","","2","582","503","503","2028-06-05"
"1","931","","92","395","343","315.920013427734","2028-06-11"
"1","933","","1","444","340","340","2028-06-01"
"1","934","","5","45","38","38","2028-06-01"
"1","935","","24","71","62.7000007629395","62.7000007629395","2028-09-20"
"1","936","","1","850","778","0","2029-04-29"
"1","937","","14","80","66.1800003051758","60","2028-06-04"
"1","939","","12","183","158","158","2028-06-03"
"1","94","","133","50","28","26","2028-06-16"
"1","940","","30","382","248.300003051758","319","2028-08-05"
"1","941","","1","20","17.6000003814697","17.6000003814697","2028-06-01"
"1","942","","6","275","237","237","2028-10-07"
"1","943","","38","240","208.5","207","2028-06-03"
"1","944","","50","300","104","110","2028-05-29"
"1","945","","84","350","308","180","2028-06-01"
"1","946","","33","360","308","280.140014648438","2028-06-02"
"1","947","","20","266","253","231.419998168945","2028-06-02"
"1","949","","10","852.5","736.919982910156","670","2028-11-27"
"1","95","","39","120","102","49.3800010681152","2028-05-31"
"1","950","","260","40","34.25","35","2028-06-02"
"1","951","","37","490","430","399","2028-06-24"
"1","952","","20","390","328","328","2028-06-02"
"1","953","","46","263","221.25","200","2028-06-29"
"1","954","0","8","169","140","146","2028-07-08"
"1","956","","39","130","110","105","2028-08-03"
"1","957","","36","130","104","114","2028-06-01"
"1","958","","1","1409","1211","0","2028-12-27"
"1","959","","25","158","134","130","2028-06-05"
"1","96","","25","130","113","75","2028-05-31"
"1","960","","72","92","40","72.25","2028-06-03"
"1","961","","4","210","179","179","2028-06-03"
"1","962","","39","190","162","159","2028-06-16"
"1","963","","6","292","258.5","249","2028-06-02"
"1","964","","6","173","145","140","2028-06-02"
"1","967","","24","192","173","173","2028-06-03"
"1","968","","6","378","321","292.25","2028-11-22"
"1","969","","3","477","419.760009765625","419.760009765625","2028-06-01"
"1","97","","165","150","127","114","2028-06-11"
"1","970","","21","450","382","173","2028-06-16"
"1","971","","23","415","358","358","2028-06-11"
"1","972","","5","151","128","128","2028-06-06"
"1","973","","48","356","314","281","2028-06-02"
"1","974","","12","244","211","132.330001831055","2028-06-03"
"1","975","","54","150","129","123","2028-07-14"
"1","976","","30","260","222","222","2028-06-05"
"1","977","","29","170","142","149.600006103516","2028-05-31"
"1","978","","17","124","107","106","2028-06-03"
"1","979","","170","30","28","24","2028-06-16"
"1","98","","218","100","44","88","2028-06-11"
"1","980","","38","68","59","58","2028-06-30"
"1","981","","25","433","388","381.040008544922","2028-06-11"
"1","982","","7","120","108","108","2028-06-28"
"1","983","","20","380","328","329","2028-09-10"
"1","984","","16","187","167","164.559997558594","2028-05-29"
"1","985","","6","214","187","185","2028-06-16"
"2","986","","93","143","123.599998474121","114.400001525879","2028-06-24"
"1","986","0","12","130","114.400001525879","114.400001525879","2028-06-03"
"1","987","","16","2900","2679","2580","2028-06-02"
"1","988","","67","3140","2969.69995117188","2900","2028-05-30"
"1","989","","34","80","65.6999969482422","59","2028-06-01"
"1","99","","2","240","206","206","2028-07-14"
"1","990","","14","730","620","616","2028-05-31"
"1","991","","1","356","332","0","2029-07-19"
"1","992","","2","190","153","153","2028-06-01"
"1","993","","47","155","130","135","2028-06-25"
"1","994","","1","146","126","126","2028-06-06"
"1","995","","27","160","125","145","2028-06-06"
"1","997","","28","190","150","155","2028-06-06"
"1","999","","18","200","120","150","2028-06-28"
"1","9993","","10","137","64.0999984741211","0","2029-08-13"
"1","9994","","2","430","210","0","2029-08-13"
"1","9995","","5","90","30","0","2029-08-13"
"1","9996","","1","6815","4200","0","2029-08-13"
"1","9997","","1","7490","4750","0","2029-08-13"
"1","9998","","3","650","400","0","2029-08-13"
"1","9999","0","98","10","4.80000019073486","0","2029-08-13"
"1","UNK00063","","13","144","135","135","2028-06-11"
"1","UNK00070","0","10","100","40","40","2028-06-05"
"1","UNK00074","","90","30","14.5200004577637","18","2028-06-21"
"1","UNK00119","","50","330","267","246.399993896484","2028-06-11"
"1","UNK00131","","20","49","39","39","2028-06-05"
"1","UNK00162","","30","240","208","208","2028-06-11"
"1","UNK00172","","2","192","170","0","2029-05-14"
"1","UNK00313","","7","600","300","300","2028-11-07"
"1","UNK00329","","2","700","400","0","2029-01-25"
"1","UNK00330","","41","350","235","0","2029-01-17"
"1","UNK00379","","30","130","98","104","2028-10-10"
"1","UNK00380","","12","170","130","136","2028-10-10"
"1","UNK00387","","192","15","7","0","2029-07-06"
"1","UNK00398","","8","550","495","495","2028-11-01"
"1","UNK00421","","8","325","270","0","2029-01-17"
"1","UNK0248","","9","400","300","300","2028-06-06"
