"item_id","barcode","name","pack_size","retail_price","tp_price","cost_price","quantity","rack_location","company_name","generic_name","category_name"
"348","UNK00070","0PRIL 20 CAP","1","100","40","40","10","..","UNKNOWN","ACEFYLLINE PIPERAZINE + DIPHENHYDRAMINE","General"
"1923","1872","125","1","1500","1000","1000","0","..","UNKNOWN","ACEFYLLINE PIPERAZINE + DIPHENHYDRAMINE","General"
"1773","UNK00409","177513","1","245","208","208","0","..","UNKNOWN","ACEFYLLINE PIPERAZINE + DIPHENHYDRAMINE","General"
"1025","NEBIX 2.5 MG TAB","1X1","1","0","0","0","0","..","UNKNOWN","ACEFYLLINE PIPERAZINE + DIPHENHYDRAMINE","General"
"618","616","2sum 1 mg inj","1","460","412","405","0","..","UNKNOWN","ACEFYLLINE PIPERAZINE + DIPHENHYDRAMINE","General"
"617","615","2sum 2 mg inj","1","620","521","513.609985351563","0","..","UNKNOWN","ACEFYLLINE PIPERAZINE + DIPHENHYDRAMINE","General"
"619","617","2sum 500 mg inj","1","255","224.399993896484","224.399993896484","0","..","UNKNOWN","ACEFYLLINE PIPERAZINE + DIPHENHYDRAMINE","General"
"1049","1053","4 me face wash","1","300","250","250","0","..","UNKNOWN","ACEFYLLINE PIPERAZINE + DIPHENHYDRAMINE","General"
"865","864","4x","1","100","80","80","0","..","UNKNOWN","ACEFYLLINE PIPERAZINE + DIPHENHYDRAMINE","General"
"1918","1867","4x spry","1","500","350","350","2","..","UNKNOWN","ACEFYLLINE PIPERAZINE + DIPHENHYDRAMINE","General"
"1752","177492","A Mil 1","1","600","558","558","1","..","UNKNOWN","ACEFYLLINE PIPERAZINE + DIPHENHYDRAMINE","General"
"2432","8019","a mil lf","1","700","658","658","1","..","UNKNOWN","ACEFYLLINE PIPERAZINE + DIPHENHYDRAMINE","General"
"1088","1096","abacus 100mg","1","207","179.490005493164","183.550003051758","6","..","UNKNOWN","ACEFYLLINE PIPERAZINE + DIPHENHYDRAMINE","General"
"939","942","abacus 200 tab","1","275","237","237","4","..","UNKNOWN","ACEFYLLINE PIPERAZINE + DIPHENHYDRAMINE","General"
"1114","1123","Abacus syp","1","310","268","268","1","..","UNKNOWN","ACEFYLLINE PIPERAZINE + DIPHENHYDRAMINE","General"
"1518","1686","abocal tab","1","350","289","289","3","..","UNKNOWN","ACEFYLLINE PIPERAZINE + DIPHENHYDRAMINE","General"
"195","195","Abocran","1","50","38","38.4799995422363","35","..","UNKNOWN","ACEFYLLINE PIPERAZINE + DIPHENHYDRAMINE","General"
"1619","17178","acabel 8 mg tab","1","250","210","210","1","..","UNKNOWN","ACEFYLLINE PIPERAZINE + DIPHENHYDRAMINE","General"
"1618","17177","acabel tab 4mg","1","130","112","112","0","..","UNKNOWN","ACEFYLLINE PIPERAZINE + DIPHENHYDRAMINE","General"
"2012","1943","accu chek","1","50","34.5","34.5","50","..","UNKNOWN","ACEFYLLINE PIPERAZINE + DIPHENHYDRAMINE","General"
"1023","1028","accu chek","1","40","39","39","0","..","UNKNOWN","ACEFYLLINE PIPERAZINE + DIPHENHYDRAMINE","General"
"1490","1659","ACEBEX CAP","1","180","144.279998779297","144.279998779297","0","..","UNKNOWN","ACEFYLLINE PIPERAZINE + DIPHENHYDRAMINE","General"
"505","503","Acefyl syp","1","219","167","167","6","..","UNKNOWN","ACEFYLLINE PIPERAZINE + DIPHENHYDRAMINE","General"
"508","506","Acefyl syp","1","125","104","98.1600036621094","3","..","UNKNOWN","ACEFYLLINE PIPERAZINE + DIPHENHYDRAMINE","General"
"151","151","Acenac 100 tab","1","183","151.110000610352","151.110000610352","3","..","UNKNOWN","ACEFYLLINE PIPERAZINE + DIPHENHYDRAMINE","General"
"153","153","Acenac SR tab","1","250","217","166.919998168945","2","..","UNKNOWN","ACEFYLLINE PIPERAZINE + DIPHENHYDRAMINE","General"
"1598","17148","Acne care cream","1","210","110","110","2","..","UNKNOWN","ACEFYLLINE PIPERAZINE + DIPHENHYDRAMINE","General"
"1115","1124","acnes scar care","1","680","626","626","0","..","UNKNOWN","ACEFYLLINE PIPERAZINE + DIPHENHYDRAMINE","General"
"1658","17307","Acnes Scare care cream","1","725","522","522","3","..","UNKNOWN","ACEFYLLINE PIPERAZINE + DIPHENHYDRAMINE","General"
"822","821","acort cream","1","180","151","151","1","","UNKNOWN","ABC","General"
"1422","1518","acsolve 1 gel","1","210","195","195","2","..","UNKNOWN","ACEFYLLINE PIPERAZINE + DIPHENHYDRAMINE","General"
"1868","1804","actidil syrup","1","98","86","86","10","..","UNKNOWN","ACEFYLLINE PIPERAZINE + DIPHENHYDRAMINE","General"
"1550","17100","actif 20 mg cap","1","62","53","53","4","..","UNKNOWN","ACEFYLLINE PIPERAZINE + DIPHENHYDRAMINE","General"
"1551","1710","actif 40 mg cap","1","85","74","74","0","..","UNKNOWN","ACEFYLLINE PIPERAZINE + DIPHENHYDRAMINE","General"
"514","512","Actifed DM syp","1","200","172","175.199996948242","0","..","UNKNOWN","ACEFYLLINE PIPERAZINE + DIPHENHYDRAMINE","General"
"515","513","Actifed P SYP","1","200","172","172","0","..","UNKNOWN","ACEFYLLINE PIPERAZINE + DIPHENHYDRAMINE","General"
"1284","1296","actifed p tab","1","60","45","45","0","..","UNKNOWN","ACEFYLLINE PIPERAZINE + DIPHENHYDRAMINE","General"
"1659","17308","Actim 10 mg tab","1","292","252","252","6","..","UNKNOWN","ACEFYLLINE PIPERAZINE + DIPHENHYDRAMINE","General"
"2134","2073","actim 2.5 mg","1","43","37","37","6","..","UNKNOWN","ACEFYLLINE PIPERAZINE + DIPHENHYDRAMINE","General"
"1647","17206","actim 5 mg tab","1","180","154","154.789993286133","2","..","UNKNOWN","ACEFYLLINE PIPERAZINE + DIPHENHYDRAMINE","General"
"2100","2034","actisure milke","1","1800","850","850","0","..","UNKNOWN","ACEFYLLINE PIPERAZINE + DIPHENHYDRAMINE","General"
"1984","1914","active neb nebulizer","1","4000","3600","3600","0","..","UNKNOWN","ACEFYLLINE PIPERAZINE + DIPHENHYDRAMINE","General"
"2233","7633","acueletz 2.5 mg tab","1","1647","300","300","5","..","UNKNOWN","ACEFYLLINE PIPERAZINE + DIPHENHYDRAMINE","General"
"2004","1935","acylex 200 mg tab","1","100","85","85","5","..","UNKNOWN","ACEFYLLINE PIPERAZINE + DIPHENHYDRAMINE","General"
"1934","1883","ACYLEX 400 MG TAB","1","300","255","255","4","..","UNKNOWN","ACEFYLLINE PIPERAZINE + DIPHENHYDRAMINE","General"
"2058","1991","acylex ointment","1","266","230","230","0","..","UNKNOWN","ACEFYLLINE PIPERAZINE + DIPHENHYDRAMINE","General"
"667","665","Aczon 500 inj","1","250","212.5","212.5","0","..","UNKNOWN","ACEFYLLINE PIPERAZINE + DIPHENHYDRAMINE","General"
"1239","1251","adalin syp","1","95","65","70.5","0","..","UNKNOWN","ACEFYLLINE PIPERAZINE + DIPHENHYDRAMINE","General"
"1445","1549","adfolic tab","1","160","142","142","9","..","UNKNOWN","ACEFYLLINE PIPERAZINE + DIPHENHYDRAMINE","General"
"721","721","Adgesic infusion","1","142","124.959999084473","124.959999084473","0","..","UNKNOWN","ACEFYLLINE PIPERAZINE + DIPHENHYDRAMINE","General"
"1318","1330","adicos syp","1","150","130","131.559997558594","12","..","UNKNOWN","ACEFYLLINE PIPERAZINE + DIPHENHYDRAMINE","General"
"1744","177484","Admira syp","1","260","243","243","0","..","UNKNOWN","ACEFYLLINE PIPERAZINE + DIPHENHYDRAMINE","General"
"2295","7695","admit 50 500","1","225","156","156","2","..","UNKNOWN","ACEFYLLINE PIPERAZINE + DIPHENHYDRAMINE","General"
"42","42","Airflo 10 tab","1","175","122.5","122.5","0","..","UNKNOWN","ACEFYLLINE PIPERAZINE + DIPHENHYDRAMINE","General"
"45","45","AIRFLO 5 TAB","1","112.5","78.75","78.75","0","..","UNKNOWN","ACEFYLLINE PIPERAZINE + DIPHENHYDRAMINE","General"
"2178","4017","al rehab air freshener \","1","800","550","550","3","..","UNKNOWN","ACEFYLLINE PIPERAZINE + DIPHENHYDRAMINE","General"
"1294","1306","al ship cream","1","475","285","288","5","..","UNKNOWN","ACEFYLLINE PIPERAZINE + DIPHENHYDRAMINE","General"
"325","322","Aldomet 250 tab","1","154","133","130.539993286133","13","..","UNKNOWN","ACEFYLLINE PIPERAZINE + DIPHENHYDRAMINE","General"
"2388","7782","ALOE SOOTHING GEL","1","300","190","190","2","..","UNKNOWN","ACEFYLLINE PIPERAZINE + DIPHENHYDRAMINE","General"
"1637","17196","ALOE VERA GEL","1","200","130","130","2","..","UNKNOWN","ACEFYLLINE PIPERAZINE + DIPHENHYDRAMINE","General"
"1575","17125","ALP .25 MG 1X1","1","100","85","85","12","..","UNKNOWN","ACEFYLLINE PIPERAZINE + DIPHENHYDRAMINE","General"
"1574","17124","ALP 0.5 MG TAB","1","140","118","113.199996948242","17","..","UNKNOWN","ACEFYLLINE PIPERAZINE + DIPHENHYDRAMINE","General"
"2199","7300","alpofoz 0.5 mg tab","1","100","28","28","7","..","UNKNOWN","ACEFYLLINE PIPERAZINE + DIPHENHYDRAMINE","General"
"1219","1231","alpofoz 0.5 tab","1","68","34","34","0","..","UNKNOWN","ACEFYLLINE PIPERAZINE + DIPHENHYDRAMINE","General"
"1152","1162","ALWAYS BLU","1","450","400","400","0","..","UNKNOWN","ACEFYLLINE PIPERAZINE + DIPHENHYDRAMINE","General"
"1894","1841","Always Compact","1","120","75","75","1","..","UNKNOWN","ACEFYLLINE PIPERAZINE + DIPHENHYDRAMINE","General"
"1151","1161","ALWAYS PINK","1","250","210","210","0","..","UNKNOWN","ACEFYLLINE PIPERAZINE + DIPHENHYDRAMINE","General"
"2049","1981","amazing gold beauty cream","1","400","235","235","1","..","UNKNOWN","ACEFYLLINE PIPERAZINE + DIPHENHYDRAMINE","General"
"588","586","Amclav 60 syp","1","164","143","141.089996337891","3","..","UNKNOWN","ACEFYLLINE PIPERAZINE + DIPHENHYDRAMINE","General"
"589","587","Amclav DS syp","1","260","224.669998168945","224.669998168945","2","..","UNKNOWN","ACEFYLLINE PIPERAZINE + DIPHENHYDRAMINE","General"
"1145","1155","amdaruin syrup","1","40","34","34","0","..","UNKNOWN","ACEFYLLINE PIPERAZINE + DIPHENHYDRAMINE","General"
"750","749","Amefanac inj","1","50","6.09999990463257","6.09999990463257","60","..","UNKNOWN","ACEFYLLINE PIPERAZINE + DIPHENHYDRAMINE","General"
"1213","1225","american egale","1","300","200","200","0","..","UNKNOWN","ACEFYLLINE PIPERAZINE + DIPHENHYDRAMINE","General"
"683","681","Amgydex","1","300","237","230.449996948242","0","..","UNKNOWN","ACEFYLLINE PIPERAZINE + DIPHENHYDRAMINE","General"
"2325","7725","amgydex oint","1","350","273.5","273.5","2","..","UNKNOWN","ACEFYLLINE PIPERAZINE + DIPHENHYDRAMINE","General"
"1042","1046","amoxi clav625 tab","1","232","197","196.059997558594","3","..","UNKNOWN","ACEFYLLINE PIPERAZINE + DIPHENHYDRAMINE","General"
"2208","7309","amoxi clavc 1mg","1","294","250","250","0","..","UNKNOWN","ACEFYLLINE PIPERAZINE + DIPHENHYDRAMINE","General"
"1533","1701","amoxicillin tab 500mg","1","10","6","6","0","..","UNKNOWN","ACEFYLLINE PIPERAZINE + DIPHENHYDRAMINE","General"
"694","692","Amoxil 125 drops","1","105","83","83","4","..","UNKNOWN","ACEFYLLINE PIPERAZINE + DIPHENHYDRAMINE","General"
"593","591","Amoxil 125 syp","1","130","112","112","4","..","UNKNOWN","ACEFYLLINE PIPERAZINE + DIPHENHYDRAMINE","General"
"401","399","Amoxil 250 tab","1","10","9","9","118","..","UNKNOWN","ACEFYLLINE PIPERAZINE + DIPHENHYDRAMINE","General"
"638","636","amoxil 5000 cap","1","20","16.1599998474121","16.1599998474121","181","..","UNKNOWN","ACEFYLLINE PIPERAZINE + DIPHENHYDRAMINE","General"
"979","984","amoxil forte syp","1","187","167","167","4","..","UNKNOWN","ACEFYLLINE PIPERAZINE + DIPHENHYDRAMINE","General"
"403","401","Ampiclox 250 cap","1","13","11.0200004577637","11.0200004577637","169","..","UNKNOWN","ACEFYLLINE PIPERAZINE + DIPHENHYDRAMINE","General"
"407","405","Ampiclox 500 cap","1","20","18.4599990844727","18.0200004577637","44","..","UNKNOWN","ACEFYLLINE PIPERAZINE + DIPHENHYDRAMINE","General"
"705","703","Ampiclox drops","1","192","166.559997558594","166.559997558594","4","..","UNKNOWN","ACEFYLLINE PIPERAZINE + DIPHENHYDRAMINE","General"
"1171","1182","ampiclox syp","1","161","136.850006103516","162.009994506836","3","..","UNKNOWN","ACEFYLLINE PIPERAZINE + DIPHENHYDRAMINE","General"
"1971","1901","amryl msr 2 500","1","390","337","337","3","..","UNKNOWN","ACEFYLLINE PIPERAZINE + DIPHENHYDRAMINE","General"
"2181","4022","anacin 500 mg tab","1","325","276","276","2","..","UNKNOWN","ACEFYLLINE PIPERAZINE + DIPHENHYDRAMINE","General"
"156","156","Anafortan Pius tab","1","300","260","260","4","..","UNKNOWN","ACEFYLLINE PIPERAZINE + DIPHENHYDRAMINE","General"
"1308","1320","anafortan plus inj","1","160","133","128.330001831055","5","..","UNKNOWN","ACEFYLLINE PIPERAZINE + DIPHENHYDRAMINE","General"
"237","237","Angised 0.5 tab","1","20","17.1700000762939","17.1599998474121","69","..","UNKNOWN","ACEFYLLINE PIPERAZINE + DIPHENHYDRAMINE","General"
"259","259","anpra 0.25 tab","1","80","68.8000030517578","68.8000030517578","12","..","UNKNOWN","ACEFYLLINE PIPERAZINE + DIPHENHYDRAMINE","General"
"1058","1062","anpra 0.5 tab","1","110","76","77.629997253418","19","..","UNKNOWN","ACEFYLLINE PIPERAZINE + DIPHENHYDRAMINE","General"
"147","147","Ansaid tab","1","15","12.1099996566772","12.1099996566772","158","..","UNKNOWN","ACEFYLLINE PIPERAZINE + DIPHENHYDRAMINE","General"
"444","442","Antacid","1","280","120","120","2","..","UNKNOWN","ACEFYLLINE PIPERAZINE + DIPHENHYDRAMINE","General"
"2413","8000","antiacid syrup","1","280","120","120","0","..","UNKNOWN","ACEFYLLINE PIPERAZINE + DIPHENHYDRAMINE","General"
"2282","7682","antial 10mg tab","1","200","170","170","2","..","UNKNOWN","ACEFYLLINE PIPERAZINE + DIPHENHYDRAMINE","General"
"871","870","anzi protax","1","280","180","180","5","..","UNKNOWN","ACEFYLLINE PIPERAZINE + DIPHENHYDRAMINE","General"
"2146","3085","Apoclox inj 250mg","1","90","70","70","0","..","UNKNOWN","ACEFYLLINE PIPERAZINE + DIPHENHYDRAMINE","General"
"2145","3084","apoclox inj 500mg","1","140","88","88","5","..","UNKNOWN","ACEFYLLINE PIPERAZINE + DIPHENHYDRAMINE","General"
"1983","1913","apple hair colour","1","2500","1850","1850","1","..","UNKNOWN","ACEFYLLINE PIPERAZINE + DIPHENHYDRAMINE","General"
"2204","7305","aquafina water","1","100","83","83","0","..","UNKNOWN","ACEFYLLINE PIPERAZINE + DIPHENHYDRAMINE","General"
"2108","2043","aquazole cream 20 mg","1","258","182","182","3","","UNKNOWN","ABC","General"
"1532","1700","araam tab 50mg","1","50","25","25","10","..","UNKNOWN","ACEFYLLINE PIPERAZINE + DIPHENHYDRAMINE","General"
"1492","1661","arche cream","1","150","100","100","22","..","UNKNOWN","ACEFYLLINE PIPERAZINE + DIPHENHYDRAMINE","General"
"1468","1636","arcox 60 tab","1","202","179","179","0","..","UNKNOWN","ACEFYLLINE PIPERAZINE + DIPHENHYDRAMINE","General"
"1469","1637","arcox 90 tab","1","285","237","237","2","..","UNKNOWN","ABC","General"
"1885","1832","Arena Gold acne Glowing Face wash","1","450","290","290","0","..","UNKNOWN","ACEFYLLINE PIPERAZINE + DIPHENHYDRAMINE","General"
"1477","1645","arena gold crem","1","300","240","240.630004882813","6","..","UNKNOWN","ACEFYLLINE PIPERAZINE + DIPHENHYDRAMINE","General"
"1886","1833","Arena Gold Lemon Face Wash","1","450","290","290","2","..","UNKNOWN","ACEFYLLINE PIPERAZINE + DIPHENHYDRAMINE","General"
"1463","1630","Arena gold milky face wash","1","400","350","324.070007324219","5","..","UNKNOWN","ACEFYLLINE PIPERAZINE + DIPHENHYDRAMINE","General"
"640","638","arinac forte tab","1","15","12.8999996185303","12.8999996185303","225","..","UNKNOWN","ACEFYLLINE PIPERAZINE + DIPHENHYDRAMINE","General"
"653","651","arinac syrp","1","180","153","153.880004882813","4","..","UNKNOWN","ACEFYLLINE PIPERAZINE + DIPHENHYDRAMINE","General"
"396","394","Arinac tab","1","6.8600001335144","5.94000005722046","5.94000005722046","67","","UNKNOWN","ABC","General"
"1344","1356","arnil 50 mg tab","1","75","29","29","0","..","UNKNOWN","ACEFYLLINE PIPERAZINE + DIPHENHYDRAMINE","General"
"1345","1357","arnil 75 mg tab","1","100","38","38","13","..","UNKNOWN","ACEFYLLINE PIPERAZINE + DIPHENHYDRAMINE","General"
"1804","177543","Aroosah spray","1","500","350","350","2","..","UNKNOWN","ACEFYLLINE PIPERAZINE + DIPHENHYDRAMINE","General"
"684","682","Arq e gulab eye drops","1","45","36","32.6800003051758","35","..","UNKNOWN","ACEFYLLINE PIPERAZINE + DIPHENHYDRAMINE","General"
"494","491","Arq E Gulab syp","1","55","48.4000015258789","48.4000015258789","4","..","UNKNOWN","ACEFYLLINE PIPERAZINE + DIPHENHYDRAMINE","General"
"495","492","Arq e gulab syp","1","45","39.5999984741211","39.5999984741211","0","..","UNKNOWN","ACEFYLLINE PIPERAZINE + DIPHENHYDRAMINE","General"
"496","493","arq e gulab syp","1","95","83.5999984741211","83.5999984741211","3","..","UNKNOWN","ACEFYLLINE PIPERAZINE + DIPHENHYDRAMINE","General"
"1070","1075","artem 40 240 tab","1","519","481","481","2","..","UNKNOWN","ACEFYLLINE PIPERAZINE + DIPHENHYDRAMINE","General"
"1071","1076","artem ds 80 480 tab","1","649","558","558","0","..","UNKNOWN","ACEFYLLINE PIPERAZINE + DIPHENHYDRAMINE","General"
"1072","1077","artem plus syrup","1","404","352","352","2","..","UNKNOWN","ACEFYLLINE PIPERAZINE + DIPHENHYDRAMINE","General"
"155","155","Arthonil tab","1","40","13","13.539999961853","18","..","UNKNOWN","ACEFYLLINE PIPERAZINE + DIPHENHYDRAMINE","General"
"626","624","Arti surge inj","1","363","319.440002441406","319.440002441406","2","..","UNKNOWN","ACEFYLLINE PIPERAZINE + DIPHENHYDRAMINE","General"
"152","152","Artifen 50  tab","1","85","73.3499984741211","71.8899993896484","16","..","UNKNOWN","ACEFYLLINE PIPERAZINE + DIPHENHYDRAMINE","General"
"243","243","ascard 75 tab","1","30","27","27","35","..","UNKNOWN","ACEFYLLINE PIPERAZINE + DIPHENHYDRAMINE","General"
"219","219","Ascard Plus","1","256","224","222.779998779297","6","..","UNKNOWN","ACEFYLLINE PIPERAZINE + DIPHENHYDRAMINE","General"
"1080","1085","asilix 250 tab","1","247","195","195","0","..","UNKNOWN","ACEFYLLINE PIPERAZINE + DIPHENHYDRAMINE","General"
"1079","1084","asilix 500 tab","1","396","313","313","0","..","UNKNOWN","ACEFYLLINE PIPERAZINE + DIPHENHYDRAMINE","General"
"1720","17464","Asmani Face wash","1","200","160","160","0","..","UNKNOWN","ACEFYLLINE PIPERAZINE + DIPHENHYDRAMINE","General"
"2247","7647","asmani formula cream","1","350","220","220","4","..","UNKNOWN","ACEFYLLINE PIPERAZINE + DIPHENHYDRAMINE","General"
"1982","1912","Asmani hair oil","1","500","380","380","1","..","UNKNOWN","ACEFYLLINE PIPERAZINE + DIPHENHYDRAMINE","General"
"2128","2067","asmani tooth powder","1","300","230","230","0","..","UNKNOWN","ACEFYLLINE PIPERAZINE + DIPHENHYDRAMINE","General"
"743","742","Atem Nebuliser","1","154","134","134","13","..","UNKNOWN","ACEFYLLINE PIPERAZINE + DIPHENHYDRAMINE","General"
"2422","8009","atiza 5mg tab","1","120","95.1699981689453","95.1699981689453","6","..","UNKNOWN","ACEFYLLINE PIPERAZINE + DIPHENHYDRAMINE","General"
"2424","8011","atiza syp","1","95","81.7300033569336","81.7300033569336","4","..","UNKNOWN","ACEFYLLINE PIPERAZINE + DIPHENHYDRAMINE","General"
"1016","1021","ATL 100","1","88","32","32.1699981689453","4","..","UNKNOWN","ACEFYLLINE PIPERAZINE + DIPHENHYDRAMINE","General"
"319","316","ATL 50 TAB","1","66","26","25.8500003814697","11","..","UNKNOWN","ACEFYLLINE PIPERAZINE + DIPHENHYDRAMINE","General"
"585","583","Augmentin 156 syp","1","380","300","317.559997558594","7","..","UNKNOWN","ACEFYLLINE PIPERAZINE + DIPHENHYDRAMINE","General"
"980","985","augmentin 457","1","214","187","187","2","..","UNKNOWN","ACEFYLLINE PIPERAZINE + DIPHENHYDRAMINE","General"
"586","584","Augmentin DS SYP","1","595","506","506","2","..","UNKNOWN","ACEFYLLINE PIPERAZINE + DIPHENHYDRAMINE","General"
"28","28","Augmentine 1000 mg tab","1","362","308","309.290008544922","6","..","UNKNOWN","ACEFYLLINE PIPERAZINE + DIPHENHYDRAMINE","General"
"27","27","AUgmentine 375 tab","1","268","107","125","3","..","UNKNOWN","ACEFYLLINE PIPERAZINE + DIPHENHYDRAMINE","General"
"125","125","Augmentine 625","1","280","242","242","5","..","UNKNOWN","ACEFYLLINE PIPERAZINE + DIPHENHYDRAMINE","General"
"1174","1185","augmentine 625 30","1","260","170","170","0","..","UNKNOWN","ACEFYLLINE PIPERAZINE + DIPHENHYDRAMINE","General"
"136","136","Avil","1","20","14","14","0","..","UNKNOWN","ACEFYLLINE PIPERAZINE + DIPHENHYDRAMINE","General"
"1931","1880","AVIL INJ","1","40","26","26","39","..","UNKNOWN","ACEFYLLINE PIPERAZINE + DIPHENHYDRAMINE","General"
"909","910","avil syp","1","120","105","105","1","..","UNKNOWN","ACEFYLLINE PIPERAZINE + DIPHENHYDRAMINE","General"
"390","UNK00074","Avil tab","1","30","14.5200004577637","14.5200004577637","10","..","UNKNOWN","ACEFYLLINE PIPERAZINE + DIPHENHYDRAMINE","General"
"943","946","avsar 10 160","1","360","308","308","4","..","UNKNOWN","ACEFYLLINE PIPERAZINE + DIPHENHYDRAMINE","General"
"944","947","avsar 5 160","1","266","253","237.100006103516","1","..","UNKNOWN","ACEFYLLINE PIPERAZINE + DIPHENHYDRAMINE","General"
"942","945","avsar 5 80","1","350","308","308","6","..","UNKNOWN","ACEFYLLINE PIPERAZINE + DIPHENHYDRAMINE","General"
"1131","1140","avsar 80x5 30","1","196","137.199996948242","137.199996948242","0","..","UNKNOWN","ACEFYLLINE PIPERAZINE + DIPHENHYDRAMINE","General"
"953","957","avsar plus 160 10 12.5 mg tab","1","130","104","105.349998474121","0","..","UNKNOWN","ACEFYLLINE PIPERAZINE + DIPHENHYDRAMINE","General"
"952","956","avsar plus 160 5 12.5mg","1","130","110","105.550003051758","1","","UNKNOWN","ABC","General"
"1749","177489","Avsar plus 5 160 25 mg tab","1","125","107.970001220703","107.970001220703","7","..","UNKNOWN","ACEFYLLINE PIPERAZINE + DIPHENHYDRAMINE","General"
"209","209","Awalanz 10 tab","1","220","193","193","1","..","UNKNOWN","ACEFYLLINE PIPERAZINE + DIPHENHYDRAMINE","General"
"202","202","Awalanz 5 tab","1","120","105","105","0","..","UNKNOWN","ACEFYLLINE PIPERAZINE + DIPHENHYDRAMINE","General"
"2438","8045","axcin 250 mg tab","1","210","178.5","178.5","1","..","UNKNOWN","ACEFYLLINE PIPERAZINE + DIPHENHYDRAMINE","General"
"2439","8046","axcin 500 mg tab","1","400","319.5","319.5","2","..","UNKNOWN","ACEFYLLINE PIPERAZINE + DIPHENHYDRAMINE","General"
"369","367","Axesom 20 cap","1","125","59","59","4","..","UNKNOWN","ACEFYLLINE PIPERAZINE + DIPHENHYDRAMINE","General"
"336","336","AXesom 40 cap","1","207","91.75","91.75","2","..","UNKNOWN","ACEFYLLINE PIPERAZINE + DIPHENHYDRAMINE","General"
"1948","1898","AXID 20 MG NEW CAP","1","175","81","81","4","..","UNKNOWN","ACEFYLLINE PIPERAZINE + DIPHENHYDRAMINE","General"
"1945","1895","Axid Neo 20mg Tab","1","175","133.75","133.75","2","..","UNKNOWN","ACEFYLLINE PIPERAZINE + DIPHENHYDRAMINE","General"
"1949","1899","AXID NEW 40 MG CAP","1","280","133","133","4","..","UNKNOWN","ACEFYLLINE PIPERAZINE + DIPHENHYDRAMINE","General"
"1864","18045","azatco syrup","1","228","176","176","0","..","UNKNOWN","ACEFYLLINE PIPERAZINE + DIPHENHYDRAMINE","General"
"19","19","Azithma 500mg tab","1","495","420","420","1","","UNKNOWN","ABC","General"
"1056","1060","azitma 250 tab","1","265","225","223.869995117188","-1","..","UNKNOWN","ACEFYLLINE PIPERAZINE + DIPHENHYDRAMINE","General"
"2250","7650","azitma syrup","1","300","255","255","1","..","UNKNOWN","ACEFYLLINE PIPERAZINE + DIPHENHYDRAMINE","General"
"48","48","Azobar 250 tab","1","194.350006103516","171.039993286133","171.039993286133","0","..","UNKNOWN","ACEFYLLINE PIPERAZINE + DIPHENHYDRAMINE","General"
"1343","1355","azolam 0,5 mg","1","80","68","68","3","..","UNKNOWN","ACEFYLLINE PIPERAZINE + DIPHENHYDRAMINE","General"
"47","47","Azomax 250 tab","1","397","337.609985351563","337.609985351563","1","..","UNKNOWN","ACEFYLLINE PIPERAZINE + DIPHENHYDRAMINE","General"
"1990","1920","azomax 25ml","1","550","467","467","0","..","UNKNOWN","ACEFYLLINE PIPERAZINE + DIPHENHYDRAMINE","General"
"131","131","Azomax 500 cap","1","275","228","228","3","..","UNKNOWN","ACEFYLLINE PIPERAZINE + DIPHENHYDRAMINE","General"
"1303","1315","azomax syp","1","410","348.5","348.5","2","..","UNKNOWN","ACEFYLLINE PIPERAZINE + DIPHENHYDRAMINE","General"
"1859","18040","B BRAUN I V","1","300","220","220","4","..","UNKNOWN","ACEFYLLINE PIPERAZINE + DIPHENHYDRAMINE","General"
"126","126","B complex ing","1","14","6.40000009536743","6.40000009536743","40","..","UNKNOWN","ACEFYLLINE PIPERAZINE + DIPHENHYDRAMINE","General"
"995","1000","baby care vips","1","150","130","130","3","..","UNKNOWN","ACEFYLLINE PIPERAZINE + DIPHENHYDRAMINE","General"
"1373","1386","baby soaf","1","200","145","145","4","..","UNKNOWN","ACEFYLLINE PIPERAZINE + DIPHENHYDRAMINE","General"
"1208","1220","baby toot brush","1","100","54","63.5","24","..","UNKNOWN","ACEFYLLINE PIPERAZINE + DIPHENHYDRAMINE","General"
"699","697","Babynol syp","1","70","61.5999984741211","61.5999984741211","0","..","UNKNOWN","ACEFYLLINE PIPERAZINE + DIPHENHYDRAMINE","General"
"1282","1294","babynol syrup","1","81","70.6699981689453","70.6699981689453","0","..","UNKNOWN","ACEFYLLINE PIPERAZINE + DIPHENHYDRAMINE","General"
"1617","17176","Baclin Tab","1","103","87.5999984741211","87.5999984741211","0","..","UNKNOWN","ACEFYLLINE PIPERAZINE + DIPHENHYDRAMINE","General"
"1546","17014","balm","1","102","85","85","9","..","UNKNOWN","ACEFYLLINE PIPERAZINE + DIPHENHYDRAMINE","General"
"894","896","bam humdard","1","120","105.599998474121","105.599998474121","4","..","UNKNOWN","ACEFYLLINE PIPERAZINE + DIPHENHYDRAMINE","General"
"1240","1252","bandage","1","30","13","13","0","..","UNKNOWN","ACEFYLLINE PIPERAZINE + DIPHENHYDRAMINE","General"
"1241","1253","bandeg 2 inch","1","20","10","10","0","..","UNKNOWN","ACEFYLLINE PIPERAZINE + DIPHENHYDRAMINE","General"
"1994","1924","Bannet Z","1","230","225","225","0","..","UNKNOWN","ACEFYLLINE PIPERAZINE + DIPHENHYDRAMINE","General"
"1192","1203","bannet z toothpaste","1","250","223","223","0","..","UNKNOWN","ACEFYLLINE PIPERAZINE + DIPHENHYDRAMINE","General"
"415","414","Basoquin","1","50","30","30","0","..","UNKNOWN","ACEFYLLINE PIPERAZINE + DIPHENHYDRAMINE","General"
"417","UNK00075","Basoquin tab","1","50","30","30","0","..","UNKNOWN","ACEFYLLINE PIPERAZINE + DIPHENHYDRAMINE","General"
"821","820","be beauty","1","300","180","190","2","..","UNKNOWN","ACEFYLLINE PIPERAZINE + DIPHENHYDRAMINE","General"
"1978","1908","be beauty tube","1","650","540","540","0","..","UNKNOWN","ACEFYLLINE PIPERAZINE + DIPHENHYDRAMINE","General"
"1003","1008","be sure always","1","280","223","223","0","..","UNKNOWN","ACEFYLLINE PIPERAZINE + DIPHENHYDRAMINE","General"
"839","838","Beautic cream","1","190","100","100","1","..","UNKNOWN","ACEFYLLINE PIPERAZINE + DIPHENHYDRAMINE","General"
"386","385","BECEFOL TAB","1","338","292.369995117188","289.390014648438","3","..","UNKNOWN","ACEFYLLINE PIPERAZINE + DIPHENHYDRAMINE","General"
"111","111","Beflam 75 tab","1","40","16","16.2700004577637","59","..","UNKNOWN","ACEFYLLINE PIPERAZINE + DIPHENHYDRAMINE","General"
"108","108","Belakt ll  milk","1","800","702","654","3","..","UNKNOWN","ACEFYLLINE PIPERAZINE + DIPHENHYDRAMINE","General"
"2402","9996","BELIEVIA kf 66ep","1","7490","4750","4750","1","..","UNKNOWN","ACEFYLLINE PIPERAZINE + DIPHENHYDRAMINE","General"
"2403","9997","BELIEVIA KF 66EP","1","7490","4750","4750","0","..","UNKNOWN","ACEFYLLINE PIPERAZINE + DIPHENHYDRAMINE","General"
"2404","9998","BELIEVIA THERMAMETER","1","650","400","400","3","..","UNKNOWN","ACEFYLLINE PIPERAZINE + DIPHENHYDRAMINE","General"
"2180","4019","bell dona lotion","1","300","260","260","2","..","UNKNOWN","ACEFYLLINE PIPERAZINE + DIPHENHYDRAMINE","General"
"1850","18030","BELL DONA ORGANIC FACEWASH","1","550","470","475.559997558594","5","..","UNKNOWN","ACEFYLLINE PIPERAZINE + DIPHENHYDRAMINE","General"
"1464","1631","bella dona face wash","1","300","250","256","6","..","UNKNOWN","ACEFYLLINE PIPERAZINE + DIPHENHYDRAMINE","General"
"1851","18031","BELLA DONA ORGANIC CREAM","1","550","470","470","2","..","UNKNOWN","ACEFYLLINE PIPERAZINE + DIPHENHYDRAMINE","General"
"1095","1104","belladerma plaster","1","20","14","14","30","..","UNKNOWN","ACEFYLLINE PIPERAZINE + DIPHENHYDRAMINE","General"
"2329","7729","belladona anti acne cream","1","400","350","350","0","..","UNKNOWN","ACEFYLLINE PIPERAZINE + DIPHENHYDRAMINE","General"
"1911","1859","Belladona Serum","1","250","160","160","6","..","UNKNOWN","ACEFYLLINE PIPERAZINE + DIPHENHYDRAMINE","General"
"2383","77777","BELLADONA SHAMPOO","1","550","470","470","5","..","UNKNOWN","ACEFYLLINE PIPERAZINE + DIPHENHYDRAMINE","General"
"2159","3098","belladona sun block","1","350","270","270","3","..","UNKNOWN","ACEFYLLINE PIPERAZINE + DIPHENHYDRAMINE","General"
"2443","8051","belladona syp","1","350","290","290","2","..","UNKNOWN","ACEFYLLINE PIPERAZINE + DIPHENHYDRAMINE","General"
"2376","7777","belladona zafrani cream","1","550","470","470","5","..","UNKNOWN","ACEFYLLINE PIPERAZINE + DIPHENHYDRAMINE","General"
"1891","1838","BellaDonna Anti Acne Fash wash","1","300","250","250","0","..","UNKNOWN","ACEFYLLINE PIPERAZINE + DIPHENHYDRAMINE","General"
"1542","17010","belladonna cream","1","400","335","335.630004882813","6","..","UNKNOWN","ACEFYLLINE PIPERAZINE + DIPHENHYDRAMINE","General"
"1626","17185","BELLAKT 1 200MG","1","800","770","770","3","..","UNKNOWN","ACEFYLLINE PIPERAZINE + DIPHENHYDRAMINE","General"
"1830","1802","BELLAKT GF 350 G","1","1500","1418.88000488281","1418.88000488281","1","..","UNKNOWN","ACEFYLLINE PIPERAZINE + DIPHENHYDRAMINE","General"
"1831","1803","BELLAKT LL 350 G","1","1500","1312","1312","1","..","UNKNOWN","ACEFYLLINE PIPERAZINE + DIPHENHYDRAMINE","General"
"166","166","Bendazo tab","1","35","29","29.1100006103516","0","..","UNKNOWN","ACEFYLLINE PIPERAZINE + DIPHENHYDRAMINE","General"
"441","439","Bendazol syp","1","48","41","41","0","..","UNKNOWN","ACEFYLLINE PIPERAZINE + DIPHENHYDRAMINE","General"
"2121","2060","bennct z tootpast","1","250","232","232","2","..","UNKNOWN","ACEFYLLINE PIPERAZINE + DIPHENHYDRAMINE","General"
"1398","1410","benolin syp","1","100","88","88","2","..","UNKNOWN","ACEFYLLINE PIPERAZINE + DIPHENHYDRAMINE","General"
"2397","7791","BENZIOBIOTIC INJ","1","150","111","111","2","..","UNKNOWN","ACEFYLLINE PIPERAZINE + DIPHENHYDRAMINE","General"
"874","872","benzirin","1","285","242","242","0","..","UNKNOWN","ACEFYLLINE PIPERAZINE + DIPHENHYDRAMINE","General"
"1461","1628","BENZIRIN C MOUTH WASH","1","383","334","334","1","..","UNKNOWN","ACEFYLLINE PIPERAZINE + DIPHENHYDRAMINE","General"
"1286","1298","benzol spray","1","400","340","340","1","..","UNKNOWN","ACEFYLLINE PIPERAZINE + DIPHENHYDRAMINE","General"
"255","255","Berg pooder","1","200","112","112","13","..","UNKNOWN","ACEFYLLINE PIPERAZINE + DIPHENHYDRAMINE","General"
"1442","1546","berg spray","1","200","124","124.339996337891","10","..","UNKNOWN","ACEFYLLINE PIPERAZINE + DIPHENHYDRAMINE","General"
"1956","18906","BEST BAD SMELL","1","500","300","300","2","..","UNKNOWN","ACEFYLLINE PIPERAZINE + DIPHENHYDRAMINE","General"
"657","655","Beta C Cream","1","81","58","58","0","..","UNKNOWN","ACEFYLLINE PIPERAZINE + DIPHENHYDRAMINE","General"
"805","804","betaderm cream","1","65","61","61","4","..","UNKNOWN","ACEFYLLINE PIPERAZINE + DIPHENHYDRAMINE","General"
"675","673","Betaderm Lotion","1","147","124","124","0","..","UNKNOWN","ACEFYLLINE PIPERAZINE + DIPHENHYDRAMINE","General"
"816","815","betaderm nm cream","1","165","140","140","0","..","UNKNOWN","ACEFYLLINE PIPERAZINE + DIPHENHYDRAMINE","General"
"650","648","betagenic cream","1","120","108","107.959999084473","11","..","UNKNOWN","ACEFYLLINE PIPERAZINE + DIPHENHYDRAMINE","General"
"649","647","betagenic ointment","1","130","113","111.040000915527","11","..","UNKNOWN","ACEFYLLINE PIPERAZINE + DIPHENHYDRAMINE","General"
"1222","1234","betamethasone eye drop","1","37","26","26.2700004577637","0","..","UNKNOWN","ACEFYLLINE PIPERAZINE + DIPHENHYDRAMINE","General"
"1270","1281","betasalic lotion","1","121","108","108","1","..","UNKNOWN","ACEFYLLINE PIPERAZINE + DIPHENHYDRAMINE","General"
"825","824","betasalic ointment","1","115","97","94.4000015258789","4","","UNKNOWN","ABC","General"
"1673","17391","Betawis G cream","1","150","55","55","3","..","UNKNOWN","ACEFYLLINE PIPERAZINE + DIPHENHYDRAMINE","General"
"398","396","Betnelan tab","1","50","40.1199989318848","40.1199989318848","4","..","UNKNOWN","ACEFYLLINE PIPERAZINE + DIPHENHYDRAMINE","General"
"135","135","BetnesOL n eye drop","1","116","101.199996948242","101.199996948242","7","..","UNKNOWN","ACEFYLLINE PIPERAZINE + DIPHENHYDRAMINE","General"
"1748","177488","Betnesol N ointment","1","98","85.2200012207031","85.2200012207031","7","..","UNKNOWN","ACEFYLLINE PIPERAZINE + DIPHENHYDRAMINE","General"
"163","163","Betnesol tab","1","50","40","39.1599998474121","74","..","UNKNOWN","ACEFYLLINE PIPERAZINE + DIPHENHYDRAMINE","General"
"105","105","Betnovate cream","1","180","156","155.960006713867","17","..","UNKNOWN","ACEFYLLINE PIPERAZINE + DIPHENHYDRAMINE","General"
"104","104","Betnovatr ointment","1","180","156","156","13","..","UNKNOWN","ACEFYLLINE PIPERAZINE + DIPHENHYDRAMINE","General"
"1597","17147","Betso G cream","1","117","60","60","0","..","UNKNOWN","ACEFYLLINE PIPERAZINE + DIPHENHYDRAMINE","General"
"1581","17131","bevidox tab","1","600","528","528","0","..","UNKNOWN","ACEFYLLINE PIPERAZINE + DIPHENHYDRAMINE","General"
"1164","1175","bezori humdard","1","540","370","370","12","..","UNKNOWN","ACEFYLLINE PIPERAZINE + DIPHENHYDRAMINE","General"
"1993","1923","BF 1 300 g","1","800","757","757","6","..","UNKNOWN","ACEFYLLINE PIPERAZINE + DIPHENHYDRAMINE","General"
"2345","7745","bf 1 600 g large pack","1","2400","2251","2251","1","..","UNKNOWN","ACEFYLLINE PIPERAZINE + DIPHENHYDRAMINE","General"
"982","987","BF: 1","1","2900","2679","2671.8798828125","0","..","UNKNOWN","ACEFYLLINE PIPERAZINE + DIPHENHYDRAMINE","General"
"2122","2061","bfl drops","1","120","98","98","0","..","UNKNOWN","ACEFYLLINE PIPERAZINE + DIPHENHYDRAMINE","General"
"2123","2062","bfl forte drop","1","200","164.5","164.5","1","..","UNKNOWN","ACEFYLLINE PIPERAZINE + DIPHENHYDRAMINE","General"
"1661","17380","biforge  5 80 mg tab","1","180","155.600006103516","155.600006103516","5","..","UNKNOWN","ACEFYLLINE PIPERAZINE + DIPHENHYDRAMINE","General"
"1789","177528","Biforge 10 160 mg tab","1","190","95","102.459999084473","3","..","UNKNOWN","ACEFYLLINE PIPERAZINE + DIPHENHYDRAMINE","General"
"1788","177527","Biforge 5 160 mg tab","1","190","161","161","6","..","UNKNOWN","ACEFYLLINE PIPERAZINE + DIPHENHYDRAMINE","General"
"2186","4027","BIO AMLA OIL LARGE","1","475","300","300","1","..","UNKNOWN","ACEFYLLINE PIPERAZINE + DIPHENHYDRAMINE","General"
"1541","1709","bio amla shampo","1","700","290","296.880004882813","4","..","UNKNOWN","ACEFYLLINE PIPERAZINE + DIPHENHYDRAMINE","General"
"1547","UNK00329","bio amla shampo","1","700","400","400","1","..","UNKNOWN","ACEFYLLINE PIPERAZINE + DIPHENHYDRAMINE","General"
"2330","7730","bio amla shampo mini","1","150","95","95","4","..","UNKNOWN","ACEFYLLINE PIPERAZINE + DIPHENHYDRAMINE","General"
"2077","2010","Bio Amla shampoo 470 ml","1","500","300","300","0","..","UNKNOWN","ACEFYLLINE PIPERAZINE + DIPHENHYDRAMINE","General"
"1709","17453","Bio Amla Shampoo Medium","1","340","140","140","3","..","UNKNOWN","ACEFYLLINE PIPERAZINE + DIPHENHYDRAMINE","General"
"2126","2065","bio up breast cream","1","600","270","270","1","..","UNKNOWN","ACEFYLLINE PIPERAZINE + DIPHENHYDRAMINE","General"
"792","791","biocos","1","500","290","290","0","..","UNKNOWN","ACEFYLLINE PIPERAZINE + DIPHENHYDRAMINE","General"
"2152","3091","biofad cream","1","1450","1290","1290","3","..","UNKNOWN","ACEFYLLINE PIPERAZINE + DIPHENHYDRAMINE","General"
"1527","1695","bioflora shampoo\","1","600","330","330","18","..","UNKNOWN","ACEFYLLINE PIPERAZINE + DIPHENHYDRAMINE","General"
"1177","1188","bioglobin syp","1","280","212","212","1","..","UNKNOWN","ACEFYLLINE PIPERAZINE + DIPHENHYDRAMINE","General"
"381","380","Bioglobin tab","1","137","117","117","2","..","UNKNOWN","ACEFYLLINE PIPERAZINE + DIPHENHYDRAMINE","General"
"453","451","Biomint syp","1","100","35","34.9700012207031","11","..","UNKNOWN","ACEFYLLINE PIPERAZINE + DIPHENHYDRAMINE","General"
"363","361","BIORIDE 25 TAB","1","136","119.680000305176","119.680000305176","0","..","UNKNOWN","ACEFYLLINE PIPERAZINE + DIPHENHYDRAMINE","General"
"2153","3092","biotin","1","1050","830","830","1","..","UNKNOWN","ACEFYLLINE PIPERAZINE + DIPHENHYDRAMINE","General"
"1896","1844","biotin plus","1","1150","970","970","1","..","UNKNOWN","ACEFYLLINE PIPERAZINE + DIPHENHYDRAMINE","General"
"969","974","bislaei tab","1","244","211","186.080001831055","4","..","UNKNOWN","ACEFYLLINE PIPERAZINE + DIPHENHYDRAMINE","General"
"2","2","bislari ing","1","430","356","355.940002441406","12","..","UNKNOWN","ACEFYLLINE PIPERAZINE + DIPHENHYDRAMINE","General"
"247","247","bislari inj","1","420","366","366","0","..","UNKNOWN","ACEFYLLINE PIPERAZINE + DIPHENHYDRAMINE","General"
"830","829","bisleri cap","1","80","67.7600021362305","67.7600021362305","18","..","UNKNOWN","ACEFYLLINE PIPERAZINE + DIPHENHYDRAMINE","General"
"549","547","Bisleri syrp","1","330","307","307","2","..","UNKNOWN","ACEFYLLINE PIPERAZINE + DIPHENHYDRAMINE","General"
"1820","177559","Bisma cream","1","400","260","260","2","..","UNKNOWN","ACEFYLLINE PIPERAZINE + DIPHENHYDRAMINE","General"
"540","538","Bismol syrp","1","150","130","130","5","..","UNKNOWN","ACEFYLLINE PIPERAZINE + DIPHENHYDRAMINE","General"
"2363","7764","bismol tab","1","120","102","102","2","..","UNKNOWN","ACEFYLLINE PIPERAZINE + DIPHENHYDRAMINE","General"
"1712","17456","Black beauty Powder","1","220","170","170","0","..","UNKNOWN","ACEFYLLINE PIPERAZINE + DIPHENHYDRAMINE","General"
"2177","4016","black cobra spry","1","350","325","320.829986572266","11","..","UNKNOWN","ACEFYLLINE PIPERAZINE + DIPHENHYDRAMINE","General"
"1965","18915","Black dragon liquid","1","300","150","150","1","..","UNKNOWN","ACEFYLLINE PIPERAZINE + DIPHENHYDRAMINE","General"
"1964","18914","Black dragon machine","1","450","250","250","1","..","UNKNOWN","ACEFYLLINE PIPERAZINE + DIPHENHYDRAMINE","General"
"1996","1926","black power","1","50","20","20","5","..","UNKNOWN","ACEFYLLINE PIPERAZINE + DIPHENHYDRAMINE","General"
"1854","18034","BLACK ROSE COLOR","1","280","190","190","6","..","UNKNOWN","ACEFYLLINE PIPERAZINE + DIPHENHYDRAMINE","General"
"2158","3097","bliss alwys","1","300","195","195","2","..","UNKNOWN","ACEFYLLINE PIPERAZINE + DIPHENHYDRAMINE","General"
"1702","17446","BNB Beauty Cream","1","550","450","450","2","..","UNKNOWN","ACEFYLLINE PIPERAZINE + DIPHENHYDRAMINE","General"
"1703","17447","BNB FACE WASH","1","650","500","500","5","..","UNKNOWN","ACEFYLLINE PIPERAZINE + DIPHENHYDRAMINE","General"
"2124","2063","BNB mask sachet","1","1000","820","820","2","..","UNKNOWN","ACEFYLLINE PIPERAZINE + DIPHENHYDRAMINE","General"
"2445","8053","bnb vitamin c FW","1","650","560","560","2","..","UNKNOWN","ACEFYLLINE PIPERAZINE + DIPHENHYDRAMINE","General"
"1557","17107","Boan zee soft gel cap","1","300","255","255","1","..","UNKNOWN","ACEFYLLINE PIPERAZINE + DIPHENHYDRAMINE","General"
"2315","7715","boand 3 cap","1","550","160","160","1","..","UNKNOWN","ACEFYLLINE PIPERAZINE + DIPHENHYDRAMINE","General"
"1207","1219","body spry","1","350","260","260","9","..","UNKNOWN","ACEFYLLINE PIPERAZINE + DIPHENHYDRAMINE","General"
"1634","17193","BOFALGAN INF","1","250","150","157.5","8","..","UNKNOWN","ACEFYLLINE PIPERAZINE + DIPHENHYDRAMINE","General"
"1149","1159","BONA PAPA MEDIUM","1","1350","1150","1150","0","..","UNKNOWN","ACEFYLLINE PIPERAZINE + DIPHENHYDRAMINE","General"
"1065","1069","bona papa pampar","1","1000","900","909.090026855469","8","..","UNKNOWN","ACEFYLLINE PIPERAZINE + DIPHENHYDRAMINE","General"
"2068","2001","Bona papa pamper 84 pice","1","2000","1830","1830","4","..","UNKNOWN","ACEFYLLINE PIPERAZINE + DIPHENHYDRAMINE","General"
"1150","1160","BONA PAPA SMALL","1","1350","1150","1150","0","..","UNKNOWN","ACEFYLLINE PIPERAZINE + DIPHENHYDRAMINE","General"
"2032","1964","bona papa wipes","1","200","170","170","15","..","UNKNOWN","ACEFYLLINE PIPERAZINE + DIPHENHYDRAMINE","General"
"542","540","BOnnisan  syrp","1","950","821","821","2","..","UNKNOWN","ACEFYLLINE PIPERAZINE + DIPHENHYDRAMINE","General"
"552","UNK00084","BOnnisan  syrp","1","690","607.200012207031","607.200012207031","0","..","UNKNOWN","ACEFYLLINE PIPERAZINE + DIPHENHYDRAMINE","General"
"1267","1278","bonyad 260 mg","1","550","506","506","0","..","UNKNOWN","ACEFYLLINE PIPERAZINE + DIPHENHYDRAMINE","General"
"469","467","BONYAD 900 MG","1","2200","2000","2000","1","..","UNKNOWN","ACEFYLLINE PIPERAZINE + DIPHENHYDRAMINE","General"
"470","468","BONYAD SACH","1","450","390","390","0","..","UNKNOWN","ACEFYLLINE PIPERAZINE + DIPHENHYDRAMINE","General"
"2202","7303","breast pump","1","400","160","190","5","..","UNKNOWN","ACEFYLLINE PIPERAZINE + DIPHENHYDRAMINE","General"
"270","267","Breavent 200 tab","1","130","115","115","3","..","UNKNOWN","ACEFYLLINE PIPERAZINE + DIPHENHYDRAMINE","General"
"89","89","Breeky 200 tab\","1","200","172","172","13","..","UNKNOWN","ACEFYLLINE PIPERAZINE + DIPHENHYDRAMINE","General"
"968","973","brexin tab","1","356","314","314","3","..","UNKNOWN","ACEFYLLINE PIPERAZINE + DIPHENHYDRAMINE","General"
"697","695","Britanyl syp","1","80","69","69","6","..","UNKNOWN","ACEFYLLINE PIPERAZINE + DIPHENHYDRAMINE","General"
"2239","7639","broche powder","1","230","215","215","2","..","UNKNOWN","ACEFYLLINE PIPERAZINE + DIPHENHYDRAMINE","General"
"956","960","broline syrp","1","92","40","40.0099983215332","2","..","UNKNOWN","ACEFYLLINE PIPERAZINE + DIPHENHYDRAMINE","General"
"1745","177485","Broma tab","1","70","38","46.5200004577637","10","..","UNKNOWN","ACEFYLLINE PIPERAZINE + DIPHENHYDRAMINE","General"
"1672","17390","Bronex syp","1","90","79","79","3","..","UNKNOWN","ACEFYLLINE PIPERAZINE + DIPHENHYDRAMINE","General"
"518","516","Bronochol syp","1","150","121.129997253418","120.569999694824","8","..","UNKNOWN","ACEFYLLINE PIPERAZINE + DIPHENHYDRAMINE","General"
"698","696","Bronokal syp","1","136","119.680000305176","119.680000305176","1","..","UNKNOWN","ACEFYLLINE PIPERAZINE + DIPHENHYDRAMINE","General"
"1396","1408","brophyl D syp","1","139","109","111.970001220703","4","..","UNKNOWN","ACEFYLLINE PIPERAZINE + DIPHENHYDRAMINE","General"
"1397","1409","brophyl small syp","1","93","81.8399963378906","81.8399963378906","1","..","UNKNOWN","ACEFYLLINE PIPERAZINE + DIPHENHYDRAMINE","General"
"511","509","Broxol DM SYP","1","160","122.25","122.25","4","..","UNKNOWN","ACEFYLLINE PIPERAZINE + DIPHENHYDRAMINE","General"
"1329","UNK00230","Broxol DM SYP","1","100","88","88","0","..","UNKNOWN","ACEFYLLINE PIPERAZINE + DIPHENHYDRAMINE","General"
"510","508","Broxol syp","1","140","104.669998168945","103.680000305176","6","..","UNKNOWN","ACEFYLLINE PIPERAZINE + DIPHENHYDRAMINE","General"
"1538","1706","brufed syp","1","74","46","46","2","..","UNKNOWN","ACEFYLLINE PIPERAZINE + DIPHENHYDRAMINE","General"
"761","760","brufen 200 tab","1","43","38","37.7400016784668","15","..","UNKNOWN","ACEFYLLINE PIPERAZINE + DIPHENHYDRAMINE","General"
"834","833","brufen cream","1","350","297.5","297.5","1","..","UNKNOWN","ACEFYLLINE PIPERAZINE + DIPHENHYDRAMINE","General"
"519","517","Brufen DS SYP","1","120","102","102","9","..","UNKNOWN","ACEFYLLINE PIPERAZINE + DIPHENHYDRAMINE","General"
"655","653","Brufen syrp","1","130","106","107.080001831055","18","..","UNKNOWN","ACEFYLLINE PIPERAZINE + DIPHENHYDRAMINE","General"
"82","82","Btrol 500 cap","1","300","209","209","3","..","UNKNOWN","ACEFYLLINE PIPERAZINE + DIPHENHYDRAMINE","General"
"627","625","Btrol inj","1","94","82.7200012207031","82.7200012207031","1","..","UNKNOWN","ACEFYLLINE PIPERAZINE + DIPHENHYDRAMINE","General"
"402","400","Buscopan Plus tab","1","15","12.9700002670288","12.9200000762939","27","..","UNKNOWN","ACEFYLLINE PIPERAZINE + DIPHENHYDRAMINE","General"
"1727","174466","Bust Oil","1","500","350","350","1","..","UNKNOWN","ACEFYLLINE PIPERAZINE + DIPHENHYDRAMINE","General"
"137","137","butter plus candy 1 (Gibs)","1","150","127","127","0","..","UNKNOWN","ACEFYLLINE PIPERAZINE + DIPHENHYDRAMINE","General"
"216","216","Byscard 2.5 tab","1","240","204","204","1","..","UNKNOWN","ACEFYLLINE PIPERAZINE + DIPHENHYDRAMINE","General"
"2094","2027","byscard 5 mg tab","1","371","315","315","1","..","UNKNOWN","ACEFYLLINE PIPERAZINE + DIPHENHYDRAMINE","General"
"208","208","Byvas 5 tab","1","193","167","167","2","..","UNKNOWN","ACEFYLLINE PIPERAZINE + DIPHENHYDRAMINE","General"
"124","124","Cac 1000 tab","1","357","308","307.339996337891","12","..","UNKNOWN","ACEFYLLINE PIPERAZINE + DIPHENHYDRAMINE","General"
"1173","1184","cac 1000mg tab 30","1","300","200","200","0","..","UNKNOWN","ACEFYLLINE PIPERAZINE + DIPHENHYDRAMINE","General"
"1109","1118","cac 1000plus large","1","550","275","275","0","..","UNKNOWN","ACEFYLLINE PIPERAZINE + DIPHENHYDRAMINE","General"
"1122","1131","cac 1000plus large 50","1","650","300","300","0","..","UNKNOWN","ACEFYLLINE PIPERAZINE + DIPHENHYDRAMINE","General"
"1086","1094","caflam 50mg tab","1","200","176.5","176.5","6","..","UNKNOWN","ACEFYLLINE PIPERAZINE + DIPHENHYDRAMINE","General"
"538","536","Cal One D SYRP","1","407","347","347","3","..","UNKNOWN","ACEFYLLINE PIPERAZINE + DIPHENHYDRAMINE","General"
"246","246","cal one d tab","1","170","133","135.440002441406","8","..","UNKNOWN","ACEFYLLINE PIPERAZINE + DIPHENHYDRAMINE","General"
"1443","1547","calamine lotion","1","150","58","62.3800010681152","20","..","UNKNOWN","ACEFYLLINE PIPERAZINE + DIPHENHYDRAMINE","General"
"26","26","Calamox 1000mg tab","1","285.829986572266","230","230.509994506836","5","..","UNKNOWN","ACEFYLLINE PIPERAZINE + DIPHENHYDRAMINE","General"
"587","585","Calamox 156 syp","1","205","167.5","167.539993286133","2","..","UNKNOWN","ACEFYLLINE PIPERAZINE + DIPHENHYDRAMINE","General"
"25","25","Calamox 375 mg TAB","1","173","149","149.309997558594","4","","UNKNOWN","ABC","General"
"1160","1171","calamox 62.5md drop","1","203","167.600006103516","167.600006103516","2","..","UNKNOWN","ACEFYLLINE PIPERAZINE + DIPHENHYDRAMINE","General"
"254","254","Calamox 625 tab","1","232","181.419998168945","181.210006713867","8","..","UNKNOWN","ACEFYLLINE PIPERAZINE + DIPHENHYDRAMINE","General"
"1641","17200","calamox ds syp small","1","258","206","206","1","..","UNKNOWN","ACEFYLLINE PIPERAZINE + DIPHENHYDRAMINE","General"
"636","634","calamox ds syrp","1","344","269","259.790008544922","6","..","UNKNOWN","ACEFYLLINE PIPERAZINE + DIPHENHYDRAMINE","General"
"1640","17199","calamox syp 156 small","1","164","129","129.880004882813","2","..","UNKNOWN","ACEFYLLINE PIPERAZINE + DIPHENHYDRAMINE","General"
"198","198","Calcee 1000  Sachets","1","25","20.5","20.4400005340576","31","..","UNKNOWN","ACEFYLLINE PIPERAZINE + DIPHENHYDRAMINE","General"
"2420","8007","calciferol cap","1","370","115","115","4","..","UNKNOWN","ACEFYLLINE PIPERAZINE + DIPHENHYDRAMINE","General"
"2135","3074","calciferol inj","1","200","48","48","0","..","UNKNOWN","ACEFYLLINE PIPERAZINE + DIPHENHYDRAMINE","General"
"1037","1041","calcium p syrup","1","250","165","163.770004272461","9","..","UNKNOWN","ACEFYLLINE PIPERAZINE + DIPHENHYDRAMINE","General"
"1780","177519","Calcium P Tab","1","300","200","200","0","..","UNKNOWN","ACEFYLLINE PIPERAZINE + DIPHENHYDRAMINE","General"
"162","162","calfam 50","1","168","148","148","0","..","UNKNOWN","ACEFYLLINE PIPERAZINE + DIPHENHYDRAMINE","General"
"1920","1869","calfer d tab","1","200","166","166","3","..","UNKNOWN","ACEFYLLINE PIPERAZINE + DIPHENHYDRAMINE","General"
"520","518","Calpol 6 plussyp","1","120","90","94.6399993896484","6","..","UNKNOWN","ACEFYLLINE PIPERAZINE + DIPHENHYDRAMINE","General"
"521","519","Calpol syp","1","110","97","96.5500030517578","8","..","UNKNOWN","ACEFYLLINE PIPERAZINE + DIPHENHYDRAMINE","General"
"115","115","Calpol syrp","1","110","95","95","0","..","UNKNOWN","ACEFYLLINE PIPERAZINE + DIPHENHYDRAMINE","General"
"1654","17303","Calpol Tab","1","3.20000004768372","2.55999994277954","2.55999994277954","95","..","UNKNOWN","ACEFYLLINE PIPERAZINE + DIPHENHYDRAMINE","General"
"539","537","CALSID SYRP","1","150","127","121.430000305176","3","..","UNKNOWN","ACEFYLLINE PIPERAZINE + DIPHENHYDRAMINE","General"
"15","15","Calvin tab","1","675","300","300","0","","UNKNOWN","ABC","General"
"2118","2057","camoplex super","1","200","170","170","1","..","UNKNOWN","ACEFYLLINE PIPERAZINE + DIPHENHYDRAMINE","General"
"2281","7681","camozyme syrup","1","180","140","140","0","..","UNKNOWN","ACEFYLLINE PIPERAZINE + DIPHENHYDRAMINE","General"
"1513","1682","CAN MIX SASH","1","30","11","11","87","..","UNKNOWN","ACEFYLLINE PIPERAZINE + DIPHENHYDRAMINE","General"
"2340","7740","canderel drop","1","300","274","274","2","..","UNKNOWN","ACEFYLLINE PIPERAZINE + DIPHENHYDRAMINE","General"
"1358","1370","CANDEREL LARG","1","500","455","455","1","..","UNKNOWN","ACEFYLLINE PIPERAZINE + DIPHENHYDRAMINE","General"
"924","925","canderel small tab","1","270","230","230","1","..","UNKNOWN","ACEFYLLINE PIPERAZINE + DIPHENHYDRAMINE","General"
"835","834","canesten 1 cream","1","156","135","142.860000610352","8","..","UNKNOWN","ACEFYLLINE PIPERAZINE + DIPHENHYDRAMINE","General"
"1905","1853","Canesten 1 TAB","1","180","155","155","8","..","UNKNOWN","ACEFYLLINE PIPERAZINE + DIPHENHYDRAMINE","General"
"233","233","Capoten 50 tab","1","335","294.799987792969","294.799987792969","8","..","UNKNOWN","ACEFYLLINE PIPERAZINE + DIPHENHYDRAMINE","General"
"1001","1006","capri soap","1","150","130","125.709999084473","7","..","UNKNOWN","ACEFYLLINE PIPERAZINE + DIPHENHYDRAMINE","General"
"2414","8001","capril 12.5mg","1","480","391.5","391.5","2","..","UNKNOWN","ACEFYLLINE PIPERAZINE + DIPHENHYDRAMINE","General"
"1379","1392","capsol vitamin","1","10","3","3","0","..","UNKNOWN","ACEFYLLINE PIPERAZINE + DIPHENHYDRAMINE",""
"1155","1165","carbex 2","1","180","155","150.5","2","..","UNKNOWN","ACEFYLLINE PIPERAZINE + DIPHENHYDRAMINE","General"
"1156","1167","carbex 5","1","265","229","229","3","..","UNKNOWN","ACEFYLLINE PIPERAZINE + DIPHENHYDRAMINE","General"
"2150","3089","carbex plus syp","1","230","198","198","0","..","UNKNOWN","ACEFYLLINE PIPERAZINE + DIPHENHYDRAMINE","General"
"938","941","cardinol 10 tab\","1","20","17.6000003814697","17.6000003814697","0","..","UNKNOWN","ACEFYLLINE PIPERAZINE + DIPHENHYDRAMINE","General"
"931","934","cardinol 40 tab","1","45","38","38","5","..","UNKNOWN","ACEFYLLINE PIPERAZINE + DIPHENHYDRAMINE","General"
"225","225","Cardnit","1","115","101","101","6","","UNKNOWN","ABC","General"
"258","258","Cardnit 2.6","1","115","85","85","5","..","UNKNOWN","ACEFYLLINE PIPERAZINE + DIPHENHYDRAMINE","General"
"2000","1931","Cardnit 6.4 mg tab","1","120","97.5999984741211","97.5999984741211","9","..","UNKNOWN","ACEFYLLINE PIPERAZINE + DIPHENHYDRAMINE","General"
"1281","1293","care lac inj","1","80","20","20","0","..","UNKNOWN","ACEFYLLINE PIPERAZINE + DIPHENHYDRAMINE","General"
"1707","17451","Care Lotion","1","420","315","315","1","..","UNKNOWN","ACEFYLLINE PIPERAZINE + DIPHENHYDRAMINE","General"
"782","781","Caresse","1","250","220","220","0","..","UNKNOWN","ACEFYLLINE PIPERAZINE + DIPHENHYDRAMINE","General"
"1960","18910","carezza powder","1","200","155","155","0","..","UNKNOWN","ACEFYLLINE PIPERAZINE + DIPHENHYDRAMINE","General"
"601","599","Caricef 100 syp","1","305","263","263","1","..","UNKNOWN","ACEFYLLINE PIPERAZINE + DIPHENHYDRAMINE","General"
"1186","1197","caricef 400mg tab","1","540","467","467","0","..","UNKNOWN","ACEFYLLINE PIPERAZINE + DIPHENHYDRAMINE","General"
"191","191","Carillo cran sachats","1","30","14","14","0","..","UNKNOWN","ACEFYLLINE PIPERAZINE + DIPHENHYDRAMINE","General"
"1249","12161","carmina","1","220","190","190","0","..","UNKNOWN","ACEFYLLINE PIPERAZINE + DIPHENHYDRAMINE","General"
"2096","2029","carmina plus sachet","1","10","4.5","4.5","200","..","UNKNOWN","ACEFYLLINE PIPERAZINE + DIPHENHYDRAMINE","General"
"226","226","carsel 25 tab","1","40","35","35","3","..","UNKNOWN","ACEFYLLINE PIPERAZINE + DIPHENHYDRAMINE","General"
"227","227","carsel 50 tab","1","64","56","56","0","..","UNKNOWN","ACEFYLLINE PIPERAZINE + DIPHENHYDRAMINE","General"
"2037","1969","cart plus cap","1","1799","950","950","0","..","UNKNOWN","ACEFYLLINE PIPERAZINE + DIPHENHYDRAMINE","General"
"1481","1650","cartigen plus tab","1","350","303","303","4","..","UNKNOWN","ACEFYLLINE PIPERAZINE + DIPHENHYDRAMINE","General"
"235","235","Carveda 12.5 tab","1","165","143","143","0","..","UNKNOWN","ACEFYLLINE PIPERAZINE + DIPHENHYDRAMINE","General"
"2149","3088","carveda 3.125","1","165","143","143","0","..","UNKNOWN","ACEFYLLINE PIPERAZINE + DIPHENHYDRAMINE","General"
"2286","7686","carveda 6.25 tab","1","171","147","147","2","..","UNKNOWN","ACEFYLLINE PIPERAZINE + DIPHENHYDRAMINE","General"
"1578","17128","castor oil","1","100","76","56.6399993896484","22","..","UNKNOWN","ACEFYLLINE PIPERAZINE + DIPHENHYDRAMINE","General"
"1386","1399","catafen 100 tab","1","103","72.5","72.3899993896484","9","..","UNKNOWN","ACEFYLLINE PIPERAZINE + DIPHENHYDRAMINE","General"
"1387","1400","catafen 50 tab","1","96","68.5","67.1699981689453","9","..","UNKNOWN","ACEFYLLINE PIPERAZINE + DIPHENHYDRAMINE","General"
"766","765","cazap tab","1","93","79","79","1","..","UNKNOWN","ACEFYLLINE PIPERAZINE + DIPHENHYDRAMINE","General"
"598","596","Cebosh 100 syp","1","285","191","199.759994506836","3","..","UNKNOWN","ACEFYLLINE PIPERAZINE + DIPHENHYDRAMINE","General"
"58","58","Cebosh 400 cap","1","540","339","367.079986572266","6","..","UNKNOWN","ACEFYLLINE PIPERAZINE + DIPHENHYDRAMINE","General"
"1411","1505","cebosh ds syp","1","349","235","238.610000610352","4","..","UNKNOWN","ACEFYLLINE PIPERAZINE + DIPHENHYDRAMINE","General"
"1108","1117","ceclor 125mg syp","1","480","408","404.339996337891","1","..","UNKNOWN","ACEFYLLINE PIPERAZINE + DIPHENHYDRAMINE","General"
"696","694","Ceclor 250 drops","1","825","701","701","1","..","UNKNOWN","ACEFYLLINE PIPERAZINE + DIPHENHYDRAMINE","General"
"52","52","Ceclor 500 tab","1","1344","1143","1143","1","..","UNKNOWN","ACEFYLLINE PIPERAZINE + DIPHENHYDRAMINE","General"
"1078","1083","ceclor drop","1","285","242","238.449996948242","0","..","UNKNOWN","ACEFYLLINE PIPERAZINE + DIPHENHYDRAMINE","General"
"1366","1378","ceclor drop 50","1","285","208","225","4","..","UNKNOWN","ACEFYLLINE PIPERAZINE + DIPHENHYDRAMINE","General"
"2236","7636","cecon drop","1","155","135","135","2","..","UNKNOWN","ACEFYLLINE PIPERAZINE + DIPHENHYDRAMINE","General"
"2305","7705","cee tab","1","300","166","166","2","..","UNKNOWN","ACEFYLLINE PIPERAZINE + DIPHENHYDRAMINE","General"
"1328","1340","cefget 200 mg tab","1","600","519","513","2","..","UNKNOWN","ACEFYLLINE PIPERAZINE + DIPHENHYDRAMINE","General"
"260","260","Cefget 400 tab","1","564","485","485","3","..","UNKNOWN","ACEFYLLINE PIPERAZINE + DIPHENHYDRAMINE","General"
"760","759","cefia 400 cap","1","539","297.799987792969","315.5","1","..","UNKNOWN","ACEFYLLINE PIPERAZINE + DIPHENHYDRAMINE","General"
"1600","17150","Cefia DS syp","1","350","204","204","0","..","UNKNOWN","ACEFYLLINE PIPERAZINE + DIPHENHYDRAMINE","General"
"1601","17151","Cefia syp","1","304","175","175","0","..","UNKNOWN","ACEFYLLINE PIPERAZINE + DIPHENHYDRAMINE","General"
"596","594","Cefiget 100 syp","1","314","273.179992675781","273.179992675781","0","..","UNKNOWN","ACEFYLLINE PIPERAZINE + DIPHENHYDRAMINE","General"
"597","595","Cefiget 200 syp","1","600","519","519","0","..","UNKNOWN","ACEFYLLINE PIPERAZINE + DIPHENHYDRAMINE","General"
"600","598","Cefim 100 syp","1","325","273","273","2","..","UNKNOWN","ACEFYLLINE PIPERAZINE + DIPHENHYDRAMINE","General"
"1178","1189","cefim 400mg tab","1","562","488","488","1","..","UNKNOWN","ACEFYLLINE PIPERAZINE + DIPHENHYDRAMINE","General"
"1997","1927","cefobact 1g inj","1","518","232","232","3","..","UNKNOWN","ACEFYLLINE PIPERAZINE + DIPHENHYDRAMINE","General"
"1998","1929","cefobact 2mg inj","1","701","315","315.190002441406","8","..","UNKNOWN","ACEFYLLINE PIPERAZINE + DIPHENHYDRAMINE","General"
"581","579","cefota 0.5 inj","1","154","124","114.720001220703","4","..","UNKNOWN","ACEFYLLINE PIPERAZINE + DIPHENHYDRAMINE","General"
"2089","2022","cefresh 250 tab","1","140","111.5","111.5","7","..","UNKNOWN","ACEFYLLINE PIPERAZINE + DIPHENHYDRAMINE","General"
"2090","2023","cefresh 500 tab","1","260","207.5","207.5","3","..","UNKNOWN","ACEFYLLINE PIPERAZINE + DIPHENHYDRAMINE","General"
"985","990","cefspan cap","1","730","620","620","2","..","UNKNOWN","ACEFYLLINE PIPERAZINE + DIPHENHYDRAMINE","General"
"1183","1194","cefspan ds syp","1","501","400.799987792969","416.929992675781","0","..","UNKNOWN","ACEFYLLINE PIPERAZINE + DIPHENHYDRAMINE","General"
"1184","1195","cefspan syp","1","397","347","339.399993896484","6","..","UNKNOWN","ACEFYLLINE PIPERAZINE + DIPHENHYDRAMINE","General"
"666","664","Ceftro 1g inj","1","379","265.299987792969","265.299987792969","0","..","UNKNOWN","ACEFYLLINE PIPERAZINE + DIPHENHYDRAMINE","General"
"620","618","Ceftro 2mg inj","1","611","427.700012207031","427.700012207031","0","..","UNKNOWN","ACEFYLLINE PIPERAZINE + DIPHENHYDRAMINE","General"
"670","668","Cefxone 0.5 inj","1","279","237.149993896484","237.149993896484","0","..","UNKNOWN","ACEFYLLINE PIPERAZINE + DIPHENHYDRAMINE","General"
"669","667","Cefxone 1g inj","1","495","252","252","9","..","UNKNOWN","ACEFYLLINE PIPERAZINE + DIPHENHYDRAMINE","General"
"59","59","Celbix  100 cap","1","237","205.529998779297","202.800003051758","2","..","UNKNOWN","ACEFYLLINE PIPERAZINE + DIPHENHYDRAMINE","General"
"60","60","Celbix 200 cap","1","372","322","313.799987792969","2","..","UNKNOWN","ACEFYLLINE PIPERAZINE + DIPHENHYDRAMINE","General"
"2025","1957","centrum adult tab","1","1800","1513.40002441406","1513.40002441406","1","..","UNKNOWN","ACEFYLLINE PIPERAZINE + DIPHENHYDRAMINE","General"
"2290","7690","centrum silver tab","1","2000","1673.19995117188","1673.19995117188","0","..","UNKNOWN","ACEFYLLINE PIPERAZINE + DIPHENHYDRAMINE","General"
"116","116","Cepiget 200 syrp","1","330","287.100006103516","287.100006103516","0","..","UNKNOWN","ACEFYLLINE PIPERAZINE + DIPHENHYDRAMINE","General"
"1041","1045","ceporex 250 cap","1","97","84","84","3","..","UNKNOWN","ACEFYLLINE PIPERAZINE + DIPHENHYDRAMINE","General"
"1480","1649","ceporex 500 cap","1","212","183","183","7","..","UNKNOWN","ACEFYLLINE PIPERAZINE + DIPHENHYDRAMINE","General"
"1038","1042","ceporex drop","1","152","136","136","2","..","UNKNOWN","ACEFYLLINE PIPERAZINE + DIPHENHYDRAMINE","General"
"2048","1980","Cerave cleanser","1","500","350","398.239990234375","3","..","UNKNOWN","ACEFYLLINE PIPERAZINE + DIPHENHYDRAMINE","General"
"462","460","Cerelac 3 pal 175 mg","1","500","426","426","14","..","UNKNOWN","ACEFYLLINE PIPERAZINE + DIPHENHYDRAMINE","General"
"464","462","Cerelac 3 pal 375","1","1000","801.5","801.5","8","..","UNKNOWN","ACEFYLLINE PIPERAZINE + DIPHENHYDRAMINE","General"
"2237","7637","cerelac multi grain","1","560","516","516","3","..","UNKNOWN","ACEFYLLINE PIPERAZINE + DIPHENHYDRAMINE","General"
"461","459","Cerelac RIC 175 MG","1","500","441","441","0","..","UNKNOWN","ACEFYLLINE PIPERAZINE + DIPHENHYDRAMINE","General"
"2381","77775","CERELAC SACHET","1","70","44.5","44.5","16","..","UNKNOWN","ACEFYLLINE PIPERAZINE + DIPHENHYDRAMINE","General"
"465","463","Cerelac whet 375 mg","1","1000","816.200012207031","816.200012207031","4","..","UNKNOWN","ACEFYLLINE PIPERAZINE + DIPHENHYDRAMINE","General"
"463","461","Cerelac white 175 mg","1","500","417","417","3","..","UNKNOWN","ACEFYLLINE PIPERAZINE + DIPHENHYDRAMINE","General"
"1326","1338","cerelac yellow","1","550","518","515.659973144531","2","..","UNKNOWN","ACEFYLLINE PIPERAZINE + DIPHENHYDRAMINE","General"
"1141","1151","cerigex syrup","1","80","30","31.7700004577637","14","..","UNKNOWN","ACEFYLLINE PIPERAZINE + DIPHENHYDRAMINE","General"
"1537","1705","cerigex tab 10mg","1","50","22","22","0","..","UNKNOWN","ACEFYLLINE PIPERAZINE + DIPHENHYDRAMINE","General"
"2141","3080","certeza suger","1","2500","1900","1900","1","..","UNKNOWN","ACEFYLLINE PIPERAZINE + DIPHENHYDRAMINE","General"
"2341","7741","certeza suger strip","1","2000","1700","1700","1","..","UNKNOWN","ACEFYLLINE PIPERAZINE + DIPHENHYDRAMINE","General"
"544","542","Cestonil plus syrp","1","275","156","158.100006103516","11","..","UNKNOWN","ACEFYLLINE PIPERAZINE + DIPHENHYDRAMINE","General"
"1293","1305","chamakdar cream","1","350","260","260","2","..","UNKNOWN","ACEFYLLINE PIPERAZINE + DIPHENHYDRAMINE","General"
"1636","17195","CHARCOAL FACE WASH","1","250","200","200","1","..","UNKNOWN","ACEFYLLINE PIPERAZINE + DIPHENHYDRAMINE","General"
"2173","4012","charcoal face wash","1","550","450","450","1","..","UNKNOWN","ACEFYLLINE PIPERAZINE + DIPHENHYDRAMINE","General"
"1227","1239","chewcal tab","1","273","240.889999389648","213.259994506836","1","..","UNKNOWN","ACEFYLLINE PIPERAZINE + DIPHENHYDRAMINE","General"
"181","181","chili mili jelly 5 (candyland)","1","180","150","150","0","..","UNKNOWN","ACEFYLLINE PIPERAZINE + DIPHENHYDRAMINE","General"
"1826","177565","Chip stick","1","100","79","79","24","..","UNKNOWN","ACEFYLLINE PIPERAZINE + DIPHENHYDRAMINE","General"
"1852","18032","CHIP STICK CRYSTAL","1","50","36","36","14","..","UNKNOWN","ACEFYLLINE PIPERAZINE + DIPHENHYDRAMINE","General"
"2184","4025","CHIRS HAIR REMOVEL SPRAY","1","1000","770","770","1","..","UNKNOWN","ACEFYLLINE PIPERAZINE + DIPHENHYDRAMINE","General"
"1917","1865","cialis tab","1","500","350","350","2","..","UNKNOWN","ACEFYLLINE PIPERAZINE + DIPHENHYDRAMINE","General"
"132","132","Cicatrin poder","1","200","171","171","4","..","UNKNOWN","ACEFYLLINE PIPERAZINE + DIPHENHYDRAMINE","General"
"1094","1103","cidine 1mg tab","1","260","225","220.199996948242","7","..","UNKNOWN","ACEFYLLINE PIPERAZINE + DIPHENHYDRAMINE","General"
"2063","1996","cimet 400 mg tab","1","165","143","143","0","..","UNKNOWN","ACEFYLLINE PIPERAZINE + DIPHENHYDRAMINE","General"
"30","30","Cipesta 250 tab","1","248","218.240005493164","218.240005493164","0","..","UNKNOWN","ACEFYLLINE PIPERAZINE + DIPHENHYDRAMINE","General"
"29","29","Cipesta 500 tab","1","440","380","380","0","..","UNKNOWN","ACEFYLLINE PIPERAZINE + DIPHENHYDRAMINE","General"
"2262","7662","cipocain ear drop","1","180","153","153","2","..","UNKNOWN","ACEFYLLINE PIPERAZINE + DIPHENHYDRAMINE","General"
"2261","7661","cipotic drop","1","157","133","133","1","..","UNKNOWN","ACEFYLLINE PIPERAZINE + DIPHENHYDRAMINE","General"
"1158","1169","cipotic ear drop","1","200","170","170","3","..","UNKNOWN","ACEFYLLINE PIPERAZINE + DIPHENHYDRAMINE","General"
"46","46","Ciproxin 250 tab","1","400","345.989990234375","345.989990234375","1","..","UNKNOWN","ACEFYLLINE PIPERAZINE + DIPHENHYDRAMINE","General"
"33","33","Ciproxine 500 tab","1","704","560","592.640014648438","3","..","UNKNOWN","ACEFYLLINE PIPERAZINE + DIPHENHYDRAMINE","General"
"1191","1202","citanew 10mg tab","1","490","427","427","1","..","UNKNOWN","ACEFYLLINE PIPERAZINE + DIPHENHYDRAMINE","General"
"1460","1627","CITANEW 20 MG TAB","1","683","580","580","0","..","UNKNOWN","ACEFYLLINE PIPERAZINE + DIPHENHYDRAMINE","General"
"1190","1201","citanew 5 tab","1","336","285","285","0","..","UNKNOWN","ACEFYLLINE PIPERAZINE + DIPHENHYDRAMINE","General"
"658","656","Citralka syp","1","175","151","150.889999389648","5","..","UNKNOWN","ACEFYLLINE PIPERAZINE + DIPHENHYDRAMINE","General"
"5","5","citro soda","1","30","26.3500003814697","26.3500003814697","54","","UNKNOWN","ABC","General"
"1136","1145","citrospec","1","20","12","12","4","..","UNKNOWN","ACEFYLLINE PIPERAZINE + DIPHENHYDRAMINE","General"
"1274","1285","ckflox 250 tab","1","95","78","78","2","..","UNKNOWN","ACEFYLLINE PIPERAZINE + DIPHENHYDRAMINE","General"
"1870","1806","claforan 500 mg inj","1","217","193","192","8","..","UNKNOWN","ACEFYLLINE PIPERAZINE + DIPHENHYDRAMINE","General"
"1869","1805","clafran 250 ing","1","143","130","130","3","..","UNKNOWN","ACEFYLLINE PIPERAZINE + DIPHENHYDRAMINE","General"
"1389","1402","clarion 250 tab","1","385","278","278","0","..","UNKNOWN","ACEFYLLINE PIPERAZINE + DIPHENHYDRAMINE","General"
"1390","UNK00251","clarion 250 tab","1","192","168.960006713867","168.960006713867","0","..","UNKNOWN","ACEFYLLINE PIPERAZINE + DIPHENHYDRAMINE","General"
"583","581","Claritek","1","469","412.760009765625","412.760009765625","1","..","UNKNOWN","ACEFYLLINE PIPERAZINE + DIPHENHYDRAMINE","General"
"693","691","Claritek 125 drops","1","202","181","181.360000610352","9","..","UNKNOWN","ACEFYLLINE PIPERAZINE + DIPHENHYDRAMINE","General"
"906","907","claritek 250 tab","1","510","452","452","0","..","UNKNOWN","ACEFYLLINE PIPERAZINE + DIPHENHYDRAMINE","General"
"107","107","Claritek 500 tab","1","876","727","727","1","..","UNKNOWN","ACEFYLLINE PIPERAZINE + DIPHENHYDRAMINE","General"
"584","582","Claritek syp","1","850","732","732","1","..","UNKNOWN","ACEFYLLINE PIPERAZINE + DIPHENHYDRAMINE","General"
"34","34","Claritek XL 500 TAB","1","397.690002441406","349.970001220703","349.970001220703","0","..","UNKNOWN","ACEFYLLINE PIPERAZINE + DIPHENHYDRAMINE","General"
"2393","7787","CLEAR SHAMPO PUMP","1","2000","1850","1850","2","..","UNKNOWN","ACEFYLLINE PIPERAZINE + DIPHENHYDRAMINE","General"
"789","788","clear shampoo","1","500","460","449.170013427734","2","..","UNKNOWN","ACEFYLLINE PIPERAZINE + DIPHENHYDRAMINE","General"
"919","920","clear shampoo large","1","800","715","719.169982910156","1","..","UNKNOWN","ACEFYLLINE PIPERAZINE + DIPHENHYDRAMINE","General"
"1008","1013","clear shampoo local","1","780","420","420","0","..","UNKNOWN","ACEFYLLINE PIPERAZINE + DIPHENHYDRAMINE","General"
"744","743","Clenil Compositum","1","140","111.300003051758","115.379997253418","17","..","UNKNOWN","ACEFYLLINE PIPERAZINE + DIPHENHYDRAMINE","General"
"1657","17306","Cleret Gel","1","319","271","271","0","..","UNKNOWN","ACEFYLLINE PIPERAZINE + DIPHENHYDRAMINE","General"
"814","813","clobedaram cream","1","125","99.5","86.3300018310547","5","..","UNKNOWN","ACEFYLLINE PIPERAZINE + DIPHENHYDRAMINE","General"
"914","915","clobedaram ointment","1","115","90","90","4","..","UNKNOWN","ACEFYLLINE PIPERAZINE + DIPHENHYDRAMINE","General"
"687","685","Clobederm Lotion","1","61","53.6800003051758","53.6800003051758","0","..","UNKNOWN","ACEFYLLINE PIPERAZINE + DIPHENHYDRAMINE","General"
"97","97","clobederm nn ointment","1","150","127","127","0","..","UNKNOWN","ACEFYLLINE PIPERAZINE + DIPHENHYDRAMINE","General"
"682","680","Clobederm S lotion","1","87","76.5599975585938","76.5599975585938","1","..","UNKNOWN","ACEFYLLINE PIPERAZINE + DIPHENHYDRAMINE","General"
"100","100","Clobevat cream","1","217","188.320007324219","188.320007324219","14","..","UNKNOWN","ACEFYLLINE PIPERAZINE + DIPHENHYDRAMINE","General"
"915","916","clobevate ointment","1","211","183","183.039993286133","4","..","UNKNOWN","ACEFYLLINE PIPERAZINE + DIPHENHYDRAMINE","General"
"625","623","Cloforan inj","1","134","117.919998168945","117.919998168945","0","..","UNKNOWN","ACEFYLLINE PIPERAZINE + DIPHENHYDRAMINE","General"
"984","989","clomfranil 25","1","80","65.6999969482422","62.3800010681152","24","..","UNKNOWN","ACEFYLLINE PIPERAZINE + DIPHENHYDRAMINE","General"
"1119","1128","clomid 50 tab","1","628","547","547","2","..","UNKNOWN","ACEFYLLINE PIPERAZINE + DIPHENHYDRAMINE","General"
"1497","1666","closeup green","1","450","340","336.670013427734","2","..","UNKNOWN","ACEFYLLINE PIPERAZINE + DIPHENHYDRAMINE","General"
"1498","1667","closeup red","1","450","400","400","0","..","UNKNOWN","ACEFYLLINE PIPERAZINE + DIPHENHYDRAMINE","General"
"809","808","clotrim  cream","1","48","42","42","4","..","UNKNOWN","ACEFYLLINE PIPERAZINE + DIPHENHYDRAMINE","General"
"1196","1207","clotrim solution","1","75","64","63.9199981689453","2","..","UNKNOWN","ACEFYLLINE PIPERAZINE + DIPHENHYDRAMINE","General"
"836","835","clozox h cream","1","110","96.8000030517578","96.8000030517578","0","..","UNKNOWN","ACEFYLLINE PIPERAZINE + DIPHENHYDRAMINE","General"
"755","754","CLOZOX H CREAM","1","118","101.5","101.5","4","..","UNKNOWN","ACEFYLLINE PIPERAZINE + DIPHENHYDRAMINE","General"
"2321","7721","clycin v cream","1","750","605","605","2","..","UNKNOWN","ACEFYLLINE PIPERAZINE + DIPHENHYDRAMINE","General"
"1898","1846","Co depricap 3 25 mg tab","1","160","130","124.330001831055","1","..","UNKNOWN","ACEFYLLINE PIPERAZINE + DIPHENHYDRAMINE","General"
"2440","8047","co extor 5\160 12.5","1","950","745","745","1","..","UNKNOWN","ACEFYLLINE PIPERAZINE + DIPHENHYDRAMINE","General"
"1947","1897","CO eziday 100 mg tab","1","350","310.329986572266","310.329986572266","1","..","UNKNOWN","ACEFYLLINE PIPERAZINE + DIPHENHYDRAMINE","General"
"1043","1047","co eziday 50 tab","1","255","220.580001831055","220.580001831055","4","..","UNKNOWN","ACEFYLLINE PIPERAZINE + DIPHENHYDRAMINE","General"
"1516","1684","co mether 40 240 tab","1","450","313","288.519989013672","6","..","UNKNOWN","ACEFYLLINE PIPERAZINE + DIPHENHYDRAMINE","General"
"1593","17143","co mether 60 mg","1","360","220","220","0","..","UNKNOWN","ACEFYLLINE PIPERAZINE + DIPHENHYDRAMINE","General"
"1448","1601","co mether 80mg 480mg","1","580","369","368.630004882813","3","..","UNKNOWN","ACEFYLLINE PIPERAZINE + DIPHENHYDRAMINE","General"
"1517","1685","co mether syrup","1","195","124","124","4","..","UNKNOWN","ACEFYLLINE PIPERAZINE + DIPHENHYDRAMINE","General"
"1483","1652","co plavix tab","1","530","463","463","3","..","UNKNOWN","ACEFYLLINE PIPERAZINE + DIPHENHYDRAMINE","General"
"1291","1303","co renitec 10 25 mg","1","368","312.970001220703","312.970001220703","1","..","UNKNOWN","ACEFYLLINE PIPERAZINE + DIPHENHYDRAMINE","General"
"1306","1318","co valtec 80x12,5mg","1","287","249","246.960006713867","5","..","UNKNOWN","ACEFYLLINE PIPERAZINE + DIPHENHYDRAMINE","General"
"609","607","Cobal inj","1","64","30","30","0","..","UNKNOWN","ACEFYLLINE PIPERAZINE + DIPHENHYDRAMINE","General"
"1458","1635","COBALMIN IND","1","120","93","93","1","..","UNKNOWN","ACEFYLLINE PIPERAZINE + DIPHENHYDRAMINE","General"
"1459","1626","COBALMIN TAB","1","220","136.399993896484","136.399993896484","2","..","UNKNOWN","ACEFYLLINE PIPERAZINE + DIPHENHYDRAMINE","General"
"877","875","cobra 125","1","400","320","320","0","..","UNKNOWN","ACEFYLLINE PIPERAZINE + DIPHENHYDRAMINE","General"
"1995","1925","cobra 150 tab","1","50","22","22","0","..","UNKNOWN","ACEFYLLINE PIPERAZINE + DIPHENHYDRAMINE","General"
"879","877","cobra 200mg","1","50","18","15.5","7","..","UNKNOWN","ACEFYLLINE PIPERAZINE + DIPHENHYDRAMINE","General"
"1902","1850","Cofcol Elixir syp","1","220","187.5","187.5","2","..","UNKNOWN","ACEFYLLINE PIPERAZINE + DIPHENHYDRAMINE","General"
"961","965","coferb drop","1","268","233","233","0","..","UNKNOWN","ACEFYLLINE PIPERAZINE + DIPHENHYDRAMINE","General"
"707","705","Coferb drops","1","322","284","282.459991455078","3","..","UNKNOWN","ACEFYLLINE PIPERAZINE + DIPHENHYDRAMINE","General"
"1082","1090","coferb plus syp","1","450","400","400","1","..","UNKNOWN","ACEFYLLINE PIPERAZINE + DIPHENHYDRAMINE","General"
"1103","1112","coferb syp","1","385","337","337","2","..","UNKNOWN","ACEFYLLINE PIPERAZINE + DIPHENHYDRAMINE","General"
"490","488","Cofflet SYP","1","250","220","220","2","..","UNKNOWN","ACEFYLLINE PIPERAZINE + DIPHENHYDRAMINE","General"
"2080","2013","coke 1.5 letar","1","200","176","176","0","..","UNKNOWN","ACEFYLLINE PIPERAZINE + DIPHENHYDRAMINE","General"
"2079","2012","coke 2 leter","1","230","188","188","3","..","UNKNOWN","ACEFYLLINE PIPERAZINE + DIPHENHYDRAMINE","General"
"2081","2014","coke leter","1","170","128","128","0","..","UNKNOWN","ACEFYLLINE PIPERAZINE + DIPHENHYDRAMINE","General"
"2082","2015","coke nr small","1","80","60","60","13","..","UNKNOWN","ACEFYLLINE PIPERAZINE + DIPHENHYDRAMINE","General"
"503","501","Coldrex syp","1","139","110","111.330001831055","11","..","UNKNOWN","ACEFYLLINE PIPERAZINE + DIPHENHYDRAMINE","General"
"1925","1874","Coldrex tab","1","50","37.7000007629395","37.7000007629395","7","..","UNKNOWN","ACEFYLLINE PIPERAZINE + DIPHENHYDRAMINE","General"
"1697","17441","Colgate Herbal","1","305","295","293.75","7","..","UNKNOWN","ACEFYLLINE PIPERAZINE + DIPHENHYDRAMINE","General"
"2433","8020","colgate large","1","400","360","360","0","..","UNKNOWN","ACEFYLLINE PIPERAZINE + DIPHENHYDRAMINE","General"
"856","856","colgate max fresh","1","340","300","300","1","..","UNKNOWN","ACEFYLLINE PIPERAZINE + DIPHENHYDRAMINE","General"
"1908","1856","Colgate Max Fresh Small","1","220","200","197.5","0","..","UNKNOWN","ACEFYLLINE PIPERAZINE + DIPHENHYDRAMINE","General"
"2241","7641","colgate rs 230","1","230","210","210","0","..","UNKNOWN","ACEFYLLINE PIPERAZINE + DIPHENHYDRAMINE","General"
"1299","1311","colgate small","1","75","65","65","5","..","UNKNOWN","ACEFYLLINE PIPERAZINE + DIPHENHYDRAMINE","General"
"1696","17440","Colgate Tooth paste large","1","400","360","360","4","..","UNKNOWN","ACEFYLLINE PIPERAZINE + DIPHENHYDRAMINE","General"
"239","239","colic drop","1","220","150","150.910003662109","7","..","UNKNOWN","ACEFYLLINE PIPERAZINE + DIPHENHYDRAMINE","General"
"719","717","Colic drops","1","150","126","126","0","..","UNKNOWN","ACEFYLLINE PIPERAZINE + DIPHENHYDRAMINE","General"
"1117","1126","colic ez drops","1","250","176","176","0","..","UNKNOWN","ACEFYLLINE PIPERAZINE + DIPHENHYDRAMINE","General"
"479","477","COLIC SYRP","1","195","163","156.119995117188","4","..","UNKNOWN","ACEFYLLINE PIPERAZINE + DIPHENHYDRAMINE","General"
"711","709","Coligesic syp","1","120","88","88","2","..","UNKNOWN","ACEFYLLINE PIPERAZINE + DIPHENHYDRAMINE","General"
"713","711","COLIGESIC SYP","1","130","95","100.26000213623","8","..","UNKNOWN","ACEFYLLINE PIPERAZINE + DIPHENHYDRAMINE","General"
"1487","1656","collagen face washi","1","1000","750","750","1","..","UNKNOWN","ACEFYLLINE PIPERAZINE + DIPHENHYDRAMINE","General"
"2084","2017","Collagen powder","1","4950","3786.75","3786.75","0","..","UNKNOWN","ACEFYLLINE PIPERAZINE + DIPHENHYDRAMINE","General"
"1766","177506","Collagen tab","1","1650","1402","1402","4","..","UNKNOWN","ACEFYLLINE PIPERAZINE + DIPHENHYDRAMINE","General"
"950","954","colofac 150 tab","1","169","140","141.5","2","..","UNKNOWN","ACEFYLLINE PIPERAZINE + DIPHENHYDRAMINE","General"
"2371","7772","colorest drops","1","485","428.5","428.5","4","..","UNKNOWN","ACEFYLLINE PIPERAZINE + DIPHENHYDRAMINE","General"
"499","496","Combino E syp","1","130","76","78.4599990844727","6","..","UNKNOWN","ACEFYLLINE PIPERAZINE + DIPHENHYDRAMINE","General"
"122","122","Combinol D SYRp","1","160","136","136","9","..","UNKNOWN","ACEFYLLINE PIPERAZINE + DIPHENHYDRAMINE","General"
"121","121","Combinol E syrp","1","75","64.7399978637695","64.7399978637695","0","..","UNKNOWN","ACEFYLLINE PIPERAZINE + DIPHENHYDRAMINE","General"
"266","263","Combivar 200 tab","1","165","136","136","9","..","UNKNOWN","ACEFYLLINE PIPERAZINE + DIPHENHYDRAMINE","General"
"267","264","Combivar 400 tab","1","182","153","153.800003051758","6","..","UNKNOWN","ACEFYLLINE PIPERAZINE + DIPHENHYDRAMINE","General"
"2043","1975","comforta 10 mg tab","1","220","179.25","179.25","1","..","UNKNOWN","ACEFYLLINE PIPERAZINE + DIPHENHYDRAMINE","General"
"1257","1268","conaz cream","1","146","124.199996948242","124.220001220703","5","..","UNKNOWN","ACEFYLLINE PIPERAZINE + DIPHENHYDRAMINE","General"
"1233","1245","conaz shampo","1","350","310","309.640014648438","12","..","UNKNOWN","ACEFYLLINE PIPERAZINE + DIPHENHYDRAMINE","General"
"218","218","Concor 10 tab","1","680","596","567.5","2","..","UNKNOWN","ACEFYLLINE PIPERAZINE + DIPHENHYDRAMINE","General"
"224","224","Concor 2.5 tab","1","196","163","163","3","..","UNKNOWN","ACEFYLLINE PIPERAZINE + DIPHENHYDRAMINE","General"
"222","222","Concor 5 tab","1","338","296","296","5","..","UNKNOWN","ACEFYLLINE PIPERAZINE + DIPHENHYDRAMINE","General"
"1026","1030","CONTOUR 20 MG CAP","1","200","182","182","2","..","UNKNOWN","ACEFYLLINE PIPERAZINE + DIPHENHYDRAMINE","General"
"948","952","contour 40 cap","1","390","328","328","4","..","UNKNOWN","ACEFYLLINE PIPERAZINE + DIPHENHYDRAMINE","General"
"1512","1681","COOL MAX ATP TAB","1","5","3.82999992370605","3.82999992370605","62","..","UNKNOWN","ACEFYLLINE PIPERAZINE + DIPHENHYDRAMINE","General"
"223","223","Corbis 5 tab","1","110","96","96","0","..","UNKNOWN","ACEFYLLINE PIPERAZINE + DIPHENHYDRAMINE","General"
"1202","1214","core 24 tab","1","320","285","285","0","..","UNKNOWN","ACEFYLLINE PIPERAZINE + DIPHENHYDRAMINE","General"
"1876","1823","Core C sachet","1","40","36","36","19","..","UNKNOWN","ACEFYLLINE PIPERAZINE + DIPHENHYDRAMINE","General"
"506","504","Corex D syp","1","200","177","177.910003662109","9","..","UNKNOWN","ACEFYLLINE PIPERAZINE + DIPHENHYDRAMINE","General"
"785","784","corn cap","1","20","11.8000001907349","11.8000001907349","82","..","UNKNOWN","ACEFYLLINE PIPERAZINE + DIPHENHYDRAMINE","General"
"1353","1365","CORTISOPORINE EYE OIMENT","1","120","102","97.8399963378906","11","..","UNKNOWN","ACEFYLLINE PIPERAZINE + DIPHENHYDRAMINE","General"
"1782","177521","COS CH Syp","1","248","178.5","178.5","1","..","UNKNOWN","ACEFYLLINE PIPERAZINE + DIPHENHYDRAMINE","General"
"1093","1102","cosom syp","1","175","141","142.789993286133","5","..","UNKNOWN","ACEFYLLINE PIPERAZINE + DIPHENHYDRAMINE","General"
"507","505","Cosome E SYP","1","138","109","101.589996337891","11","..","UNKNOWN","ACEFYLLINE PIPERAZINE + DIPHENHYDRAMINE","General"
"2028","1960","cosome lozenges","1","15","10.75","10.75","40","..","UNKNOWN","ACEFYLLINE PIPERAZINE + DIPHENHYDRAMINE","General"
"2387","7781","COTTON BUDS","1","50","19","19","40","..","UNKNOWN","ACEFYLLINE PIPERAZINE + DIPHENHYDRAMINE","General"
"1204","1216","cotton otc large","1","250","100","115","7","..","UNKNOWN","ACEFYLLINE PIPERAZINE + DIPHENHYDRAMINE","General"
"1206","1218","cotton otc small","1","100","55","58.5200004577637","11","..","UNKNOWN","ACEFYLLINE PIPERAZINE + DIPHENHYDRAMINE","General"
"1717","17461","Counter","1","150","95","95","2","..","UNKNOWN","ACEFYLLINE PIPERAZINE + DIPHENHYDRAMINE","General"
"937","940","covam 10 160 tab","1","382","248.300003051758","250.800003051758","1","..","UNKNOWN","ACEFYLLINE PIPERAZINE + DIPHENHYDRAMINE","General"
"302","299","Covam 5 160","1","325","211.25","195.270004272461","7","..","UNKNOWN","ACEFYLLINE PIPERAZINE + DIPHENHYDRAMINE","General"
"1439","1543","covam 5 80 50","1","246","220","220","0","..","UNKNOWN","ACEFYLLINE PIPERAZINE + DIPHENHYDRAMINE","General"
"303","300","Covam 5 80 tab","1","246","220","220","4","..","UNKNOWN","ACEFYLLINE PIPERAZINE + DIPHENHYDRAMINE","General"
"2370","7771","cox 2 tab 100mg","1","90","65","65","2","..","UNKNOWN","ACEFYLLINE PIPERAZINE + DIPHENHYDRAMINE","General"
"1776","177515","CQ10 10 mg tab","1","755","672","672","1","..","UNKNOWN","ACEFYLLINE PIPERAZINE + DIPHENHYDRAMINE","General"
"823","822","crack","1","280","210","210","4","..","UNKNOWN","ACEFYLLINE PIPERAZINE + DIPHENHYDRAMINE","General"
"2034","1966","crack cream herbion","1","250","200","200","0","..","UNKNOWN","ACEFYLLINE PIPERAZINE + DIPHENHYDRAMINE","General"
"932","935","cran max pro","1","71","62.7000007629395","62.7000007629395","0","..","UNKNOWN","ACEFYLLINE PIPERAZINE + DIPHENHYDRAMINE","General"
"196","196","Cran MAX Sachets","1","60","47","47","15","..","UNKNOWN","ACEFYLLINE PIPERAZINE + DIPHENHYDRAMINE","General"
"912","913","cran max syp","1","525","459","459","4","..","UNKNOWN","ACEFYLLINE PIPERAZINE + DIPHENHYDRAMINE","General"
"2137","3076","cran maxs syrup","1","370","90","90","3","..","UNKNOWN","ACEFYLLINE PIPERAZINE + DIPHENHYDRAMINE","General"
"2326","7726","cran v wash","1","525","457","457","1","..","UNKNOWN","ACEFYLLINE PIPERAZINE + DIPHENHYDRAMINE","General"
"192","192","Cranax sachets","1","30","12.3000001907349","12.2799997329712","81","..","UNKNOWN","ACEFYLLINE PIPERAZINE + DIPHENHYDRAMINE","General"
"193","193","Cranlin sachets","1","30","14","14","0","..","UNKNOWN","ACEFYLLINE PIPERAZINE + DIPHENHYDRAMINE","General"
"434","432","Cremaffin syp","1","180","156","156","3","..","UNKNOWN","ACEFYLLINE PIPERAZINE + DIPHENHYDRAMINE","General"
"1588","17138","creme bleach","1","150","130","130","2","..","UNKNOWN","ACEFYLLINE PIPERAZINE + DIPHENHYDRAMINE","General"
"1716","17460","Crezza Powder","1","200","160","160","0","..","UNKNOWN","ACEFYLLINE PIPERAZINE + DIPHENHYDRAMINE","General"
"1754","177494","Crip Bandage 4 inch","1","250","70","70","11","..","UNKNOWN","ACEFYLLINE PIPERAZINE + DIPHENHYDRAMINE","General"
"1753","177493","Crip Bandage 6 inch","1","350","82","82","16","..","UNKNOWN","ACEFYLLINE PIPERAZINE + DIPHENHYDRAMINE","General"
"843","842","csoul drops","1","190","100","100","0","..","UNKNOWN","ACEFYLLINE PIPERAZINE + DIPHENHYDRAMINE","General"
"665","663","CS-SUM","1","475","332.5","332.5","1","..","UNKNOWN","ACEFYLLINE PIPERAZINE + DIPHENHYDRAMINE","General"
"1729","174469","Cucumber And Alovera","1","350","200","200","0","..","UNKNOWN","ACEFYLLINE PIPERAZINE + DIPHENHYDRAMINE","General"
"680","678","Curine eye drope","1","215","175","170.649993896484","7","..","UNKNOWN","ACEFYLLINE PIPERAZINE + DIPHENHYDRAMINE","General"
"2201","7302","cycin 500 mg tab","1","460","397","397","2","..","UNKNOWN","ACEFYLLINE PIPERAZINE + DIPHENHYDRAMINE","General"
"436","434","Cynodox C SYP","1","100","88","88","0","..","UNKNOWN","ACEFYLLINE PIPERAZINE + DIPHENHYDRAMINE","General"
"2059","1992","cyprodiol tab","1","650","519","463.5","2","..","UNKNOWN","ACEFYLLINE PIPERAZINE + DIPHENHYDRAMINE","General"
"1075","1080","cyrocin 250 syrup","1","285","187","187","1","..","UNKNOWN","ACEFYLLINE PIPERAZINE + DIPHENHYDRAMINE","General"
"921","922","cyrocin 250 tab","1","210","92","92.5999984741211","4","..","UNKNOWN","ACEFYLLINE PIPERAZINE + DIPHENHYDRAMINE","General"
"559","556","CYrocin syrp 125\","1","192","168.960006713867","168.960006713867","1","..","UNKNOWN","ACEFYLLINE PIPERAZINE + DIPHENHYDRAMINE","General"
"31","31","Cyrocine 500mg tab","1","360","161","161.860000610352","7","..","UNKNOWN","ACEFYLLINE PIPERAZINE + DIPHENHYDRAMINE","General"
"1134","1143","cytopan 50mg 50","1","262","160","139.25","0","..","UNKNOWN","ACEFYLLINE PIPERAZINE + DIPHENHYDRAMINE","General"
"1323","1335","cytopan 75mg","1","300","252","252","2","..","UNKNOWN","ACEFYLLINE PIPERAZINE + DIPHENHYDRAMINE","General"
"2421","8008","cytotol 200mcg","1","193","154.5","154.5","2","..","UNKNOWN","ACEFYLLINE PIPERAZINE + DIPHENHYDRAMINE","General"
"2154","3093","D max drop","1","556","483.75","481.450012207031","5","..","UNKNOWN","ACEFYLLINE PIPERAZINE + DIPHENHYDRAMINE","General"
"2188","4029","D MAX TAB","1","814","684","684","0","..","UNKNOWN","ACEFYLLINE PIPERAZINE + DIPHENHYDRAMINE","General"
"2284","7684","d tres inj","1","199","99.5","99.5","0","..","UNKNOWN","ACEFYLLINE PIPERAZINE + DIPHENHYDRAMINE","General"
"577","575","D Tress inj","1","199","99.5","99.5","0","..","UNKNOWN","ACEFYLLINE PIPERAZINE + DIPHENHYDRAMINE","General"
"1629","17188","daflon 500mg tab","1","620","564.5","564.5","6","..","UNKNOWN","ACEFYLLINE PIPERAZINE + DIPHENHYDRAMINE","General"
"1076","1081","daily cal tab","1","390","232","219.669998168945","3","..","UNKNOWN","ACEFYLLINE PIPERAZINE + DIPHENHYDRAMINE","General"
"1555","17105","daily wish anti acne cream","1","400","300","310","1","..","UNKNOWN","ACEFYLLINE PIPERAZINE + DIPHENHYDRAMINE","General"
"1556","17106","daily wish beauty cream","1","400","285","285","1","..","UNKNOWN","ACEFYLLINE PIPERAZINE + DIPHENHYDRAMINE","General"
"1554","17104","daily wish face washe","1","600","445","445","4","..","UNKNOWN","ACEFYLLINE PIPERAZINE + DIPHENHYDRAMINE","General"
"2248","7648","daily wish gold cream","1","450","350","350","6","..","UNKNOWN","ACEFYLLINE PIPERAZINE + DIPHENHYDRAMINE","General"
"1893","1840","Daily Wish Skin Polish","1","1350","820","820","1","..","UNKNOWN","ACEFYLLINE PIPERAZINE + DIPHENHYDRAMINE","General"
"167","167","Daisy tab","1","50","18","18.4200000762939","58","..","UNKNOWN","ACEFYLLINE PIPERAZINE + DIPHENHYDRAMINE","General"
"811","810","dakarin oral jel","1","236","211","205.320007324219","13","..","UNKNOWN","ACEFYLLINE PIPERAZINE + DIPHENHYDRAMINE","General"
"1677","17400","DAN D INJ","1","268","157","155.5","6","..","UNKNOWN","ACEFYLLINE PIPERAZINE + DIPHENHYDRAMINE","General"
"2167","4006","danjia body cream","1","1000","650","650","1","..","UNKNOWN","ACEFYLLINE PIPERAZINE + DIPHENHYDRAMINE","General"
"2418","8005","danz n 20mg tab","1","275","226.5","226.5","2","..","UNKNOWN","ACEFYLLINE PIPERAZINE + DIPHENHYDRAMINE","General"
"2419","8006","danz n 30mg tab","1","400","329","329","2","..","UNKNOWN","ACEFYLLINE PIPERAZINE + DIPHENHYDRAMINE","General"
"242","242","danzen","1","150","123","121.430000305176","6","..","UNKNOWN","ACEFYLLINE PIPERAZINE + DIPHENHYDRAMINE","General"
"150","150","Danzen DS tab","1","240","204","204","0","..","UNKNOWN","ACEFYLLINE PIPERAZINE + DIPHENHYDRAMINE","General"
"1081","UNK00162","Danzen DS tab","1","240","208","208","2","..","UNKNOWN","ACEFYLLINE PIPERAZINE + DIPHENHYDRAMINE","General"
"282","279","Daonil 5 mg tab","1","60","47","39.310001373291","45","..","UNKNOWN","ACEFYLLINE PIPERAZINE + DIPHENHYDRAMINE","General"
"61","61","Dapa 10 tab","1","572","380","419.089996337891","1","..","UNKNOWN","ACEFYLLINE PIPERAZINE + DIPHENHYDRAMINE","General"
"2023","1955","dapa 5 mg tab","1","386","250.899993896484","250.899993896484","0","..","UNKNOWN","ACEFYLLINE PIPERAZINE + DIPHENHYDRAMINE","General"
"1915","1863","dasani water","1","100","67","67","4","..","UNKNOWN","ACEFYLLINE PIPERAZINE + DIPHENHYDRAMINE","General"
"1068","1073","date d body spry","1","350","220","220","0","..","UNKNOWN","ACEFYLLINE PIPERAZINE + DIPHENHYDRAMINE","General"
"893","895","Daxolanz 60 cap","1","305","265","265","1","..","UNKNOWN","ACEFYLLINE PIPERAZINE + DIPHENHYDRAMINE","General"
"2265","7665","DB ROYAAL PRO","1","350","260","260","6","..","UNKNOWN","ACEFYLLINE PIPERAZINE + DIPHENHYDRAMINE","General"
"355","353","Debridat 100 tab","1","250","210","210","2","..","UNKNOWN","ACEFYLLINE PIPERAZINE + DIPHENHYDRAMINE","General"
"442","440","Debridat syp","1","275","234","236.669998168945","1","..","UNKNOWN","ACEFYLLINE PIPERAZINE + DIPHENHYDRAMINE","General"
"1771","177511","debritone Elixir syp","1","150","102","102","4","..","UNKNOWN","ACEFYLLINE PIPERAZINE + DIPHENHYDRAMINE","General"
"974","979","decadron","1","30","28","27.6800003051758","34","..","UNKNOWN","ACEFYLLINE PIPERAZINE + DIPHENHYDRAMINE","General"
"1137","1146","deezon 1mg inj","1","532","183","183","3","..","UNKNOWN","ACEFYLLINE PIPERAZINE + DIPHENHYDRAMINE","General"
"613","611","Deezon 2 inj","1","621","288","288","7","..","UNKNOWN","ACEFYLLINE PIPERAZINE + DIPHENHYDRAMINE","General"
"2229","7629","deltacortil tab","1","5","2.82999992370605","2.82999992370605","779","..","UNKNOWN","ACEFYLLINE PIPERAZINE + DIPHENHYDRAMINE","General"
"2219","7520","Demaghoon syp","1","160","100","100","2","..","UNKNOWN","ACEFYLLINE PIPERAZINE + DIPHENHYDRAMINE","General"
"1764","177504","Dentist tooth brush","1","100","80","80","24","..","UNKNOWN","ACEFYLLINE PIPERAZINE + DIPHENHYDRAMINE","General"
"1733","174473","Deodorant Spry","1","550","480","480","4","..","UNKNOWN","ACEFYLLINE PIPERAZINE + DIPHENHYDRAMINE","General"
"1655","17304","Depricap Cap","1","333","269","265.5","3","..","UNKNOWN","ACEFYLLINE PIPERAZINE + DIPHENHYDRAMINE","General"
"1367","1379","dermoquin  2","1","87","73","73","1","..","UNKNOWN","ACEFYLLINE PIPERAZINE + DIPHENHYDRAMINE","General"
"1368","1380","dermoquin 4","1","119","101","101","1","..","UNKNOWN","ACEFYLLINE PIPERAZINE + DIPHENHYDRAMINE","General"
"1777","177516","Dermoteeen whiting cream","1","1500","1345","1248.5","2","..","UNKNOWN","ACEFYLLINE PIPERAZINE + DIPHENHYDRAMINE","General"
"1974","1904","dermoteen face wash","1","1357","1242","1242","0","..","UNKNOWN","ACEFYLLINE PIPERAZINE + DIPHENHYDRAMINE","General"
"102","102","Dermovate cream","1","200","172.190002441406","172.190002441406","5","..","UNKNOWN","ACEFYLLINE PIPERAZINE + DIPHENHYDRAMINE","General"
"646","644","Dermovate NN ointment","1","234","203","203","5","..","UNKNOWN","ACEFYLLINE PIPERAZINE + DIPHENHYDRAMINE","General"
"103","103","Dermovate ointment","1","193","167","166.770004272461","9","..","UNKNOWN","ACEFYLLINE PIPERAZINE + DIPHENHYDRAMINE","General"
"265","UNK00063","Dermovate ointment","1","144","135","135","7","..","UNKNOWN","ACEFYLLINE PIPERAZINE + DIPHENHYDRAMINE","General"
"352","UNK00071","Dermovate ointment","1","128","112.639999389648","112.639999389648","0","..","UNKNOWN","ACEFYLLINE PIPERAZINE + DIPHENHYDRAMINE","General"
"2200","7301","desora syrup","1","150","129","129","2","..","UNKNOWN","ACEFYLLINE PIPERAZINE + DIPHENHYDRAMINE","General"
"179","179","desora tab","1","270","227","227.5","2","..","UNKNOWN","ACEFYLLINE PIPERAZINE + DIPHENHYDRAMINE","General"
"802","801","dettol","1","250","135","136.119995117188","7","..","UNKNOWN","ACEFYLLINE PIPERAZINE + DIPHENHYDRAMINE","General"
"2242","7642","dettol hand wash","1","550","300","300","2","..","UNKNOWN","ACEFYLLINE PIPERAZINE + DIPHENHYDRAMINE","General"
"2335","7735","DETTOL LARGE","1","495","260","261","8","..","UNKNOWN","ACEFYLLINE PIPERAZINE + DIPHENHYDRAMINE","General"
"1007","1012","dettol original large","1","150","135","135","1","..","UNKNOWN","ACEFYLLINE PIPERAZINE + DIPHENHYDRAMINE","General"
"988","993","dettol soap","1","155","130","130.339996337891","10","..","UNKNOWN","ACEFYLLINE PIPERAZINE + DIPHENHYDRAMINE","General"
"994","999","dettol vipas","1","200","120","135","5","..","UNKNOWN","ACEFYLLINE PIPERAZINE + DIPHENHYDRAMINE","General"
"806","805","dexa n","1","59","34","33.7900009155273","12","..","UNKNOWN","ACEFYLLINE PIPERAZINE + DIPHENHYDRAMINE","General"
"738","737","Dexasone inj","1","20","9","8.65999984741211","100","..","UNKNOWN","ACEFYLLINE PIPERAZINE + DIPHENHYDRAMINE","General"
"1758","177498","Dextop 30 mg tab","1","321","208.649993896484","220.070007324219","4","..","UNKNOWN","ACEFYLLINE PIPERAZINE + DIPHENHYDRAMINE","General"
"1759","177499","Dextop 60 mg tab","1","400","336.329986572266","336.329986572266","0","..","UNKNOWN","ACEFYLLINE PIPERAZINE + DIPHENHYDRAMINE","General"
"1143","1153","dextrose 25","1","23","18","16.75","34","..","UNKNOWN","ACEFYLLINE PIPERAZINE + DIPHENHYDRAMINE","General"
"421","719","Diagesic P","1","220","193.600006103516","193.600006103516","35","..","UNKNOWN","ACEFYLLINE PIPERAZINE + DIPHENHYDRAMINE","General"
"287","284","Diamicron mr 30 tab","1","438","219","233.619995117188","6","..","UNKNOWN","ACEFYLLINE PIPERAZINE + DIPHENHYDRAMINE","General"
"288","285","Diamicron mr 60 tab","1","315","272.5","272.5","3","..","UNKNOWN","ACEFYLLINE PIPERAZINE + DIPHENHYDRAMINE","General"
"2320","7720","diamicron tab","1","300","258","258","1","..","UNKNOWN","ACEFYLLINE PIPERAZINE + DIPHENHYDRAMINE","General"
"2374","7775","diampa 12.5 mg 500","1","275","238","238","2","..","UNKNOWN","ACEFYLLINE PIPERAZINE + DIPHENHYDRAMINE","General"
"87","87","Diane 35 tab","1","950","827","825.400024414063","2","..","UNKNOWN","ACEFYLLINE PIPERAZINE + DIPHENHYDRAMINE","General"
"1107","1116","diasar 5x160 tab","1","242","206","206","0","..","UNKNOWN","ACEFYLLINE PIPERAZINE + DIPHENHYDRAMINE","General"
"380","379","DIce G TAB","1","320","285","285","8","..","UNKNOWN","ACEFYLLINE PIPERAZINE + DIPHENHYDRAMINE","General"
"186","186","Dicloran 50 tab","1","120","80","94.4499969482422","12","..","UNKNOWN","ACEFYLLINE PIPERAZINE + DIPHENHYDRAMINE","General"
"1245","1257","dicloran gel","1","255","220","220","2","..","UNKNOWN","ACEFYLLINE PIPERAZINE + DIPHENHYDRAMINE","General"
"1031","1035","DIgas drop","1","250","195","195.229995727539","6","..","UNKNOWN","ACEFYLLINE PIPERAZINE + DIPHENHYDRAMINE","General"
"473","471","Digas syrp","1","200","170","168.669998168945","1","..","UNKNOWN","ACEFYLLINE PIPERAZINE + DIPHENHYDRAMINE","General"
"2256","7656","digesic p tab","1","220","174","174","9","..","UNKNOWN","ACEFYLLINE PIPERAZINE + DIPHENHYDRAMINE","General"
"91","91","Digestine cap","1","221","194","190.740005493164","5","..","UNKNOWN","ACEFYLLINE PIPERAZINE + DIPHENHYDRAMINE","General"
"433","431","Dijex MP","1","190","165.199996948242","159.550003051758","10","..","UNKNOWN","ACEFYLLINE PIPERAZINE + DIPHENHYDRAMINE","General"
"293","290","Dioplus 10 160 tab","1","325","286","286","4","..","UNKNOWN","ACEFYLLINE PIPERAZINE + DIPHENHYDRAMINE","General"
"294","291","Dioplus 5 160","1","282","237","237","0","..","UNKNOWN","ACEFYLLINE PIPERAZINE + DIPHENHYDRAMINE","General"
"8","8","dioplus5 80 tab","1","400","365.5","365.5","2","..","UNKNOWN","ACEFYLLINE PIPERAZINE + DIPHENHYDRAMINE","General"
"2129","2068","Dirham room spry","1","1000","680","680","3","..","UNKNOWN","ACEFYLLINE PIPERAZINE + DIPHENHYDRAMINE","General"
"1446","1550","disposible 10cc","1","30","12","11.9899997711182","81","..","UNKNOWN","ACEFYLLINE PIPERAZINE + DIPHENHYDRAMINE","General"
"1013","1018","disposible 3cc","1","10","6","5.94000005722046","0","..","UNKNOWN","ACEFYLLINE PIPERAZINE + DIPHENHYDRAMINE","General"
"1012","1017","disposible 5cc","1","10","5.69999980926514","5.69999980926514","69","..","UNKNOWN","ACEFYLLINE PIPERAZINE + DIPHENHYDRAMINE","General"
"2072","2005","dispossible gloves","1","100","50","50","9","..","UNKNOWN","ACEFYLLINE PIPERAZINE + DIPHENHYDRAMINE","General"
"408","407","Disprin tab","1","5","2.70000004768372","2.70000004768372","178","..","UNKNOWN","ACEFYLLINE PIPERAZINE + DIPHENHYDRAMINE","General"
"527","525","Disprol syp","1","49","43.1199989318848","43.1199989318848","0","..","UNKNOWN","ACEFYLLINE PIPERAZINE + DIPHENHYDRAMINE","General"
"159","159","Distalgesic tab","1","230","200","199.979995727539","11","..","UNKNOWN","ACEFYLLINE PIPERAZINE + DIPHENHYDRAMINE","General"
"2417","8004","doctor lovang tooth paste","1","230","205","205","6","..","UNKNOWN","ACEFYLLINE PIPERAZINE + DIPHENHYDRAMINE","General"
"796","795","doctor prickly heat","1","250","190","188.460006713867","11","..","UNKNOWN","ACEFYLLINE PIPERAZINE + DIPHENHYDRAMINE","General"
"1354","1366","DOCTOR TOOPAST 65 MG","1","190","160","160","3","..","UNKNOWN","ACEFYLLINE PIPERAZINE + DIPHENHYDRAMINE","General"
"2416","8003","doctor tooth paste 90g","1","250","210","210","6","..","UNKNOWN","ACEFYLLINE PIPERAZINE + DIPHENHYDRAMINE","General"
"1000","1005","doctor toothpaste","1","110","95","89.1699981689453","3","..","UNKNOWN","ACEFYLLINE PIPERAZINE + DIPHENHYDRAMINE","General"
"526","524","Dolar syp","1","83","71","70.8300018310547","7","..","UNKNOWN","ACEFYLLINE PIPERAZINE + DIPHENHYDRAMINE","General"
"1772","177512","Dologin ds syp","1","105","87","87","4","..","UNKNOWN","ACEFYLLINE PIPERAZINE + DIPHENHYDRAMINE","General"
"528","526","dolor DS SYP","1","125","95","94.6900024414063","5","..","UNKNOWN","ACEFYLLINE PIPERAZINE + DIPHENHYDRAMINE","General"
"480","478","Domel syrp","1","100","88","87.2799987792969","11","..","UNKNOWN","ACEFYLLINE PIPERAZINE + DIPHENHYDRAMINE","General"
"1474","1642","domel tab","1","100","78","78","9","..","UNKNOWN","ACEFYLLINE PIPERAZINE + DIPHENHYDRAMINE","General"
"1545","17013","domtek syrup","1","70","60","60","0","..","UNKNOWN","ACEFYLLINE PIPERAZINE + DIPHENHYDRAMINE","General"
"1544","17012","domtek tab","1","20","17","17","4","..","UNKNOWN","ACEFYLLINE PIPERAZINE + DIPHENHYDRAMINE","General"
"746","745","Dosavil inj","1","40","5","5","15","..","UNKNOWN","ACEFYLLINE PIPERAZINE + DIPHENHYDRAMINE","General"
"795","794","dove","1","380","360","360","0","..","UNKNOWN","ACEFYLLINE PIPERAZINE + DIPHENHYDRAMINE","General"
"1803","177542","Dove Shampoo large","1","870","850","836.669982910156","3","..","UNKNOWN","ACEFYLLINE PIPERAZINE + DIPHENHYDRAMINE","General"
"1479","1647","dove shomp","1","520","480","475.929992675781","9","..","UNKNOWN","ACEFYLLINE PIPERAZINE + DIPHENHYDRAMINE","General"
"1602","17152","Dow D","1","220","164","161.570007324219","6","..","UNKNOWN","ACEFYLLINE PIPERAZINE + DIPHENHYDRAMINE","General"
"424","422","Doxycycline cap","1","10","4","3.99000000953674","148","..","UNKNOWN","ACEFYLLINE PIPERAZINE + DIPHENHYDRAMINE","General"
"2130","2069","dr kaps brush","1","100","48","48","1","..","UNKNOWN","ACEFYLLINE PIPERAZINE + DIPHENHYDRAMINE","General"
"1310","1322","dr koff panta tab","1","10","8","8","61","..","UNKNOWN","ACEFYLLINE PIPERAZINE + DIPHENHYDRAMINE","General"
"1139","1149","dr koff syrup","1","1060","780","780","2","..","UNKNOWN","ACEFYLLINE PIPERAZINE + DIPHENHYDRAMINE","General"
"1144","1154","dr koff tab","1","50","39.4000015258789","39.4000015258789","3","..","UNKNOWN","ACEFYLLINE PIPERAZINE + DIPHENHYDRAMINE","General"
"1209","1221","dr oriel brush","1","150","65","65","7","..","UNKNOWN","ACEFYLLINE PIPERAZINE + DIPHENHYDRAMINE","General"
"1210","1222","dr oriel cleansing brish","1","200","160","160","0","..","UNKNOWN","ACEFYLLINE PIPERAZINE + DIPHENHYDRAMINE","General"
"1212","1224","dr oriel deep clen","1","200","130","130","0","..","UNKNOWN","ACEFYLLINE PIPERAZINE + DIPHENHYDRAMINE","General"
"1561","17111","Dr Queen beauty cream","1","550","350","350","1","..","UNKNOWN","ACEFYLLINE PIPERAZINE + DIPHENHYDRAMINE","General"
"2174","4013","dr queen serum","1","800","520","520","1","..","UNKNOWN","ACEFYLLINE PIPERAZINE + DIPHENHYDRAMINE","General"
"1723","17467","Dr Rashel Cream","1","700","580","580","1","..","UNKNOWN","ACEFYLLINE PIPERAZINE + DIPHENHYDRAMINE","General"
"1800","177539","Dr Rashel face wash","1","700","450","450","1","..","UNKNOWN","ACEFYLLINE PIPERAZINE + DIPHENHYDRAMINE","General"
"1724","1746","Dr Rashel Serum","1","700","580","580","2","..","UNKNOWN","ACEFYLLINE PIPERAZINE + DIPHENHYDRAMINE","General"
"2240","7640","dr skinner serum","1","1000","650","650","1","..","UNKNOWN","ACEFYLLINE PIPERAZINE + DIPHENHYDRAMINE","General"
"1735","174475","Dr Zain Oil","1","1050","950","950","6","..","UNKNOWN","ACEFYLLINE PIPERAZINE + DIPHENHYDRAMINE","General"
"1736","174476","Dr zain shampoo","1","550","450","450","7","..","UNKNOWN","ACEFYLLINE PIPERAZINE + DIPHENHYDRAMINE","General"
"185","185","dragon egg 5 (JOJO)","1","120","90","90","0","..","UNKNOWN","ACEFYLLINE PIPERAZINE + DIPHENHYDRAMINE","General"
"844","843","dsoul drops","1","220","110","110","0","..","UNKNOWN","ACEFYLLINE PIPERAZINE + DIPHENHYDRAMINE","General"
"1768","177508","DULAN 20 MG TAB","1","425","390","390","2","..","UNKNOWN","ACEFYLLINE PIPERAZINE + DIPHENHYDRAMINE","General"
"75","75","Dulan 30 cap","1","511","332.149993896484","337.660003662109","7","..","UNKNOWN","ACEFYLLINE PIPERAZINE + DIPHENHYDRAMINE","General"
"452","450","Duphalac syp","1","306","263","263","3","..","UNKNOWN","ACEFYLLINE PIPERAZINE + DIPHENHYDRAMINE","General"
"85","85","Duphaston 10 tab","1","625","312.5","312.5","0","..","UNKNOWN","ACEFYLLINE PIPERAZINE + DIPHENHYDRAMINE","General"
"1436","1540","duphaston 50","1","625","312.5","358.420013427734","9","..","UNKNOWN","ACEFYLLINE PIPERAZINE + DIPHENHYDRAMINE","General"
"2356","7756","duragesic forte tab","1","100","83","83","6","..","UNKNOWN","ACEFYLLINE PIPERAZINE + DIPHENHYDRAMINE","General"
"1694","17436","Durex","1","100","63","63","9","..","UNKNOWN","ACEFYLLINE PIPERAZINE + DIPHENHYDRAMINE","General"
"927","930","duricef syrp","1","582","503","503","2","..","UNKNOWN","ACEFYLLINE PIPERAZINE + DIPHENHYDRAMINE","General"
"2373","7774","duzalta 30 mg tab","1","325","211.25","211.25","2","..","UNKNOWN","ACEFYLLINE PIPERAZINE + DIPHENHYDRAMINE","General"
"1053","1057","dxl 30mg","1","260","177","177","0","..","UNKNOWN","ACEFYLLINE PIPERAZINE + DIPHENHYDRAMINE","General"
"1188","1199","dxl 30mg cap","1","203","147","147","0","..","UNKNOWN","ACEFYLLINE PIPERAZINE + DIPHENHYDRAMINE","General"
"1054","1058","dxl 60 mg cap","1","314","226","226","1","..","UNKNOWN","ACEFYLLINE PIPERAZINE + DIPHENHYDRAMINE","General"
"2064","1997","dyce g plus","1","390","321.329986572266","321.329986572266","0","..","UNKNOWN","ACEFYLLINE PIPERAZINE + DIPHENHYDRAMINE","General"
"736","735","Dyclo plus inj","1","40","20","20","45","","UNKNOWN","ABC","General"
"1273","1284","dymin tab","1","50","37","35.3899993896484","20","..","UNKNOWN","ACEFYLLINE PIPERAZINE + DIPHENHYDRAMINE","General"
"759","758","DYSO SYRP\","1","220","158","158","1","..","UNKNOWN","ACEFYLLINE PIPERAZINE + DIPHENHYDRAMINE","General"
"2323","7723","dytra tab","1","50","45","45","1","..","UNKNOWN","ACEFYLLINE PIPERAZINE + DIPHENHYDRAMINE","General"
"847","846","dzain tab","1","140","70","70","1","..","UNKNOWN","ACEFYLLINE PIPERAZINE + DIPHENHYDRAMINE","General"
"2007","1938","ebgit 10 mg tab","1","223","68","68","1","..","UNKNOWN","ACEFYLLINE PIPERAZINE + DIPHENHYDRAMINE","General"
"1946","1896","Ecasil 400mg tab","1","550","473.5","473.5","2","..","UNKNOWN","ACEFYLLINE PIPERAZINE + DIPHENHYDRAMINE","General"
"945","949","ecasil 600 tab","1","852.5","736.919982910156","736.919982910156","3","..","UNKNOWN","ACEFYLLINE PIPERAZINE + DIPHENHYDRAMINE","General"
"2095","2028","Ecasil syp","1","510","433","433","1","..","UNKNOWN","ACEFYLLINE PIPERAZINE + DIPHENHYDRAMINE","General"
"1810","177549","Ecomed","1","300","140","140","2","..","UNKNOWN","ACEFYLLINE PIPERAZINE + DIPHENHYDRAMINE","General"
"2073","2006","Ecomed hand cover","1","500","300","300","2","..","UNKNOWN","ACEFYLLINE PIPERAZINE + DIPHENHYDRAMINE","General"
"1476","1644","ecrin hair remover","1","1300","810","810","1","..","UNKNOWN","ACEFYLLINE PIPERAZINE + DIPHENHYDRAMINE","General"
"86","86","Efaston 10 tab","1","745","468.5","468.5","2","..","UNKNOWN","ACEFYLLINE PIPERAZINE + DIPHENHYDRAMINE","General"
"824","823","eicovate cream","1","182","160.160003662109","160.160003662109","0","","UNKNOWN","ABC","General"
"291","288","EIzday 25 tab","1","282","248.160003662109","248.160003662109","0","..","UNKNOWN","ACEFYLLINE PIPERAZINE + DIPHENHYDRAMINE","General"
"2147","3086","elezo 150 cap","1","110","97","97","6","..","UNKNOWN","ACEFYLLINE PIPERAZINE + DIPHENHYDRAMINE","General"
"83","83","Emergency pill tab","1","30","25","25","0","..","UNKNOWN","ACEFYLLINE PIPERAZINE + DIPHENHYDRAMINE","General"
"2005","1936","Emkit ds tab","1","30","20.5799999237061","20.5799999237061","4","..","UNKNOWN","ACEFYLLINE PIPERAZINE + DIPHENHYDRAMINE","General"
"1899","1847","Encid 20 mg tab","1","160","62","62","5","..","UNKNOWN","ACEFYLLINE PIPERAZINE + DIPHENHYDRAMINE","General"
"1223","1235","encid 40 mg cap","1","110","70","70","8","..","UNKNOWN","ACEFYLLINE PIPERAZINE + DIPHENHYDRAMINE","General"
"14","14","Eno lemon","1","20","18","17.7700004577637","357","","UNKNOWN","ABC","General"
"550","548","ENRICH SYRP","1","290","255.199996948242","255.199996948242","1","..","UNKNOWN","ACEFYLLINE PIPERAZINE + DIPHENHYDRAMINE","General"
"983","988","ensure","1","3140","2969.69995117188","2972.57006835938","4","..","UNKNOWN","ACEFYLLINE PIPERAZINE + DIPHENHYDRAMINE","General"
"2225","7625","ensure box","1","1500","1416","1416","1","..","UNKNOWN","ACEFYLLINE PIPERAZINE + DIPHENHYDRAMINE","General"
"446","444","Entamizol syp","1","150","124","117.569999694824","10","..","UNKNOWN","ACEFYLLINE PIPERAZINE + DIPHENHYDRAMINE","General"
"357","355","Entamizole ds tab","1","242","210","210","1","..","UNKNOWN","ACEFYLLINE PIPERAZINE + DIPHENHYDRAMINE","General"
"356","354","Entamizole tab","1","80","70","70","2","..","UNKNOWN","ACEFYLLINE PIPERAZINE + DIPHENHYDRAMINE","General"
"2272","7672","enterogermina drop","1","100","86","85.9599990844727","22","..","UNKNOWN","ACEFYLLINE PIPERAZINE + DIPHENHYDRAMINE","General"
"88","88","Envepe tab","1","100","85","85.0400009155273","11","..","UNKNOWN","ACEFYLLINE PIPERAZINE + DIPHENHYDRAMINE","General"
"857","857","enziclor GEL","1","273","242","242","2","..","UNKNOWN","ACEFYLLINE PIPERAZINE + DIPHENHYDRAMINE","General"
"1074","1079","enziclor moth washe","1","370","327.329986572266","327.309997558594","3","..","UNKNOWN","ACEFYLLINE PIPERAZINE + DIPHENHYDRAMINE","General"
"1403","1415","enzovit syp","1","130","114.400001525879","114.400001525879","0","..","UNKNOWN","ACEFYLLINE PIPERAZINE + DIPHENHYDRAMINE","General"
"320","317","EOURMIN 100 TAB","1","230","70","70","4","..","UNKNOWN","ACEFYLLINE PIPERAZINE + DIPHENHYDRAMINE","General"
"2216","7417","eourmin 50 mg tab","1","150","38","38","3","..","UNKNOWN","ACEFYLLINE PIPERAZINE + DIPHENHYDRAMINE","General"
"1116","1125","epitab xr","1","385","340","340","2","..","UNKNOWN","ACEFYLLINE PIPERAZINE + DIPHENHYDRAMINE","General"
"1120","UNK00172","epitab xr","1","192","170","170","2","..","UNKNOWN","ACEFYLLINE PIPERAZINE + DIPHENHYDRAMINE","General"
"1113","1122","epitab xr 200mg tab","1","100","82","82","5","..","UNKNOWN","ACEFYLLINE PIPERAZINE + DIPHENHYDRAMINE","General"
"2003","1934","epival 250 tab","1","100","79.6999969482422","79.6999969482422","5","..","UNKNOWN","ACEFYLLINE PIPERAZINE + DIPHENHYDRAMINE","General"
"1046","1050","epival 500 mg tab","1","231","200","200","17","..","UNKNOWN","ACEFYLLINE PIPERAZINE + DIPHENHYDRAMINE","General"
"1573","17123","epival cr tab","1","284","246.199996948242","248.100006103516","3","..","UNKNOWN","ACEFYLLINE PIPERAZINE + DIPHENHYDRAMINE","General"
"565","562","Epival syrp","1","320","279.679992675781","279.679992675781","4","..","UNKNOWN","ACEFYLLINE PIPERAZINE + DIPHENHYDRAMINE","General"
"435","433","Eplazyme syp","1","165","144","144.509994506836","3","..","UNKNOWN","ACEFYLLINE PIPERAZINE + DIPHENHYDRAMINE","General"
"790","789","era cream","1","250","200","200","1","..","UNKNOWN","ACEFYLLINE PIPERAZINE + DIPHENHYDRAMINE","General"
"1775","177514","Erlina Plus XR 25 5 tab","1","165","141","141","0","..","UNKNOWN","ACEFYLLINE PIPERAZINE + DIPHENHYDRAMINE","General"
"422","420","Erythrocin 250 tab","1","20","17.5","17.4899997711182","31","..","UNKNOWN","ACEFYLLINE PIPERAZINE + DIPHENHYDRAMINE","General"
"2206","7307","esante 20 mg","1","125","53","53","2","..","UNKNOWN","ACEFYLLINE PIPERAZINE + DIPHENHYDRAMINE","General"
"2207","7308","esante 40 mg","1","245","115","115","8","..","UNKNOWN","ACEFYLLINE PIPERAZINE + DIPHENHYDRAMINE","General"
"2423","8010","esante 40mg inj","1","400","128","128","4","..","UNKNOWN","ACEFYLLINE PIPERAZINE + DIPHENHYDRAMINE","General"
"354","352","Eskem 20 cap","1","200","171","171","4","..","UNKNOWN","ACEFYLLINE PIPERAZINE + DIPHENHYDRAMINE","General"
"1261","1272","eskem 40 cap","1","280","246","246","1","..","UNKNOWN","ACEFYLLINE PIPERAZINE + DIPHENHYDRAMINE","General"
"2351","7751","esomega 20mg cap","1","120","53.25","53.25","0","..","UNKNOWN","ACEFYLLINE PIPERAZINE + DIPHENHYDRAMINE","General"
"2317","7717","esomega 40 mg cap","1","205","133.25","133.25","4","..","UNKNOWN","ACEFYLLINE PIPERAZINE + DIPHENHYDRAMINE","General"
"367","365","Esopep 20 cap","1","120","44","51.0900001525879","0","..","UNKNOWN","ACEFYLLINE PIPERAZINE + DIPHENHYDRAMINE","General"
"1077","1082","esopep 40 cap","1","175","60","60","0","..","UNKNOWN","ACEFYLLINE PIPERAZINE + DIPHENHYDRAMINE","General"
"2375","7776","esopep inj","1","450","120","120","4","..","UNKNOWN","ACEFYLLINE PIPERAZINE + DIPHENHYDRAMINE","General"
"343","343","ESOX 40 CAP","1","50","35","35","0","..","UNKNOWN","ACEFYLLINE PIPERAZINE + DIPHENHYDRAMINE","General"
"890","892","Esso 20 cap","1","376","325","325","3","..","UNKNOWN","ACEFYLLINE PIPERAZINE + DIPHENHYDRAMINE","General"
"353","351","Esso 40 cap","1","640","556","556","2","..","UNKNOWN","ACEFYLLINE PIPERAZINE + DIPHENHYDRAMINE","General"
"662","660","Esso 40 inj","1","632","403","403","0","..","UNKNOWN","ACEFYLLINE PIPERAZINE + DIPHENHYDRAMINE","General"
"1187","1198","estar  20mg tab","1","330","270.5","261.25","2","..","UNKNOWN","ACEFYLLINE PIPERAZINE + DIPHENHYDRAMINE","General"
"213","213","Estar 10 tab","1","250","212.75","212.75","1","..","UNKNOWN","ACEFYLLINE PIPERAZINE + DIPHENHYDRAMINE","General"
"204","204","Estar 5 tab","1","170","113","120.470001220703","4","..","UNKNOWN","ACEFYLLINE PIPERAZINE + DIPHENHYDRAMINE","General"
"203","203","Estram 10 tab","1","340","299","299","1","..","UNKNOWN","ACEFYLLINE PIPERAZINE + DIPHENHYDRAMINE","General"
"90","90","Estranor tab","1","333","284","284","4","","UNKNOWN","ABC","General"
"1941","1891","EUERYDAY MILK","1","750","702","702","1","..","UNKNOWN","ACEFYLLINE PIPERAZINE + DIPHENHYDRAMINE","General"
"2066","1999","eventone c cream","1","2050","1845.0400390625","1845.0400390625","0","..","UNKNOWN","ACEFYLLINE PIPERAZINE + DIPHENHYDRAMINE","General"
"1585","17135","ever care mass","1","60","45","45","16","..","UNKNOWN","ACEFYLLINE PIPERAZINE + DIPHENHYDRAMINE","General"
"2259","7659","everyday 350 mg","1","750","709","709","0","..","UNKNOWN","ACEFYLLINE PIPERAZINE + DIPHENHYDRAMINE","General"
"1125","1134","evion 400 50","1","125","108.75","108.75","2","..","UNKNOWN","ACEFYLLINE PIPERAZINE + DIPHENHYDRAMINE","General"
"394","392","Evion 400 cap","1","140","122.949996948242","122.940002441406","22","..","UNKNOWN","ACEFYLLINE PIPERAZINE + DIPHENHYDRAMINE","General"
"1124","1133","evion 600 50","1","150","75","75","0","..","UNKNOWN","ACEFYLLINE PIPERAZINE + DIPHENHYDRAMINE","General"
"395","393","Evion 600 cap","1","200","172","172","20","..","UNKNOWN","ACEFYLLINE PIPERAZINE + DIPHENHYDRAMINE","General"
"2336","7736","evopride 1 500","1","110","89","89","3","..","UNKNOWN","ACEFYLLINE PIPERAZINE + DIPHENHYDRAMINE","General"
"958","962","evopride 2 500 tab","1","190","162","162","6","..","UNKNOWN","ACEFYLLINE PIPERAZINE + DIPHENHYDRAMINE","General"
"296","293","Extor 10 160 tab","1","700","606","606","1","..","UNKNOWN","ACEFYLLINE PIPERAZINE + DIPHENHYDRAMINE","General"
"290","287","EXtor 5 160","1","602","520","503","3","..","UNKNOWN","ACEFYLLINE PIPERAZINE + DIPHENHYDRAMINE","General"
"295","292","Extor 5 80","1","490","423","420.549987792969","4","..","UNKNOWN","ACEFYLLINE PIPERAZINE + DIPHENHYDRAMINE","General"
"1234","1246","eyfem eye drop","1","126","104","104","1","..","UNKNOWN","ACEFYLLINE PIPERAZINE + DIPHENHYDRAMINE","General"
"301","298","Eziday 25 tab","1","282","240","240","1","..","UNKNOWN","ACEFYLLINE PIPERAZINE + DIPHENHYDRAMINE","General"
"299","296","Eziday 50 tab","1","478","380","418.239990234375","397","..","UNKNOWN","ACEFYLLINE PIPERAZINE + DIPHENHYDRAMINE","General"
"1765","177505","Ezigrip tooth brush","1","80","60","60","2","..","UNKNOWN","ACEFYLLINE PIPERAZINE + DIPHENHYDRAMINE","General"
"960","964","ezium 20 mg cap","1","173","145","143.330001831055","6","..","UNKNOWN","ACEFYLLINE PIPERAZINE + DIPHENHYDRAMINE","General"
"959","963","ezium 40 mg cap","1","292","258.5","258.5","4","..","UNKNOWN","ACEFYLLINE PIPERAZINE + DIPHENHYDRAMINE","General"
"973","978","ezomol 20mg","1","124","107","107","3","..","UNKNOWN","ACEFYLLINE PIPERAZINE + DIPHENHYDRAMINE","General"
"365","363","Ezomol 40 cap","1","240","193","190.240005493164","6","..","UNKNOWN","ACEFYLLINE PIPERAZINE + DIPHENHYDRAMINE","General"
"2405","9999","FACE MASK","1","10","4.80000019073486","4.80000019073486","97","..","UNKNOWN","ACEFYLLINE PIPERAZINE + DIPHENHYDRAMINE","General"
"1732","174472","Fair And Lovely cream for men","1","250","180","180","2","..","UNKNOWN","ACEFYLLINE PIPERAZINE + DIPHENHYDRAMINE","General"
"1725","174464","Fair And Lovely Jar cream","1","450","325","325","1","..","UNKNOWN","ACEFYLLINE PIPERAZINE + DIPHENHYDRAMINE","General"
"2221","7522","fair and lovely serum in cream","1","385","200","200","1","..","UNKNOWN","ACEFYLLINE PIPERAZINE + DIPHENHYDRAMINE","General"
"1827","177566","Fair And Lovely Soft feel formula","1","550","400","400","2","..","UNKNOWN","ACEFYLLINE PIPERAZINE + DIPHENHYDRAMINE","General"
"1493","1662","fair lovely cream","1","200","140","158","3","..","UNKNOWN","ACEFYLLINE PIPERAZINE + DIPHENHYDRAMINE","General"
"1465","1632","fair lovely face wash","1","200","170","170","0","..","UNKNOWN","ACEFYLLINE PIPERAZINE + DIPHENHYDRAMINE","General"
"1467","1634","fair lovely female","1","250","220","220","2","..","UNKNOWN","ACEFYLLINE PIPERAZINE + DIPHENHYDRAMINE","General"
"1045","1049","fair lovely glow lovely cream","1","470","280","280","0","..","UNKNOWN","ACEFYLLINE PIPERAZINE + DIPHENHYDRAMINE","General"
"3","3","famila 28 iv inj","1","180","148","141.339996337891","6","","UNKNOWN","ABC","General"
"81","81","Famila 28 tab","1","50","41.5","41.2700004577637","9","..","UNKNOWN","ACEFYLLINE PIPERAZINE + DIPHENHYDRAMINE","General"
"263","UNK00057","Famila 28 tab","1","43","38","38","0","..","UNKNOWN","ACEFYLLINE PIPERAZINE + DIPHENHYDRAMINE","General"
"264","UNK00058","Famila 28 tab","1","43","38","38","0","..","UNKNOWN","ACEFYLLINE PIPERAZINE + DIPHENHYDRAMINE","General"
"787","786","familina","1","350","290","290","0","","UNKNOWN","ABC","General"
"1069","1074","familina shampo","1","350","245","245","0","..","UNKNOWN","ACEFYLLINE PIPERAZINE + DIPHENHYDRAMINE","General"
"487","485","famobex syrp","1","211","142.100006103516","141.949996948242","8","..","UNKNOWN","ACEFYLLINE PIPERAZINE + DIPHENHYDRAMINE","General"
"450","448","Famonil","1","140","123.199996948242","123.199996948242","0","..","UNKNOWN","ACEFYLLINE PIPERAZINE + DIPHENHYDRAMINE","General"
"347","347","Famotid 40 tab","1","105","70","70","2","..","UNKNOWN","ACEFYLLINE PIPERAZINE + DIPHENHYDRAMINE","General"
"2234","7634","famtaza 40 mg tab","1","150","109.75","109.75","3","..","UNKNOWN","ACEFYLLINE PIPERAZINE + DIPHENHYDRAMINE","General"
"1230","1242","fanart ds syrup","1","275","160","160","0","..","UNKNOWN","ACEFYLLINE PIPERAZINE + DIPHENHYDRAMINE","General"
"161","161","Fanart DS tab","1","412","362.559997558594","362.559997558594","0","..","UNKNOWN","ACEFYLLINE PIPERAZINE + DIPHENHYDRAMINE","General"
"1231","1243","fanart plus 80\480","1","588","255","255","0","..","UNKNOWN","ACEFYLLINE PIPERAZINE + DIPHENHYDRAMINE","General"
"1229","1241","fanart syrup","1","167","97","97","0","..","UNKNOWN","ACEFYLLINE PIPERAZINE + DIPHENHYDRAMINE","General"
"554","551","Faulad humdard syrp","1","180","135","135","0","..","UNKNOWN","ACEFYLLINE PIPERAZINE + DIPHENHYDRAMINE","General"
"556","553","Faulad marhaba syrp","1","230","150","150","12","..","UNKNOWN","ACEFYLLINE PIPERAZINE + DIPHENHYDRAMINE","General"
"557","554","FAULAD MARHABA SYRP","1","195","120","127.370002746582","0","..","UNKNOWN","ACEFYLLINE PIPERAZINE + DIPHENHYDRAMINE","General"
"1405","1417","faulad Qarshi","1","250","220","220","0","..","UNKNOWN","ACEFYLLINE PIPERAZINE + DIPHENHYDRAMINE","General"
"1244","1256","febrol ds syrup","1","82","71","71","2","..","UNKNOWN","ACEFYLLINE PIPERAZINE + DIPHENHYDRAMINE","General"
"1243","1255","febrol syrup","1","57","49","49","0","..","UNKNOWN","ACEFYLLINE PIPERAZINE + DIPHENHYDRAMINE","General"
"1535","1703","fedlide tab 100mg","1","65","30","30","2","..","UNKNOWN","ACEFYLLINE PIPERAZINE + DIPHENHYDRAMINE","General"
"1536","1704","fedlox tab 7.5mg","1","103","35","35","1","..","UNKNOWN","ACEFYLLINE PIPERAZINE + DIPHENHYDRAMINE","General"
"1539","1707","fedragyl syp","1","65","46","46","0","..","UNKNOWN","ACEFYLLINE PIPERAZINE + DIPHENHYDRAMINE","General"
"437","435","Fedralka syp","1","120","56","56.439998626709","6","..","UNKNOWN","ACEFYLLINE PIPERAZINE + DIPHENHYDRAMINE","General"
"405","403","Fedraxil 500 cap","1","13","11.4399995803833","11.4399995803833","0","..","UNKNOWN","ACEFYLLINE PIPERAZINE + DIPHENHYDRAMINE","General"
"659","657","Fefolvit cap","1","155","125.669998168945","128.630004882813","28","..","UNKNOWN","ACEFYLLINE PIPERAZINE + DIPHENHYDRAMINE","General"
"2193","4034","felbex 20 mg tab","1","220","187","187","1","..","UNKNOWN","ACEFYLLINE PIPERAZINE + DIPHENHYDRAMINE","General"
"1433","1537","femme tab","1","200","22","22","21","..","UNKNOWN","ACEFYLLINE PIPERAZINE + DIPHENHYDRAMINE","General"
"1584","17134","fenbro 8 syrup","1","106","87","85.2900009155273","7","..","UNKNOWN","ACEFYLLINE PIPERAZINE + DIPHENHYDRAMINE","General"
"524","522","Fenbro syp","1","94","79.8099975585938","79.8099975585938","5","..","UNKNOWN","ACEFYLLINE PIPERAZINE + DIPHENHYDRAMINE","General"
"1449","1602","fenoget 200 mg","1","485","419","419","1","..","UNKNOWN","ACEFYLLINE PIPERAZINE + DIPHENHYDRAMINE","General"
"2117","2056","fercari 50mg inj","1","2800","2142","2142","3","..","UNKNOWN","ACEFYLLINE PIPERAZINE + DIPHENHYDRAMINE","General"
"1154","1164","ferfer  insta","1","35","31","31","20","..","UNKNOWN","ACEFYLLINE PIPERAZINE + DIPHENHYDRAMINE","General"
"534","532","Ferrosil syrp","1","100","87","87","8","..","UNKNOWN","ACEFYLLINE PIPERAZINE + DIPHENHYDRAMINE","General"
"722","722","Fevagesic infusion","1","165","145.199996948242","145.199996948242","0","..","UNKNOWN","ACEFYLLINE PIPERAZINE + DIPHENHYDRAMINE","General"
"2168","4007","feveramin d tab","1","50","33","33","6","..","UNKNOWN","ACEFYLLINE PIPERAZINE + DIPHENHYDRAMINE","General"
"180","180","Fexet 120 tab","1","320","276.5","276.5","4","..","UNKNOWN","ACEFYLLINE PIPERAZINE + DIPHENHYDRAMINE","General"
"756","755","Fexet 60 tab","1","200","175","175","3","..","UNKNOWN","ACEFYLLINE PIPERAZINE + DIPHENHYDRAMINE","General"
"1305","1317","fexet d tab","1","300","259","259","1","..","UNKNOWN","ACEFYLLINE PIPERAZINE + DIPHENHYDRAMINE","General"
"1485","1654","fibo jar","1","1150","967.5","967.5","1","..","UNKNOWN","ACEFYLLINE PIPERAZINE + DIPHENHYDRAMINE","General"
"2103","2038","fibo sachet","1","495","432","432","1","..","UNKNOWN","ACEFYLLINE PIPERAZINE + DIPHENHYDRAMINE","General"
"1170","1181","fibo syrup","1","525","472","472","0","..","UNKNOWN","ACEFYLLINE PIPERAZINE + DIPHENHYDRAMINE","General"
"188","188","Fibrocol","1","60","42.5999984741211","42.5999984741211","20","..","UNKNOWN","ACEFYLLINE PIPERAZINE + DIPHENHYDRAMINE","General"
"2425","8012","fibrocol jar","1","895","654","654","1","..","UNKNOWN","ACEFYLLINE PIPERAZINE + DIPHENHYDRAMINE","General"
"1796","177535","Fish China Feeder","1","550","410","410","1","..","UNKNOWN","ACEFYLLINE PIPERAZINE + DIPHENHYDRAMINE","General"
"1674","17392","Fisurid ointment","1","470","375.529998779297","375.529998779297","2","..","UNKNOWN","ACEFYLLINE PIPERAZINE + DIPHENHYDRAMINE","General"
"410","409","Flagyl 400 tab","1","5","4","4.03999996185303","409","..","UNKNOWN","ACEFYLLINE PIPERAZINE + DIPHENHYDRAMINE","General"
"724","724","Flagyl infusion","1","200","178","175.949996948242","16","..","UNKNOWN","ACEFYLLINE PIPERAZINE + DIPHENHYDRAMINE","General"
"2258","7658","flagyl large syrup","1","150","134","134","9","..","UNKNOWN","ACEFYLLINE PIPERAZINE + DIPHENHYDRAMINE","General"
"1783","177522","Flagyl plus syp","1","120","104","104","0","..","UNKNOWN","ACEFYLLINE PIPERAZINE + DIPHENHYDRAMINE","General"
"448","446","Flagyl syp","1","118","104","104","4","..","UNKNOWN","ACEFYLLINE PIPERAZINE + DIPHENHYDRAMINE","General"
"54","54","Floxol 200 tab","1","267","150","150","0","..","UNKNOWN","ACEFYLLINE PIPERAZINE + DIPHENHYDRAMINE","General"
"190","190","Flu eze sachets","1","30","20","20","0","..","UNKNOWN","ACEFYLLINE PIPERAZINE + DIPHENHYDRAMINE","General"
"2013","1944","flu z cap","1","185","141","141","0","..","UNKNOWN","ACEFYLLINE PIPERAZINE + DIPHENHYDRAMINE","General"
"2014","1945","flu z syrup","1","320","204","204","2","..","UNKNOWN","ACEFYLLINE PIPERAZINE + DIPHENHYDRAMINE","General"
"321","318","Fluco z cap","1","170","149.600006103516","149.600006103516","0","..","UNKNOWN","ACEFYLLINE PIPERAZINE + DIPHENHYDRAMINE","General"
"311","308","Flucon 150","1","160","125","125","0","..","UNKNOWN","ACEFYLLINE PIPERAZINE + DIPHENHYDRAMINE","General"
"1743","177483","Fluderm Cap","1","260","194","194","5","..","UNKNOWN","ACEFYLLINE PIPERAZINE + DIPHENHYDRAMINE","General"
"2278","7678","flux 20 mg tab","1","430","364","364","2","..","UNKNOWN","ACEFYLLINE PIPERAZINE + DIPHENHYDRAMINE","General"
"820","819","flytro cream","1","170","149","149","3","..","UNKNOWN","ACEFYLLINE PIPERAZINE + DIPHENHYDRAMINE","General"
"678","676","FML FORTE EYE DROPS","1","200","170","170","0","..","UNKNOWN","ACEFYLLINE PIPERAZINE + DIPHENHYDRAMINE","General"
"784","783","foaming","1","500","450","450","0","","UNKNOWN","ABC","General"
"786","785","foaming small","1","350","300","300","0","","UNKNOWN","ABC","General"
"1552","17102","focin ds syrup","1","393","334","332","0","..","UNKNOWN","ACEFYLLINE PIPERAZINE + DIPHENHYDRAMINE","General"
"1504","1673","focin syrup","1","252","214","209.5","2","..","UNKNOWN","ACEFYLLINE PIPERAZINE + DIPHENHYDRAMINE","General"
"1503","1672","focin tab 500","1","355","301","301","0","..","UNKNOWN","ACEFYLLINE PIPERAZINE + DIPHENHYDRAMINE","General"
"2349","7749","focin ultra sachet","1","645","561","561","0","..","UNKNOWN","ACEFYLLINE PIPERAZINE + DIPHENHYDRAMINE","General"
"1969","18919","fogg body spry","1","900","800","720","3","..","UNKNOWN","ACEFYLLINE PIPERAZINE + DIPHENHYDRAMINE","General"
"1678","17401","Folic Acid  z  . jans","1","150","68","68","6","..","UNKNOWN","ACEFYLLINE PIPERAZINE + DIPHENHYDRAMINE","General"
"1746","177486","folic acid otc","1","150","52","52","0","..","UNKNOWN","ACEFYLLINE PIPERAZINE + DIPHENHYDRAMINE","General"
"910","911","folic acid tab zapa","1","100","82.7699966430664","83.2900009155273","9","..","UNKNOWN","ACEFYLLINE PIPERAZINE + DIPHENHYDRAMINE","General"
"1097","1106","folic soul","1","100","70","70","0","..","UNKNOWN","ACEFYLLINE PIPERAZINE + DIPHENHYDRAMINE","General"
"378","377","folimax tab","1","100","80","80","0","..","UNKNOWN","ACEFYLLINE PIPERAZINE + DIPHENHYDRAMINE","General"
"1288","1300","formiget 400 mg cap","1","177.600006103516","153.669998168945","153.669998168945","4","..","UNKNOWN","ACEFYLLINE PIPERAZINE + DIPHENHYDRAMINE","General"
"2328","7728","foro b12 syrup","1","600","522","522","1","..","UNKNOWN","ACEFYLLINE PIPERAZINE + DIPHENHYDRAMINE","General"
"2251","7651","fortazim 250 mg inj","1","155","113.800003051758","113.800003051758","5","..","UNKNOWN","ACEFYLLINE PIPERAZINE + DIPHENHYDRAMINE","General"
"1878","1825","FOSTER SOLUTION","1","1580","790","790","1","..","UNKNOWN","ACEFYLLINE PIPERAZINE + DIPHENHYDRAMINE","General"
"1705","17449","Frey Jasmine Spray","1","350","220","220","5","..","UNKNOWN","ACEFYLLINE PIPERAZINE + DIPHENHYDRAMINE","General"
"144","144","Froben 100 tab","1","150","129","128.699996948242","17","..","UNKNOWN","ACEFYLLINE PIPERAZINE + DIPHENHYDRAMINE","General"
"1496","1665","froben 50 mg tab","1","130","105","105","1","..","UNKNOWN","ACEFYLLINE PIPERAZINE + DIPHENHYDRAMINE","General"
"1910","1858","Fruit Lip balm","1","200","145","145","2","..","UNKNOWN","ACEFYLLINE PIPERAZINE + DIPHENHYDRAMINE","General"
"1277","1289","fruita pineapple jos","1","480","420","420","0","..","UNKNOWN","ACEFYLLINE PIPERAZINE + DIPHENHYDRAMINE","General"
"1278","1290","fruita vital small","1","80","65","65","0","..","UNKNOWN","ACEFYLLINE PIPERAZINE + DIPHENHYDRAMINE","General"
"851","850","fruita vitals","1","450","354","354","7","..","UNKNOWN","ACEFYLLINE PIPERAZINE + DIPHENHYDRAMINE","General"
"1246","1258","fudic crem","1","399","348","348","1","..","UNKNOWN","ACEFYLLINE PIPERAZINE + DIPHENHYDRAMINE","General"
"754","753","FUDIC H CREAM","1","400","343","335.220001220703","6","..","UNKNOWN","ACEFYLLINE PIPERAZINE + DIPHENHYDRAMINE","General"
"2285","7685","furbah tab","1","440","280","280","3","..","UNKNOWN","ACEFYLLINE PIPERAZINE + DIPHENHYDRAMINE","General"
"1524","1692","fusiderm h cream","1","400","320","320","0","..","UNKNOWN","ACEFYLLINE PIPERAZINE + DIPHENHYDRAMINE","General"
"72","72","Gabica 100 cap","1","340","221","221","3","..","UNKNOWN","ACEFYLLINE PIPERAZINE + DIPHENHYDRAMINE","General"
"1434","1538","gabica 100mg 50","1","317","206.050003051758","206.050003051758","8","..","UNKNOWN","ACEFYLLINE PIPERAZINE + DIPHENHYDRAMINE","General"
"2020","1952","gabica 150 mg","1","400","346","346","0","..","UNKNOWN","ACEFYLLINE PIPERAZINE + DIPHENHYDRAMINE","General"
"1932","1881","GABICA 300 CAP","1","740","637","637","1","..","UNKNOWN","ACEFYLLINE PIPERAZINE + DIPHENHYDRAMINE","General"
"73","73","Gabica 50 cap","1","250","219","218.5","3","..","UNKNOWN","ACEFYLLINE PIPERAZINE + DIPHENHYDRAMINE","General"
"74","74","Gabica 75 cap","1","272","176.800003051758","170.360000610352","9","..","UNKNOWN","ACEFYLLINE PIPERAZINE + DIPHENHYDRAMINE","General"
"332","331","Ganaton 50 tab","1","383","337.329986572266","337.329986572266","6","..","UNKNOWN","ACEFYLLINE PIPERAZINE + DIPHENHYDRAMINE","General"
"330","329","Ganaton od 150 tab","1","640","550","550","2","..","UNKNOWN","ACEFYLLINE PIPERAZINE + DIPHENHYDRAMINE","General"
"2377","77771","garnier face wash","1","520","420","420","2","..","UNKNOWN","ACEFYLLINE PIPERAZINE + DIPHENHYDRAMINE","General"
"1491","1660","gasnil tba","1","5","3","3","96","..","UNKNOWN","ACEFYLLINE PIPERAZINE + DIPHENHYDRAMINE","General"
"846","845","gasocid syp","1","180","85","85","1","..","UNKNOWN","ACEFYLLINE PIPERAZINE + DIPHENHYDRAMINE","General"
"478","476","Gastinal syrp","1","120","80","80","11","..","UNKNOWN","ACEFYLLINE PIPERAZINE + DIPHENHYDRAMINE","General"
"978","983","gaviscon advance syp","1","380","328","328","4","..","UNKNOWN","ACEFYLLINE PIPERAZINE + DIPHENHYDRAMINE","General"
"120","120","Gaviscon syrp","1","280","242","241.009994506836","4","..","UNKNOWN","ACEFYLLINE PIPERAZINE + DIPHENHYDRAMINE","General"
"1976","1906","gen cipro 500 tab","1","200","130","130","5","..","UNKNOWN","ACEFYLLINE PIPERAZINE + DIPHENHYDRAMINE","General"
"1549","17099","gen m 120 mg inj","1","351","303.329986572266","303.329986572266","0","..","UNKNOWN","ACEFYLLINE PIPERAZINE + DIPHENHYDRAMINE","General"
"2412","10007","gen m 80\480","1","647","539","539","1","..","UNKNOWN","ACEFYLLINE PIPERAZINE + DIPHENHYDRAMINE","General"
"2436","8033","gen m inj small","1","211","751","751","0","..","UNKNOWN","ACEFYLLINE PIPERAZINE + DIPHENHYDRAMINE","General"
"2411","10006","gen m tab 40\240","1","518","431","431","1","..","UNKNOWN","ACEFYLLINE PIPERAZINE + DIPHENHYDRAMINE","General"
"2195","4036","gen x anti stretch mark","1","700","345","345","2","..","UNKNOWN","ACEFYLLINE PIPERAZINE + DIPHENHYDRAMINE","General"
"1348","1360","gen zithro 500 mg","1","450","315","315","0","..","UNKNOWN","ACEFYLLINE PIPERAZINE + DIPHENHYDRAMINE","General"
"1670","17388","gencell nutrifactor","1","2390","2055","2055","1","..","UNKNOWN","ACEFYLLINE PIPERAZINE + DIPHENHYDRAMINE","General"
"628","626","Gen-M INJ","1","206","175","168","1","..","UNKNOWN","ACEFYLLINE PIPERAZINE + DIPHENHYDRAMINE","General"
"2021","1953","genticyn drop","1","60","51","45.689998626709","7","..","UNKNOWN","ACEFYLLINE PIPERAZINE + DIPHENHYDRAMINE","General"
"920","921","genticyn inj 80","1","80","50","50","4","..","UNKNOWN","ACEFYLLINE PIPERAZINE + DIPHENHYDRAMINE","General"
"92","92","geoo soft 1 (D MAX)","1","75","48","48","0","..","UNKNOWN","ACEFYLLINE PIPERAZINE + DIPHENHYDRAMINE","General"
"449","447","Gesto fill syp","1","160","130","128.800003051758","3","..","UNKNOWN","ACEFYLLINE PIPERAZINE + DIPHENHYDRAMINE","General"
"2091","2024","Gestofill tab","1","30","19.7999992370605","19.7999992370605","33","..","UNKNOWN","ACEFYLLINE PIPERAZINE + DIPHENHYDRAMINE","General"
"272","269","Getformin 1 500 tab","1","136","120","120","8","..","UNKNOWN","ACEFYLLINE PIPERAZINE + DIPHENHYDRAMINE","General"
"262","262","Getformin 2 500 tab","1","216","187","187","12","..","UNKNOWN","ACEFYLLINE PIPERAZINE + DIPHENHYDRAMINE","General"
"1172","1183","getofin inj 1g","1","395","243","242.289993286133","0","..","UNKNOWN","ACEFYLLINE PIPERAZINE + DIPHENHYDRAMINE","General"
"268","265","Getryal 4mg tab","1","383","248.949996948242","248.949996948242","26","..","UNKNOWN","ACEFYLLINE PIPERAZINE + DIPHENHYDRAMINE","General"
"1237","1249","getryl 1 mg","1","121","103","103","5","..","UNKNOWN","ACEFYLLINE PIPERAZINE + DIPHENHYDRAMINE","General"
"269","266","Getryl 2 tab","1","216","108","108.150001525879","4","..","UNKNOWN","ACEFYLLINE PIPERAZINE + DIPHENHYDRAMINE","General"
"1438","1542","getryl 2mg 50","1","200","100","100","19","..","UNKNOWN","ACEFYLLINE PIPERAZINE + DIPHENHYDRAMINE","General"
"271","268","Getryl 3MG TAB","1","250","213","213","6","..","UNKNOWN","ACEFYLLINE PIPERAZINE + DIPHENHYDRAMINE","General"
"1922","1871","Getzid MR 60 Mg","1","200","173","173","0","..","UNKNOWN","ACEFYLLINE PIPERAZINE + DIPHENHYDRAMINE","General"
"1508","1677","ghutti marhABA","1","120","83","82.25","6","..","UNKNOWN","ACEFYLLINE PIPERAZINE + DIPHENHYDRAMINE","General"
"715","713","Ghutti syp","1","110","83","83","7","..","UNKNOWN","ACEFYLLINE PIPERAZINE + DIPHENHYDRAMINE","General"
"2238","7638","gillette blue Razer","1","350","250","250","6","..","UNKNOWN","ACEFYLLINE PIPERAZINE + DIPHENHYDRAMINE","General"
"1751","177491","Ginbex syp","1","770","628","628","1","..","UNKNOWN","ACEFYLLINE PIPERAZINE + DIPHENHYDRAMINE","General"
"2257","7657","ginbex tab","1","785","675","675","1","..","UNKNOWN","ACEFYLLINE PIPERAZINE + DIPHENHYDRAMINE","General"
"1895","1842","Glass fedeer 220 ML","1","900","650","650","2","..","UNKNOWN","ACEFYLLINE PIPERAZINE + DIPHENHYDRAMINE","General"
"1843","18021","glass feder","1","650","510","510","1","..","UNKNOWN","ACEFYLLINE PIPERAZINE + DIPHENHYDRAMINE","General"
"770","769","Glaxose D PULL","1","320","165","165.899993896484","7","..","UNKNOWN","ACEFYLLINE PIPERAZINE + DIPHENHYDRAMINE","General"
"771","770","Glaxose d smal","1","120","60","63.0800018310547","13","..","UNKNOWN","ACEFYLLINE PIPERAZINE + DIPHENHYDRAMINE","General"
"896","UNK00130","Glaxose d smal","1","90","75","75","0","..","UNKNOWN","ACEFYLLINE PIPERAZINE + DIPHENHYDRAMINE","General"
"2296","7696","glemax 4 mg tab","1","280","185","185","2","..","UNKNOWN","ACEFYLLINE PIPERAZINE + DIPHENHYDRAMINE","General"
"2429","8016","gloves","1","50","18","18","50","..","UNKNOWN","ACEFYLLINE PIPERAZINE + DIPHENHYDRAMINE","General"
"1883","1830","Glow and Clean Face wash","1","500","360","360","2","..","UNKNOWN","ACEFYLLINE PIPERAZINE + DIPHENHYDRAMINE","General"
"1806","177545","Glow And clean Skin folish","1","1200","800","775","0","..","UNKNOWN","ACEFYLLINE PIPERAZINE + DIPHENHYDRAMINE","General"
"1889","1836","Glow and lovely Advance multi vitamin","1","400","335","335","2","..","UNKNOWN","ACEFYLLINE PIPERAZINE + DIPHENHYDRAMINE","General"
"1888","1835","Glow and Lovely winter Bright","1","400","350","350","0","..","UNKNOWN","ACEFYLLINE PIPERAZINE + DIPHENHYDRAMINE","General"
"1841","18019","glow clean serum","1","800","530","530","1","..","UNKNOWN","ACEFYLLINE PIPERAZINE + DIPHENHYDRAMINE","General"
"1940","1890","GLUBZ","1","50","18","18","42","..","UNKNOWN","ACEFYLLINE PIPERAZINE + DIPHENHYDRAMINE","General"
"1004","1009","glucerna","1","4700","4402","4402","1","..","UNKNOWN","ACEFYLLINE PIPERAZINE + DIPHENHYDRAMINE","General"
"1361","1373","glucophage 1000 mg","1","50","40","40","0","..","UNKNOWN","ACEFYLLINE PIPERAZINE + DIPHENHYDRAMINE","General"
"1383","1396","glucophage 250mg tab","1","30","21","20.9099998474121","14","..","UNKNOWN","ACEFYLLINE PIPERAZINE + DIPHENHYDRAMINE","General"
"923","924","glucophage 500 tab","1","50","35","35","34","..","UNKNOWN","ACEFYLLINE PIPERAZINE + DIPHENHYDRAMINE","General"
"281","278","Glucovace 500 5 tab","1","150","130","129.979995727539","9","..","UNKNOWN","ACEFYLLINE PIPERAZINE + DIPHENHYDRAMINE","General"
"1662","17381","Glucovance 2.5 tab","1","123","106","106","2","..","UNKNOWN","ACEFYLLINE PIPERAZINE + DIPHENHYDRAMINE","General"
"274","271","GLUsimet 50 500","1","224","194","194","0","..","UNKNOWN","ACEFYLLINE PIPERAZINE + DIPHENHYDRAMINE","General"
"1591","17141","gluta white cream","1","1200","420","420","4","..","UNKNOWN","ACEFYLLINE PIPERAZINE + DIPHENHYDRAMINE","General"
"1719","17463","Gluta white Face wash","1","550","450","450","2","..","UNKNOWN","ACEFYLLINE PIPERAZINE + DIPHENHYDRAMINE","General"
"2166","4005","gluta white hand and foot cream","1","650","450","450","2","..","UNKNOWN","ACEFYLLINE PIPERAZINE + DIPHENHYDRAMINE","General"
"1590","17140","gluta white serum","1","1750","750","750","1","..","UNKNOWN","ACEFYLLINE PIPERAZINE + DIPHENHYDRAMINE","General"
"1509","1678","gluta white serum","1","400","300","300","2","..","UNKNOWN","ACEFYLLINE PIPERAZINE + DIPHENHYDRAMINE","General"
"1596","17146","GLUTA WHITE SOAP","1","650","350","350","2","..","UNKNOWN","ACEFYLLINE PIPERAZINE + DIPHENHYDRAMINE","General"
"1595","17145","GLUTA WHITE TAB","1","3499","2350","2350","1","..","UNKNOWN","ACEFYLLINE PIPERAZINE + DIPHENHYDRAMINE","General"
"1577","17127","glycerin","1","140","61","58.9199981689453","6","..","UNKNOWN","ACEFYLLINE PIPERAZINE + DIPHENHYDRAMINE","General"
"1809","177548","Glycerin pure B.P","1","190","90","90","0","..","UNKNOWN","ACEFYLLINE PIPERAZINE + DIPHENHYDRAMINE","General"
"1153","1163","glycerin small","1","120","41","40.6699981689453","26","..","UNKNOWN","ACEFYLLINE PIPERAZINE + DIPHENHYDRAMINE","General"
"1021","1026","glycrine suppostories","1","10","7","7","0","..","UNKNOWN","ACEFYLLINE PIPERAZINE + DIPHENHYDRAMINE","General"
"1676","UNK00387","glycrine suppostories","1","15","7","7","132","..","UNKNOWN","ACEFYLLINE PIPERAZINE + DIPHENHYDRAMINE","General"
"1200","1211","glyvisol syrup","1","450","363","323","2","..","UNKNOWN","ACEFYLLINE PIPERAZINE + DIPHENHYDRAMINE","General"
"773","772","Go rash powder","1","550","480","441.670013427734","4","..","UNKNOWN","ACEFYLLINE PIPERAZINE + DIPHENHYDRAMINE","General"
"1992","1922","Go rash powder small","1","400","320","320.329986572266","10","..","UNKNOWN","ACEFYLLINE PIPERAZINE + DIPHENHYDRAMINE","General"
"2133","2072","gocid 40 mg cap","1","280","70","70","1","..","UNKNOWN","ACEFYLLINE PIPERAZINE + DIPHENHYDRAMINE","General"
"1916","1864","golden h plus","1","500","320","320","3","..","UNKNOWN","ACEFYLLINE PIPERAZINE + DIPHENHYDRAMINE","General"
"2187","4028","GOLDEN PEARL BLEACH POWDER","1","230","165","165","1","..","UNKNOWN","ACEFYLLINE PIPERAZINE + DIPHENHYDRAMINE","General"
"2380","77774","GOLDEN PEARL HAIR REMOVAL CREAM","1","300","235","235","2","..","UNKNOWN","ACEFYLLINE PIPERAZINE + DIPHENHYDRAMINE","General"
"1943","1893","gOLDEN PEARL LOTION","1","240","210","210","2","..","UNKNOWN","ACEFYLLINE PIPERAZINE + DIPHENHYDRAMINE","General"
"2249","7649","golden pearl professional","1","240","195","195","2","..","UNKNOWN","ACEFYLLINE PIPERAZINE + DIPHENHYDRAMINE","General"
"1805","177544","Golden Pearl soap","1","150","108","107.970001220703","7","..","UNKNOWN","ACEFYLLINE PIPERAZINE + DIPHENHYDRAMINE","General"
"1884","1831","Golden Pearl Sun block","1","570","450","450","0","..","UNKNOWN","ACEFYLLINE PIPERAZINE + DIPHENHYDRAMINE","General"
"1586","17136","golden pearls facial","1","60","40","42.4500007629395","37","..","UNKNOWN","ACEFYLLINE PIPERAZINE + DIPHENHYDRAMINE","General"
"765","764","GOLDEN PERAL","1","360","246","248.270004272461","16","..","UNKNOWN","ACEFYLLINE PIPERAZINE + DIPHENHYDRAMINE","General"
"1418","1512","golden peral body butter","1","270","200","200","2","..","UNKNOWN","ACEFYLLINE PIPERAZINE + DIPHENHYDRAMINE","General"
"1099","1108","golden peral soap","1","150","108","108","1","..","UNKNOWN","ACEFYLLINE PIPERAZINE + DIPHENHYDRAMINE","General"
"1635","17194","GOLDEN PERAL VITAMAN C FUL","1","450","360","360","0","..","UNKNOWN","ACEFYLLINE PIPERAZINE + DIPHENHYDRAMINE","General"
"1048","1052","golden peraral face wash","1","250","200","195.330001831055","5","..","UNKNOWN","ACEFYLLINE PIPERAZINE + DIPHENHYDRAMINE","General"
"1355","1367","GOLDEN PERIL SERUM","1","150","85","87.5400009155273","5","..","UNKNOWN","ACEFYLLINE PIPERAZINE + DIPHENHYDRAMINE","General"
"2446","8054","golden perl hair remove small","1","170","125","125","6","..","UNKNOWN","ACEFYLLINE PIPERAZINE + DIPHENHYDRAMINE","General"
"2359","7760","golden perrl rice fw","1","350","300","300","2","..","UNKNOWN","ACEFYLLINE PIPERAZINE + DIPHENHYDRAMINE","General"
"1161","1172","golden tab hakeem","1","250","90","90","0","..","UNKNOWN","ACEFYLLINE PIPERAZINE + DIPHENHYDRAMINE","General"
"1258","1269","gonadil f cap","1","540","467","463.029998779297","1","..","UNKNOWN","ACEFYLLINE PIPERAZINE + DIPHENHYDRAMINE","General"
"2046","1978","Good corona tooth brush","1","150","95","95","8","..","UNKNOWN","ACEFYLLINE PIPERAZINE + DIPHENHYDRAMINE","General"
"1394","1406","gooral brash","1","150","120","120","14","..","UNKNOWN","ACEFYLLINE PIPERAZINE + DIPHENHYDRAMINE","General"
"1802","177541","Gooral tooth brush","1","200","94.1600036621094","94.1600036621094","-1","..","UNKNOWN","ACEFYLLINE PIPERAZINE + DIPHENHYDRAMINE","General"
"1292","1304","goree crem","1","550","415","413.929992675781","7","..","UNKNOWN","ACEFYLLINE PIPERAZINE + DIPHENHYDRAMINE","General"
"1873","1820","Goree Glycerin","1","200","75","75","6","..","UNKNOWN","ACEFYLLINE PIPERAZINE + DIPHENHYDRAMINE","General"
"2334","7734","grace full cap","1","250","100","100","2","..","UNKNOWN","ACEFYLLINE PIPERAZINE + DIPHENHYDRAMINE","General"
"1279","1291","grasil 250 inj","1","250","150","150","1","..","UNKNOWN","ACEFYLLINE PIPERAZINE + DIPHENHYDRAMINE","General"
"989","994","grasil inj","1","146","126","126","1","..","UNKNOWN","ACEFYLLINE PIPERAZINE + DIPHENHYDRAMINE","General"
"631","629","Gravibinan 2 inj","1","730","630","629.799987792969","5","..","UNKNOWN","ACEFYLLINE PIPERAZINE + DIPHENHYDRAMINE","General"
"764","763","Gravibinan inj","1","415","359","359","3","..","UNKNOWN","ACEFYLLINE PIPERAZINE + DIPHENHYDRAMINE","General"
"502","500","Gravinate Liquid syp","1","97","84.6800003051758","84.6800003051758","5","..","UNKNOWN","ACEFYLLINE PIPERAZINE + DIPHENHYDRAMINE","General"
"1747","177487","gravinate tab","1","40","30","28.5","1","..","UNKNOWN","ACEFYLLINE PIPERAZINE + DIPHENHYDRAMINE","General"
"127","127","Grevinate inj","1","40","25","25","32","..","UNKNOWN","ACEFYLLINE PIPERAZINE + DIPHENHYDRAMINE","General"
"564","561","Gripe Water","1","140","119","118.419998168945","11","..","UNKNOWN","ACEFYLLINE PIPERAZINE + DIPHENHYDRAMINE","General"
"1330","1341","gtn cream","1","540","413","450.329986572266","2","..","UNKNOWN","ACEFYLLINE PIPERAZINE + DIPHENHYDRAMINE","General"
"826","825","gtn plus","1","590","491","491","1","..","UNKNOWN","ACEFYLLINE PIPERAZINE + DIPHENHYDRAMINE","General"
"79","79","Gynaecosid tab","1","130","112.449996948242","110.099998474121","6","..","UNKNOWN","ACEFYLLINE PIPERAZINE + DIPHENHYDRAMINE","General"
"1051","1055","gyno daktarine v","1","327.769989013672","283","283","2","..","UNKNOWN","ACEFYLLINE PIPERAZINE + DIPHENHYDRAMINE","General"
"848","847","gynosporin","1","138","121.440002441406","121.440002441406","0","..","UNKNOWN","ACEFYLLINE PIPERAZINE + DIPHENHYDRAMINE","General"
"837","836","gynosporin tab","1","138","121.440002441406","121.440002441406","0","..","UNKNOWN","ACEFYLLINE PIPERAZINE + DIPHENHYDRAMINE","General"
"891","893","haemaccel drop","1","1010","873","873","1","..","UNKNOWN","ACEFYLLINE PIPERAZINE + DIPHENHYDRAMINE","General"
"1378","1391","hair jel","1","600","400","400","0","..","UNKNOWN","ACEFYLLINE PIPERAZINE + DIPHENHYDRAMINE",""
"2009","1940","hair max spray","1","1070","884","884","1","..","UNKNOWN","ACEFYLLINE PIPERAZINE + DIPHENHYDRAMINE","General"
"2385","77779","HAIR PLUS OIL","1","300","195","195","6","..","UNKNOWN","ACEFYLLINE PIPERAZINE + DIPHENHYDRAMINE","General"
"1979","1909","hairfin tab","1","150","125","125","9","..","UNKNOWN","ACEFYLLINE PIPERAZINE + DIPHENHYDRAMINE","General"
"1961","18911","Hand and foot cream","1","450","300","300","0","..","UNKNOWN","ACEFYLLINE PIPERAZINE + DIPHENHYDRAMINE","General"
"872","880","hand santizer","1","250","200","200","0","..","UNKNOWN","ACEFYLLINE PIPERAZINE + DIPHENHYDRAMINE","General"
"529","527","Hapa Merz syrp","1","500","350","350","7","..","UNKNOWN","ACEFYLLINE PIPERAZINE + DIPHENHYDRAMINE","General"
"863","862","happy time","1","100","45","45","0","..","UNKNOWN","ACEFYLLINE PIPERAZINE + DIPHENHYDRAMINE","General"
"375","374","HCQ 200 TAB","1","185","160","160","3","..","UNKNOWN","ACEFYLLINE PIPERAZINE + DIPHENHYDRAMINE","General"
"783","782","Head  shouders","1","800","740","733.359985351563","0","..","UNKNOWN","ACEFYLLINE PIPERAZINE + DIPHENHYDRAMINE","General"
"2390","7784","HEAD AND SHOULDER IMPORTED","1","1500","1300","1300","6","..","UNKNOWN","ACEFYLLINE PIPERAZINE + DIPHENHYDRAMINE","General"
"1816","177555","Head and shoulder large","1","2200","1900","1900","1","..","UNKNOWN","ACEFYLLINE PIPERAZINE + DIPHENHYDRAMINE","General"
"2392","7786","HEAD AND SHOULDER THAILAND","1","600","500","500","3","..","UNKNOWN","ACEFYLLINE PIPERAZINE + DIPHENHYDRAMINE","General"
"1060","1064","head shoulder","1","470","435","430.899993896484","6","..","UNKNOWN","ACEFYLLINE PIPERAZINE + DIPHENHYDRAMINE","General"
"643","641","healit skin ointment","1","137","115","114.940002441406","19","..","UNKNOWN","ACEFYLLINE PIPERAZINE + DIPHENHYDRAMINE","General"
"1812","177551","Heaven Dove whiting cream","1","500","360","360","0","..","UNKNOWN","ACEFYLLINE PIPERAZINE + DIPHENHYDRAMINE","General"
"1612","17171","Hello Hair Shampoo","1","350","260","260","5","..","UNKNOWN","ACEFYLLINE PIPERAZINE + DIPHENHYDRAMINE","General"
"1815","177554","Hello Hair Shampoo Large","1","1050","900","900","0","..","UNKNOWN","ACEFYLLINE PIPERAZINE + DIPHENHYDRAMINE","General"
"2324","7724","Hepa merz inj","1","745","644","644","2","..","UNKNOWN","ACEFYLLINE PIPERAZINE + DIPHENHYDRAMINE","General"
"1395","1407","hepa merz syp","1","500","325","347.899993896484","1","..","UNKNOWN","ACEFYLLINE PIPERAZINE + DIPHENHYDRAMINE","General"
"531","529","Heptocam syrp","1","239","125","125","2","..","UNKNOWN","ACEFYLLINE PIPERAZINE + DIPHENHYDRAMINE","General"
"2106","2041","herbesser 30 tab","1","133","113","113","6","..","UNKNOWN","ACEFYLLINE PIPERAZINE + DIPHENHYDRAMINE","General"
"582","580","herbesser 30 tab","1","84","59","59","0","..","UNKNOWN","ACEFYLLINE PIPERAZINE + DIPHENHYDRAMINE","General"
"2105","2040","herbesser sr cap","1","353","302","302","1","..","UNKNOWN","ACEFYLLINE PIPERAZINE + DIPHENHYDRAMINE","General"
"2036","1968","herbion aloe vera face wash","1","495","400","400","0","..","UNKNOWN","ACEFYLLINE PIPERAZINE + DIPHENHYDRAMINE","General"
"2035","1967","herbion aloe vera shampoo","1","550","460","460","1","..","UNKNOWN","ACEFYLLINE PIPERAZINE + DIPHENHYDRAMINE","General"
"2033","1965","herbion inhaler","1","130","91.6699981689453","91.6699981689453","0","..","UNKNOWN","ACEFYLLINE PIPERAZINE + DIPHENHYDRAMINE","General"
"142","142","HEX 50 TAB","1","220","191","188.5","3","..","UNKNOWN","ACEFYLLINE PIPERAZINE + DIPHENHYDRAMINE","General"
"2197","4038","hfz chawal F WASHI","1","450","300","300","5","..","UNKNOWN","ACEFYLLINE PIPERAZINE + DIPHENHYDRAMINE","General"
"2163","4002","hfz vitamin c face wash","1","350","220","220","1","..","UNKNOWN","ACEFYLLINE PIPERAZINE + DIPHENHYDRAMINE","General"
"80","80","Hi lacta cap","1","460","302","302","7","..","UNKNOWN","ACEFYLLINE PIPERAZINE + DIPHENHYDRAMINE","General"
"858","858","HI PARADENT TOOTH PASTE","1","375","337.700012207031","337.700012207031","2","..","UNKNOWN","ACEFYLLINE PIPERAZINE + DIPHENHYDRAMINE","General"
"2399","9993","HICOBAL INJ","1","137","64.0999984741211","64.0999984741211","10","..","UNKNOWN","ACEFYLLINE PIPERAZINE + DIPHENHYDRAMINE","General"
"199","199","High C 1000 Sachets","1","25","18","18.0799999237061","120","..","UNKNOWN","ACEFYLLINE PIPERAZINE + DIPHENHYDRAMINE","General"
"364","362","HIlar cap","1","50","20","20","27","..","UNKNOWN","ACEFYLLINE PIPERAZINE + DIPHENHYDRAMINE","General"
"1656","17305","Hilgas syp","1","474","402","402","3","..","UNKNOWN","ACEFYLLINE PIPERAZINE + DIPHENHYDRAMINE","General"
"997","1002","himalaya facewash","1","500","375","371.859985351563","3","..","UNKNOWN","ACEFYLLINE PIPERAZINE + DIPHENHYDRAMINE","General"
"1849","18027","HIMALAYA SMALL","1","300","230","230","2","..","UNKNOWN","ACEFYLLINE PIPERAZINE + DIPHENHYDRAMINE","General"
"2312","77012","hinocam tab","1","173","75","75","4","..","UNKNOWN","ACEFYLLINE PIPERAZINE + DIPHENHYDRAMINE","General"
"2298","7698","hipar syrup","1","70","42","42","4","..","UNKNOWN","ACEFYLLINE PIPERAZINE + DIPHENHYDRAMINE","General"
"497","494","Histamol D SYP","1","140","119","119.330001831055","3","..","UNKNOWN","ACEFYLLINE PIPERAZINE + DIPHENHYDRAMINE","General"
"1834","18012","hivata lotion","1","289","252.179992675781","252.179992675781","2","..","UNKNOWN","ACEFYLLINE PIPERAZINE + DIPHENHYDRAMINE","General"
"1839","18017","hivata nasal spray","1","800","659","662.5","2","..","UNKNOWN","ACEFYLLINE PIPERAZINE + DIPHENHYDRAMINE","General"
"551","549","Hizovit syrp","1","62","54.560001373291","54.560001373291","0","..","UNKNOWN","ACEFYLLINE PIPERAZINE + DIPHENHYDRAMINE","General"
"1642","17201","holly hair remover spry","1","600","280","280","1","..","UNKNOWN","ACEFYLLINE PIPERAZINE + DIPHENHYDRAMINE","General"
"1254","1265","home care silicon","1","500","240","240","0","..","UNKNOWN","ACEFYLLINE PIPERAZINE + DIPHENHYDRAMINE","General"
"735","734","Honey 225g","1","320","290","290","0","..","UNKNOWN","ACEFYLLINE PIPERAZINE + DIPHENHYDRAMINE","General"
"431","429","Honey 300GM","1","510","448.799987792969","448.799987792969","0","..","UNKNOWN","ACEFYLLINE PIPERAZINE + DIPHENHYDRAMINE","General"
"733","732","Honey 480","1","795","660","660","0","..","UNKNOWN","ACEFYLLINE PIPERAZINE + DIPHENHYDRAMINE","General"
"734","733","Honey 80g","1","170","145","142.820007324219","7","..","UNKNOWN","ACEFYLLINE PIPERAZINE + DIPHENHYDRAMINE","General"
"1692","17434","Honey and Almonds Cream","1","250","160","160","6","..","UNKNOWN","ACEFYLLINE PIPERAZINE + DIPHENHYDRAMINE","General"
"2041","1973","honey hamdard large","1","850","710","710","0","..","UNKNOWN","ACEFYLLINE PIPERAZINE + DIPHENHYDRAMINE","General"
"2040","1972","honey hamdard small","1","200","160","160","0","..","UNKNOWN","ACEFYLLINE PIPERAZINE + DIPHENHYDRAMINE","General"
"1217","1229","honeyplus syrup","1","120","30","30","0","..","UNKNOWN","ACEFYLLINE PIPERAZINE + DIPHENHYDRAMINE","General"
"1704","17448","House care Air freshner","1","300","170","170","3","..","UNKNOWN","ACEFYLLINE PIPERAZINE + DIPHENHYDRAMINE","General"
"1020","1025","hp step","1","100","90","90","0","..","UNKNOWN","ACEFYLLINE PIPERAZINE + DIPHENHYDRAMINE","General"
"1808","177547","humulin 70 30","1","1663","1438.5","1438.5","1","..","UNKNOWN","ACEFYLLINE PIPERAZINE + DIPHENHYDRAMINE","General"
"2307","7707","hy cortisone 250 mg inj","1","276","171","171","2","..","UNKNOWN","ACEFYLLINE PIPERAZINE + DIPHENHYDRAMINE","General"
"2306","7706","hy cortisone 500 mg inj","1","503","312","312","3","..","UNKNOWN","ACEFYLLINE PIPERAZINE + DIPHENHYDRAMINE","General"
"1866","18047","hycortison 100 inj","1","160","114","114","1","..","UNKNOWN","ACEFYLLINE PIPERAZINE + DIPHENHYDRAMINE","General"
"1867","18048","hycortison 500 inj","1","490","323","323","2","..","UNKNOWN","ACEFYLLINE PIPERAZINE + DIPHENHYDRAMINE","General"
"426","424","Hydequin cream","1","130","110","110","0","..","UNKNOWN","ACEFYLLINE PIPERAZINE + DIPHENHYDRAMINE","General"
"647","645","hyderquine plus cream","1","175","151","149.149993896484","11","..","UNKNOWN","ACEFYLLINE PIPERAZINE + DIPHENHYDRAMINE","General"
"1977","1907","hydra care zetash","1","250","180","180","5","..","UNKNOWN","ACEFYLLINE PIPERAZINE + DIPHENHYDRAMINE","General"
"1317","1329","hydrex dm syp","1","80","45","45","2","..","UNKNOWN","ACEFYLLINE PIPERAZINE + DIPHENHYDRAMINE","General"
"1778","177517","Hydrex Emollient","1","325","286","286","2","..","UNKNOWN","ACEFYLLINE PIPERAZINE + DIPHENHYDRAMINE","General"
"2132","2071","hydrex syrup","1","150","50","50","0","..","UNKNOWN","ACEFYLLINE PIPERAZINE + DIPHENHYDRAMINE","General"
"1425","1521","hydrocortisone cream","1","58","49","49","6","..","UNKNOWN","ACEFYLLINE PIPERAZINE + DIPHENHYDRAMINE","General"
"815","814","hydrozol cream","1","300","264","263.700012207031","1","..","UNKNOWN","ACEFYLLINE PIPERAZINE + DIPHENHYDRAMINE","General"
"501","498","Hydryllin DM SYP","1","200","164.880004882813","164.860000610352","4","..","UNKNOWN","ACEFYLLINE PIPERAZINE + DIPHENHYDRAMINE","General"
"500","497","Hydryllin syp","1","175","136.830001831055","139.259994506836","6","..","UNKNOWN","ACEFYLLINE PIPERAZINE + DIPHENHYDRAMINE","General"
"119","119","Hydrylline syrP","1","139","138.300003051758","138.300003051758","2","..","UNKNOWN","ACEFYLLINE PIPERAZINE + DIPHENHYDRAMINE","General"
"2430","8017","hygiene pro gloves","1","100","50","50","0","..","UNKNOWN","ACEFYLLINE PIPERAZINE + DIPHENHYDRAMINE","General"
"513","511","Hylaxia syp","1","295","235","235","2","..","UNKNOWN","ACEFYLLINE PIPERAZINE + DIPHENHYDRAMINE","General"
"1087","1095","hylixia cough drop","1","240","201.600006103516","201.600006103516","4","..","UNKNOWN","ACEFYLLINE PIPERAZINE + DIPHENHYDRAMINE","General"
"512","510","Hylixia plus syp","1","275","242","242","0","..","UNKNOWN","ACEFYLLINE PIPERAZINE + DIPHENHYDRAMINE","General"
"2313","7713","i fresh eye drop","1","150","117","117","3","..","UNKNOWN","ACEFYLLINE PIPERAZINE + DIPHENHYDRAMINE","General"
"545","543","Iberet 500 syrp","1","180","155","153.720001220703","8","","UNKNOWN","ABC","General"
"389","388","Iberet folic tab","1","380","330","330","5","..","UNKNOWN","ACEFYLLINE PIPERAZINE + DIPHENHYDRAMINE","General"
"472","470","Ice Touch syrp","1","160","112","112","0","..","UNKNOWN","ACEFYLLINE PIPERAZINE + DIPHENHYDRAMINE","General"
"599","597","Icef 100 syp","1","250","211","211","0","..","UNKNOWN","ACEFYLLINE PIPERAZINE + DIPHENHYDRAMINE","General"
"2203","7304","icon 100mg tab","1","394","342","342","4","..","UNKNOWN","ACEFYLLINE PIPERAZINE + DIPHENHYDRAMINE","General"
"2266","7666","IH MAMA MILKE","1","1550","1250","1250","1","..","UNKNOWN","ACEFYLLINE PIPERAZINE + DIPHENHYDRAMINE","General"
"1199","1210","imatet inj","1","100","70","70.5400009155273","43","..","UNKNOWN","ACEFYLLINE PIPERAZINE + DIPHENHYDRAMINE","General"
"419","417","Imodium cap","1","6","5.5","5.5","5","..","UNKNOWN","ACEFYLLINE PIPERAZINE + DIPHENHYDRAMINE","General"
"230","230","inderal 1o tab","1","80","71","71","6","..","UNKNOWN","ACEFYLLINE PIPERAZINE + DIPHENHYDRAMINE","General"
"231","231","inderal 40 tab","1","150","130","130","5","..","UNKNOWN","ACEFYLLINE PIPERAZINE + DIPHENHYDRAMINE","General"
"876","874","indian omeprazole","1","80","50","50","0","..","UNKNOWN","ACEFYLLINE PIPERAZINE + DIPHENHYDRAMINE","General"
"1","1","indrop d","1","450","354.5","354.5","2","","UNKNOWN","ABC","General"
"602","600","Indrop D inj","1","313","258","261","7","..","UNKNOWN","ACEFYLLINE PIPERAZINE + DIPHENHYDRAMINE","General"
"49","49","Infazith 250 tab","1","258.350006103516","150","188.679992675781","0","..","UNKNOWN","ACEFYLLINE PIPERAZINE + DIPHENHYDRAMINE","General"
"1039","1043","infazith 500 tab","1","473","270","270","0","..","UNKNOWN","ACEFYLLINE PIPERAZINE + DIPHENHYDRAMINE","General"
"145","145","Inflamatix 100 tab","1","120","100","100","7","..","UNKNOWN","ACEFYLLINE PIPERAZINE + DIPHENHYDRAMINE","General"
"146","146","Inflamatix SR  TAB","1","400","363","363","2","..","UNKNOWN","ACEFYLLINE PIPERAZINE + DIPHENHYDRAMINE","General"
"1360","1372","inj qbal","1","50","30","30","0","..","UNKNOWN","ACEFYLLINE PIPERAZINE + DIPHENHYDRAMINE","General"
"1623","17182","inocef 250 inj","1","200","136","136","0","..","UNKNOWN","ACEFYLLINE PIPERAZINE + DIPHENHYDRAMINE","General"
"1622","17181","inocef 500 inj","1","300","204","204","2","..","UNKNOWN","ACEFYLLINE PIPERAZINE + DIPHENHYDRAMINE","General"
"916","917","inosita 50x1000 tab","1","283","202","202","6","..","UNKNOWN","ACEFYLLINE PIPERAZINE + DIPHENHYDRAMINE","General"
"286","283","Inosita plus 50 500 tab","1","310","201.5","216","11","..","UNKNOWN","ACEFYLLINE PIPERAZINE + DIPHENHYDRAMINE","General"
"1450","1603","inosita xr 50 1000","1","460","387","387","2","..","UNKNOWN","ACEFYLLINE PIPERAZINE + DIPHENHYDRAMINE","General"
"2019","1951","inosita xr 50 500 tab","1","425","357","357","0","..","UNKNOWN","ACEFYLLINE PIPERAZINE + DIPHENHYDRAMINE","General"
"574","572","insoget 70 30 inj","1","900","781.5","780.52001953125","4","..","UNKNOWN","ACEFYLLINE PIPERAZINE + DIPHENHYDRAMINE","General"
"925","926","intig d tab","1","165","144","144","2","..","UNKNOWN","ACEFYLLINE PIPERAZINE + DIPHENHYDRAMINE","General"
"2008","1939","Ipneb solution","1","185","157","157","0","..","UNKNOWN","ACEFYLLINE PIPERAZINE + DIPHENHYDRAMINE","General"
"2093","2026","iron on baby drop","1","345","180","180","2","..","UNKNOWN","ACEFYLLINE PIPERAZINE + DIPHENHYDRAMINE","General"
"1737","174477","Isha Glow Cream","1","500","280","280","1","..","UNKNOWN","ACEFYLLINE PIPERAZINE + DIPHENHYDRAMINE","General"
"1563","17113","Ishma beauty cream","1","300","220","219.289993286133","4","..","UNKNOWN","ACEFYLLINE PIPERAZINE + DIPHENHYDRAMINE","General"
"1609","17159","ishma cream","1","300","250","250","0","..","UNKNOWN","ACEFYLLINE PIPERAZINE + DIPHENHYDRAMINE","General"
"1610","17160","ishma face wash","1","250","145","170","0","..","UNKNOWN","ACEFYLLINE PIPERAZINE + DIPHENHYDRAMINE","General"
"1791","177530","Ishma Herbal spray","1","250","215","210","3","..","UNKNOWN","ACEFYLLINE PIPERAZINE + DIPHENHYDRAMINE","General"
"1853","18033","ISHMA OIL","1","500","395","395","1","..","UNKNOWN","ACEFYLLINE PIPERAZINE + DIPHENHYDRAMINE","General"
"2287","7687","isna goldlee cream","1","500","252","257.329986572266","3","..","UNKNOWN","ACEFYLLINE PIPERAZINE + DIPHENHYDRAMINE","General"
"1165","1176","ispaghil 25 mg","1","220","172.610000610352","171.339996337891","17","..","UNKNOWN","ACEFYLLINE PIPERAZINE + DIPHENHYDRAMINE","General"
"1652","17301","Ispaghol Husk","1","220","170","170","7","..","UNKNOWN","ACEFYLLINE PIPERAZINE + DIPHENHYDRAMINE","General"
"1163","1174","ispaghol jar","1","800","582","574.159973144531","9","..","UNKNOWN","ACEFYLLINE PIPERAZINE + DIPHENHYDRAMINE","General"
"1166","1177","ispaghol sashia","1","30","23","23","0","..","UNKNOWN","ACEFYLLINE PIPERAZINE + DIPHENHYDRAMINE","General"
"1913","1861","italia oil","1","600","470","470","0","..","UNKNOWN","ACEFYLLINE PIPERAZINE + DIPHENHYDRAMINE","General"
"333","332","Itocraft 50 mg","1","220","187","187","0","..","UNKNOWN","ACEFYLLINE PIPERAZINE + DIPHENHYDRAMINE","General"
"331","330","ITP oD 150 TAB","1","460","368","368","0","..","UNKNOWN","ACEFYLLINE PIPERAZINE + DIPHENHYDRAMINE","General"
"1684","17408","ITP tab","1","510","306","306","1","..","UNKNOWN","ACEFYLLINE PIPERAZINE + DIPHENHYDRAMINE","General"
"852","851","iv set","1","60","22.5","24.2700004577637","87","..","UNKNOWN","ACEFYLLINE PIPERAZINE + DIPHENHYDRAMINE","General"
"2228","7628","ivcrmitec 6 mg tab","1","450","383","383","1","..","UNKNOWN","ACEFYLLINE PIPERAZINE + DIPHENHYDRAMINE","General"
"951","955","ivf c 5000 inj","1","4999","4199","4199","0","..","UNKNOWN","ACEFYLLINE PIPERAZINE + DIPHENHYDRAMINE","General"
"2022","1954","ivf c inj 5000iu","1","4941","4115","4115","1","..","UNKNOWN","ACEFYLLINE PIPERAZINE + DIPHENHYDRAMINE","General"
"845","844","ivy kop drops","1","180","100","100","5","..","UNKNOWN","ACEFYLLINE PIPERAZINE + DIPHENHYDRAMINE","General"
"1520","1688","jamun vinegar","1","495","430","430","2","..","UNKNOWN","ACEFYLLINE PIPERAZINE + DIPHENHYDRAMINE","General"
"1794","177533","Janan spry","1","500","150","150","2","..","UNKNOWN","ACEFYLLINE PIPERAZINE + DIPHENHYDRAMINE","General"
"911","912","jetepar","1","436","403","403","1","..","UNKNOWN","ACEFYLLINE PIPERAZINE + DIPHENHYDRAMINE","General"
"2213","7314","jetepar cap","1","230","200","200","1","..","UNKNOWN","ACEFYLLINE PIPERAZINE + DIPHENHYDRAMINE","General"
"1332","1343","jeteper inj 1o ml","1","100","84.5999984741211","85.8600006103516","4","..","UNKNOWN","ACEFYLLINE PIPERAZINE + DIPHENHYDRAMINE","General"
"1333","1344","jeteper inj 2 ml","1","30","24","24","10","..","UNKNOWN","ACEFYLLINE PIPERAZINE + DIPHENHYDRAMINE","General"
"1562","17112","jhalak beauty cream","1","360","210","210","0","..","UNKNOWN","ACEFYLLINE PIPERAZINE + DIPHENHYDRAMINE","General"
"1890","1837","Jhalak Face wash","1","300","160","160","0","..","UNKNOWN","ACEFYLLINE PIPERAZINE + DIPHENHYDRAMINE","General"
"1616","17175","joh wipes","1","250","150","150","5","..","UNKNOWN","ACEFYLLINE PIPERAZINE + DIPHENHYDRAMINE","General"
"1882","1829","Johen Whiting Rice Face wash","1","500","250","250","1","..","UNKNOWN","ACEFYLLINE PIPERAZINE + DIPHENHYDRAMINE","General"
"1627","17186","johnson  100 ml shampo","1","400","350","344","0","..","UNKNOWN","ACEFYLLINE PIPERAZINE + DIPHENHYDRAMINE","General"
"2127","2066","johnson baby oil 125 ml","1","750","590","590","2","..","UNKNOWN","ACEFYLLINE PIPERAZINE + DIPHENHYDRAMINE","General"
"1892","1839","Johnson baby powder","1","400","280","280","1","..","UNKNOWN","ACEFYLLINE PIPERAZINE + DIPHENHYDRAMINE","General"
"2029","1961","johnson lotion 200 ml large","1","650","550","550","1","..","UNKNOWN","ACEFYLLINE PIPERAZINE + DIPHENHYDRAMINE","General"
"1671","17389","johnson oile","1","700","600","600","2","..","UNKNOWN","ACEFYLLINE PIPERAZINE + DIPHENHYDRAMINE","General"
"1698","17442","Johnson Shampoo 200 ml","1","800","530","530","1","..","UNKNOWN","ACEFYLLINE PIPERAZINE + DIPHENHYDRAMINE","General"
"1298","1310","johnson soof","1","250","190","190","0","..","UNKNOWN","ACEFYLLINE PIPERAZINE + DIPHENHYDRAMINE","General"
"1296","1308","johnssn baby lotion\","1","500","320","366.670013427734","4","..","UNKNOWN","ACEFYLLINE PIPERAZINE + DIPHENHYDRAMINE","General"
"861","0","josh","1","150","61.6599998474121","66.8600006103516","68","..","UNKNOWN","ACEFYLLINE PIPERAZINE + DIPHENHYDRAMINE","General"
"1167","1178","joshanda humdard","1","25","18.6599998474121","18.6599998474121","11","..","UNKNOWN","ACEFYLLINE PIPERAZINE + DIPHENHYDRAMINE","General"
"2042","1974","joshanda instant","1","25","20","20","19","..","UNKNOWN","ACEFYLLINE PIPERAZINE + DIPHENHYDRAMINE","General"
"1346","1358","joshanda pokat","1","25","14","18.2700004577637","37","..","UNKNOWN","ACEFYLLINE PIPERAZINE + DIPHENHYDRAMINE","General"
"612","610","K- kort inj","1","150","127","120.860000610352","5","..","UNKNOWN","ACEFYLLINE PIPERAZINE + DIPHENHYDRAMINE","General"
"901","902","kain","1","100","84","84","0","..","UNKNOWN","ACEFYLLINE PIPERAZINE + DIPHENHYDRAMINE","General"
"2271","7671","kalv sachet","1","50","41.2900009155273","41.2900009155273","0","..","UNKNOWN","ACEFYLLINE PIPERAZINE + DIPHENHYDRAMINE","General"
"737","736","Kamedex inj","1","20","8","8","0","..","UNKNOWN","ACEFYLLINE PIPERAZINE + DIPHENHYDRAMINE","General"
"416","415","Kamic Forte tab","1","55","40.9500007629395","40.9500007629395","2","..","UNKNOWN","ACEFYLLINE PIPERAZINE + DIPHENHYDRAMINE","General"
"418","UNK00076","Kamic Forte tab","1","50","37","37","0","..","UNKNOWN","ACEFYLLINE PIPERAZINE + DIPHENHYDRAMINE","General"
"423","421","Kamic tab","1","30","25","25","69","..","UNKNOWN","ACEFYLLINE PIPERAZINE + DIPHENHYDRAMINE","General"
"1263","1274","kampro tab","1","130","110","102","15","..","UNKNOWN","ACEFYLLINE PIPERAZINE + DIPHENHYDRAMINE","General"
"98","98","Kanadex n cream","1","100","44","43.9199981689453","10","..","UNKNOWN","ACEFYLLINE PIPERAZINE + DIPHENHYDRAMINE","General"
"889","891","Kanadex tab","1","20","10","10","49","..","UNKNOWN","ACEFYLLINE PIPERAZINE + DIPHENHYDRAMINE","General"
"2017","1949","kanazym syup","1","140","55","55","4","..","UNKNOWN","ACEFYLLINE PIPERAZINE + DIPHENHYDRAMINE","General"
"819","818","karack cream","1","130","114.400001525879","114.400001525879","0","..","UNKNOWN","ACEFYLLINE PIPERAZINE + DIPHENHYDRAMINE","General"
"207","207","Kempro tab","1","120","103","103","3","..","UNKNOWN","ACEFYLLINE PIPERAZINE + DIPHENHYDRAMINE","General"
"928","931","kenacomb cream","1","395","343","343.640014648438","11","..","UNKNOWN","ACEFYLLINE PIPERAZINE + DIPHENHYDRAMINE","General"
"177","177","kestine 10 tab","1","150","129","129","1","..","UNKNOWN","ACEFYLLINE PIPERAZINE + DIPHENHYDRAMINE","General"
"2120","2059","kestine syrup","1","232","200","200","1","..","UNKNOWN","ACEFYLLINE PIPERAZINE + DIPHENHYDRAMINE","General"
"1142","1152","khatooni syrup","1","160","122","122","2","..","UNKNOWN","ACEFYLLINE PIPERAZINE + DIPHENHYDRAMINE","General"
"139","139","khopraa candy 1 (Kims)","1","150","125","125","0","","UNKNOWN","ABC","General"
"2175","4014","king tox mashine","1","600","480","478.75","2","..","UNKNOWN","ACEFYLLINE PIPERAZINE + DIPHENHYDRAMINE","General"
"1488","1657","kingtax spry","1","400","345","342.119995117188","10","..","UNKNOWN","ACEFYLLINE PIPERAZINE + DIPHENHYDRAMINE","General"
"2185","4026","KINGTOX LIQUID REFILL","1","350","250","250","9","..","UNKNOWN","ACEFYLLINE PIPERAZINE + DIPHENHYDRAMINE","General"
"2220","7521","Kingtox repellent coil","1","100","80","80","0","..","UNKNOWN","ACEFYLLINE PIPERAZINE + DIPHENHYDRAMINE","General"
"1814","177553","Kingtox spray large","1","750","670","670","3","..","UNKNOWN","ACEFYLLINE PIPERAZINE + DIPHENHYDRAMINE","General"
"1413","1507","kintax spray","1","450","350","350","0","..","UNKNOWN","ACEFYLLINE PIPERAZINE + DIPHENHYDRAMINE","General"
"591","589","Klaricd 60 syp","1","560","485","485","1","..","UNKNOWN","ACEFYLLINE PIPERAZINE + DIPHENHYDRAMINE","General"
"1159","1170","klaricd drop","1","281","250","250","2","..","UNKNOWN","ACEFYLLINE PIPERAZINE + DIPHENHYDRAMINE","General"
"1341","1353","klaricid 250 mg tab","1","530","450.5","450.5","0","..","UNKNOWN","ACEFYLLINE PIPERAZINE + DIPHENHYDRAMINE","General"
"1340","1352","klaricid 500 tab","1","990","856","836.75","2","..","UNKNOWN","ACEFYLLINE PIPERAZINE + DIPHENHYDRAMINE","General"
"566","563","kleen Enema","1","250","201.830001831055","201.830001831055","3","..","UNKNOWN","ACEFYLLINE PIPERAZINE + DIPHENHYDRAMINE","General"
"1755","177495","Knee Support","1","150","85","65.7099990844727","7","..","UNKNOWN","ACEFYLLINE PIPERAZINE + DIPHENHYDRAMINE","General"
"1424","1520","krack cream","1","130","114.400001525879","114.400001525879","1","..","UNKNOWN","ACEFYLLINE PIPERAZINE + DIPHENHYDRAMINE","General"
"2395","7789","KROTAM 325  37.5 MG TAB","1","250","176","176","2","..","UNKNOWN","ACEFYLLINE PIPERAZINE + DIPHENHYDRAMINE","General"
"2214","7315","Lacolap 100 mg","1","422","357","356.75","0","..","UNKNOWN","ACEFYLLINE PIPERAZINE + DIPHENHYDRAMINE","General"
"2215","7416","lacolap 50 mg tab","1","580","486.390014648438","486.390014648438","0","..","UNKNOWN","ACEFYLLINE PIPERAZINE + DIPHENHYDRAMINE","General"
"1738","174478","Lactable 1","1","750","717","717","0","..","UNKNOWN","ACEFYLLINE PIPERAZINE + DIPHENHYDRAMINE","General"
"1739","174479","Lactable 1","1","800","736","736","0","..","UNKNOWN","ACEFYLLINE PIPERAZINE + DIPHENHYDRAMINE","General"
"2002","1933","lactable 1 400 g","1","1500","1400","1400","1","..","UNKNOWN","ACEFYLLINE PIPERAZINE + DIPHENHYDRAMINE","General"
"1740","177480","Lactable 2","1","800","710","710","0","..","UNKNOWN","ACEFYLLINE PIPERAZINE + DIPHENHYDRAMINE","General"
"1871","1807","lactable more 3","1","730","700","700","1","..","UNKNOWN","ACEFYLLINE PIPERAZINE + DIPHENHYDRAMINE","General"
"200","200","Lactogen 1 200 MG","1","750","691.099975585938","691.549987792969","7","..","UNKNOWN","ACEFYLLINE PIPERAZINE + DIPHENHYDRAMINE","General"
"456","454","lactogen 1 400 MG","1","1500","1415","1415","1","..","UNKNOWN","ACEFYLLINE PIPERAZINE + DIPHENHYDRAMINE","General"
"457","455","Lactogen 2 200 MG","1","750","695","693.669982910156","3","..","UNKNOWN","ACEFYLLINE PIPERAZINE + DIPHENHYDRAMINE","General"
"458","456","lACTOGEN 2 400 MG","1","1500","1382","1382","2","..","UNKNOWN","ACEFYLLINE PIPERAZINE + DIPHENHYDRAMINE","General"
"459","457","LACTOGEN 3 200 MG","1","750","691","691","4","..","UNKNOWN","ACEFYLLINE PIPERAZINE + DIPHENHYDRAMINE","General"
"460","458","Lactogen 3 400  MG","1","1500","1422","1422","0","..","UNKNOWN","ACEFYLLINE PIPERAZINE + DIPHENHYDRAMINE","General"
"1135","1144","lactogen 800 mg","1","3000","2764.69995117188","2764.69995117188","1","..","UNKNOWN","ACEFYLLINE PIPERAZINE + DIPHENHYDRAMINE","General"
"454","452","Lactogen recover","1","800","770","765.75","3","..","UNKNOWN","ACEFYLLINE PIPERAZINE + DIPHENHYDRAMINE","General"
"1426","1530","lagita advance","1","280","242","242","2","..","UNKNOWN","ACEFYLLINE PIPERAZINE + DIPHENHYDRAMINE","General"
"509","507","Lal Sharbat syp","1","190","150","150","6","..","UNKNOWN","ACEFYLLINE PIPERAZINE + DIPHENHYDRAMINE","General"
"1972","1902","lalap 100 mg tab","1","351.25","295.5","295.5","0","..","UNKNOWN","ACEFYLLINE PIPERAZINE + DIPHENHYDRAMINE","General"
"1973","1903","Lalap 500 mg tab","1","210","177.350006103516","177.350006103516","0","..","UNKNOWN","ACEFYLLINE PIPERAZINE + DIPHENHYDRAMINE","General"
"1399","1411","langzofin syp","1","150","132","132","1","..","UNKNOWN","ACEFYLLINE PIPERAZINE + DIPHENHYDRAMINE","General"
"1364","1376","lanoxin tab","1","91","79","79","3","..","UNKNOWN","ACEFYLLINE PIPERAZINE + DIPHENHYDRAMINE","General"
"1529","1697","lansor 30 cap","1","170","87","87","4","..","UNKNOWN","ACEFYLLINE PIPERAZINE + DIPHENHYDRAMINE","General"
"1686","17410","lantus insuline","1","1726","800","800","7","..","UNKNOWN","ACEFYLLINE PIPERAZINE + DIPHENHYDRAMINE","General"
"391","389","Lasix 20 tab","1","30","22","21.0699996948242","26","..","UNKNOWN","ACEFYLLINE PIPERAZINE + DIPHENHYDRAMINE","General"
"393","391","Lasix 40 tab","1","38.4000015258789","37","36.0499992370605","9","..","UNKNOWN","ACEFYLLINE PIPERAZINE + DIPHENHYDRAMINE","General"
"1362","1374","lasix inj\","1","30","11.3400001525879","11.1999998092651","51","..","UNKNOWN","ACEFYLLINE PIPERAZINE + DIPHENHYDRAMINE","General"
"1307","1319","lasoride tab","1","97","63","63","0","..","UNKNOWN","ACEFYLLINE PIPERAZINE + DIPHENHYDRAMINE","General"
"253","253","LAxoberon drop","1","150","130","130","2","..","UNKNOWN","ACEFYLLINE PIPERAZINE + DIPHENHYDRAMINE","General"
"709","707","Laxoberon drops","1","67","58.9599990844727","58.9599990844727","0","..","UNKNOWN","ACEFYLLINE PIPERAZINE + DIPHENHYDRAMINE","General"
"4","4","laxoberon syrp","1","250","212","212","5","","UNKNOWN","ABC","General"
"18","18","laxoberon tab","1","80","68","67.8899993896484","16","","UNKNOWN","ABC","General"
"1421","1517","lazma cream","1","250","213","216.5","2","..","UNKNOWN","ACEFYLLINE PIPERAZINE + DIPHENHYDRAMINE","General"
"810","809","lazma cream","1","315","277.200012207031","277.200012207031","0","..","UNKNOWN","ACEFYLLINE PIPERAZINE + DIPHENHYDRAMINE","General"
"536","534","LEDERPLEX SYRP","1","230","196.75","194.220001220703","8","..","UNKNOWN","ACEFYLLINE PIPERAZINE + DIPHENHYDRAMINE","General"
"51","51","Leflox 250 tab","1","340","294","294","5","..","UNKNOWN","ACEFYLLINE PIPERAZINE + DIPHENHYDRAMINE","General"
"50","50","Leflox 500 tab","1","550","476","474.630004882813","2","..","UNKNOWN","ACEFYLLINE PIPERAZINE + DIPHENHYDRAMINE","General"
"1304","1316","lemagel syp","1","135","47","46.75","7","..","UNKNOWN","ACEFYLLINE PIPERAZINE + DIPHENHYDRAMINE","General"
"2053","1985","lemon wax zeetash","1","250","150","150","0","..","UNKNOWN","ACEFYLLINE PIPERAZINE + DIPHENHYDRAMINE","General"
"359","357","Lepride 25 tab","1","150","117","117","8","..","UNKNOWN","ACEFYLLINE PIPERAZINE + DIPHENHYDRAMINE","General"
"1334","1345","lepride 50 mg tab","1","225","160","160","5","..","UNKNOWN","ACEFYLLINE PIPERAZINE + DIPHENHYDRAMINE","General"
"2027","1959","lerce 500 mg tab","1","350","293.25","271.260009765625","7","..","UNKNOWN","ACEFYLLINE PIPERAZINE + DIPHENHYDRAMINE","General"
"900","901","letar","1","160","135","135","0","..","UNKNOWN","ACEFYLLINE PIPERAZINE + DIPHENHYDRAMINE","General"
"1313","1325","letrix syp","1","62","42","42","0","..","UNKNOWN","ACEFYLLINE PIPERAZINE + DIPHENHYDRAMINE","General"
"118","118","LevijOn syrp","1","345","298","298","0","..","UNKNOWN","ACEFYLLINE PIPERAZINE + DIPHENHYDRAMINE","General"
"1337","1349","levo 250 tab\","1","244","111","110.330001831055","0","..","UNKNOWN","ACEFYLLINE PIPERAZINE + DIPHENHYDRAMINE","General"
"1338","1350","levo 500 tab","1","330","148","151.570007324219","6","..","UNKNOWN","ACEFYLLINE PIPERAZINE + DIPHENHYDRAMINE","General"
"2254","7654","levocil 250 mg tab","1","266","117","117","0","..","UNKNOWN","ACEFYLLINE PIPERAZINE + DIPHENHYDRAMINE","General"
"2255","7655","levocil 500 mg tab","1","467","210","210","1","..","UNKNOWN","ACEFYLLINE PIPERAZINE + DIPHENHYDRAMINE","General"
"2015","1946","levomerc 250 mg tab","1","300","255","255","0","..","UNKNOWN","ACEFYLLINE PIPERAZINE + DIPHENHYDRAMINE","General"
"2016","1947","levomerc 500 mg tab","1","446","379","379","0","..","UNKNOWN","ACEFYLLINE PIPERAZINE + DIPHENHYDRAMINE","General"
"361","359","Levopraid 50 tab","1","377.5","320","321.329986572266","0","..","UNKNOWN","ACEFYLLINE PIPERAZINE + DIPHENHYDRAMINE","General"
"360","358","Levoprid 25mg","1","268","223","179.380004882813","7","","UNKNOWN","ABC","General"
"1311","1323","levoxin 250 tab","1","310","263","263","0","..","UNKNOWN","ACEFYLLINE PIPERAZINE + DIPHENHYDRAMINE","General"
"1312","1324","levoxin 500mg tab","1","455","303","303","0","..","UNKNOWN","ACEFYLLINE PIPERAZINE + DIPHENHYDRAMINE","General"
"648","646","lexotanil 3mg tab","1","150","110","109.800003051758","16","..","UNKNOWN","ACEFYLLINE PIPERAZINE + DIPHENHYDRAMINE","General"
"1495","1664","librex tab","1","100","92","91.6800003051758","14","..","UNKNOWN","ACEFYLLINE PIPERAZINE + DIPHENHYDRAMINE","General"
"1844","18022","lichen collar shampoo","1","1000","790","790","0","..","UNKNOWN","ACEFYLLINE PIPERAZINE + DIPHENHYDRAMINE","General"
"2275","7675","lichen colour sachet","1","100","59","59","10","..","UNKNOWN","ACEFYLLINE PIPERAZINE + DIPHENHYDRAMINE","General"
"769","768","LICO FEN CAP","1","220","187","187","0","..","UNKNOWN","ACEFYLLINE PIPERAZINE + DIPHENHYDRAMINE","General"
"12","12","Liconil cream","1","250","212","212","5","","UNKNOWN","ABC","General"
"2138","3077","licure cap","1","150","55","55","7","..","UNKNOWN","ACEFYLLINE PIPERAZINE + DIPHENHYDRAMINE","General"
"685","683","Lidosporin Ear drops","1","118","100","92.6500015258789","10","..","UNKNOWN","ACEFYLLINE PIPERAZINE + DIPHENHYDRAMINE","General"
"109","109","Lidosporine ear drop","1","50","44.7400016784668","44.7400016784668","0","..","UNKNOWN","ACEFYLLINE PIPERAZINE + DIPHENHYDRAMINE","General"
"1005","1010","lifeboy shampoo","1","620","570","565.510009765625","4","..","UNKNOWN","ACEFYLLINE PIPERAZINE + DIPHENHYDRAMINE","General"
"1393","1405","lifebuoy smal","1","320","295","298.769989013672","6","..","UNKNOWN","ACEFYLLINE PIPERAZINE + DIPHENHYDRAMINE","General"
"1374","1387","lifebuoy soap","1","130","120","119.349998474121","14","..","UNKNOWN","ACEFYLLINE PIPERAZINE + DIPHENHYDRAMINE","General"
"1112","1121","lignocaine gel","1","63","55","55","7","..","UNKNOWN","ACEFYLLINE PIPERAZINE + DIPHENHYDRAMINE","General"
"451","449","Lilac syp","1","280","254","248.330001831055","5","..","UNKNOWN","ACEFYLLINE PIPERAZINE + DIPHENHYDRAMINE","General"
"40","40","Lincocin 500 cap","1","88.7399978637695","78.0899963378906","78.0899963378906","0","..","UNKNOWN","ACEFYLLINE PIPERAZINE + DIPHENHYDRAMINE","General"
"1169","1180","lincomycin otc","1","50","26","26","0","..","UNKNOWN","ACEFYLLINE PIPERAZINE + DIPHENHYDRAMINE","General"
"866","865","lip gloss","1","100","70","70","0","..","UNKNOWN","ACEFYLLINE PIPERAZINE + DIPHENHYDRAMINE","General"
"1823","177562","lip oil origional","1","150","110","106.669998168945","13","..","UNKNOWN","ACEFYLLINE PIPERAZINE + DIPHENHYDRAMINE","General"
"327","324","Lipiget 10 tab","1","330","285","285","6","..","UNKNOWN","ACEFYLLINE PIPERAZINE + DIPHENHYDRAMINE","General"
"326","323","Lipiget 20 tab","1","499","424.149993896484","424.149993896484","1","..","UNKNOWN","ACEFYLLINE PIPERAZINE + DIPHENHYDRAMINE","General"
"2062","1995","lipiget ez 10 10 mg","1","470","406","406","0","..","UNKNOWN","ACEFYLLINE PIPERAZINE + DIPHENHYDRAMINE","General"
"2061","1994","lipiget ez 10 20 mg tab","1","525","454.130004882813","454.130004882813","1","..","UNKNOWN","ACEFYLLINE PIPERAZINE + DIPHENHYDRAMINE","General"
"2227","7627","lipiget ez 10by 10","1","470","406","406","1","..","UNKNOWN","ACEFYLLINE PIPERAZINE + DIPHENHYDRAMINE","General"
"1428","1532","lochol 10mg tab","1","290","246","246","3","..","UNKNOWN","ACEFYLLINE PIPERAZINE + DIPHENHYDRAMINE","General"
"1880","1827","Lodopin 10 mg tab","1","116.5","101","101","3","..","UNKNOWN","ACEFYLLINE PIPERAZINE + DIPHENHYDRAMINE","General"
"312","309","Lodopin 5 tab\","1","87","78.25","78.25","3","..","UNKNOWN","ACEFYLLINE PIPERAZINE + DIPHENHYDRAMINE","General"
"930","933","lodopin v 5 160 mg tab","1","444","340","340","1","..","UNKNOWN","ACEFYLLINE PIPERAZINE + DIPHENHYDRAMINE","General"
"1055","1059","lodopin v 5 80 mg tab","1","311","264","264","0","..","UNKNOWN","ACEFYLLINE PIPERAZINE + DIPHENHYDRAMINE","General"
"1195","1206","loprin 150 tab","1","32","28","28","2","..","UNKNOWN","ACEFYLLINE PIPERAZINE + DIPHENHYDRAMINE","General"
"313","310","Loprin 75 tab","1","30","23.6299991607666","23.6299991607666","21","..","UNKNOWN","ACEFYLLINE PIPERAZINE + DIPHENHYDRAMINE","General"
"664","662","Loprot 40 inj","1","399","200","200","0","..","UNKNOWN","ACEFYLLINE PIPERAZINE + DIPHENHYDRAMINE","General"
"368","366","Loptot 40 cap","1","180","144","144","0","..","UNKNOWN","ACEFYLLINE PIPERAZINE + DIPHENHYDRAMINE","General"
"2398","7792","LORID SYP","1","85","59.8300018310547","59.8300018310547","6","..","UNKNOWN","ACEFYLLINE PIPERAZINE + DIPHENHYDRAMINE","General"
"1193","1204","lorin nsa  syp","1","71","64","63.5699996948242","4","..","UNKNOWN","ACEFYLLINE PIPERAZINE + DIPHENHYDRAMINE","General"
"972","977","lorin nsa tab","1","170","142","142","5","..","UNKNOWN","ACEFYLLINE PIPERAZINE + DIPHENHYDRAMINE","General"
"307","304","Losanta 25 tab","1","100","88","88","1","..","UNKNOWN","ACEFYLLINE PIPERAZINE + DIPHENHYDRAMINE","General"
"652","650","losanta 50 tab","1","199","164","164","6","..","UNKNOWN","ACEFYLLINE PIPERAZINE + DIPHENHYDRAMINE","General"
"308","305","Losanta DiU 50 12,5 TAB","1","265","230","230","4","..","UNKNOWN","ACEFYLLINE PIPERAZINE + DIPHENHYDRAMINE","General"
"679","677","Lotrix lotion","1","154","140","140","0","..","UNKNOWN","ACEFYLLINE PIPERAZINE + DIPHENHYDRAMINE","General"
"335","335","LOvanzo 40 cap","1","222.5","195.800003051758","195.800003051758","0","..","UNKNOWN","ACEFYLLINE PIPERAZINE + DIPHENHYDRAMINE","General"
"41","41","Lowcost 10 tab","1","440","308","308","0","..","UNKNOWN","ACEFYLLINE PIPERAZINE + DIPHENHYDRAMINE","General"
"310","307","Lowplat 75 tab","1","279","241","241","3","..","UNKNOWN","ACEFYLLINE PIPERAZINE + DIPHENHYDRAMINE","General"
"9","9","LOWPLAT PLUS TAB","1","298","258","258","3","","UNKNOWN","ABC","General"
"2156","3095","lpTol dettol","1","250","80","80","2","..","UNKNOWN","ACEFYLLINE PIPERAZINE + DIPHENHYDRAMINE","General"
"2269","7669","lucid 250 tab","1","286","243","243","1","..","UNKNOWN","ACEFYLLINE PIPERAZINE + DIPHENHYDRAMINE","General"
"36","36","Lucid 500 tab","1","195","165","165","0","..","UNKNOWN","ACEFYLLINE PIPERAZINE + DIPHENHYDRAMINE","General"
"1828","1800","lumark syrup","1","630","446","446","1","..","UNKNOWN","ACEFYLLINE PIPERAZINE + DIPHENHYDRAMINE","General"
"2428","8015","lumbo corset delux","1","1450","650","650","2","..","UNKNOWN","ACEFYLLINE PIPERAZINE + DIPHENHYDRAMINE","General"
"318","315","Luner 5 mg","1","88","77.4400024414063","77.4400024414063","0","..","UNKNOWN","ACEFYLLINE PIPERAZINE + DIPHENHYDRAMINE","General"
"2030","1962","lux pamper","1","900","820","820","6","..","UNKNOWN","ACEFYLLINE PIPERAZINE + DIPHENHYDRAMINE","General"
"1006","1011","lux soap","1","160","145","145.880004882813","24","..","UNKNOWN","ACEFYLLINE PIPERAZINE + DIPHENHYDRAMINE","General"
"2435","8022","lux soap imported","1","270","255","255","4","..","UNKNOWN","ACEFYLLINE PIPERAZINE + DIPHENHYDRAMINE","General"
"1514","1683","LYCLEAR LOTION","1","166","130","130","3","..","UNKNOWN","ACEFYLLINE PIPERAZINE + DIPHENHYDRAMINE","General"
"807","806","lyicenoil","1","250","220","220","0","..","UNKNOWN","ACEFYLLINE PIPERAZINE + DIPHENHYDRAMINE","General"
"547","545","Lysovit syrp","1","240","208","208.220001220703","4","..","UNKNOWN","ACEFYLLINE PIPERAZINE + DIPHENHYDRAMINE","General"
"1083","1091","mabil 500mg tab","1","140","91","109.699996948242","7","..","UNKNOWN","ACEFYLLINE PIPERAZINE + DIPHENHYDRAMINE","General"
"2394","7788","MABIL INJ","1","60","47.7999992370605","47.7999992370605","10","..","UNKNOWN","ACEFYLLINE PIPERAZINE + DIPHENHYDRAMINE","General"
"2361","7762","MAC F TAB","1","250","205.169998168945","205.169998168945","3","..","UNKNOWN","ACEFYLLINE PIPERAZINE + DIPHENHYDRAMINE","General"
"182","182","Macnaz oral gel","1","126","99","98.6600036621094","3","..","UNKNOWN","ACEFYLLINE PIPERAZINE + DIPHENHYDRAMINE","General"
"808","807","macnoz oral gel","1","105","92.4000015258789","92.4000015258789","0","..","UNKNOWN","ACEFYLLINE PIPERAZINE + DIPHENHYDRAMINE","General"
"692","690","Macrobac 200 syp","1","332","273","266.910003662109","4","..","UNKNOWN","ACEFYLLINE PIPERAZINE + DIPHENHYDRAMINE","General"
"1432","1536","macrobac 250 tab","1","327","260","261.5","0","..","UNKNOWN","ACEFYLLINE PIPERAZINE + DIPHENHYDRAMINE","General"
"106","106","Macrobac 500 tab","1","532","452.329986572266","452.329986572266","7","..","UNKNOWN","ACEFYLLINE PIPERAZINE + DIPHENHYDRAMINE","General"
"94","94","madical tape","1","50","28","27.2800006866455","54","..","UNKNOWN","ACEFYLLINE PIPERAZINE + DIPHENHYDRAMINE","General"
"2162","4001","magic moon whiting cream","1","600","250","250","3","..","UNKNOWN","ACEFYLLINE PIPERAZINE + DIPHENHYDRAMINE","General"
"53","53","Magnett 400 tab","1","500","440","440","3","..","UNKNOWN","ACEFYLLINE PIPERAZINE + DIPHENHYDRAMINE","General"
"1019","1024","malaria step","1","100","90","90","11","..","UNKNOWN","ACEFYLLINE PIPERAZINE + DIPHENHYDRAMINE","General"
"11","11","Maltibionata","1","130","98","98","0","..","UNKNOWN","ACEFYLLINE PIPERAZINE + DIPHENHYDRAMINE","General"
"1347","1359","maltofar syrup","1","351","320","320","2","..","UNKNOWN","ACEFYLLINE PIPERAZINE + DIPHENHYDRAMINE","General"
"2070","2003","mama royal pamper","1","900","800","800","0","..","UNKNOWN","ACEFYLLINE PIPERAZINE + DIPHENHYDRAMINE","General"
"1543","17011","manacid forte","1","200","170","170","6","..","UNKNOWN","ACEFYLLINE PIPERAZINE + DIPHENHYDRAMINE","General"
"471","469","MANACID SYRP","1","130","110","110","5","..","UNKNOWN","ACEFYLLINE PIPERAZINE + DIPHENHYDRAMINE","General"
"868","867","marhaba inhaler","1","120","85","80.5","19","..","UNKNOWN","ACEFYLLINE PIPERAZINE + DIPHENHYDRAMINE","General"
"1903","1851","Masacol 400 mg tab","1","470","403","403","6","..","UNKNOWN","ACEFYLLINE PIPERAZINE + DIPHENHYDRAMINE","General"
"1914","1862","Masacol 800mg tab","1","800","692","692","2","..","UNKNOWN","ACEFYLLINE PIPERAZINE + DIPHENHYDRAMINE","General"
"1138","1147","master dispoble 1c","1","25","15.8000001907349","15.8000001907349","0","..","UNKNOWN","ACEFYLLINE PIPERAZINE + DIPHENHYDRAMINE","General"
"1253","1264","master iv24","1","200","85","85","135","..","UNKNOWN","ACEFYLLINE PIPERAZINE + DIPHENHYDRAMINE","General"
"1336","1347","mastere tap","1","150","113","113","4","..","UNKNOWN","ACEFYLLINE PIPERAZINE + DIPHENHYDRAMINE","General"
"1521","1689","masturin","1","220","165","165","2","..","UNKNOWN","ACEFYLLINE PIPERAZINE + DIPHENHYDRAMINE","General"
"1904","1852","maxima 400 mg tab","1","468","285","285","0","..","UNKNOWN","ACEFYLLINE PIPERAZINE + DIPHENHYDRAMINE","General"
"880","878","maxman","1","100","20","20","0","..","UNKNOWN","ACEFYLLINE PIPERAZINE + DIPHENHYDRAMINE","General"
"128","128","Maxolon tab","1","50","37","37","0","..","UNKNOWN","ACEFYLLINE PIPERAZINE + DIPHENHYDRAMINE","General"
"1770","177510","Maxpan 100ml syp","1","285","188.949996948242","188.949996948242","1","..","UNKNOWN","ACEFYLLINE PIPERAZINE + DIPHENHYDRAMINE","General"
"1769","177509","Maxpan Ds Syp 200 mg","1","380","251.940002441406","251.940002441406","1","..","UNKNOWN","ACEFYLLINE PIPERAZINE + DIPHENHYDRAMINE","General"
"2369","7770","maxtin sachet","1","162","149","149","0","..","UNKNOWN","ACEFYLLINE PIPERAZINE + DIPHENHYDRAMINE","General"
"1375","1388","mc cream","1","350","240","246.789993286133","8","..","UNKNOWN","ACEFYLLINE PIPERAZINE + DIPHENHYDRAMINE","General"
"1548","UNK00330","mc cream","1","350","235","235","0","..","UNKNOWN","ACEFYLLINE PIPERAZINE + DIPHENHYDRAMINE","General"
"1690","17432","Mc Face Wash","1","400","280","280.049987792969","3","..","UNKNOWN","ACEFYLLINE PIPERAZINE + DIPHENHYDRAMINE","General"
"1825","177564","Me and mine serum","1","1300","1020","1020","2","..","UNKNOWN","ACEFYLLINE PIPERAZINE + DIPHENHYDRAMINE","General"
"2279","7679","mebever mr tab","1","375","324","324","1","..","UNKNOWN","ACEFYLLINE PIPERAZINE + DIPHENHYDRAMINE","General"
"772","771","Medi plus","1","300","200","200","1","..","UNKNOWN","ACEFYLLINE PIPERAZINE + DIPHENHYDRAMINE","General"
"2074","2007","Medi plus dressing tape","1","1200","350","350","2","..","UNKNOWN","ACEFYLLINE PIPERAZINE + DIPHENHYDRAMINE","General"
"2415","8002","medicam large","1","365","336","336","5","..","UNKNOWN","ACEFYLLINE PIPERAZINE + DIPHENHYDRAMINE","General"
"1499","1668","medicam small","1","100","90","90","4","..","UNKNOWN","ACEFYLLINE PIPERAZINE + DIPHENHYDRAMINE","General"
"999","1004","medicam toothpaste","1","270","230","219.199996948242","7","..","UNKNOWN","ACEFYLLINE PIPERAZINE + DIPHENHYDRAMINE","General"
"1500","1669","medicul","1","50","25.8299999237061","28.6599998474121","82","..","UNKNOWN","ACEFYLLINE PIPERAZINE + DIPHENHYDRAMINE","General"
"1011","1016","mediplus large pamper","1","120","85","87.8600006103516","115","..","UNKNOWN","ACEFYLLINE PIPERAZINE + DIPHENHYDRAMINE","General"
"2155","3094","mediplus tourniquet","1","250","130","130","4","..","UNKNOWN","ACEFYLLINE PIPERAZINE + DIPHENHYDRAMINE","General"
"1715","17459","Medora Powder Large","1","450","385","385","1","..","UNKNOWN","ACEFYLLINE PIPERAZINE + DIPHENHYDRAMINE","General"
"1959","18909","medora powder small","1","230","190","190","4","..","UNKNOWN","ACEFYLLINE PIPERAZINE + DIPHENHYDRAMINE","General"
"383","382","Mega 3 tab","1","1500","900","900","0","..","UNKNOWN","ACEFYLLINE PIPERAZINE + DIPHENHYDRAMINE","General"
"1203","1215","meiji fmt milk","1","1200","1128.5","1128.5","4","..","UNKNOWN","ACEFYLLINE PIPERAZINE + DIPHENHYDRAMINE","General"
"2382","77776","MEIJI FMT MILK 400G","1","2500","2332","2332","1","..","UNKNOWN","ACEFYLLINE PIPERAZINE + DIPHENHYDRAMINE","General"
"886","888","mepore 8x15","1","70","50","50","0","..","UNKNOWN","ACEFYLLINE PIPERAZINE + DIPHENHYDRAMINE","General"
"885","884","mepore 9x25","1","180","150","150","0","..","UNKNOWN","ACEFYLLINE PIPERAZINE + DIPHENHYDRAMINE","General"
"887","889","mepore 9x30","1","200","170","170","0","..","UNKNOWN","ACEFYLLINE PIPERAZINE + DIPHENHYDRAMINE","General"
"1722","17466","Mera Roop shringar cream","1","400","280","277.859985351563","5","..","UNKNOWN","ACEFYLLINE PIPERAZINE + DIPHENHYDRAMINE","General"
"2179","4018","mera roop shringar face wash","1","250","155","155","2","..","UNKNOWN","ACEFYLLINE PIPERAZINE + DIPHENHYDRAMINE","General"
"1799","177538","Mera roop singar tube","1","300","190","190","1","..","UNKNOWN","ACEFYLLINE PIPERAZINE + DIPHENHYDRAMINE","General"
"1259","1270","merol 25 tab","1","38","31","31","9","..","UNKNOWN","ACEFYLLINE PIPERAZINE + DIPHENHYDRAMINE","General"
"1260","1271","merol 50 tab","1","67","57","57","6","..","UNKNOWN","ACEFYLLINE PIPERAZINE + DIPHENHYDRAMINE","General"
"1985","1915","Mesh nebulizer","1","1500","1250","1250","0","..","UNKNOWN","ACEFYLLINE PIPERAZINE + DIPHENHYDRAMINE","General"
"240","240","methachlor eye drop","1","100","69","68.9599990844727","13","..","UNKNOWN","ACEFYLLINE PIPERAZINE + DIPHENHYDRAMINE","General"
"1050","1054","methachlor eye oiment","1","87","74","73.5699996948242","20","..","UNKNOWN","ACEFYLLINE PIPERAZINE + DIPHENHYDRAMINE","General"
"65","65","Methycobal","1","285.700012207031","251.419998168945","251.419998168945","0","..","UNKNOWN","ACEFYLLINE PIPERAZINE + DIPHENHYDRAMINE","General"
"603","601","Methycobal inj","1","192","167","161.910003662109","4","..","UNKNOWN","ACEFYLLINE PIPERAZINE + DIPHENHYDRAMINE","General"
"17","17","Methycobal tab","1","315","273","270.489990234375","19","","UNKNOWN","ABC","General"
"63","63","Methyvit 500 tab","1","111","96.9700012207031","96.9700012207031","1","..","UNKNOWN","ACEFYLLINE PIPERAZINE + DIPHENHYDRAMINE","General"
"1644","17203","Metoclon inj","1","40","26.25","26.25","20","..","UNKNOWN","ACEFYLLINE PIPERAZINE + DIPHENHYDRAMINE","General"
"1454","1620","metodine df","1","80","70","70","2","..","UNKNOWN","ACEFYLLINE PIPERAZINE + DIPHENHYDRAMINE","General"
"1663","17382","Metodine DF Syp","1","150","129","129","3","..","UNKNOWN","ACEFYLLINE PIPERAZINE + DIPHENHYDRAMINE","General"
"1268","1279","metodine syrup","1","200","176","176.600006103516","4","..","UNKNOWN","ACEFYLLINE PIPERAZINE + DIPHENHYDRAMINE","General"
"110","110","Metoplaxil inj","1","20","8.5","8.5","5","..","UNKNOWN","ACEFYLLINE PIPERAZINE + DIPHENHYDRAMINE","General"
"1359","1371","metphage 500 tab","1","30","15","15","4","..","UNKNOWN","ACEFYLLINE PIPERAZINE + DIPHENHYDRAMINE","General"
"1651","17300","Metrozil","1","175","140","140","0","..","UNKNOWN","ACEFYLLINE PIPERAZINE + DIPHENHYDRAMINE","General"
"1269","1280","metrozine syrup","1","120","101","101","6","..","UNKNOWN","ACEFYLLINE PIPERAZINE + DIPHENHYDRAMINE","General"
"725","725","Midazole infusion","1","139","110","110","2","..","UNKNOWN","ACEFYLLINE PIPERAZINE + DIPHENHYDRAMINE","General"
"2316","7716","migrex tab","1","100","80","80","6","..","UNKNOWN","ACEFYLLINE PIPERAZINE + DIPHENHYDRAMINE","General"
"1266","1277","milk pak","1","400","349","349","0","..","UNKNOWN","ACEFYLLINE PIPERAZINE + DIPHENHYDRAMINE","General"
"1276","1287","milk pak dairy cream","1","300","211","211","0","..","UNKNOWN","ACEFYLLINE PIPERAZINE + DIPHENHYDRAMINE","General"
"1325","1337","milkpak nestvita","1","130","87","87","0","..","UNKNOWN","ACEFYLLINE PIPERAZINE + DIPHENHYDRAMINE","General"
"700","698","Minicol drops","1","160","80","73.5","7","..","UNKNOWN","ACEFYLLINE PIPERAZINE + DIPHENHYDRAMINE","General"
"701","699","Minicol syp","1","120","63","63","0","..","UNKNOWN","ACEFYLLINE PIPERAZINE + DIPHENHYDRAMINE","General"
"2222","7523","minitree fruit pacifier","1","300","160","160","2","..","UNKNOWN","ACEFYLLINE PIPERAZINE + DIPHENHYDRAMINE","General"
"2260","7660","minoxin spry","1","890","746","746","1","..","UNKNOWN","ACEFYLLINE PIPERAZINE + DIPHENHYDRAMINE","General"
"2437","8044","misar h 40\12.5 mg","1","330","275","275","2","..","UNKNOWN","ACEFYLLINE PIPERAZINE + DIPHENHYDRAMINE","General"
"2211","7312","misar h 80 12.5 mg tab","1","430","380","380","2","..","UNKNOWN","ACEFYLLINE PIPERAZINE + DIPHENHYDRAMINE","General"
"1638","17197","MISO 200 MG","1","193","110","110","1","..","UNKNOWN","ACEFYLLINE PIPERAZINE + DIPHENHYDRAMINE","General"
"2194","4035","miss word cream","1","400","250","250","1","..","UNKNOWN","ACEFYLLINE PIPERAZINE + DIPHENHYDRAMINE","General"
"2182","4023","MIXEL 400MG CAP","1","579","501","501","1","..","UNKNOWN","ACEFYLLINE PIPERAZINE + DIPHENHYDRAMINE","General"
"727","726","mixtad insoline","1","1206","1043","1043","3","..","UNKNOWN","ACEFYLLINE PIPERAZINE + DIPHENHYDRAMINE","General"
"157","157","Mobil K","1","105","28","28","13","..","UNKNOWN","ACEFYLLINE PIPERAZINE + DIPHENHYDRAMINE","General"
"1029","1033","MOBIL K 75 MG TAB","1","75","32","30.8799991607666","9","..","UNKNOWN","ACEFYLLINE PIPERAZINE + DIPHENHYDRAMINE","General"
"44","44","Mofest 400 tab","1","525","464","464","1","..","UNKNOWN","ACEFYLLINE PIPERAZINE + DIPHENHYDRAMINE","General"
"165","165","Molimax tab","1","60","13","13","22","..","UNKNOWN","ACEFYLLINE PIPERAZINE + DIPHENHYDRAMINE","General"
"1401","1413","moltofer syp","1","370","325.600006103516","325.600006103516","2","..","UNKNOWN","ACEFYLLINE PIPERAZINE + DIPHENHYDRAMINE","General"
"221","221","Monitor tab","1","63","55.25","55.25","1","..","UNKNOWN","ACEFYLLINE PIPERAZINE + DIPHENHYDRAMINE","General"
"43","43","Montiget 10 tab","1","325","162.5","154.929992675781","19","..","UNKNOWN","ACEFYLLINE PIPERAZINE + DIPHENHYDRAMINE","General"
"1807","177546","montiget 5 mg chewble","1","230","201","201","2","..","UNKNOWN","ACEFYLLINE PIPERAZINE + DIPHENHYDRAMINE","General"
"1742","177482","Montiget Sachets","1","40","29.8400001525879","29.8400001525879","1","..","UNKNOWN","ACEFYLLINE PIPERAZINE + DIPHENHYDRAMINE","General"
"1675","17393","Moov  Cream","1","230","75","80","5","..","UNKNOWN","ACEFYLLINE PIPERAZINE + DIPHENHYDRAMINE","General"
"1966","18916","mortein machine","1","650","460","460","1","..","UNKNOWN","ACEFYLLINE PIPERAZINE + DIPHENHYDRAMINE","General"
"546","544","mosegar syrp","1","216","187.440002441406","177.149993896484","16","..","UNKNOWN","ACEFYLLINE PIPERAZINE + DIPHENHYDRAMINE","General"
"1232","1244","mosgar tab","1","216","187.449996948242","187.449996948242","5","..","UNKNOWN","ACEFYLLINE PIPERAZINE + DIPHENHYDRAMINE","General"
"1392","1404","mospel","1","350","300","281.549987792969","6","..","UNKNOWN","ACEFYLLINE PIPERAZINE + DIPHENHYDRAMINE","General"
"1297","1309","mothercare baby ooil","1","350","310","310","0","..","UNKNOWN","ACEFYLLINE PIPERAZINE + DIPHENHYDRAMINE","General"
"482","480","MOtilim syrp","1","199","172","172","2","..","UNKNOWN","ACEFYLLINE PIPERAZINE + DIPHENHYDRAMINE","General"
"1523","1691","motilium v tab","1","220","176","176","1","..","UNKNOWN","ACEFYLLINE PIPERAZINE + DIPHENHYDRAMINE","General"
"168","168","Motillium 10 tab","1","200","172","172","13","..","UNKNOWN","ACEFYLLINE PIPERAZINE + DIPHENHYDRAMINE","General"
"1089","1097","motillium 20tab","1","196","160","159.479995727539","2","..","UNKNOWN","ACEFYLLINE PIPERAZINE + DIPHENHYDRAMINE","General"
"922","923","motival tab","1","91","78","78","0","..","UNKNOWN","ACEFYLLINE PIPERAZINE + DIPHENHYDRAMINE","General"
"2226","7626","mouth gel","1","140","80","80","4","..","UNKNOWN","ACEFYLLINE PIPERAZINE + DIPHENHYDRAMINE","General"
"1819","177558","mouth spray","1","300","240","240","6","..","UNKNOWN","ACEFYLLINE PIPERAZINE + DIPHENHYDRAMINE","General"
"68","68","Movax 2 tab","1","500","433","433","2","..","UNKNOWN","ACEFYLLINE PIPERAZINE + DIPHENHYDRAMINE","General"
"1921","1870","Movax 4mg tab","1","730","620","620","3","..","UNKNOWN","ACEFYLLINE PIPERAZINE + DIPHENHYDRAMINE","General"
"1924","1873","moxibact 400 mg tab","1","480","408","408","0","..","UNKNOWN","ACEFYLLINE PIPERAZINE + DIPHENHYDRAMINE","General"
"2352","7752","moxigan ear drop","1","380","335","335","3","..","UNKNOWN","ACEFYLLINE PIPERAZINE + DIPHENHYDRAMINE","General"
"38","38","Moxiget 400 tab","1","610","527.650024414063","527.650024414063","1","..","UNKNOWN","ACEFYLLINE PIPERAZINE + DIPHENHYDRAMINE","General"
"1611","17170","MP STEP","1","150","81","81","17","..","UNKNOWN","ACEFYLLINE PIPERAZINE + DIPHENHYDRAMINE","General"
"432","430","Mucaine syp","1","196","98","103.75","6","..","UNKNOWN","ACEFYLLINE PIPERAZINE + DIPHENHYDRAMINE","General"
"1283","1295","muconil syrup","1","95","82","75.5","2","..","UNKNOWN","ACEFYLLINE PIPERAZINE + DIPHENHYDRAMINE","General"
"634","632","MUltibionta cap","1","93","80","76.5100021362305","1","..","UNKNOWN","ACEFYLLINE PIPERAZINE + DIPHENHYDRAMINE","General"
"860","860","multibionta inj","1","150","120","119.339996337891","18","..","UNKNOWN","ACEFYLLINE PIPERAZINE + DIPHENHYDRAMINE","General"
"1092","1100","multibionta M cap","1","123","106","106","1","..","UNKNOWN","ACEFYLLINE PIPERAZINE + DIPHENHYDRAMINE","General"
"1525","1693","multibionta m cap","1","122","106","106","0","..","UNKNOWN","ACEFYLLINE PIPERAZINE + DIPHENHYDRAMINE","General"
"1102","1111","multibionta syp","1","170","147","147","0","..","UNKNOWN","ACEFYLLINE PIPERAZINE + DIPHENHYDRAMINE","General"
"1565","17115","Murshid Beauty cream","1","400","320","320","2","..","UNKNOWN","ACEFYLLINE PIPERAZINE + DIPHENHYDRAMINE","General"
"2209","7310","musidin 2 mg tab","1","240","186.5","186.5","1","..","UNKNOWN","ACEFYLLINE PIPERAZINE + DIPHENHYDRAMINE","General"
"2092","2025","Musidin 4 mg tab","1","352","270","275.600006103516","3","..","UNKNOWN","ACEFYLLINE PIPERAZINE + DIPHENHYDRAMINE","General"
"1793","177532","Mutual Love Spry","1","500","330","330","1","..","UNKNOWN","ACEFYLLINE PIPERAZINE + DIPHENHYDRAMINE","General"
"1975","1905","Mydosone drop","1","178","142.75","142.75","2","..","UNKNOWN","ACEFYLLINE PIPERAZINE + DIPHENHYDRAMINE","General"
"962","967","myfol 400 tab","1","192","173","173","9","..","UNKNOWN","ACEFYLLINE PIPERAZINE + DIPHENHYDRAMINE","General"
"2353","7753","myfolic sachet","1","100","79","79","15","..","UNKNOWN","ACEFYLLINE PIPERAZINE + DIPHENHYDRAMINE","General"
"2355","7755","myofolic sachets","1","94","78.6600036621094","78.6600036621094","15","..","UNKNOWN","ACEFYLLINE PIPERAZINE + DIPHENHYDRAMINE","General"
"2097","2030","myonal 50 mg tab","1","380","324.369995117188","324.369995117188","14","..","UNKNOWN","ACEFYLLINE PIPERAZINE + DIPHENHYDRAMINE","General"
"39","39","Myteka 10 tab","1","277","233","206.529998779297","2","..","UNKNOWN","ACEFYLLINE PIPERAZINE + DIPHENHYDRAMINE","General"
"1605","17155","N gee spray","1","270","85","85","0","..","UNKNOWN","ACEFYLLINE PIPERAZINE + DIPHENHYDRAMINE","General"
"1721","17465","Nail Cutter","1","250","190","190","10","..","UNKNOWN","ACEFYLLINE PIPERAZINE + DIPHENHYDRAMINE","General"
"1874","1821","Nail Polish remover","1","130","115","115","2","..","UNKNOWN","ACEFYLLINE PIPERAZINE + DIPHENHYDRAMINE","General"
"2119","2058","nalbin 10 mg inj","1","138","109","109","20","..","UNKNOWN","ACEFYLLINE PIPERAZINE + DIPHENHYDRAMINE","General"
"1265","1276","nan 1 300 ng","1","1250","1172","1172","3","..","UNKNOWN","ACEFYLLINE PIPERAZINE + DIPHENHYDRAMINE","General"
"1679","17402","Naprosyn 500 mg tab","1","231","196.550003051758","196.550003051758","1","..","UNKNOWN","ACEFYLLINE PIPERAZINE + DIPHENHYDRAMINE","General"
"1224","1236","naprox 500 tab","1","150","127","127","0","..","UNKNOWN","ACEFYLLINE PIPERAZINE + DIPHENHYDRAMINE","General"
"838","837","naunehal cream","1","150","132","132","0","..","UNKNOWN","ACEFYLLINE PIPERAZINE + DIPHENHYDRAMINE","General"
"828","827","naunehal cream","1","150","132","132","0","..","UNKNOWN","ACEFYLLINE PIPERAZINE + DIPHENHYDRAMINE","General"
"793","792","naunehal soap","1","120","100","100","3","..","UNKNOWN","ACEFYLLINE PIPERAZINE + DIPHENHYDRAMINE","General"
"1168","1179","naunehal syrup","1","125","93","97.5","10","..","UNKNOWN","ACEFYLLINE PIPERAZINE + DIPHENHYDRAMINE","General"
"20","20","Navidat 250 tab","1","260","221","221","1","","UNKNOWN","ABC","General"
"21","21","Navidate 500","1","450","387","387","3","","UNKNOWN","ABC","General"
"84","84","Navidoxine tab","1","50","43","43","2","..","UNKNOWN","ACEFYLLINE PIPERAZINE + DIPHENHYDRAMINE","General"
"217","217","Nax 0.5 tab","1","90","78","78","0","..","UNKNOWN","ACEFYLLINE PIPERAZINE + DIPHENHYDRAMINE","General"
"1930","1879","NAZE 0.5 TAB","1","70","56","56","13","..","UNKNOWN","ACEFYLLINE PIPERAZINE + DIPHENHYDRAMINE","General"
"2191","4032","NAZE 2MG","1","160","142","141.139999389648","7","..","UNKNOWN","ACEFYLLINE PIPERAZINE + DIPHENHYDRAMINE","General"
"1182","1193","nebil 2.5","1","112","97.1800003051758","100.050003051758","1","..","UNKNOWN","ACEFYLLINE PIPERAZINE + DIPHENHYDRAMINE","General"
"214","214","Nebil 5 tab","1","203","175","175","2","..","UNKNOWN","ACEFYLLINE PIPERAZINE + DIPHENHYDRAMINE","General"
"211","211","Nebix 2.5 tab","1","162","142.559997558594","142.559997558594","0","..","UNKNOWN","ACEFYLLINE PIPERAZINE + DIPHENHYDRAMINE","General"
"1342","1354","nebix 5 mg tab","1","272","229","211.300003051758","0","..","UNKNOWN","ACEFYLLINE PIPERAZINE + DIPHENHYDRAMINE","General"
"257","257","Nebra eye drop","1","280","238","238","1","..","UNKNOWN","ACEFYLLINE PIPERAZINE + DIPHENHYDRAMINE","General"
"256","256","Nebra oin","1","280","238","238","2","..","UNKNOWN","ACEFYLLINE PIPERAZINE + DIPHENHYDRAMINE","General"
"1986","1916","Nebulizer mask","1","200","155","154.289993286133","7","..","UNKNOWN","ACEFYLLINE PIPERAZINE + DIPHENHYDRAMINE","General"
"1198","1209","needle","1","10","2.95000004768372","2.95000004768372","97","..","UNKNOWN","ACEFYLLINE PIPERAZINE + DIPHENHYDRAMINE","General"
"1427","1531","neege 20mg","1","285","246","246","2","..","UNKNOWN","ACEFYLLINE PIPERAZINE + DIPHENHYDRAMINE","General"
"966","971","neege 40 mg cap","1","415","358","358","5","..","UNKNOWN","ACEFYLLINE PIPERAZINE + DIPHENHYDRAMINE","General"
"1320","1332","neege 40mg 50","1","415","207.5","207.5","0","..","UNKNOWN","ACEFYLLINE PIPERAZINE + DIPHENHYDRAMINE","General"
"1865","18046","neo klar syrup","1","460","300","300","1","..","UNKNOWN","ACEFYLLINE PIPERAZINE + DIPHENHYDRAMINE","General"
"1447","1600","neogene 1mg","1","450","300","300","0","..","UNKNOWN","ACEFYLLINE PIPERAZINE + DIPHENHYDRAMINE","General"
"1444","1548","neoprad 25mg tab","1","155","131","131","4","..","UNKNOWN","ACEFYLLINE PIPERAZINE + DIPHENHYDRAMINE","General"
"2303","7703","neoprox 250 mg tab","1","120","102","102","2","..","UNKNOWN","ACEFYLLINE PIPERAZINE + DIPHENHYDRAMINE","General"
"2360","7761","neoprox 500 mg","1","250","217","217","2","..","UNKNOWN","ACEFYLLINE PIPERAZINE + DIPHENHYDRAMINE","General"
"1650","17209","Nepanac","1","517","413","413","2","..","UNKNOWN","ACEFYLLINE PIPERAZINE + DIPHENHYDRAMINE","General"
"374","372","nerobion tab","1","138","121.440002441406","121.440002441406","10","..","UNKNOWN","ACEFYLLINE PIPERAZINE + DIPHENHYDRAMINE","General"
"2078","2011","Nescap copy","1","932","780","780","1","..","UNKNOWN","ACEFYLLINE PIPERAZINE + DIPHENHYDRAMINE","General"
"1022","1027","nestle fruita vitals","1","480","410","410","23","..","UNKNOWN","ACEFYLLINE PIPERAZINE + DIPHENHYDRAMINE","General"
"2408","10003","NESTLE PURE WATER LARGE","1","100","91.6600036621094","91.6600036621094","24","..","UNKNOWN","ACEFYLLINE PIPERAZINE + DIPHENHYDRAMINE","General"
"2409","10004","NESTLE PURE WATER SML","1","60","56","56","35","..","UNKNOWN","ACEFYLLINE PIPERAZINE + DIPHENHYDRAMINE","General"
"1570","17120","neupred syrup","1","220","172","181.5","3","..","UNKNOWN","ACEFYLLINE PIPERAZINE + DIPHENHYDRAMINE","General"
"2235","7635","Neurobedoxine inj","1","50","28","28","50","..","UNKNOWN","ACEFYLLINE PIPERAZINE + DIPHENHYDRAMINE","General"
"739","738","Neurobion inj","1","60","52","51.0999984741211","128","..","UNKNOWN","ACEFYLLINE PIPERAZINE + DIPHENHYDRAMINE","General"
"1632","17191","NEUROBION TAB","1","150","123","123","18","..","UNKNOWN","ACEFYLLINE PIPERAZINE + DIPHENHYDRAMINE","General"
"64","64","Neuromet 500 tab","1","219.5","193.160003662109","193.160003662109","0","..","UNKNOWN","ACEFYLLINE PIPERAZINE + DIPHENHYDRAMINE","General"
"908","909","new day 10x160","1","434","377.579986572266","377.579986572266","1","..","UNKNOWN","ACEFYLLINE PIPERAZINE + DIPHENHYDRAMINE","General"
"907","908","new day 5x160 tab","1","392","330","331","3","..","UNKNOWN","ACEFYLLINE PIPERAZINE + DIPHENHYDRAMINE","General"
"2113","2052","NEX COLA J","1","200","172","172","0","..","UNKNOWN","ACEFYLLINE PIPERAZINE + DIPHENHYDRAMINE","General"
"2111","2050","nex cola L","1","130","91","91","0","..","UNKNOWN","ACEFYLLINE PIPERAZINE + DIPHENHYDRAMINE","General"
"2112","2051","NEX COLA P","1","150","116","116","0","..","UNKNOWN","ACEFYLLINE PIPERAZINE + DIPHENHYDRAMINE","General"
"2224","7524","nextone baby lotion","1","525","475","475","1","..","UNKNOWN","ACEFYLLINE PIPERAZINE + DIPHENHYDRAMINE","General"
"2223","7423","nextone baby oil","1","500","450","450","2","..","UNKNOWN","ACEFYLLINE PIPERAZINE + DIPHENHYDRAMINE","General"
"349","348","Nexum 20 cap","1","187","112.199996948242","111.660003662109","0","..","UNKNOWN","ACEFYLLINE PIPERAZINE + DIPHENHYDRAMINE","General"
"1440","1544","nexum 20mg 50","1","187","93.5","93.5","5","..","UNKNOWN","ACEFYLLINE PIPERAZINE + DIPHENHYDRAMINE","General"
"637","635","nexum 40 cap","1","316","158","198.770004272461","0","..","UNKNOWN","ACEFYLLINE PIPERAZINE + DIPHENHYDRAMINE","General"
"1437","1541","nexum 40mg 50","1","322","268","214.089996337891","8","..","UNKNOWN","ACEFYLLINE PIPERAZINE + DIPHENHYDRAMINE","General"
"592","590","Nezkil 100  syp","1","465","415","415","2","..","UNKNOWN","ACEFYLLINE PIPERAZINE + DIPHENHYDRAMINE","General"
"56","56","Nezkil 400 tab","1","995","860.679992675781","860.679992675781","2","..","UNKNOWN","ACEFYLLINE PIPERAZINE + DIPHENHYDRAMINE","General"
"55","55","Nezkil 600 tab","1","1550","1362","1362","3","..","UNKNOWN","ACEFYLLINE PIPERAZINE + DIPHENHYDRAMINE","General"
"933","936","nezkil inf","1","850","778","778","1","..","UNKNOWN","ACEFYLLINE PIPERAZINE + DIPHENHYDRAMINE","General"
"1324","1336","nido 390g","1","1150","1100","1100","0","..","UNKNOWN","ACEFYLLINE PIPERAZINE + DIPHENHYDRAMINE","General"
"1162","1173","nido plus 1","1","550","422.200012207031","425.390014648438","0","..","UNKNOWN","ACEFYLLINE PIPERAZINE + DIPHENHYDRAMINE","General"
"833","832","nido plus 1  375","1","1200","1047.32995605469","1065.07995605469","4","..","UNKNOWN","ACEFYLLINE PIPERAZINE + DIPHENHYDRAMINE","General"
"467","465","Nido plus 1 900 mg","1","2400","2259","2259","0","..","UNKNOWN","ACEFYLLINE PIPERAZINE + DIPHENHYDRAMINE","General"
"466","464","Nido Plus 3 375 mg","1","1100","1060","1056.67004394531","2","..","UNKNOWN","ACEFYLLINE PIPERAZINE + DIPHENHYDRAMINE","General"
"468","466","Nido saan 200 mg","1","650","610","610","0","..","UNKNOWN","ACEFYLLINE PIPERAZINE + DIPHENHYDRAMINE","General"
"691","689","Nilstat","1","169","153","152.809997558594","0","..","UNKNOWN","ACEFYLLINE PIPERAZINE + DIPHENHYDRAMINE","General"
"340","340","Nims 100 tab","1","200","167","166.490005493164","5","..","UNKNOWN","ACEFYLLINE PIPERAZINE + DIPHENHYDRAMINE","General"
"1821","177560","Nisa Beauty Cream","1","300","225","225","1","..","UNKNOWN","ACEFYLLINE PIPERAZINE + DIPHENHYDRAMINE","General"
"1848","18026","NISA HIAR REMOVER CREAM","1","200","160","140","6","..","UNKNOWN","ACEFYLLINE PIPERAZINE + DIPHENHYDRAMINE","General"
"1594","17144","nise tab","1","150","130","130","2","..","UNKNOWN","ACEFYLLINE PIPERAZINE + DIPHENHYDRAMINE","General"
"1118","1127","nitromint 2.6 tab","1","90","70","70","5","..","UNKNOWN","ACEFYLLINE PIPERAZINE + DIPHENHYDRAMINE","General"
"741","740","NIV INJ","1","40","15","15","0","..","UNKNOWN","ACEFYLLINE PIPERAZINE + DIPHENHYDRAMINE","General"
"1587","171367","nizwa bellech","1","50","36","36","18","..","UNKNOWN","ACEFYLLINE PIPERAZINE + DIPHENHYDRAMINE","General"
"2196","4037","no scar ceram","1","800","670","670","2","..","UNKNOWN","ACEFYLLINE PIPERAZINE + DIPHENHYDRAMINE","General"
"1486","1655","no spa  tab","1","247","213","213.020004272461","1","..","UNKNOWN","ACEFYLLINE PIPERAZINE + DIPHENHYDRAMINE","General"
"1566","17116","NO Tension","1","300","220","220","5","..","UNKNOWN","ACEFYLLINE PIPERAZINE + DIPHENHYDRAMINE","General"
"1687","17420","nomarks anti marks cream","1","350","265","265","1","..","UNKNOWN","ACEFYLLINE PIPERAZINE + DIPHENHYDRAMINE","General"
"189","189","Nomizil insta","1","30","25","25","0","..","UNKNOWN","ACEFYLLINE PIPERAZINE + DIPHENHYDRAMINE","General"
"351","350","Noran 20 cap","1","160","70","70","0","..","UNKNOWN","ACEFYLLINE PIPERAZINE + DIPHENHYDRAMINE","General"
"334","334","NORAN 40 CAP","1","199","70","70","3","..","UNKNOWN","ACEFYLLINE PIPERAZINE + DIPHENHYDRAMINE","General"
"2110","2045","noroxin tab","1","215","203","203","2","..","UNKNOWN","ACEFYLLINE PIPERAZINE + DIPHENHYDRAMINE","General"
"304","301","NOrvasc 10 tab","1","330","281","281","3","..","UNKNOWN","ACEFYLLINE PIPERAZINE + DIPHENHYDRAMINE","General"
"306","303","Norvasc 5 tab","1","170","144.660003662109","144.660003662109","3","..","UNKNOWN","ABC","General"
"1797","177536","Nose pore cleaning strips","1","70","60","60","2","..","UNKNOWN","ACEFYLLINE PIPERAZINE + DIPHENHYDRAMINE","General"
"1255","1266","nosol mouth","1","160","100","100","0","..","UNKNOWN","ACEFYLLINE PIPERAZINE + DIPHENHYDRAMINE","General"
"67","67","Nospa forte tab","1","223","193","184.820007324219","8","..","UNKNOWN","ACEFYLLINE PIPERAZINE + DIPHENHYDRAMINE","General"
"24","24","Nospa inj","1","80","60","62.1800003051758","1","..","UNKNOWN","ACEFYLLINE PIPERAZINE + DIPHENHYDRAMINE","General"
"1576","17126","NOVDATE DS INF","1","314","265","269","1","..","UNKNOWN","ACEFYLLINE PIPERAZINE + DIPHENHYDRAMINE","General"
"561","558","NOVIDAT 125 SYRP","1","192","183","183","4","..","UNKNOWN","ACEFYLLINE PIPERAZINE + DIPHENHYDRAMINE","General"
"562","559","NOVIDAT 250 SYRP","1","285","272","264.910003662109","4","..","UNKNOWN","ACEFYLLINE PIPERAZINE + DIPHENHYDRAMINE","General"
"757","756","NOVIDAT INF 200","1","320","276","276","4","..","UNKNOWN","ACEFYLLINE PIPERAZINE + DIPHENHYDRAMINE","General"
"248","248","Novoteph 40 cap","1","490","416","416","1","..","UNKNOWN","ACEFYLLINE PIPERAZINE + DIPHENHYDRAMINE","General"
"1127","1136","novoteph 40mg 50","1","445","242","242","0","..","UNKNOWN","ACEFYLLINE PIPERAZINE + DIPHENHYDRAMINE","General"
"1126","1135","novoteph20mg  50","1","290","244","244","0","..","UNKNOWN","ACEFYLLINE PIPERAZINE + DIPHENHYDRAMINE","General"
"1059","1063","ns 500","1","105","70","70","14","..","UNKNOWN","ACEFYLLINE PIPERAZINE + DIPHENHYDRAMINE","General"
"420","718","Nuberl tab","1","85","72","72","6","..","UNKNOWN","ACEFYLLINE PIPERAZINE + DIPHENHYDRAMINE","General"
"1133","1142","nuberol forte 50","1","60","30","30","5","..","UNKNOWN","ACEFYLLINE PIPERAZINE + DIPHENHYDRAMINE","General"
"1785","177524","Nuberol P Forte","1","154","134","134","1","..","UNKNOWN","ACEFYLLINE PIPERAZINE + DIPHENHYDRAMINE","General"
"1784","177523","Nuberol p syp","1","119","104","104","1","..","UNKNOWN","ACEFYLLINE PIPERAZINE + DIPHENHYDRAMINE","General"
"859","859","Nubrol foret tab","1","70","55","55","7","..","UNKNOWN","ACEFYLLINE PIPERAZINE + DIPHENHYDRAMINE","General"
"2441","8049","nutra c tab","1","690","557","557","2","..","UNKNOWN","ACEFYLLINE PIPERAZINE + DIPHENHYDRAMINE","General"
"2136","3075","nuzib 200 mg","1","230","149.5","149.5","6","..","UNKNOWN","ACEFYLLINE PIPERAZINE + DIPHENHYDRAMINE","General"
"2107","2042","nymsel 100 mg tab","1","105","68","67.5599975585938","9","..","UNKNOWN","ACEFYLLINE PIPERAZINE + DIPHENHYDRAMINE","General"
"2189","4030","OAD MEN TAB","1","560","476","476","0","..","UNKNOWN","ACEFYLLINE PIPERAZINE + DIPHENHYDRAMINE","General"
"400","398","Ocefen 400 tab","1","5","3.77999997138977","3.77999997138977","100","..","UNKNOWN","ACEFYLLINE PIPERAZINE + DIPHENHYDRAMINE","General"
"2109","2044","OEM ORS","1","40","27","27","1","..","UNKNOWN","ACEFYLLINE PIPERAZINE + DIPHENHYDRAMINE","General"
"1301","1313","ofis 500mg cap","1","180","150","152.5","4","..","UNKNOWN","ACEFYLLINE PIPERAZINE + DIPHENHYDRAMINE","General"
"2217","7418","Oflobid 200 mg tab","1","390","328","328","1","..","UNKNOWN","ACEFYLLINE PIPERAZINE + DIPHENHYDRAMINE","General"
"1970","1900","oflobid 400 mg tab","1","465","391","391","1","..","UNKNOWN","ACEFYLLINE PIPERAZINE + DIPHENHYDRAMINE","General"
"710","708","Ofylin syp","1","138","121.440002441406","121.440002441406","0","..","UNKNOWN","ACEFYLLINE PIPERAZINE + DIPHENHYDRAMINE","General"
"704","702","Ofylin syp","1","138","121.440002441406","121.440002441406","0","..","UNKNOWN","ACEFYLLINE PIPERAZINE + DIPHENHYDRAMINE","General"
"377","376","ognis D TAB","1","133","117.040000915527","117.040000915527","0","..","UNKNOWN","ACEFYLLINE PIPERAZINE + DIPHENHYDRAMINE","General"
"314","311","Ogrel 75 tab","1","234","152.100006103516","179.009994506836","2","..","UNKNOWN","ACEFYLLINE PIPERAZINE + DIPHENHYDRAMINE","General"
"315","312","Ogrel plus 75 81 tab","1","290","169","169","1","..","UNKNOWN","ACEFYLLINE PIPERAZINE + DIPHENHYDRAMINE","General"
"827","826","ointment","1","85","74.8000030517578","74.8000030517578","1","..","UNKNOWN","ACEFYLLINE PIPERAZINE + DIPHENHYDRAMINE","General"
"205","205","Olanzia 10 tab","1","272","235","235","2","..","UNKNOWN","ACEFYLLINE PIPERAZINE + DIPHENHYDRAMINE","General"
"210","210","Olanzia 5 tab","1","154","130","130.559997558594","3","..","UNKNOWN","ACEFYLLINE PIPERAZINE + DIPHENHYDRAMINE","General"
"2407","10002","OLEAF OIL","1","500","290","290","2","..","UNKNOWN","ACEFYLLINE PIPERAZINE + DIPHENHYDRAMINE","General"
"2291","7691","olepra 5mg tab","1","165","136","136","1","..","UNKNOWN","ACEFYLLINE PIPERAZINE + DIPHENHYDRAMINE","General"
"1104","1113","olinc inj 300","1","44","37","37","65","..","UNKNOWN","ACEFYLLINE PIPERAZINE + DIPHENHYDRAMINE","General"
"1105","1114","olinc inj 600","1","64","47","46.9199981689453","17","..","UNKNOWN","ACEFYLLINE PIPERAZINE + DIPHENHYDRAMINE","General"
"1963","18913","Olivia bleach","1","70","50","50","2","..","UNKNOWN","ACEFYLLINE PIPERAZINE + DIPHENHYDRAMINE","General"
"1009","1014","olivia hair colour","1","300","220","221.059997558594","22","..","UNKNOWN","ACEFYLLINE PIPERAZINE + DIPHENHYDRAMINE","General"
"1047","1051","olzap 5mg tab","1","153","132","132","0","..","UNKNOWN","ACEFYLLINE PIPERAZINE + DIPHENHYDRAMINE","General"
"568","565","Omec 20 mg cap","1","150","47","47","1","..","UNKNOWN","ACEFYLLINE PIPERAZINE + DIPHENHYDRAMINE","General"
"569","567","Omec 40 cap","1","187","32","32","0","..","UNKNOWN","ACEFYLLINE PIPERAZINE + DIPHENHYDRAMINE","General"
"1685","17409","Omega 20 mg tab","1","195","78","78","8","..","UNKNOWN","ACEFYLLINE PIPERAZINE + DIPHENHYDRAMINE","General"
"2139","3078","omega 3 fish oile","1","700","240","240","0","..","UNKNOWN","ACEFYLLINE PIPERAZINE + DIPHENHYDRAMINE","General"
"1559","17109","omesol 20mg","1","21","12","12","1","..","UNKNOWN","ACEFYLLINE PIPERAZINE + DIPHENHYDRAMINE","General"
"1558","17108","omesol 40mg","1","36","13","13","17","..","UNKNOWN","ACEFYLLINE PIPERAZINE + DIPHENHYDRAMINE","General"
"427","425","Omnidl tab","1","5","4.05000019073486","4.03999996185303","205","","UNKNOWN","ABC","General"
"428","426","Omnis tab","1","5","3","3","0","..","UNKNOWN","ACEFYLLINE PIPERAZINE + DIPHENHYDRAMINE","General"
"1592","17142","onato 10 mg tab","1","292","254","238.929992675781","1","..","UNKNOWN","ACEFYLLINE PIPERAZINE + DIPHENHYDRAMINE","General"
"1357","1369","ONATO V HCT 5 160 12 ,5","1","220","190","190","4","..","UNKNOWN","ACEFYLLINE PIPERAZINE + DIPHENHYDRAMINE","General"
"689","687","Onseron syp","1","260","216.580001831055","216.580001831055","0","..","UNKNOWN","ACEFYLLINE PIPERAZINE + DIPHENHYDRAMINE","General"
"629","627","Onset 8 inj","1","243","208","206.5","5","..","UNKNOWN","ACEFYLLINE PIPERAZINE + DIPHENHYDRAMINE","General"
"947","951","onset 8 mg tab","1","490","430","429.899993896484","3","..","UNKNOWN","ACEFYLLINE PIPERAZINE + DIPHENHYDRAMINE","General"
"1470","1638","onset syrup","1","210","190","190","1","..","UNKNOWN","ABC","General"
"344","344","OPRIL 20 CAP","1","100","48","48","15","..","UNKNOWN","ACEFYLLINE PIPERAZINE + DIPHENHYDRAMINE","General"
"897","UNK00131","Optachlor eye drop","1","49","39","39","10","..","UNKNOWN","ACEFYLLINE PIPERAZINE + DIPHENHYDRAMINE","General"
"677","675","Optachlor inj","1","40","35.2000007629395","35.2000007629395","0","..","UNKNOWN","ACEFYLLINE PIPERAZINE + DIPHENHYDRAMINE","General"
"2001","1932","optima wipes","1","180","130","129.960006713867","5","..","UNKNOWN","ACEFYLLINE PIPERAZINE + DIPHENHYDRAMINE","General"
"1877","1824","optra HFA INHALAR","1","844","422","422","2","..","UNKNOWN","ACEFYLLINE PIPERAZINE + DIPHENHYDRAMINE","General"
"197","197","Oral Fast ORS","1","30","20","20","0","..","UNKNOWN","ACEFYLLINE PIPERAZINE + DIPHENHYDRAMINE","General"
"1510","1679","ordinary serum","1","800","400","426.670013427734","2","..","UNKNOWN","ACEFYLLINE PIPERAZINE + DIPHENHYDRAMINE","General"
"1955","18905","ORIBRO PLUS SYP","1","400","323","328.380004882813","3","..","UNKNOWN","ACEFYLLINE PIPERAZINE + DIPHENHYDRAMINE","General"
"1954","18904","ORIBRO SYP","1","270","232","232","2","..","UNKNOWN","ACEFYLLINE PIPERAZINE + DIPHENHYDRAMINE","General"
"867","866","oridiex ointment","1","90","70","70","5","..","UNKNOWN","ACEFYLLINE PIPERAZINE + DIPHENHYDRAMINE","General"
"2396","7790","ORIDONE 1MG TAB","1","190","155","155","2","..","UNKNOWN","ACEFYLLINE PIPERAZINE + DIPHENHYDRAMINE","General"
"2101","2035","orimin tab","1","1350","250","250","0","..","UNKNOWN","ACEFYLLINE PIPERAZINE + DIPHENHYDRAMINE","General"
"758","757","ORL ORS","1","30","12.8999996185303","15.3699998855591","67","..","UNKNOWN","ACEFYLLINE PIPERAZINE + DIPHENHYDRAMINE","General"
"1633","17192","ORLIS 120 MG TAB","1","784","653","653","0","..","UNKNOWN","ACEFYLLINE PIPERAZINE + DIPHENHYDRAMINE","General"
"1473","1641","orpase 400 cap","1","500","277","278.140014648438","5","..","UNKNOWN","ACEFYLLINE PIPERAZINE + DIPHENHYDRAMINE","General"
"1862","18043","orpase ds syrup","1","360","249","249","1","..","UNKNOWN","ACEFYLLINE PIPERAZINE + DIPHENHYDRAMINE","General"
"1861","18042","orpase syrup","1","305","207","207","1","..","UNKNOWN","ACEFYLLINE PIPERAZINE + DIPHENHYDRAMINE","General"
"2342","7742","ors otc","1","30","15","15","13","..","UNKNOWN","ACEFYLLINE PIPERAZINE + DIPHENHYDRAMINE","General"
"2299","7699","ors rehydramin","1","30","26","26","1","..","UNKNOWN","ACEFYLLINE PIPERAZINE + DIPHENHYDRAMINE","General"
"1129","1138","osnate d 30","1","120","60","60","1","..","UNKNOWN","ACEFYLLINE PIPERAZINE + DIPHENHYDRAMINE","General"
"1402","1414","osnate d syp","1","650","552","552","0","..","UNKNOWN","ACEFYLLINE PIPERAZINE + DIPHENHYDRAMINE","General"
"373","371","osnate D TAB","1","120","78","100.290000915527","33","..","UNKNOWN","ACEFYLLINE PIPERAZINE + DIPHENHYDRAMINE","General"
"686","684","Otosporin Ear drops","1","67","55","59.5","0","..","UNKNOWN","ACEFYLLINE PIPERAZINE + DIPHENHYDRAMINE","General"
"1767","177507","oxaquine 400mg tab","1","490","208","208","0","..","UNKNOWN","ACEFYLLINE PIPERAZINE + DIPHENHYDRAMINE","General"
"140","140","Oxidil 1g inj","1","465","395","395","10","..","UNKNOWN","ACEFYLLINE PIPERAZINE + DIPHENHYDRAMINE","General"
"1148","1158","OXIDIL 2 MG ING","1","680","590","589.830017089844","8","..","UNKNOWN","ACEFYLLINE PIPERAZINE + DIPHENHYDRAMINE","General"
"1262","1273","oxidil 250 im","1","210","175","173.75","3","..","UNKNOWN","ACEFYLLINE PIPERAZINE + DIPHENHYDRAMINE","General"
"671","669","Oxidil 250 inj","1","225","170","176","2","..","UNKNOWN","ACEFYLLINE PIPERAZINE + DIPHENHYDRAMINE","General"
"1110","1119","oxidil 2g inj","1","695","588","577.330017089844","3","..","UNKNOWN","ACEFYLLINE PIPERAZINE + DIPHENHYDRAMINE","General"
"673","671","Oxidil 500 IM INJ","1","310","269","269","0","..","UNKNOWN","ACEFYLLINE PIPERAZINE + DIPHENHYDRAMINE","General"
"672","670","Oxidil 500 IV inj","1","325","278","277.989990234375","6","..","UNKNOWN","ACEFYLLINE PIPERAZINE + DIPHENHYDRAMINE","General"
"62","62","P cyclo tab","1","150","54","54","3","..","UNKNOWN","ACEFYLLINE PIPERAZINE + DIPHENHYDRAMINE","General"
"2051","1983","pacifier holder chain","1","200","180","180","3","..","UNKNOWN","ACEFYLLINE PIPERAZINE + DIPHENHYDRAMINE","General"
"488","486","Paedi Care","1","200","164","158.330001831055","6","..","UNKNOWN","ACEFYLLINE PIPERAZINE + DIPHENHYDRAMINE","General"
"768","767","Pain NIL TAB","1","140","123.199996948242","123.199996948242","0","..","UNKNOWN","ACEFYLLINE PIPERAZINE + DIPHENHYDRAMINE","General"
"1798","177537","Palmolive Shampoo large","1","700","580","580","0","..","UNKNOWN","ACEFYLLINE PIPERAZINE + DIPHENHYDRAMINE","General"
"2245","7645","palmolive shampoo small","1","400","340","340","1","..","UNKNOWN","ACEFYLLINE PIPERAZINE + DIPHENHYDRAMINE","General"
"2161","4000","palmolive soap","1","160","150","148.130004882813","7","..","UNKNOWN","ACEFYLLINE PIPERAZINE + DIPHENHYDRAMINE","General"
"1062","1066","pamper small","1","1700","1550","1550","0","..","UNKNOWN","ACEFYLLINE PIPERAZINE + DIPHENHYDRAMINE","General"
"411","410","Panadal Extra tab","1","6.80000019073486","5.21999979019165","5.21999979019165","75","..","UNKNOWN","ACEFYLLINE PIPERAZINE + DIPHENHYDRAMINE","General"
"412","411","Panadal Night tab","1","11.5","10.1199998855591","10.1199998855591","0","..","UNKNOWN","ACEFYLLINE PIPERAZINE + DIPHENHYDRAMINE","General"
"409","408","Panadal tab","1","5","3.16000008583069","3.16000008583069","502","..","UNKNOWN","ACEFYLLINE PIPERAZINE + DIPHENHYDRAMINE","General"
"1741","177481","Panadol Day cold Tab","1","10","5.19000005722046","5.19000005722046","166","..","UNKNOWN","ACEFYLLINE PIPERAZINE + DIPHENHYDRAMINE","General"
"934","937","panadol extend tab","1","80","66.1800003051758","66.1800003051758","8","..","UNKNOWN","ACEFYLLINE PIPERAZINE + DIPHENHYDRAMINE","General"
"525","523","Panadol Fort","1","135","117.419998168945","105.540000915527","8","..","UNKNOWN","ACEFYLLINE PIPERAZINE + DIPHENHYDRAMINE","General"
"522","520","Panadol Liquid syp","1","147","128.630004882813","128.619995117188","11","..","UNKNOWN","ACEFYLLINE PIPERAZINE + DIPHENHYDRAMINE","General"
"1250","1261","panamin g","1","1200","1033","998.840026855469","6","..","UNKNOWN","ACEFYLLINE PIPERAZINE + DIPHENHYDRAMINE","General"
"1335","1346","pandol cf tab","1","10","8.64999961853027","8.64999961853027","100","..","UNKNOWN","ACEFYLLINE PIPERAZINE + DIPHENHYDRAMINE","General"
"763","762","pandol drop","1","96","84","84","18","..","UNKNOWN","ACEFYLLINE PIPERAZINE + DIPHENHYDRAMINE","General"
"10","10","Pandol tab","1","40","28","28","0","","UNKNOWN","ABC","General"
"1027","1031","PANIZOX 20 CAP","1","112","95","95","2","..","UNKNOWN","ACEFYLLINE PIPERAZINE + DIPHENHYDRAMINE","General"
"1028","1032","PANIZOX 40 CAP","1","350","297","300.839996337891","2","..","UNKNOWN","ACEFYLLINE PIPERAZINE + DIPHENHYDRAMINE","General"
"1061","1065","pantene shampo full","1","750","705","685.190002441406","4","..","UNKNOWN","ACEFYLLINE PIPERAZINE + DIPHENHYDRAMINE","General"
"2391","7785","PANTENE SHAMPOO PUMP","1","2500","2080","2080","1","..","UNKNOWN","ACEFYLLINE PIPERAZINE + DIPHENHYDRAMINE","General"
"1064","1068","pantene small shampo","1","470","410","408.019989013672","1","..","UNKNOWN","ACEFYLLINE PIPERAZINE + DIPHENHYDRAMINE","General"
"2192","4033","paracitamo tab","1","50","30","30","6","..","UNKNOWN","ACEFYLLINE PIPERAZINE + DIPHENHYDRAMINE","General"
"160","160","Paramed Forte tab","1","30","40","40","0","..","UNKNOWN","ACEFYLLINE PIPERAZINE + DIPHENHYDRAMINE","General"
"1897","1845","Parapals iv infusion","1","300","140","138.179992675781","4","..","UNKNOWN","ACEFYLLINE PIPERAZINE + DIPHENHYDRAMINE","General"
"215","215","Paraxyl CR TAB","1","660","429","429","3","..","UNKNOWN","ACEFYLLINE PIPERAZINE + DIPHENHYDRAMINE","General"
"1564","17114","Parley Gold gleam cream","1","350","250","250","3","..","UNKNOWN","ACEFYLLINE PIPERAZINE + DIPHENHYDRAMINE","General"
"2183","4024","PARLEY GOLD TUBE","1","350","270","270","3","..","UNKNOWN","ACEFYLLINE PIPERAZINE + DIPHENHYDRAMINE","General"
"1691","17433","Parly Gold Face wash","1","200","170","170","1","..","UNKNOWN","ACEFYLLINE PIPERAZINE + DIPHENHYDRAMINE","General"
"1763","177503","Parodontax Fluride 100mg","1","350","320","320","0","..","UNKNOWN","ACEFYLLINE PIPERAZINE + DIPHENHYDRAMINE","General"
"855","855","parodontax large","1","330","290.399993896484","290.399993896484","0","..","UNKNOWN","ACEFYLLINE PIPERAZINE + DIPHENHYDRAMINE","General"
"854","854","parodontax small","1","172","160","160","3","..","UNKNOWN","ACEFYLLINE PIPERAZINE + DIPHENHYDRAMINE","General"
"212","212","Partin 20 tab","1","450","396","396","0","..","UNKNOWN","ACEFYLLINE PIPERAZINE + DIPHENHYDRAMINE","General"
"1643","17202","pcam gel","1","360","287","287","1","..","UNKNOWN","ACEFYLLINE PIPERAZINE + DIPHENHYDRAMINE","General"
"1423","1519","pcam gel","1","213","187.440002441406","187.440002441406","0","..","UNKNOWN","ACEFYLLINE PIPERAZINE + DIPHENHYDRAMINE","General"
"1631","17190","pcam inj","1","60","43.5999984741211","43.5999984741211","6","..","UNKNOWN","ACEFYLLINE PIPERAZINE + DIPHENHYDRAMINE","General"
"138","138","peach mazza candy 1 (Gibs)","1","150","127","127","0","..","UNKNOWN","ACEFYLLINE PIPERAZINE + DIPHENHYDRAMINE","General"
"1779","177518","pediaSure","1","3500","3360","3360","1","..","UNKNOWN","ACEFYLLINE PIPERAZINE + DIPHENHYDRAMINE","General"
"1571","17121","peditral ors","1","30","25.2000007629395","25.2000007629395","51","..","UNKNOWN","ACEFYLLINE PIPERAZINE + DIPHENHYDRAMINE","General"
"723","723","Pedrol drops","1","87","74","74","1","..","UNKNOWN","ACEFYLLINE PIPERAZINE + DIPHENHYDRAMINE","General"
"523","521","Pedrol syp","1","60","53","53","0","..","UNKNOWN","ACEFYLLINE PIPERAZINE + DIPHENHYDRAMINE","General"
"1030","1034","PEDROL TAB","1","4","2.70000004768372","2.70000004768372","0","..","UNKNOWN","ACEFYLLINE PIPERAZINE + DIPHENHYDRAMINE","General"
"1999","1930","pegalin 75 cap","1","195","139.75","139.75","6","..","UNKNOWN","ACEFYLLINE PIPERAZINE + DIPHENHYDRAMINE","General"
"476","474","PELTON C SYRP","1","190","159.039993286133","159.399993896484","9","..","UNKNOWN","ACEFYLLINE PIPERAZINE + DIPHENHYDRAMINE","General"
"174","174","Pelton c tab","1","100","82","82","4","..","UNKNOWN","ACEFYLLINE PIPERAZINE + DIPHENHYDRAMINE","General"
"475","473","PELTON SYRP","1","186","159","159","4","..","UNKNOWN","ACEFYLLINE PIPERAZINE + DIPHENHYDRAMINE","General"
"477","475","PELTON V SYRP","1","189","165","165","4","..","UNKNOWN","ACEFYLLINE PIPERAZINE + DIPHENHYDRAMINE","General"
"1624","17183","pelton v tab","1","115","97","97","10","..","UNKNOWN","ACEFYLLINE PIPERAZINE + DIPHENHYDRAMINE","General"
"350","349","PEP EASE 20 CAP","1","113","96.0500030517578","96.0500030517578","0","..","UNKNOWN","ACEFYLLINE PIPERAZINE + DIPHENHYDRAMINE","General"
"113","113","Pepermemt syrp","1","100","35","35.0200004577637","11","..","UNKNOWN","ACEFYLLINE PIPERAZINE + DIPHENHYDRAMINE","General"
"2087","2020","pepsi 1 liter","1","170","150","150","0","..","UNKNOWN","ACEFYLLINE PIPERAZINE + DIPHENHYDRAMINE","General"
"2088","2021","pepsi and sprite nr","1","80","64.1699981689453","62.8199996948242","28","..","UNKNOWN","ACEFYLLINE PIPERAZINE + DIPHENHYDRAMINE","General"
"2205","7306","pepsi can","1","120","95.8300018310547","95.8300018310547","11","..","UNKNOWN","ACEFYLLINE PIPERAZINE + DIPHENHYDRAMINE","General"
"2085","2018","pepsi jambo","1","260","230","226.899993896484","2","..","UNKNOWN","ACEFYLLINE PIPERAZINE + DIPHENHYDRAMINE","General"
"371","369","Pepzym tab","1","233","197.770004272461","197.770004272461","0","..","UNKNOWN","ACEFYLLINE PIPERAZINE + DIPHENHYDRAMINE","General"
"1730","174470","Perfume 35 ml Box","1","500","300","300","6","..","UNKNOWN","ACEFYLLINE PIPERAZINE + DIPHENHYDRAMINE","General"
"573","571","pergnace stip","1","50","12","12","124","..","UNKNOWN","ACEFYLLINE PIPERAZINE + DIPHENHYDRAMINE","General"
"2401","9995","PERILIUM 10 MG TAB","1","90","30","30","5","..","UNKNOWN","ACEFYLLINE PIPERAZINE + DIPHENHYDRAMINE","General"
"630","628","Periset 8 inj","1","210","184.800003051758","184.800003051758","0","..","UNKNOWN","ACEFYLLINE PIPERAZINE + DIPHENHYDRAMINE","General"
"1887","1834","Permanent Acne clear cream","1","250","195","195","2","..","UNKNOWN","ACEFYLLINE PIPERAZINE + DIPHENHYDRAMINE","General"
"1414","1508","permanent cream","1","380","320","320","2","..","UNKNOWN","ACEFYLLINE PIPERAZINE + DIPHENHYDRAMINE","General"
"1415","1509","permanent face wash","1","250","195","195","1","..","UNKNOWN","ACEFYLLINE PIPERAZINE + DIPHENHYDRAMINE","General"
"774","773","Permanent shampo","1","350","300","300","1","..","UNKNOWN","ACEFYLLINE PIPERAZINE + DIPHENHYDRAMINE","General"
"899","900","pet","1","200","181","181","0","..","UNKNOWN","ACEFYLLINE PIPERAZINE + DIPHENHYDRAMINE","General"
"341","341","PETRA 20 CAP","1","50","40","40","1","..","UNKNOWN","ACEFYLLINE PIPERAZINE + DIPHENHYDRAMINE","General"
"339","339","PETRA 40 CAP","1","62","54.560001373291","54.560001373291","3","..","UNKNOWN","ACEFYLLINE PIPERAZINE + DIPHENHYDRAMINE","General"
"981","986","phenergan syp","1","143","123.599998474121","122.680000305176","18","..","UNKNOWN","ACEFYLLINE PIPERAZINE + DIPHENHYDRAMINE","General"
"154","154","Phlodic.K tab","1","50","27.5","27.4200000762939","107","..","UNKNOWN","ACEFYLLINE PIPERAZINE + DIPHENHYDRAMINE","General"
"1833","18011","photonic max shampoo","1","1073","966","966","1","..","UNKNOWN","ACEFYLLINE PIPERAZINE + DIPHENHYDRAMINE","General"
"1832","18010","photonic shampoo","1","1350","1194","1194","1","..","UNKNOWN","ACEFYLLINE PIPERAZINE + DIPHENHYDRAMINE","General"
"1988","1918","photonic womin","1","1327","1215","1215","1","..","UNKNOWN","ACEFYLLINE PIPERAZINE + DIPHENHYDRAMINE","General"
"1316","1328","piotrin powder","1","70","62","62","0","..","UNKNOWN","ACEFYLLINE PIPERAZINE + DIPHENHYDRAMINE","General"
"2140","3079","piriton syrup","1","103","89","90.5","7","..","UNKNOWN","ACEFYLLINE PIPERAZINE + DIPHENHYDRAMINE","General"
"404","402","Piriton tab","1","20","11","11","0","..","UNKNOWN","ACEFYLLINE PIPERAZINE + DIPHENHYDRAMINE","General"
"873","871","pirox","1","895","800","800","0","..","UNKNOWN","ACEFYLLINE PIPERAZINE + DIPHENHYDRAMINE","General"
"1838","18016","pirox shampo","1","1056","910","910","1","..","UNKNOWN","ACEFYLLINE PIPERAZINE + DIPHENHYDRAMINE","General"
"567","564","plader 100 ml drop","1","85","41","37.9799995422363","173","..","UNKNOWN","ACEFYLLINE PIPERAZINE + DIPHENHYDRAMINE","General"
"1484","1653","plavix tab","1","1400","1208","1208","1","..","UNKNOWN","ACEFYLLINE PIPERAZINE + DIPHENHYDRAMINE","General"
"2277","7677","PLYDIX FDL 100 DROP","1","100","60","60","9","..","UNKNOWN","ACEFYLLINE PIPERAZINE + DIPHENHYDRAMINE","General"
"1419","1515","plydix ns 100 ml","1","90","42","42","12","..","UNKNOWN","ACEFYLLINE PIPERAZINE + DIPHENHYDRAMINE","General"
"112","112","POdina green full srp","1","150","60","59","37","..","UNKNOWN","ACEFYLLINE PIPERAZINE + DIPHENHYDRAMINE","General"
"485","483","podina small syrp","1","100","35","34.8800010681152","17","..","UNKNOWN","ACEFYLLINE PIPERAZINE + DIPHENHYDRAMINE","General"
"486","484","podina small white","1","100","40","40","0","..","UNKNOWN","ACEFYLLINE PIPERAZINE + DIPHENHYDRAMINE","General"
"376","375","Poiybion Z CAP","1","129","113.519996643066","113.519996643066","0","..","UNKNOWN","ACEFYLLINE PIPERAZINE + DIPHENHYDRAMINE","General"
"1350","1362","polybion cap 50","1","143","100.099998474121","100.099998474121","1","..","UNKNOWN","ACEFYLLINE PIPERAZINE + DIPHENHYDRAMINE","General"
"123","123","Polybion fort syrp","1","170","144","131.100006103516","1","..","UNKNOWN","ACEFYLLINE PIPERAZINE + DIPHENHYDRAMINE","General"
"970","975","polybion z cap","1","150","129","129","5","..","UNKNOWN","ACEFYLLINE PIPERAZINE + DIPHENHYDRAMINE","General"
"241","241","polyfax eye","1","113","98","98","14","..","UNKNOWN","ACEFYLLINE PIPERAZINE + DIPHENHYDRAMINE","General"
"1100","1109","polyfax plus skin oin","1","288","250","242.110000610352","8","..","UNKNOWN","ACEFYLLINE PIPERAZINE + DIPHENHYDRAMINE","General"
"1098","1107","polyfax skin oin","1","223","193","193.119995117188","6","..","UNKNOWN","ACEFYLLINE PIPERAZINE + DIPHENHYDRAMINE","General"
"752","751","polymalt f tab","1","136","119","119","3","..","UNKNOWN","ACEFYLLINE PIPERAZINE + DIPHENHYDRAMINE","General"
"1580","17130","polymalt syrup","1","323","258","269","1","..","UNKNOWN","ACEFYLLINE PIPERAZINE + DIPHENHYDRAMINE","General"
"1836","18014","polymalt tab","1","150","117","117","3","..","UNKNOWN","ACEFYLLINE PIPERAZINE + DIPHENHYDRAMINE","General"
"439","437","Polypar syp","1","65","38","38","3","..","UNKNOWN","ACEFYLLINE PIPERAZINE + DIPHENHYDRAMINE","General"
"1372","1385","ponds cream","1","350","220","232","7","..","UNKNOWN","ACEFYLLINE PIPERAZINE + DIPHENHYDRAMINE","General"
"998","1003","ponds face wash","1","500","460","427.170013427734","6","..","UNKNOWN","ACEFYLLINE PIPERAZINE + DIPHENHYDRAMINE","General"
"1416","1510","ponds face wash small","1","250","150","150","0","..","UNKNOWN","ACEFYLLINE PIPERAZINE + DIPHENHYDRAMINE","General"
"996","1001","ponds lotion","1","600","550","516.669982910156","3","..","UNKNOWN","ACEFYLLINE PIPERAZINE + DIPHENHYDRAMINE","General"
"1040","1044","ponds lotion small","1","350","320","307.140014648438","6","..","UNKNOWN","ACEFYLLINE PIPERAZINE + DIPHENHYDRAMINE","General"
"2244","7644","ponds skin institute","1","1850","1450","1450","1","..","UNKNOWN","ACEFYLLINE PIPERAZINE + DIPHENHYDRAMINE","General"
"429","427","Ponstan Forte","1","7","5.26000022888184","5.26000022888184","274","..","UNKNOWN","ACEFYLLINE PIPERAZINE + DIPHENHYDRAMINE","General"
"430","428","Ponstan tab","1","5","3.40000009536743","3.3199999332428","331","..","UNKNOWN","ACEFYLLINE PIPERAZINE + DIPHENHYDRAMINE","General"
"2354","7754","poultice","1","90","53","53","7","..","UNKNOWN","ACEFYLLINE PIPERAZINE + DIPHENHYDRAMINE","General"
"804","803","povine","1","1190","800","800","0","..","UNKNOWN","ACEFYLLINE PIPERAZINE + DIPHENHYDRAMINE","General"
"878","876","power plus cream","1","200","100","100","0","..","UNKNOWN","ACEFYLLINE PIPERAZINE + DIPHENHYDRAMINE","General"
"740","739","Powerplex inj","1","40","15","15","0","..","UNKNOWN","ACEFYLLINE PIPERAZINE + DIPHENHYDRAMINE","General"
"1271","1282","prednisolone 5 tab","1","40","36","36","0","..","UNKNOWN","ACEFYLLINE PIPERAZINE + DIPHENHYDRAMINE","General"
"2274","7674","prednisynth eye drop","1","115","88","88","0","..","UNKNOWN","ACEFYLLINE PIPERAZINE + DIPHENHYDRAMINE","General"
"2273","7673","pregnovit tab","1","1565","1224","1224","1","..","UNKNOWN","ACEFYLLINE PIPERAZINE + DIPHENHYDRAMINE","General"
"2056","1989","pregy 50 mg","1","330","280","280","1","..","UNKNOWN","ACEFYLLINE PIPERAZINE + DIPHENHYDRAMINE","General"
"1938","1887","PRELIN 100 MG CAP","1","280","204","204","2","..","UNKNOWN","ACEFYLLINE PIPERAZINE + DIPHENHYDRAMINE","General"
"1939","1889","PRELIN 50 MG CAP","1","210","153","153","1","..","UNKNOWN","ACEFYLLINE PIPERAZINE + DIPHENHYDRAMINE","General"
"1937","1886","PRELIN 75 MG CAP","1","250","184","184","0","..","UNKNOWN","ACEFYLLINE PIPERAZINE + DIPHENHYDRAMINE","General"
"690","688","Prelox syp","1","299","212","212","2","..","UNKNOWN","ACEFYLLINE PIPERAZINE + DIPHENHYDRAMINE","General"
"1928","1877","Prelox tab 100 mg","1","400","289","289","1","..","UNKNOWN","ACEFYLLINE PIPERAZINE + DIPHENHYDRAMINE","General"
"794","793","prickly heat","1","250","183","179.779998779297","7","..","UNKNOWN","ACEFYLLINE PIPERAZINE + DIPHENHYDRAMINE","General"
"130","130","Primolut n tab","1","150","134","133.979995727539","19","..","UNKNOWN","ACEFYLLINE PIPERAZINE + DIPHENHYDRAMINE","General"
"987","992","probase 10mg","1","190","153","153","0","..","UNKNOWN","ACEFYLLINE PIPERAZINE + DIPHENHYDRAMINE","General"
"1614","17173","prodent mw","1","390","344.5","344.5","2","..","UNKNOWN","ACEFYLLINE PIPERAZINE + DIPHENHYDRAMINE","General"
"1615","17174","prodent tooth pas","1","233","212","212","0","..","UNKNOWN","ACEFYLLINE PIPERAZINE + DIPHENHYDRAMINE","General"
"77","77","Progylton tab","1","1100","955","955","2","..","UNKNOWN","ACEFYLLINE PIPERAZINE + DIPHENHYDRAMINE","General"
"2427","8014","prolifen 50mg cap","1","693","599.450012207031","599.450012207031","3","..","UNKNOWN","ACEFYLLINE PIPERAZINE + DIPHENHYDRAMINE","General"
"2190","4031","PROSPAN SYRUP","1","695","591","591","2","..","UNKNOWN","ACEFYLLINE PIPERAZINE + DIPHENHYDRAMINE","General"
"641","639","prostreat 0.4 cap","1","600","494","494","2","..","UNKNOWN","ACEFYLLINE PIPERAZINE + DIPHENHYDRAMINE","General"
"870","869","protack","1","100","70","70","0","..","UNKNOWN","ACEFYLLINE PIPERAZINE + DIPHENHYDRAMINE","General"
"1942","1892","PROTECT NAPPY CMREA","1","140","119","119","1","..","UNKNOWN","ACEFYLLINE PIPERAZINE + DIPHENHYDRAMINE","General"
"232","232","prothiaden 25 tab","1","60","50.5999984741211","47.3899993896484","14","..","UNKNOWN","ACEFYLLINE PIPERAZINE + DIPHENHYDRAMINE","General"
"229","229","prothiaden 75 tab","1","153","132.330001831055","132.330001831055","8","..","UNKNOWN","ACEFYLLINE PIPERAZINE + DIPHENHYDRAMINE","General"
"726","726","Protoxil infusion","1","160","140.800003051758","140.800003051758","0","..","UNKNOWN","ACEFYLLINE PIPERAZINE + DIPHENHYDRAMINE","General"
"1906","1854","Provas DOU Tab","1","70","60.5499992370605","60.5499992370605","2","..","UNKNOWN","ACEFYLLINE PIPERAZINE + DIPHENHYDRAMINE","General"
"13","13","provas inf","1","230","198","197.960006713867","8","","UNKNOWN","ABC","General"
"742","741","Provas inj","1","50","27.2000007629395","21.1000003814697","12","..","UNKNOWN","ACEFYLLINE PIPERAZINE + DIPHENHYDRAMINE","General"
"22","22","Provas n forte tab","1","110","95","94","3","","UNKNOWN","ABC","General"
"1420","1516","provate cream","1","106","93.2799987792969","93.2799987792969","2","..","UNKNOWN","ACEFYLLINE PIPERAZINE + DIPHENHYDRAMINE","General"
"747","746","Provate G CREAM","1","132","112","112","5","","UNKNOWN","ABC","General"
"748","747","Provate G oint","1","133","113","113","0","..","UNKNOWN","ACEFYLLINE PIPERAZINE + DIPHENHYDRAMINE","General"
"1264","1275","provate lotion","1","205","174","172.330001831055","3","..","UNKNOWN","ACEFYLLINE PIPERAZINE + DIPHENHYDRAMINE","General"
"397","395","Prymin D TAB","1","40","15","15","0","..","UNKNOWN","ACEFYLLINE PIPERAZINE + DIPHENHYDRAMINE","General"
"817","816","pudic h cream","1","298","262.239990234375","262.239990234375","0","..","UNKNOWN","ACEFYLLINE PIPERAZINE + DIPHENHYDRAMINE","General"
"1531","1699","puldol sr tab","1","100","68","67.4499969482422","6","..","UNKNOWN","ACEFYLLINE PIPERAZINE + DIPHENHYDRAMINE","General"
"1309","1321","pulmoloz tab","1","20","14.6599998474121","14.4700002670288","17","..","UNKNOWN","ACEFYLLINE PIPERAZINE + DIPHENHYDRAMINE","General"
"1247","1259","pulmonat syrup","1","389","331","331","0","..","UNKNOWN","ACEFYLLINE PIPERAZINE + DIPHENHYDRAMINE","General"
"1017","1022","pulmonol syp","1","200","145","138","4","..","UNKNOWN","ACEFYLLINE PIPERAZINE + DIPHENHYDRAMINE","General"
"611","609","Pulsecam inj","1","26.6000003814697","23.4099998474121","23.4099998474121","5","..","UNKNOWN","ACEFYLLINE PIPERAZINE + DIPHENHYDRAMINE","General"
"801","800","pyidine otc","1","170","80","78.4700012207031","13","..","UNKNOWN","ACEFYLLINE PIPERAZINE + DIPHENHYDRAMINE","General"
"1856","18036","PYODIN BROOKS LARGE","1","1600","1380","1380","2","..","UNKNOWN","ACEFYLLINE PIPERAZINE + DIPHENHYDRAMINE","General"
"800","799","pyodine brox","1","250","220","220","11","..","UNKNOWN","ACEFYLLINE PIPERAZINE + DIPHENHYDRAMINE","General"
"1857","18037","PYODINE OTC LARGE","1","990","600","600","1","..","UNKNOWN","ACEFYLLINE PIPERAZINE + DIPHENHYDRAMINE","General"
"1625","17184","Pyrocam...20","1","95.7600021362305","60","60","1","..","UNKNOWN","ACEFYLLINE PIPERAZINE + DIPHENHYDRAMINE","General"
"622","620","Q bac  2mg inj","1","745","644.429992675781","644.429992675781","2","..","UNKNOWN","ACEFYLLINE PIPERAZINE + DIPHENHYDRAMINE","General"
"623","621","Q BAC 1MG INJ","1","525","250","250","0","..","UNKNOWN","ACEFYLLINE PIPERAZINE + DIPHENHYDRAMINE","General"
"1034","1038","q par 100 tab","1","460","336","338.670013427734","3","..","UNKNOWN","ACEFYLLINE PIPERAZINE + DIPHENHYDRAMINE","General"
"1430","1534","q par 200mg tab","1","530","405","405","1","..","UNKNOWN","ACEFYLLINE PIPERAZINE + DIPHENHYDRAMINE","General"
"1035","1039","q par 25 mg tab","1","210","157","159.350006103516","4","..","UNKNOWN","ACEFYLLINE PIPERAZINE + DIPHENHYDRAMINE","General"
"537","535","Q Plex syrp","1","276","242.880004882813","242.880004882813","0","..","UNKNOWN","ACEFYLLINE PIPERAZINE + DIPHENHYDRAMINE","General"
"753","752","Qalsium D TAB\","1","320","276.660003662109","274.230010986328","4","..","UNKNOWN","ACEFYLLINE PIPERAZINE + DIPHENHYDRAMINE","General"
"66","66","Qbal 500 tab","1","225","182","188.860000610352","3","..","UNKNOWN","ACEFYLLINE PIPERAZINE + DIPHENHYDRAMINE","General"
"1455","1621","qbal inj","1","50","41","41","1","..","UNKNOWN","ACEFYLLINE PIPERAZINE + DIPHENHYDRAMINE","General"
"2410","10005","qpro 15 mg tab\","1","240","160","160","3","..","UNKNOWN","ACEFYLLINE PIPERAZINE + DIPHENHYDRAMINE","General"
"1528","1696","qpro 30 cap","1","180","105","109.300003051758","8","..","UNKNOWN","ACEFYLLINE PIPERAZINE + DIPHENHYDRAMINE","General"
"1840","18018","qsartan 50 mg tab","1","185","154","154","0","..","UNKNOWN","ACEFYLLINE PIPERAZINE + DIPHENHYDRAMINE","General"
"660","658","QUENCH CRAEM","1","300","259","259","1","","UNKNOWN","ABC","General"
"1639","17198","QUILINE 50GM","1","140","52","52","8","..","UNKNOWN","ACEFYLLINE PIPERAZINE + DIPHENHYDRAMINE","General"
"342","342","Rabecid 10 tab","1","245","211.830001831055","211.830001831055","0","..","UNKNOWN","ACEFYLLINE PIPERAZINE + DIPHENHYDRAMINE","General"
"1530","1698","rabosh 20 mg tab","1","430","310","305.200012207031","0","..","UNKNOWN","ACEFYLLINE PIPERAZINE + DIPHENHYDRAMINE","General"
"1451","1604","rahat always","1","200","120","117.470001220703","20","..","UNKNOWN","ACEFYLLINE PIPERAZINE + DIPHENHYDRAMINE","General"
"1010","1015","rahat pamper","1","900","820","820","10","..","UNKNOWN","ACEFYLLINE PIPERAZINE + DIPHENHYDRAMINE","General"
"2067","2000","rahat pamper large","1","100","78","78","9","..","UNKNOWN","ACEFYLLINE PIPERAZINE + DIPHENHYDRAMINE","General"
"2069","2002","rahat pamper large","1","1750","1650","1650","4","..","UNKNOWN","ACEFYLLINE PIPERAZINE + DIPHENHYDRAMINE","General"
"2031","1963","rahat wipes","1","150","100","100","0","..","UNKNOWN","ACEFYLLINE PIPERAZINE + DIPHENHYDRAMINE","General"
"251","251","Rakapam 0.5 tab","1","60","50","50","2","..","UNKNOWN","ACEFYLLINE PIPERAZINE + DIPHENHYDRAMINE","General"
"252","252","Rakapam 5 tab","1","72","62","62","6","..","UNKNOWN","ACEFYLLINE PIPERAZINE + DIPHENHYDRAMINE","General"
"236","236","Ramipace 2.5 tab","1","363","314","314","1","..","UNKNOWN","ACEFYLLINE PIPERAZINE + DIPHENHYDRAMINE","General"
"234","234","Ramipace 5 tab","1","365","321.200012207031","321.200012207031","3","..","UNKNOWN","ACEFYLLINE PIPERAZINE + DIPHENHYDRAMINE","General"
"1226","1238","rapicort 5 tab","1","50","38","37.1300010681152","25","..","UNKNOWN","ACEFYLLINE PIPERAZINE + DIPHENHYDRAMINE","General"
"1728","174468","Rasasi B Spray","1","650","580","558.570007324219","5","..","UNKNOWN","ACEFYLLINE PIPERAZINE + DIPHENHYDRAMINE","General"
"829","828","rashnil","1","54","47.5200004577637","47.5200004577637","0","..","UNKNOWN","ACEFYLLINE PIPERAZINE + DIPHENHYDRAMINE","General"
"853","UNK00119","rashnil","1","330","267","258.880004882813","0","..","UNKNOWN","ACEFYLLINE PIPERAZINE + DIPHENHYDRAMINE","General"
"1287","1299","rast 10 mg","1","320","279","279","3","..","UNKNOWN","ACEFYLLINE PIPERAZINE + DIPHENHYDRAMINE","General"
"1572","17122","rast 20 mg","1","508","447","447","1","..","UNKNOWN","ACEFYLLINE PIPERAZINE + DIPHENHYDRAMINE","General"
"1734","174474","real Marriage perfumed spray","1","550","480","480","3","..","UNKNOWN","ACEFYLLINE PIPERAZINE + DIPHENHYDRAMINE","General"
"1669","17387","Reco 9x10","1","60","35","35","1","..","UNKNOWN","ACEFYLLINE PIPERAZINE + DIPHENHYDRAMINE","General"
"883","882","reco 9x15","1","90","42","42","2","..","UNKNOWN","ACEFYLLINE PIPERAZINE + DIPHENHYDRAMINE","General"
"882","881","reco 9x20","1","120","50","50","9","..","UNKNOWN","ACEFYLLINE PIPERAZINE + DIPHENHYDRAMINE","General"
"884","883","reco 9x25","1","180","100","100","14","..","UNKNOWN","ACEFYLLINE PIPERAZINE + DIPHENHYDRAMINE","General"
"888","890","reco 9x30","1","180","55","69","10","..","UNKNOWN","ACEFYLLINE PIPERAZINE + DIPHENHYDRAMINE","General"
"1711","17455","Relax Powder","1","300","180","180","4","..","UNKNOWN","ACEFYLLINE PIPERAZINE + DIPHENHYDRAMINE","General"
"1214","1226","relief tab","1","80","50","50","0","..","UNKNOWN","ACEFYLLINE PIPERAZINE + DIPHENHYDRAMINE","General"
"220","220","Reline 100 tab","1","520","457","457","0","..","UNKNOWN","ACEFYLLINE PIPERAZINE + DIPHENHYDRAMINE","General"
"228","228","reline 50 tab","1","340","299.200012207031","299.200012207031","2","..","UNKNOWN","ACEFYLLINE PIPERAZINE + DIPHENHYDRAMINE","General"
"95","95","Relispa","1","120","102","102","3","..","UNKNOWN","ACEFYLLINE PIPERAZINE + DIPHENHYDRAMINE","General"
"96","96","Relispa forte tab","1","130","113","113","8","..","UNKNOWN","ACEFYLLINE PIPERAZINE + DIPHENHYDRAMINE","General"
"504","502","Reltas DM syp","1","180","110","114.400001525879","8","..","UNKNOWN","ACEFYLLINE PIPERAZINE + DIPHENHYDRAMINE","General"
"1225","1237","reltus cf tab","1","80","67","67","93","..","UNKNOWN","ACEFYLLINE PIPERAZINE + DIPHENHYDRAMINE","General"
"1553","17103","reltus syurp","1","136","118","118","3","..","UNKNOWN","ACEFYLLINE PIPERAZINE + DIPHENHYDRAMINE","General"
"1829","1801","Remisol syp small","1","82","66.2200012207031","66.2200012207031","9","..","UNKNOWN","ACEFYLLINE PIPERAZINE + DIPHENHYDRAMINE","General"
"498","495","Remisole Neo syp","1","122","91.2699966430664","90.7399978637695","3","..","UNKNOWN","ACEFYLLINE PIPERAZINE + DIPHENHYDRAMINE","General"
"1290","1302","renitec 10 mg","1","200","177","177","6","..","UNKNOWN","ACEFYLLINE PIPERAZINE + DIPHENHYDRAMINE","General"
"1289","1301","renitec 5 mg","1","110","93","93","2","..","UNKNOWN","ACEFYLLINE PIPERAZINE + DIPHENHYDRAMINE","General"
"164","164","Resotin tab","1","50","30","30","3","..","UNKNOWN","ACEFYLLINE PIPERAZINE + DIPHENHYDRAMINE","General"
"175","175","Resotin tab","1","50","15","15","0","..","UNKNOWN","ACEFYLLINE PIPERAZINE + DIPHENHYDRAMINE","General"
"2026","1958","revitale multi tab","1","820","712","712","1","..","UNKNOWN","ACEFYLLINE PIPERAZINE + DIPHENHYDRAMINE","General"
"1835","18013","rhino sone p nasal spray","1","215","174","174","6","..","UNKNOWN","ACEFYLLINE PIPERAZINE + DIPHENHYDRAMINE","General"
"413","412","Riam 400 tab","1","5","3.22000002861023","3.22000002861023","34","..","UNKNOWN","ACEFYLLINE PIPERAZINE + DIPHENHYDRAMINE","General"
"447","445","Riam syp","1","136","119.680000305176","119.680000305176","0","..","UNKNOWN","ACEFYLLINE PIPERAZINE + DIPHENHYDRAMINE","General"
"1385","1398","riam syp small","1","75","59","54.560001373291","3","..","UNKNOWN","ACEFYLLINE PIPERAZINE + DIPHENHYDRAMINE","General"
"1466","1633","rice face was","1","500","300","300","1","..","UNKNOWN","ACEFYLLINE PIPERAZINE + DIPHENHYDRAMINE","General"
"1189","1200","rifaxa   550mg tab","1","1030","890.950012207031","890.950012207031","1","..","UNKNOWN","ACEFYLLINE PIPERAZINE + DIPHENHYDRAMINE","General"
"714","712","Rigix drops","1","135","114","114.650001525879","4","..","UNKNOWN","ACEFYLLINE PIPERAZINE + DIPHENHYDRAMINE","General"
"706","704","Rigix syp","1","200","170","170","6","..","UNKNOWN","ACEFYLLINE PIPERAZINE + DIPHENHYDRAMINE","General"
"762","761","Rigix tab","1","200","170","168.5","3","..","UNKNOWN","ACEFYLLINE PIPERAZINE + DIPHENHYDRAMINE","General"
"1781","177520","Rimel tab","1","10","4.30000019073486","4.30000019073486","85","..","UNKNOWN","ACEFYLLINE PIPERAZINE + DIPHENHYDRAMINE","General"
"1285","1297","ripsil lemon","1","8.32999992370605","3.66000008583069","3.66000008583069","0","..","UNKNOWN","ACEFYLLINE PIPERAZINE + DIPHENHYDRAMINE","General"
"329","327","Risek 2o cap","1","200","130","133.360000610352","22","..","UNKNOWN","ACEFYLLINE PIPERAZINE + DIPHENHYDRAMINE","General"
"133","133","Risek 40 cap","1","280","242","242","1","..","UNKNOWN","ACEFYLLINE PIPERAZINE + DIPHENHYDRAMINE","General"
"663","661","Risek 40 inj","1","580","421","421","3","..","UNKNOWN","ACEFYLLINE PIPERAZINE + DIPHENHYDRAMINE","General"
"651","649","Risek 40 insta","1","40","34","33.9900016784668","138","..","UNKNOWN","ACEFYLLINE PIPERAZINE + DIPHENHYDRAMINE","General"
"1121","1130","risek cap 20 50","1","180","90","90","0","..","UNKNOWN","ACEFYLLINE PIPERAZINE + DIPHENHYDRAMINE","General"
"134","134","Risek insta 2)","1","30","21.1000003814697","21.1000003814697","97","..","UNKNOWN","ACEFYLLINE PIPERAZINE + DIPHENHYDRAMINE","General"
"624","622","Rithmo","1","246","216.479995727539","216.479995727539","0","..","UNKNOWN","ACEFYLLINE PIPERAZINE + DIPHENHYDRAMINE","General"
"688","686","Rithmo 125 drops","1","189","177","177","1","..","UNKNOWN","ACEFYLLINE PIPERAZINE + DIPHENHYDRAMINE","General"
"1501","1670","rithmo 125 syrup","1","425","362","362","0","..","UNKNOWN","ACEFYLLINE PIPERAZINE + DIPHENHYDRAMINE","General"
"1502","1671","rithmo 250 syrup","1","750","638","638","0","..","UNKNOWN","ACEFYLLINE PIPERAZINE + DIPHENHYDRAMINE","General"
"32","32","Rithmo 500 tab","1","763","671.700012207031","670.400024414063","0","..","UNKNOWN","ACEFYLLINE PIPERAZINE + DIPHENHYDRAMINE","General"
"986","991","rithom 250","1","356","332","332","1","..","UNKNOWN","ACEFYLLINE PIPERAZINE + DIPHENHYDRAMINE","General"
"2176","4015","rivaj sunblock small","1","300","240","240","0","..","UNKNOWN","ACEFYLLINE PIPERAZINE + DIPHENHYDRAMINE","General"
"926","927","rivotreil drop","1","243","220","220","0","..","UNKNOWN","ACEFYLLINE PIPERAZINE + DIPHENHYDRAMINE","General"
"2276","7676","RL 500 DROP","1","126","62","69.4800033569336","32","..","UNKNOWN","ACEFYLLINE PIPERAZINE + DIPHENHYDRAMINE","General"
"749","748","RLD 500 ML","1","160","80","81.0100021362305","37","..","UNKNOWN","ACEFYLLINE PIPERAZINE + DIPHENHYDRAMINE","General"
"1757","177497","Rolac 100 mg tab","1","415","318","338.489990234375","2","..","UNKNOWN","ACEFYLLINE PIPERAZINE + DIPHENHYDRAMINE","General"
"249","249","ROlip 10 tab","1","374","243.100006103516","229.529998779297","5","..","UNKNOWN","ACEFYLLINE PIPERAZINE + DIPHENHYDRAMINE","General"
"1795","177534","Romantic Marco polo spray","1","500","300","300","2","..","UNKNOWN","ACEFYLLINE PIPERAZINE + DIPHENHYDRAMINE","General"
"2165","4004","Rompers baby wipes","1","200","120","120","5","..","UNKNOWN","ACEFYLLINE PIPERAZINE + DIPHENHYDRAMINE","General"
"594","592","Romycin 200 syp","1","399","299.25","299.25","0","..","UNKNOWN","ACEFYLLINE PIPERAZINE + DIPHENHYDRAMINE","General"
"1314","1326","romycin 250mg tab","1","265","158","158","0","..","UNKNOWN","ACEFYLLINE PIPERAZINE + DIPHENHYDRAMINE","General"
"1315","1327","romycin 500mg tab","1","248","151","151","1","..","UNKNOWN","ACEFYLLINE PIPERAZINE + DIPHENHYDRAMINE","General"
"1901","1849","rondec syp","1","200","166.5","166.5","0","..","UNKNOWN","ACEFYLLINE PIPERAZINE + DIPHENHYDRAMINE","General"
"1534","1702","ronica face wash","1","350","290","286.390014648438","6","..","UNKNOWN","ACEFYLLINE PIPERAZINE + DIPHENHYDRAMINE","General"
"2050","1982","Ronica hair protien","1","380","300","300","0","..","UNKNOWN","ACEFYLLINE PIPERAZINE + DIPHENHYDRAMINE","General"
"1824","177563","Ronica serum","1","600","390","390","2","..","UNKNOWN","ACEFYLLINE PIPERAZINE + DIPHENHYDRAMINE","General"
"1790","177529","Ronica shampoo","1","390","300","300","1","..","UNKNOWN","ACEFYLLINE PIPERAZINE + DIPHENHYDRAMINE","General"
"1944","1894","rose water","1","100","75","75","20","..","UNKNOWN","ACEFYLLINE PIPERAZINE + DIPHENHYDRAMINE","General"
"949","953","rotec 75 tab","1","263","221.25","221.619995117188","6","..","UNKNOWN","ACEFYLLINE PIPERAZINE + DIPHENHYDRAMINE","General"
"1620","17179","rova 10 mg tab","1","350","223","223","1","..","UNKNOWN","ACEFYLLINE PIPERAZINE + DIPHENHYDRAMINE","General"
"322","319","ROvista 10 tab","1","437","306","306","15","..","UNKNOWN","ACEFYLLINE PIPERAZINE + DIPHENHYDRAMINE","General"
"1441","1545","rovista 10mg 50","1","437","218.5","218.5","0","..","UNKNOWN","ACEFYLLINE PIPERAZINE + DIPHENHYDRAMINE","General"
"317","314","Rovista 20 tab","1","705","458.25","458.25","0","..","UNKNOWN","ACEFYLLINE PIPERAZINE + DIPHENHYDRAMINE","General"
"1515","UNK00313","Rovista 20 tab","1","600","300","300","0","..","UNKNOWN","ACEFYLLINE PIPERAZINE + DIPHENHYDRAMINE","General"
"324","321","Rovista 5 tab","1","234","177","177","0","..","UNKNOWN","ACEFYLLINE PIPERAZINE + DIPHENHYDRAMINE","General"
"1349","1361","rovista 50  tab","1","600","300","360","0","..","UNKNOWN","ACEFYLLINE PIPERAZINE + DIPHENHYDRAMINE","General"
"2357","7757","rovista ez 10by 10","1","447","387","387","0","..","UNKNOWN","ACEFYLLINE PIPERAZINE + DIPHENHYDRAMINE","General"
"2011","1942","Royal neb nebulizer","1","4300","3600","3600","1","..","UNKNOWN","ACEFYLLINE PIPERAZINE + DIPHENHYDRAMINE","General"
"1927","1876","Royal spray","1","450","250","250","4","..","UNKNOWN","ACEFYLLINE PIPERAZINE + DIPHENHYDRAMINE","General"
"1218","1230","rozolam 0.5 tab","1","68","38","38","0","..","UNKNOWN","ACEFYLLINE PIPERAZINE + DIPHENHYDRAMINE","General"
"23","23","Rramipace2.5mg tab","1","285","250.800003051758","250.800003051758","0","","UNKNOWN","ABC","General"
"936","939","ruling 20 cap","1","183","158","158","4","..","UNKNOWN","ACEFYLLINE PIPERAZINE + DIPHENHYDRAMINE","General"
"940","943","ruling 40 cap","1","240","208.5","208.5","4","..","UNKNOWN","ACEFYLLINE PIPERAZINE + DIPHENHYDRAMINE","General"
"661","659","Ruling 40 inj","1","463","360","360","5","","UNKNOWN","ABC","General"
"642","640","s alen 40 cap","1","236","42","42","2","..","UNKNOWN","ACEFYLLINE PIPERAZINE + DIPHENHYDRAMINE","General"
"338","338","s zole 40 cap","1","280","233","233","4","..","UNKNOWN","ACEFYLLINE PIPERAZINE + DIPHENHYDRAMINE","General"
"292","289","s0fvasc 5","1","178","156","156","0","..","UNKNOWN","ACEFYLLINE PIPERAZINE + DIPHENHYDRAMINE","General"
"1845","18023","saba hiar spry","1","400","260","265","3","..","UNKNOWN","ACEFYLLINE PIPERAZINE + DIPHENHYDRAMINE","General"
"1706","17450","Sabalon Hair Spray","1","500","360","360","2","..","UNKNOWN","ACEFYLLINE PIPERAZINE + DIPHENHYDRAMINE","General"
"1066","1070","safa care wipes","1","130","100","100","0","..","UNKNOWN","ACEFYLLINE PIPERAZINE + DIPHENHYDRAMINE","General"
"1063","1067","safeguard soof","1","170","165","164.020004272461","19","..","UNKNOWN","ACEFYLLINE PIPERAZINE + DIPHENHYDRAMINE","General"
"1935","1884","SAFEPRAM 10 MG TAB","1","230","141","141","2","..","UNKNOWN","ACEFYLLINE PIPERAZINE + DIPHENHYDRAMINE","General"
"1936","1885","SAFEPRAM 20 MG TAB","1","335","199.75","199.75","2","..","UNKNOWN","ACEFYLLINE PIPERAZINE + DIPHENHYDRAMINE","General"
"2198","4039","SAFEPRAM 5MG TAB","1","175","107","107","2","..","UNKNOWN","ACEFYLLINE PIPERAZINE + DIPHENHYDRAMINE","General"
"654","652","safi syrp","1","240","180","183.660003662109","4","..","UNKNOWN","ACEFYLLINE PIPERAZINE + DIPHENHYDRAMINE","General"
"384","383","sais megasea tab","1","1250","875","875","0","..","UNKNOWN","ACEFYLLINE PIPERAZINE + DIPHENHYDRAMINE","General"
"1645","17204","sakoon tab","1","100","65","69.5","2","..","UNKNOWN","ACEFYLLINE PIPERAZINE + DIPHENHYDRAMINE","General"
"1435","1539","salbo hfa 50","1","376","335","335","4","..","UNKNOWN","ACEFYLLINE PIPERAZINE + DIPHENHYDRAMINE","General"
"443","441","Salbo sag","1","376","325","325","0","..","UNKNOWN","ACEFYLLINE PIPERAZINE + DIPHENHYDRAMINE","General"
"1130","1139","salbo sag 30","1","376","188","188","0","..","UNKNOWN","ACEFYLLINE PIPERAZINE + DIPHENHYDRAMINE","General"
"1863","18044","salilase n spyar","1","77","66","66","5","..","UNKNOWN","ACEFYLLINE PIPERAZINE + DIPHENHYDRAMINE","General"
"2232","7632","sambro tab","1","80","75","72","6","..","UNKNOWN","ACEFYLLINE PIPERAZINE + DIPHENHYDRAMINE","General"
"2055","1987","samsol egg shampoo","1","310","245","268.329986572266","3","..","UNKNOWN","ACEFYLLINE PIPERAZINE + DIPHENHYDRAMINE","General"
"1453","1610","SAMSOL SHAMPO","1","180","150","150","3","..","UNKNOWN","ACEFYLLINE PIPERAZINE + DIPHENHYDRAMINE","General"
"2384","77778","SANA FACE WASH","1","350","250","250","2","..","UNKNOWN","ACEFYLLINE PIPERAZINE + DIPHENHYDRAMINE","General"
"1540","1708","sandal cream","1","360","250","254.440002441406","7","..","UNKNOWN","ACEFYLLINE PIPERAZINE + DIPHENHYDRAMINE","General"
"372","370","SANgobion cap","1","110","93.3000030517578","93.0100021362305","4","..","UNKNOWN","ACEFYLLINE PIPERAZINE + DIPHENHYDRAMINE","General"
"16","16","Sangobion SRP","1","157","135","128.419998168945","2","","UNKNOWN","ABC","General"
"1858","18038","SANI LIFE SENATIZAR","1","650","500","500","3","..","UNKNOWN","ACEFYLLINE PIPERAZINE + DIPHENHYDRAMINE","General"
"141","141","Sanid tab","1","20","11","10.9399995803833","234","..","UNKNOWN","ACEFYLLINE PIPERAZINE + DIPHENHYDRAMINE","General"
"2006","1937","saniplast","1","5","3.04999995231628","3.04999995231628","37","..","UNKNOWN","ACEFYLLINE PIPERAZINE + DIPHENHYDRAMINE","General"
"1952","18902","SANTE 20 MG","1","222","104","89.6699981689453","8","..","UNKNOWN","ACEFYLLINE PIPERAZINE + DIPHENHYDRAMINE","General"
"483","481","sapasm odine syrp","1","125","110","110","0","..","UNKNOWN","ACEFYLLINE PIPERAZINE + DIPHENHYDRAMINE","General"
"864","863","sathi","1","150","73","73","0","..","UNKNOWN","ACEFYLLINE PIPERAZINE + DIPHENHYDRAMINE","General"
"57","57","Savia 400 cap","1","498","348.600006103516","348.600006103516","0","..","UNKNOWN","ACEFYLLINE PIPERAZINE + DIPHENHYDRAMINE","General"
"729","728","Savoli Oil","1","550","461","462.329986572266","2","..","UNKNOWN","ACEFYLLINE PIPERAZINE + DIPHENHYDRAMINE","General"
"1604","17154","Scab Care Soap","1","200","100","100","0","..","UNKNOWN","ACEFYLLINE PIPERAZINE + DIPHENHYDRAMINE","General"
"1410","1504","scab d lotion","1","250","135","135","1","..","UNKNOWN","ACEFYLLINE PIPERAZINE + DIPHENHYDRAMINE","General"
"674","672","Scab free lotion","1","160","136","136","4","..","UNKNOWN","ACEFYLLINE PIPERAZINE + DIPHENHYDRAMINE","General"
"1511","1680","SCAB NIL LOTION","1","220","130","130","2","..","UNKNOWN","ACEFYLLINE PIPERAZINE + DIPHENHYDRAMINE","General"
"676","674","Scab tic lotion","1","360","180","180","3","..","UNKNOWN","ACEFYLLINE PIPERAZINE + DIPHENHYDRAMINE","General"
"2098","2031","scabfree cream","1","113","101.660003662109","101.660003662109","1","..","UNKNOWN","ACEFYLLINE PIPERAZINE + DIPHENHYDRAMINE","General"
"2115","2054","scabfree lotion","1","160","136.630004882813","136.630004882813","4","..","UNKNOWN","ACEFYLLINE PIPERAZINE + DIPHENHYDRAMINE","General"
"1989","1919","scabion carem","1","85","72","72","0","..","UNKNOWN","ACEFYLLINE PIPERAZINE + DIPHENHYDRAMINE","General"
"1363","1375","scabion lotion","1","286","243","242.330001831055","8","..","UNKNOWN","ACEFYLLINE PIPERAZINE + DIPHENHYDRAMINE","General"
"1599","17149","Scabiseiz Plus Cream","1","150","75","75","1","..","UNKNOWN","ACEFYLLINE PIPERAZINE + DIPHENHYDRAMINE","General"
"791","790","scabix soap","1","245","199","197.399993896484","1","..","UNKNOWN","ACEFYLLINE PIPERAZINE + DIPHENHYDRAMINE","General"
"1256","1267","scabrid lotion","1","267","225","225","0","..","UNKNOWN","ACEFYLLINE PIPERAZINE + DIPHENHYDRAMINE","General"
"595","593","Scavia DS syp","1","349","261.75","261.75","4","..","UNKNOWN","ACEFYLLINE PIPERAZINE + DIPHENHYDRAMINE","General"
"1582","17132","sci d inj","1","160","81","81","3","..","UNKNOWN","ACEFYLLINE PIPERAZINE + DIPHENHYDRAMINE","General"
"954","958","seacal tab","1","1409","1211","1211","0","..","UNKNOWN","ACEFYLLINE PIPERAZINE + DIPHENHYDRAMINE","General"
"1429","1533","seaclop ap 75 tab","1","226","183","183","0","..","UNKNOWN","ACEFYLLINE PIPERAZINE + DIPHENHYDRAMINE","General"
"563","560","Seizunil syrp","1","195","173","173","1","..","UNKNOWN","ACEFYLLINE PIPERAZINE + DIPHENHYDRAMINE","General"
"2292","7692","seizunil tab","1","257","224","224","4","..","UNKNOWN","ACEFYLLINE PIPERAZINE + DIPHENHYDRAMINE","General"
"957","961","selanz cap","1","210","179","179","0","..","UNKNOWN","ACEFYLLINE PIPERAZINE + DIPHENHYDRAMINE","General"
"776","775","Selsun blue","1","440","405","401.040008544922","7","..","UNKNOWN","ACEFYLLINE PIPERAZINE + DIPHENHYDRAMINE","General"
"1813","177552","selsun blue shampoo large","1","730","660","660","0","..","UNKNOWN","ACEFYLLINE PIPERAZINE + DIPHENHYDRAMINE","General"
"1356","1368","SELSUN SHAMPO","1","361.869995117188","337","337","3","..","UNKNOWN","ACEFYLLINE PIPERAZINE + DIPHENHYDRAMINE","General"
"2339","7739","sense t toothpaste","1","314","284","284","2","..","UNKNOWN","ACEFYLLINE PIPERAZINE + DIPHENHYDRAMINE","General"
"862","861","sensinity","1","60","50","50","0","..","UNKNOWN","ACEFYLLINE PIPERAZINE + DIPHENHYDRAMINE","General"
"1526","1694","sensival tab","1","100","85","85","4","..","UNKNOWN","ACEFYLLINE PIPERAZINE + DIPHENHYDRAMINE","General"
"1371","1384","sensodine china","1","250","130","130","0","..","UNKNOWN","ACEFYLLINE PIPERAZINE + DIPHENHYDRAMINE","General"
"635","633","sensodiyne rapid","1","545","498","498","1","..","UNKNOWN","ACEFYLLINE PIPERAZINE + DIPHENHYDRAMINE","General"
"2148","3087","sensodyne complete 70 mg","1","330","289","289","2","..","UNKNOWN","ACEFYLLINE PIPERAZINE + DIPHENHYDRAMINE","General"
"1761","177501","Sensodyne Deep 70mg","1","300","274","274","0","..","UNKNOWN","ACEFYLLINE PIPERAZINE + DIPHENHYDRAMINE","General"
"2170","4009","sensodyne deep clean","1","400","305","305","0","..","UNKNOWN","ACEFYLLINE PIPERAZINE + DIPHENHYDRAMINE","General"
"1762","177502","Sensodyne fluoride","1","400","366","366","0","..","UNKNOWN","ACEFYLLINE PIPERAZINE + DIPHENHYDRAMINE","General"
"1352","1364","SENSODYNE FLUORIDE  70 MG\","1","380","347","347","1","..","UNKNOWN","ACEFYLLINE PIPERAZINE + DIPHENHYDRAMINE","General"
"2169","4008","sensodyne herbal 100gm","1","500","377","377","4","..","UNKNOWN","ACEFYLLINE PIPERAZINE + DIPHENHYDRAMINE","General"
"1649","17208","sensodyne multi care","1","260","237","237","0","..","UNKNOWN","ACEFYLLINE PIPERAZINE + DIPHENHYDRAMINE","General"
"917","918","sensodyne original 100mg","1","400","366","355.890014648438","6","..","UNKNOWN","ACEFYLLINE PIPERAZINE + DIPHENHYDRAMINE","General"
"918","919","sensodyne original 70mg","1","345","263","277.709991455078","0","..","UNKNOWN","ACEFYLLINE PIPERAZINE + DIPHENHYDRAMINE","General"
"1760","177500","Sensodyne Rapid Action","1","420","381","360.670013427734","5","..","UNKNOWN","ACEFYLLINE PIPERAZINE + DIPHENHYDRAMINE","General"
"1351","1363","SENSODYNE RIPID 30 MG","1","380","300","287.5","4","..","UNKNOWN","ACEFYLLINE PIPERAZINE + DIPHENHYDRAMINE","General"
"1519","1687","seprt","1","160","72","72","5","..","UNKNOWN","ACEFYLLINE PIPERAZINE + DIPHENHYDRAMINE","General"
"455","453","Septran DS syp","1","100","87","87","6","..","UNKNOWN","ACEFYLLINE PIPERAZINE + DIPHENHYDRAMINE","General"
"399","397","Septran DS Tab","1","10","7.69000005722046","7.78000020980835","236","..","UNKNOWN","ACEFYLLINE PIPERAZINE + DIPHENHYDRAMINE","General"
"114","114","Septran syrP","1","70","59","59","9","..","UNKNOWN","ACEFYLLINE PIPERAZINE + DIPHENHYDRAMINE","General"
"406","404","Septran tab","1","6","5","5","41","..","UNKNOWN","ACEFYLLINE PIPERAZINE + DIPHENHYDRAMINE","General"
"1235","1247","serc 16 tab","1","310","268","268","3","..","UNKNOWN","ACEFYLLINE PIPERAZINE + DIPHENHYDRAMINE","General"
"1236","1248","serc 8 tab","1","161","140","140","1","..","UNKNOWN","ACEFYLLINE PIPERAZINE + DIPHENHYDRAMINE","General"
"616","614","Sergifex 1g inj","1","450","135","134.990005493164","9","..","UNKNOWN","ACEFYLLINE PIPERAZINE + DIPHENHYDRAMINE","General"
"610","608","Sergifex 2g inj","1","599","300","300","0","..","UNKNOWN","ACEFYLLINE PIPERAZINE + DIPHENHYDRAMINE","General"
"615","613","Sergifex 500 inj","1","239","210.320007324219","210.320007324219","0","..","UNKNOWN","ACEFYLLINE PIPERAZINE + DIPHENHYDRAMINE","General"
"1860","18041","SERNE VAPO","1","150","85","85","1","..","UNKNOWN","ACEFYLLINE PIPERAZINE + DIPHENHYDRAMINE","General"
"2102","2037","sert 50 mg tab","1","450","400","400","0","..","UNKNOWN","ACEFYLLINE PIPERAZINE + DIPHENHYDRAMINE","General"
"1567","17117","Serum","1","700","480","480","0","..","UNKNOWN","ACEFYLLINE PIPERAZINE + DIPHENHYDRAMINE","General"
"2280","7680","sgindrop d cap large","1","300","256","256","6","..","UNKNOWN","ACEFYLLINE PIPERAZINE + DIPHENHYDRAMINE","General"
"1091","1099","sglndrop d","1","410","368","365.630004882813","1","..","UNKNOWN","ACEFYLLINE PIPERAZINE + DIPHENHYDRAMINE","General"
"1981","1911","shalis man spray","1","950","800","800","0","..","UNKNOWN","ACEFYLLINE PIPERAZINE + DIPHENHYDRAMINE","General"
"775","774","Shield baby","1","270","234.899993896484","234.899993896484","4","..","UNKNOWN","ACEFYLLINE PIPERAZINE + DIPHENHYDRAMINE","General"
"2099","2032","shield baby lotion","1","150","121","121","1","..","UNKNOWN","ACEFYLLINE PIPERAZINE + DIPHENHYDRAMINE","General"
"2331","7731","shield baby silicon soother","1","100","60","60","5","..","UNKNOWN","ACEFYLLINE PIPERAZINE + DIPHENHYDRAMINE","General"
"1472","1640","shield baby soother small","1","150","90","89.8000030517578","18","..","UNKNOWN","ACEFYLLINE PIPERAZINE + DIPHENHYDRAMINE","General"
"1926","1875","shield baby wipes","1","200","140","140.020004272461","8","..","UNKNOWN","ACEFYLLINE PIPERAZINE + DIPHENHYDRAMINE","General"
"1668","17386","Shield big Teather","1","150","90","90","5","..","UNKNOWN","ACEFYLLINE PIPERAZINE + DIPHENHYDRAMINE","General"
"2366","7767","shield clarity tooth B","1","150","115","115","12","..","UNKNOWN","ACEFYLLINE PIPERAZINE + DIPHENHYDRAMINE","General"
"1665","UNK00380","Shield Fedeer 250ml","1","170","130","130.860000610352","6","..","UNKNOWN","ACEFYLLINE PIPERAZINE + DIPHENHYDRAMINE","General"
"992","997","Shield Fedeer delux 125 ml","1","190","150","148.839996337891","9","..","UNKNOWN","ACEFYLLINE PIPERAZINE + DIPHENHYDRAMINE","General"
"1666","170384","Shield Fedeer Delux 250 ml","1","200","160","160","0","..","UNKNOWN","ACEFYLLINE PIPERAZINE + DIPHENHYDRAMINE","General"
"991","996","shield feeder medium","1","210","175","185.800003051758","0","..","UNKNOWN","ACEFYLLINE PIPERAZINE + DIPHENHYDRAMINE","General"
"990","995","shield feeder small 125 ml","1","160","125","123.970001220703","9","..","UNKNOWN","ACEFYLLINE PIPERAZINE + DIPHENHYDRAMINE","General"
"1664","UNK00379","shield feeder small 60ml","1","130","98","98.3300018310547","3","..","UNKNOWN","ACEFYLLINE PIPERAZINE + DIPHENHYDRAMINE","General"
"2367","7768","shield flex tooth B","1","100","75","75","7","..","UNKNOWN","ACEFYLLINE PIPERAZINE + DIPHENHYDRAMINE","General"
"2327","7727","shield fruit soother","1","250","150","150","5","..","UNKNOWN","ACEFYLLINE PIPERAZINE + DIPHENHYDRAMINE","General"
"2365","7766","shield glass feder","1","1200","961","961","1","..","UNKNOWN","ACEFYLLINE PIPERAZINE + DIPHENHYDRAMINE","General"
"832","831","Shield nipple","1","60","33","33.439998626709","35","..","UNKNOWN","ACEFYLLINE PIPERAZINE + DIPHENHYDRAMINE","General"
"2368","7769","SHIELD SENSATION TOOTH B","1","180","140","140","12","..","UNKNOWN","ACEFYLLINE PIPERAZINE + DIPHENHYDRAMINE","General"
"993","998","shield shooter","1","150","110","110","0","..","UNKNOWN","ACEFYLLINE PIPERAZINE + DIPHENHYDRAMINE","General"
"1471","1639","shield sooter large","1","150","100","100","5","..","UNKNOWN","ACEFYLLINE PIPERAZINE + DIPHENHYDRAMINE","General"
"2230","7630","shield tooth brush","1","100","70","70","2","..","UNKNOWN","ACEFYLLINE PIPERAZINE + DIPHENHYDRAMINE","General"
"2350","7750","shield tooth paste","1","180","145","145","5","..","UNKNOWN","ACEFYLLINE PIPERAZINE + DIPHENHYDRAMINE","General"
"1667","17385","shield training cup","1","200","140","140","4","..","UNKNOWN","ACEFYLLINE PIPERAZINE + DIPHENHYDRAMINE","General"
"2364","7765","shield ultr tooth B","1","90","70","70","11","..","UNKNOWN","ACEFYLLINE PIPERAZINE + DIPHENHYDRAMINE","General"
"2143","3082","shield wide neck feeder 180 ml","1","800","612","612","1","..","UNKNOWN","ACEFYLLINE PIPERAZINE + DIPHENHYDRAMINE","General"
"2144","3083","shield wide neck feeder 260ml","1","850","650","650","1","..","UNKNOWN","ACEFYLLINE PIPERAZINE + DIPHENHYDRAMINE","General"
"2142","3081","shield wide neck nipple","1","500","335","335","6","..","UNKNOWN","ACEFYLLINE PIPERAZINE + DIPHENHYDRAMINE","General"
"571","569","shifa iv 24","1","200","110","110","0","..","UNKNOWN","ACEFYLLINE PIPERAZINE + DIPHENHYDRAMINE","General"
"1646","17205","shine d inj","1","200","49","49","4","..","UNKNOWN","ACEFYLLINE PIPERAZINE + DIPHENHYDRAMINE","General"
"2406","10001","SILICON CATHETER","1","500","215","215","2","..","UNKNOWN","ACEFYLLINE PIPERAZINE + DIPHENHYDRAMINE","General"
"387","386","silivar tab","1","520","450","450","2","..","UNKNOWN","ACEFYLLINE PIPERAZINE + DIPHENHYDRAMINE","General"
"530","528","Silliver syrp","1","300","259","249.5","1","..","UNKNOWN","ACEFYLLINE PIPERAZINE + DIPHENHYDRAMINE","General"
"656","654","Siroline syp","1","155","115","114.98999786377","5","..","UNKNOWN","ACEFYLLINE PIPERAZINE + DIPHENHYDRAMINE","General"
"298","295","SITA MET 50 1000 TAB","1","363","302","302","2","..","UNKNOWN","ACEFYLLINE PIPERAZINE + DIPHENHYDRAMINE","General"
"1872","UNK00421","SITA MET 50 1000 TAB","1","325","270","270","0","..","UNKNOWN","ACEFYLLINE PIPERAZINE + DIPHENHYDRAMINE","General"
"279","276","SITA Met 50 500 tab","1","320","208","207.949996948242","10","..","UNKNOWN","ACEFYLLINE PIPERAZINE + DIPHENHYDRAMINE","General"
"278","275","Sitaglu met 50 500","1","280","182","221.389999389648","11","..","UNKNOWN","ACEFYLLINE PIPERAZINE + DIPHENHYDRAMINE","General"
"1132","1141","sitaglu met 50x1000 30","1","281","182.649993896484","182.649993896484","0","..","UNKNOWN","ACEFYLLINE PIPERAZINE + DIPHENHYDRAMINE","General"
"798","797","sitara","1","300","170","194","15","..","UNKNOWN","ACEFYLLINE PIPERAZINE + DIPHENHYDRAMINE","General"
"813","812","sition plus","1","372","316","316","2","..","UNKNOWN","ACEFYLLINE PIPERAZINE + DIPHENHYDRAMINE","General"
"840","839","sitonplus","1","372","345","331","0","..","UNKNOWN","ACEFYLLINE PIPERAZINE + DIPHENHYDRAMINE","General"
"2212","7313","skabene lotion","1","310","265","265","2","..","UNKNOWN","ACEFYLLINE PIPERAZINE + DIPHENHYDRAMINE","General"
"708","706","Skilax drops","1","150","129","129","4","..","UNKNOWN","ACEFYLLINE PIPERAZINE + DIPHENHYDRAMINE","General"
"2044","1976","Skilax tab","1","50","43","43","11","..","UNKNOWN","ACEFYLLINE PIPERAZINE + DIPHENHYDRAMINE","General"
"1750","177490","Skin A cream","1","185","160","159.979995727539","2","..","UNKNOWN","ACEFYLLINE PIPERAZINE + DIPHENHYDRAMINE","General"
"2151","3090","skinoren cream","1","807","698","698","6","..","UNKNOWN","ACEFYLLINE PIPERAZINE + DIPHENHYDRAMINE","General"
"797","796","skins cream","1","300","220","220","4","..","UNKNOWN","ACEFYLLINE PIPERAZINE + DIPHENHYDRAMINE","General"
"799","798","skins repairing soap","1","170","150","150","0","..","UNKNOWN","ACEFYLLINE PIPERAZINE + DIPHENHYDRAMINE","General"
"474","472","SkysimForte","1","140","45","45","5","..","UNKNOWN","ACEFYLLINE PIPERAZINE + DIPHENHYDRAMINE","General"
"905","906","SLICE JOS","1","60","43","43","0","..","UNKNOWN","ACEFYLLINE PIPERAZINE + DIPHENHYDRAMINE","General"
"2086","2019","slice juice","1","60","45","45","0","..","UNKNOWN","ACEFYLLINE PIPERAZINE + DIPHENHYDRAMINE","General"
"2297","7697","smecta powder","1","50","35","35","30","..","UNKNOWN","ACEFYLLINE PIPERAZINE + DIPHENHYDRAMINE","General"
"2348","7748","soda glycerin","1","60","36","36","25","..","UNKNOWN","ACEFYLLINE PIPERAZINE + DIPHENHYDRAMINE","General"
"129","129","Softin 10 tab","1","100","85","84.8600006103516","7","..","UNKNOWN","ACEFYLLINE PIPERAZINE + DIPHENHYDRAMINE","General"
"1462","1629","softin syrup","1","86","74","74","6","..","UNKNOWN","ACEFYLLINE PIPERAZINE + DIPHENHYDRAMINE","General"
"297","294","SOfvasc 10 tab","1","350","296","296","1","..","UNKNOWN","ACEFYLLINE PIPERAZINE + DIPHENHYDRAMINE","General"
"300","297","sofvasc 5 tab","1","178","148","148","2","..","UNKNOWN","ACEFYLLINE PIPERAZINE + DIPHENHYDRAMINE","General"
"929","932","sofvasc hct tab 10 160 12,5","1","267","202","202","0","..","UNKNOWN","ACEFYLLINE PIPERAZINE + DIPHENHYDRAMINE","General"
"2057","1990","sofvasc v 5 80 mg tab","1","448","369","369","0","..","UNKNOWN","ACEFYLLINE PIPERAZINE + DIPHENHYDRAMINE","General"
"1583","17133","sofvasic 5 160 tab","1","640","544","544","1","..","UNKNOWN","ACEFYLLINE PIPERAZINE + DIPHENHYDRAMINE","General"
"201","201","sokon 3 mg tab","1","90","76.2699966430664","76.2699966430664","0","..","UNKNOWN","ACEFYLLINE PIPERAZINE + DIPHENHYDRAMINE","General"
"2018","1950","solifen 10 mg tab","1","1270","1099","1099","1","..","UNKNOWN","ACEFYLLINE PIPERAZINE + DIPHENHYDRAMINE","General"
"277","274","SOLIFEN 5 TAB","1","745","372.5","514.049987792969","0","..","UNKNOWN","ACEFYLLINE PIPERAZINE + DIPHENHYDRAMINE","General"
"2319","7719","solophar spry","1","1276","1009","1009","0","..","UNKNOWN","ACEFYLLINE PIPERAZINE + DIPHENHYDRAMINE","General"
"1991","1921","solosin sr 0.4 tab","1","490","423.5","423.5","0","..","UNKNOWN","ACEFYLLINE PIPERAZINE + DIPHENHYDRAMINE","General"
"1248","1260","somina","1","500","375","375","3","..","UNKNOWN","ACEFYLLINE PIPERAZINE + DIPHENHYDRAMINE","General"
"101","101","somogel oral","1","195","167","166.919998168945","11","..","UNKNOWN","ACEFYLLINE PIPERAZINE + DIPHENHYDRAMINE","General"
"1339","1351","sontel sachet","1","25","15.5","15.5","44","..","UNKNOWN","ACEFYLLINE PIPERAZINE + DIPHENHYDRAMINE","General"
"1431","1535","spadix inj","1","66","61.6699981689453","61.2299995422363","5","..","UNKNOWN","ACEFYLLINE PIPERAZINE + DIPHENHYDRAMINE","General"
"149","149","Spadix tab","1","143","119","118.98999786377","10","..","UNKNOWN","ACEFYLLINE PIPERAZINE + DIPHENHYDRAMINE","General"
"2332","7732","sparkle toothpaste","1","180","164","164","2","..","UNKNOWN","ACEFYLLINE PIPERAZINE + DIPHENHYDRAMINE","General"
"712","710","Spasam odine drops","1","150","130","126.599998474121","9","..","UNKNOWN","ACEFYLLINE PIPERAZINE + DIPHENHYDRAMINE","General"
"1505","1674","spasfon tab\","1","483","411","411","2","..","UNKNOWN","ACEFYLLINE PIPERAZINE + DIPHENHYDRAMINE","General"
"1482","1651","spasler p syrup","1","325","281","283.5","6","..","UNKNOWN","ACEFYLLINE PIPERAZINE + DIPHENHYDRAMINE","General"
"2314","7714","spasrid tab","1","150","125","125","5","..","UNKNOWN","ACEFYLLINE PIPERAZINE + DIPHENHYDRAMINE","General"
"362","360","Spedi 25 tab","1","154","135.520004272461","135.520004272461","4","..","UNKNOWN","ACEFYLLINE PIPERAZINE + DIPHENHYDRAMINE","General"
"1613","17172","Spery Air freshener","1","300","210","210","11","..","UNKNOWN","ACEFYLLINE PIPERAZINE + DIPHENHYDRAMINE","General"
"803","802","spirits","1","200","65","59.810001373291","20","..","UNKNOWN","ACEFYLLINE PIPERAZINE + DIPHENHYDRAMINE","General"
"578","576","spiromide 20 tab","1","130","125","124.98999786377","4","..","UNKNOWN","ACEFYLLINE PIPERAZINE + DIPHENHYDRAMINE","General"
"1321","1333","spiromide 40","1","160","138","129.529998779297","5","..","UNKNOWN","ACEFYLLINE PIPERAZINE + DIPHENHYDRAMINE","General"
"2083","2016","sprit cane suger free","1","120","94","94","0","..","UNKNOWN","ACEFYLLINE PIPERAZINE + DIPHENHYDRAMINE","General"
"555","552","stanzar syrp","1","85","74.8000030517578","74.8000030517578","3","..","UNKNOWN","ACEFYLLINE PIPERAZINE + DIPHENHYDRAMINE","General"
"1951","18901","STARCOX 60 MG TAB","1","110","95","95","2","..","UNKNOWN","ACEFYLLINE PIPERAZINE + DIPHENHYDRAMINE","General"
"1950","18900","STARCOX 90 MG TAB","1","183","158","158","2","..","UNKNOWN","ACEFYLLINE PIPERAZINE + DIPHENHYDRAMINE","General"
"2318","7718","stay d cap","1","400","200","200","0","..","UNKNOWN","ACEFYLLINE PIPERAZINE + DIPHENHYDRAMINE","General"
"392","390","Stemetil 5 tab","1","30","26.3999996185303","26.3999996185303","16","..","UNKNOWN","ACEFYLLINE PIPERAZINE + DIPHENHYDRAMINE","General"
"2010","1941","steron syp","1","185","162.800003051758","162.800003051758","4","..","UNKNOWN","ACEFYLLINE PIPERAZINE + DIPHENHYDRAMINE","General"
"903","904","sting 500 ml","1","140","110","109.669998168945","0","..","UNKNOWN","ACEFYLLINE PIPERAZINE + DIPHENHYDRAMINE","General"
"902","903","sting kain","1","120","91","91","0","..","UNKNOWN","ACEFYLLINE PIPERAZINE + DIPHENHYDRAMINE","General"
"904","905","sting NR","1","100","75","74.7799987792969","18","..","UNKNOWN","ACEFYLLINE PIPERAZINE + DIPHENHYDRAMINE","General"
"76","76","Stmom 200 tab","1","200","166","166","8","..","UNKNOWN","ACEFYLLINE PIPERAZINE + DIPHENHYDRAMINE","General"
"1653","17302","strepsil herbal","1","20","18.4300003051758","18.4300003051758","11","..","UNKNOWN","ACEFYLLINE PIPERAZINE + DIPHENHYDRAMINE","General"
"1660","UNK00377","strepsil herbal","1","20","16","16","0","..","UNKNOWN","ACEFYLLINE PIPERAZINE + DIPHENHYDRAMINE","General"
"170","170","STUGERON","1","42","36.4700012207031","36.4700012207031","2","..","UNKNOWN","ACEFYLLINE PIPERAZINE + DIPHENHYDRAMINE","General"
"751","750","stugeron forte","1","295","250","250","2","..","UNKNOWN","ACEFYLLINE PIPERAZINE + DIPHENHYDRAMINE","General"
"2038","1970","sualin tab","1","50","30","30","15","..","UNKNOWN","ACEFYLLINE PIPERAZINE + DIPHENHYDRAMINE","General"
"2039","1971","sualin vaporease","1","200","150","150","1","..","UNKNOWN","ACEFYLLINE PIPERAZINE + DIPHENHYDRAMINE","General"
"1568","17118","sucral deop","1","170","150","150","2","..","UNKNOWN","ACEFYLLINE PIPERAZINE + DIPHENHYDRAMINE","General"
"2434","8021","sudocream","1","1350","1100","1100","2","..","UNKNOWN","ACEFYLLINE PIPERAZINE + DIPHENHYDRAMINE","General"
"895","897","suduri syrp","1","160","120","118.529998779297","6","..","UNKNOWN","ACEFYLLINE PIPERAZINE + DIPHENHYDRAMINE","General"
"1409","1503","sulvipride 25mg tab","1","140","37","37","2","..","UNKNOWN","ACEFYLLINE PIPERAZINE + DIPHENHYDRAMINE","General"
"1408","1502","sulvipride 50mg tab","1","175","92","72.7099990844727","0","..","UNKNOWN","ACEFYLLINE PIPERAZINE + DIPHENHYDRAMINE","General"
"358","356","SUlvorid 25 tab","1","167","144","144","3","..","UNKNOWN","ACEFYLLINE PIPERAZINE + DIPHENHYDRAMINE","General"
"1090","1098","sulvorid 50mg","1","232","201","201","4","..","UNKNOWN","ACEFYLLINE PIPERAZINE + DIPHENHYDRAMINE","General"
"720","720","Sun D DROPS","1","325","286","286","0","..","UNKNOWN","ACEFYLLINE PIPERAZINE + DIPHENHYDRAMINE","General"
"831","830","sunblock rivaj","1","630","465","466.429992675781","5","..","UNKNOWN","ACEFYLLINE PIPERAZINE + DIPHENHYDRAMINE","General"
"2283","7683","sunny D inj","1","245","159.25","159.25","5","..","UNKNOWN","ACEFYLLINE PIPERAZINE + DIPHENHYDRAMINE","General"
"1478","1646","sunsilk","1","470","430","424","2","..","UNKNOWN","ACEFYLLINE PIPERAZINE + DIPHENHYDRAMINE","General"
"875","873","sunsilk","1","800","710","705","8","..","UNKNOWN","ACEFYLLINE PIPERAZINE + DIPHENHYDRAMINE","General"
"2338","7738","sunsilk black shampo","1","500","470","470","1","..","UNKNOWN","ACEFYLLINE PIPERAZINE + DIPHENHYDRAMINE","General"
"1817","177556","Sunsilk large","1","1300","1200","1200","0","..","UNKNOWN","ACEFYLLINE PIPERAZINE + DIPHENHYDRAMINE","General"
"2344","7744","sunsilk lustrous large","1","800","735","735","0","..","UNKNOWN","ACEFYLLINE PIPERAZINE + DIPHENHYDRAMINE","General"
"2333","7733","sunsilk lustrous shampoo","1","500","470","470","1","..","UNKNOWN","ACEFYLLINE PIPERAZINE + DIPHENHYDRAMINE","General"
"2444","8052","sunsilk oil blend shampoo","1","500","470","470","4","..","UNKNOWN","ACEFYLLINE PIPERAZINE + DIPHENHYDRAMINE","General"
"1909","1857","Sunsilk Oil Blends shampoo","1","850","800","800","0","..","UNKNOWN","ACEFYLLINE PIPERAZINE + DIPHENHYDRAMINE","General"
"2243","7643","sunsilk rs 699","1","699","670","670","3","..","UNKNOWN","ACEFYLLINE PIPERAZINE + DIPHENHYDRAMINE","General"
"2125","2064","sunsilk serum","1","1200","1090","1090","0","..","UNKNOWN","ACEFYLLINE PIPERAZINE + DIPHENHYDRAMINE","General"
"2337","7737","sunsilk silky smoth yellow","1","750","690","690","0","..","UNKNOWN","ACEFYLLINE PIPERAZINE + DIPHENHYDRAMINE","General"
"2343","7743","sunsilk thick & long large shampo\","1","800","735","735","0","..","UNKNOWN","ACEFYLLINE PIPERAZINE + DIPHENHYDRAMINE","General"
"1522","1690","supari pak","1","320","240","240","2","..","UNKNOWN","ACEFYLLINE PIPERAZINE + DIPHENHYDRAMINE","General"
"1792","177531","Super Mungrella oil","1","680","540","540","5","..","UNKNOWN","ACEFYLLINE PIPERAZINE + DIPHENHYDRAMINE","General"
"385","384","supreme z tab","1","395","276.5","276.5","0","..","UNKNOWN","ACEFYLLINE PIPERAZINE + DIPHENHYDRAMINE","General"
"1400","1412","surbex syp","1","158","139.039993286133","139.039993286133","2","..","UNKNOWN","ACEFYLLINE PIPERAZINE + DIPHENHYDRAMINE","General"
"388","387","Surbex t tab","1","262","230.559997558594","230.559997558594","0","..","UNKNOWN","ACEFYLLINE PIPERAZINE + DIPHENHYDRAMINE","General"
"250","250","surbex z","1","510","424","430.019989013672","8","..","UNKNOWN","ACEFYLLINE PIPERAZINE + DIPHENHYDRAMINE","General"
"1123","1132","surbex z 50","1","440","308","308","1","..","UNKNOWN","ACEFYLLINE PIPERAZINE + DIPHENHYDRAMINE","General"
"187","187","Surfi tab","1","30","12.8000001907349","12.6599998474121","10","..","UNKNOWN","ACEFYLLINE PIPERAZINE + DIPHENHYDRAMINE","General"
"1205","1217","surge cot","1","190","110","110","0","..","UNKNOWN","ACEFYLLINE PIPERAZINE + DIPHENHYDRAMINE","General"
"572","570","surge gauze","1","100","40","40","98","..","UNKNOWN","ACEFYLLINE PIPERAZINE + DIPHENHYDRAMINE","General"
"570","568","surgecal tule","1","40","15","15","59","..","UNKNOWN","ACEFYLLINE PIPERAZINE + DIPHENHYDRAMINE","General"
"1693","17435","Surgical Gloves","1","100","41","41.0900001525879","0","..","UNKNOWN","ACEFYLLINE PIPERAZINE + DIPHENHYDRAMINE","General"
"1457","1624","surlka 1mg","1","294","191.259994506836","191.259994506836","1","..","UNKNOWN","ACEFYLLINE PIPERAZINE + DIPHENHYDRAMINE","General"
"1216","1228","sustac 2.6 mg tab","1","300","258","258","3","..","UNKNOWN","ACEFYLLINE PIPERAZINE + DIPHENHYDRAMINE","General"
"238","238","Sustac 6.4 tab","1","342","305","297.559997558594","3","..","UNKNOWN","ACEFYLLINE PIPERAZINE + DIPHENHYDRAMINE","General"
"2047","1979","sweetrip tooth brush","1","200","102.5","102.5","11","..","UNKNOWN","ACEFYLLINE PIPERAZINE + DIPHENHYDRAMINE","General"
"1606","17156","swissmether 40 240 tab","1","550","187","187","0","..","UNKNOWN","ACEFYLLINE PIPERAZINE + DIPHENHYDRAMINE","General"
"1608","17158","swissmether 60 ml syrup","1","368","157","157","0","..","UNKNOWN","ACEFYLLINE PIPERAZINE + DIPHENHYDRAMINE","General"
"1607","17257","swissmether plus 30 syrup","1","202","86","86","0","..","UNKNOWN","ACEFYLLINE PIPERAZINE + DIPHENHYDRAMINE","General"
"1569","17119","synalar nn oiment","1","190","162","162","2","..","UNKNOWN","ACEFYLLINE PIPERAZINE + DIPHENHYDRAMINE","General"
"143","143","Synflex 550 tab","1","30","25.6599998474121","25.6499996185303","44","..","UNKNOWN","ACEFYLLINE PIPERAZINE + DIPHENHYDRAMINE","General"
"1388","1401","t day syp","1","150","130","130","5","..","UNKNOWN","ACEFYLLINE PIPERAZINE + DIPHENHYDRAMINE","General"
"1106","1115","t day tab","1","120","103","103","2","..","UNKNOWN","ACEFYLLINE PIPERAZINE + DIPHENHYDRAMINE","General"
"1406","1500","tab tamosol","1","1800","1350","1350","2","..","UNKNOWN","ACEFYLLINE PIPERAZINE + DIPHENHYDRAMINE","General"
"1407","1501","tab xavor 50 mg","1","308","231","231","3","..","UNKNOWN","ACEFYLLINE PIPERAZINE + DIPHENHYDRAMINE","General"
"1275","1286","tabkhir e man","1","80","35","35","0","..","UNKNOWN","ACEFYLLINE PIPERAZINE + DIPHENHYDRAMINE","General"
"2210","7311","taivor 3mg tab","1","200","133.660003662109","133.660003662109","3","..","UNKNOWN","ACEFYLLINE PIPERAZINE + DIPHENHYDRAMINE","General"
"1494","1663","tamsol d tab","1","1200","780","780","4","..","UNKNOWN","ACEFYLLINE PIPERAZINE + DIPHENHYDRAMINE","General"
"6","6","tamsolin 0.4mg","1","775","387.5","404.200012207031","3","..","UNKNOWN","ACEFYLLINE PIPERAZINE + DIPHENHYDRAMINE","General"
"273","270","Tamsoline 04mg =+0.5 tab","1","1210","790","790","2","..","UNKNOWN","ACEFYLLINE PIPERAZINE + DIPHENHYDRAMINE","General"
"2263","7663","TANG ORANGE","1","2550","2300","2300","0","..","UNKNOWN","ACEFYLLINE PIPERAZINE + DIPHENHYDRAMINE","General"
"881","879","target 3","1","45","14","14","0","..","UNKNOWN","ACEFYLLINE PIPERAZINE + DIPHENHYDRAMINE","General"
"1185","1196","taxidol  p tab","1","210","178","178","1","..","UNKNOWN","ACEFYLLINE PIPERAZINE + DIPHENHYDRAMINE","General"
"702","700","Tday syp","1","150","129","129","0","..","UNKNOWN","ACEFYLLINE PIPERAZINE + DIPHENHYDRAMINE","General"
"2322","7722","tegipmet 50 100","1","400","349","349","2","..","UNKNOWN","ACEFYLLINE PIPERAZINE + DIPHENHYDRAMINE","General"
"1412","1506","tegral","1","100","90","88.5699996948242","4","..","UNKNOWN","ACEFYLLINE PIPERAZINE + DIPHENHYDRAMINE","General"
"1252","1263","telsart 40 tab","1","330","277","277","1","..","UNKNOWN","ACEFYLLINE PIPERAZINE + DIPHENHYDRAMINE","General"
"284","281","Telsarta 80 tab","1","207","182","182","0","..","UNKNOWN","ACEFYLLINE PIPERAZINE + DIPHENHYDRAMINE","General"
"309","306","Telsarta A 5 40","1","245","214","214","6","..","UNKNOWN","ACEFYLLINE PIPERAZINE + DIPHENHYDRAMINE","General"
"1774","177513","Telsarta D 40 12.5 mg","1","245","217","217","4","..","UNKNOWN","ACEFYLLINE PIPERAZINE + DIPHENHYDRAMINE","General"
"1953","18903","TELSARTA D 80 12.5MG TAB","1","365","310.25","310.25","3","..","UNKNOWN","ACEFYLLINE PIPERAZINE + DIPHENHYDRAMINE","General"
"703","701","Tempramine syp","1","85","67","66.4300003051758","10","..","UNKNOWN","ACEFYLLINE PIPERAZINE + DIPHENHYDRAMINE","General"
"964","969","tenormin 100 tab","1","477","419.760009765625","419.760009765625","2","..","UNKNOWN","ACEFYLLINE PIPERAZINE + DIPHENHYDRAMINE","General"
"1331","1342","tenormin 25 mg tab","1","215","182","182","0","..","UNKNOWN","ACEFYLLINE PIPERAZINE + DIPHENHYDRAMINE","General"
"963","968","tenormin 50 mg","1","378","321","321","0","..","UNKNOWN","ACEFYLLINE PIPERAZINE + DIPHENHYDRAMINE","General"
"1084","1092","teph 20mg cap","1","350","303","303.170013427734","0","..","UNKNOWN","ACEFYLLINE PIPERAZINE + DIPHENHYDRAMINE","General"
"1085","1093","teph 40mg cap","1","222","202","197","2","..","UNKNOWN","ACEFYLLINE PIPERAZINE + DIPHENHYDRAMINE","General"
"1630","17189","tepride tab","1","383","331","331","2","..","UNKNOWN","ACEFYLLINE PIPERAZINE + DIPHENHYDRAMINE","General"
"1689","17431","terbisal lotion","1","380","316","316","0","..","UNKNOWN","ACEFYLLINE PIPERAZINE + DIPHENHYDRAMINE","General"
"1621","17180","terbisil 125 mg tab\","1","400","330","330","2","..","UNKNOWN","ACEFYLLINE PIPERAZINE + DIPHENHYDRAMINE","General"
"1251","1262","Terbisil 250 tab","1","575","488","488","2","..","UNKNOWN","ACEFYLLINE PIPERAZINE + DIPHENHYDRAMINE","General"
"1688","17430","terbisil cream","1","330","275","275","1","..","UNKNOWN","ACEFYLLINE PIPERAZINE + DIPHENHYDRAMINE","General"
"681","679","Terbisil Spray","1","520","457.600006103516","457.600006103516","1","..","UNKNOWN","ACEFYLLINE PIPERAZINE + DIPHENHYDRAMINE","General"
"1147","1157","TERCICA SYURP","1","180","156","156","1","..","UNKNOWN","ACEFYLLINE PIPERAZINE + DIPHENHYDRAMINE","General"
"1811","177550","Tharmameter Digital","1","300","200","200","5","..","UNKNOWN","ACEFYLLINE PIPERAZINE + DIPHENHYDRAMINE","General"
"370","368","Theragran ultra tab","1","818","707","707","4","","UNKNOWN","ABC","General"
"1014","1019","thermometers","1","250","220","220","7","..","UNKNOWN","ACEFYLLINE PIPERAZINE + DIPHENHYDRAMINE","General"
"1506","1675","thiolax cap","1","380","319","319","2","..","UNKNOWN","ACEFYLLINE PIPERAZINE + DIPHENHYDRAMINE","General"
"93","93","thunder jet 5 (shalimar)","1","150","122","122","0","..","UNKNOWN","ACEFYLLINE PIPERAZINE + DIPHENHYDRAMINE","General"
"1489","1658","THYROXIN TAB","1","249","220","220","1","..","UNKNOWN","ACEFYLLINE PIPERAZINE + DIPHENHYDRAMINE","General"
"1847","18025","TIBET COLD CREAM L","1","300","225","225","1","..","UNKNOWN","ACEFYLLINE PIPERAZINE + DIPHENHYDRAMINE","General"
"1846","18024","tibet cold cream S","1","200","155","155","0","..","UNKNOWN","ACEFYLLINE PIPERAZINE + DIPHENHYDRAMINE","General"
"849","848","ticovate","1","182","160.160003662109","160.160003662109","0","..","UNKNOWN","ACEFYLLINE PIPERAZINE + DIPHENHYDRAMINE","General"
"1319","1331","tirix  syp","1","70","35","35","0","..","UNKNOWN","ACEFYLLINE PIPERAZINE + DIPHENHYDRAMINE","General"
"2071","2004","tissue paper","1","300","200","200","11","..","UNKNOWN","ACEFYLLINE PIPERAZINE + DIPHENHYDRAMINE","General"
"2431","8018","tissue small","1","50","35","35","10","..","UNKNOWN","ACEFYLLINE PIPERAZINE + DIPHENHYDRAMINE","General"
"668","666","Titan 1000 inj","1","447","218","241.360000610352","6","..","UNKNOWN","ACEFYLLINE PIPERAZINE + DIPHENHYDRAMINE","General"
"183","183","TObra d eye drop","1","275","215","215","3","..","UNKNOWN","ACEFYLLINE PIPERAZINE + DIPHENHYDRAMINE","General"
"184","184","Tobra eye drop","1","195","165","160.199996948242","3","..","UNKNOWN","ACEFYLLINE PIPERAZINE + DIPHENHYDRAMINE","General"
"1201","1213","tofranil 25 tab","1","70","54","48.8300018310547","7","..","UNKNOWN","ACEFYLLINE PIPERAZINE + DIPHENHYDRAMINE","General"
"1157","1168","toni 5 syp","1","381","315","318.829986572266","2","..","UNKNOWN","ACEFYLLINE PIPERAZINE + DIPHENHYDRAMINE","General"
"892","894","tonoplex p tab","1","240","204","203.979995727539","12","..","UNKNOWN","ACEFYLLINE PIPERAZINE + DIPHENHYDRAMINE","General"
"489","487","Toot Siah  syp","1","130","102","100.550003051758","19","..","UNKNOWN","ACEFYLLINE PIPERAZINE + DIPHENHYDRAMINE","General"
"493","490","toot siah syp","1","155","94","94","0","..","UNKNOWN","ACEFYLLINE PIPERAZINE + DIPHENHYDRAMINE","General"
"491","499","Toot siah syp","1","160","122","122","6","..","UNKNOWN","ACEFYLLINE PIPERAZINE + DIPHENHYDRAMINE","General"
"492","489","Toot siah syp hamdrd","1","150","113","113","2","..","UNKNOWN","ACEFYLLINE PIPERAZINE + DIPHENHYDRAMINE","General"
"7","7","toradol inj","1","165","134","133.490005493164","11","","UNKNOWN","ABC","General"
"2309","7709","toralac inj","1","179","89.5","89.5","3","..","UNKNOWN","ACEFYLLINE PIPERAZINE + DIPHENHYDRAMINE","General"
"1708","17452","Touch Condom","1","200","96.6699981689453","96.6699981689453","3","..","UNKNOWN","ACEFYLLINE PIPERAZINE + DIPHENHYDRAMINE","General"
"1710","17454","Touch Condom Green","1","100","58","57.439998626709","8","..","UNKNOWN","ACEFYLLINE PIPERAZINE + DIPHENHYDRAMINE","General"
"1714","17458","Touch me Powder","1","200","165","165","1","..","UNKNOWN","ACEFYLLINE PIPERAZINE + DIPHENHYDRAMINE","General"
"605","603","Tramal inj","1","120","100","100","19","..","UNKNOWN","ACEFYLLINE PIPERAZINE + DIPHENHYDRAMINE","General"
"1179","1190","tramal plus","1","251","211","211","4","..","UNKNOWN","ACEFYLLINE PIPERAZINE + DIPHENHYDRAMINE","General"
"1180","1191","tramal sr tab","1","390","340","340","3","..","UNKNOWN","ACEFYLLINE PIPERAZINE + DIPHENHYDRAMINE","General"
"1181","1192","tramal tab","1","240","204","204","3","..","UNKNOWN","ACEFYLLINE PIPERAZINE + DIPHENHYDRAMINE","General"
"1280","1292","tramax inj","1","70","30","30","0","..","UNKNOWN","ACEFYLLINE PIPERAZINE + DIPHENHYDRAMINE","General"
"70","70","Transamin 250 cap","1","200","150","150","3","..","UNKNOWN","ACEFYLLINE PIPERAZINE + DIPHENHYDRAMINE","General"
"71","71","Transamin 500 cap","1","532","463","463","6","..","UNKNOWN","ACEFYLLINE PIPERAZINE + DIPHENHYDRAMINE","General"
"967","972","transamin 500 inj","1","151","128","128","2","..","UNKNOWN","ACEFYLLINE PIPERAZINE + DIPHENHYDRAMINE","General"
"812","811","travocort cream","1","264","224","223.880004882813","5","..","UNKNOWN","ACEFYLLINE PIPERAZINE + DIPHENHYDRAMINE","General"
"2378","77772","traxacid 500mg cap","1","380","330.600006103516","330.600006103516","1","..","UNKNOWN","ACEFYLLINE PIPERAZINE + DIPHENHYDRAMINE","General"
"1322","1334","treatan 8mg","1","476","404","404","2","..","UNKNOWN","ACEFYLLINE PIPERAZINE + DIPHENHYDRAMINE","General"
"2267","7667","TREE DOCTAR","1","600","350","350","1","..","UNKNOWN","ACEFYLLINE PIPERAZINE + DIPHENHYDRAMINE","General"
"280","277","Tremet xr 50 1000","1","265","233","233","0","..","UNKNOWN","ACEFYLLINE PIPERAZINE + DIPHENHYDRAMINE","General"
"543","541","Tres Orix FORTE","1","300","259","259.630004882813","1","..","UNKNOWN","ACEFYLLINE PIPERAZINE + DIPHENHYDRAMINE","General"
"1855","18035","TRESEMME SHAMPOO","1","1000","780","790","2","..","UNKNOWN","ACEFYLLINE PIPERAZINE + DIPHENHYDRAMINE","General"
"579","577","treviamet 5 500 tab 30","1","282","245.25","245.25","0","..","UNKNOWN","ACEFYLLINE PIPERAZINE + DIPHENHYDRAMINE","General"
"285","282","Treviamet 50 1000","1","294","194.039993286133","194.039993286133","3","..","UNKNOWN","ACEFYLLINE PIPERAZINE + DIPHENHYDRAMINE","General"
"261","261","Treviamet 50.500 tab","1","284","245","245","4","..","UNKNOWN","ACEFYLLINE PIPERAZINE + DIPHENHYDRAMINE","General"
"276","273","Treviamet xr 50 500 tab","1","330","285.5","285.5","2","..","UNKNOWN","ACEFYLLINE PIPERAZINE + DIPHENHYDRAMINE","General"
"99","99","Trevocort cream","1","240","206","206","0","..","UNKNOWN","ACEFYLLINE PIPERAZINE + DIPHENHYDRAMINE","General"
"976","981","tri melasin cream","1","433","388","386.739990234375","3","..","UNKNOWN","ACEFYLLINE PIPERAZINE + DIPHENHYDRAMINE","General"
"2304","7704","tribulus cap","1","1450","1232","1232","2","..","UNKNOWN","ACEFYLLINE PIPERAZINE + DIPHENHYDRAMINE","General"
"1875","1822","Triforge 10 160 12.5 mg tab","1","120","95","98.9700012207031","0","..","UNKNOWN","ACEFYLLINE PIPERAZINE + DIPHENHYDRAMINE","General"
"1786","177525","Triforge 10 160 25 mg tab","1","119","103.5","103.5","4","..","UNKNOWN","ACEFYLLINE PIPERAZINE + DIPHENHYDRAMINE","General"
"2294","7694","triforge 10 320 25 mg","1","119","103","103","4","..","UNKNOWN","ACEFYLLINE PIPERAZINE + DIPHENHYDRAMINE","General"
"2045","1977","triforge 5 160 12.5 mg","1","112","96.75","96.75","4","..","UNKNOWN","ACEFYLLINE PIPERAZINE + DIPHENHYDRAMINE","General"
"1787","177526","Triforge 5 160 25 mg tab","1","112","97.25","97.25","4","..","UNKNOWN","ACEFYLLINE PIPERAZINE + DIPHENHYDRAMINE","General"
"379","378","Trihemic 600 tab","1","156","132.770004272461","132.770004272461","0","..","UNKNOWN","ACEFYLLINE PIPERAZINE + DIPHENHYDRAMINE","General"
"1175","1186","trihmic 600 30","1","136","68","68","0","..","UNKNOWN","ACEFYLLINE PIPERAZINE + DIPHENHYDRAMINE","General"
"548","546","Trimetabol syrp","1","235","206","205.779998779297","10","..","UNKNOWN","ACEFYLLINE PIPERAZINE + DIPHENHYDRAMINE","General"
"1683","17407","Trisil syp","1","150","75","75","0","..","UNKNOWN","ACEFYLLINE PIPERAZINE + DIPHENHYDRAMINE","General"
"1452","1605","tronolane cream","1","350","302","270.799987792969","4","..","UNKNOWN","ACEFYLLINE PIPERAZINE + DIPHENHYDRAMINE","General"
"1067","1071","truly pampar","1","120","80","80","0","..","UNKNOWN","ACEFYLLINE PIPERAZINE + DIPHENHYDRAMINE","General"
"1302","1314","tryptanol 25mg tab","1","40","28","28","20","..","UNKNOWN","ACEFYLLINE PIPERAZINE + DIPHENHYDRAMINE","General"
"275","272","Tteviamet xr 50 1000 tab","1","266","234","234","0","..","UNKNOWN","ACEFYLLINE PIPERAZINE + DIPHENHYDRAMINE","General"
"2253","7653","tuff 1g inj","1","525","110","110","5","..","UNKNOWN","ACEFYLLINE PIPERAZINE + DIPHENHYDRAMINE","General"
"2252","7652","Tuff 500 mg inj","1","305","85","85","1","..","UNKNOWN","ACEFYLLINE PIPERAZINE + DIPHENHYDRAMINE","General"
"2372","7773","twist blood lancets","1","5","3","3","75","..","UNKNOWN","ACEFYLLINE PIPERAZINE + DIPHENHYDRAMINE","General"
"1018","1023","typhoid step","1","100","82","82","4","..","UNKNOWN","ACEFYLLINE PIPERAZINE + DIPHENHYDRAMINE","General"
"2288","7688","u beauty cream","1","350","300","300","1","..","UNKNOWN","ACEFYLLINE PIPERAZINE + DIPHENHYDRAMINE","General"
"2301","7701","u beauty face wash","1","350","280","280","5","..","UNKNOWN","ACEFYLLINE PIPERAZINE + DIPHENHYDRAMINE","General"
"2300","7700","u beauty shampoo","1","400","350","350","3","..","UNKNOWN","ACEFYLLINE PIPERAZINE + DIPHENHYDRAMINE","General"
"1933","1882","U PROGEST 100 MG CAP","1","633","495","495","3","..","UNKNOWN","ACEFYLLINE PIPERAZINE + DIPHENHYDRAMINE","General"
"2024","1956","u progest 200 mg","1","1100","878","878","1","..","UNKNOWN","ACEFYLLINE PIPERAZINE + DIPHENHYDRAMINE","General"
"2362","7763","UFRIM 10 MG","1","450","387","387","3","..","UNKNOWN","ACEFYLLINE PIPERAZINE + DIPHENHYDRAMINE","General"
"2218","7419","ufrim 20 mg tab","1","540","469","469","1","..","UNKNOWN","ACEFYLLINE PIPERAZINE + DIPHENHYDRAMINE","General"
"1560","17110","ujooba beauty cream","1","400","260","260","2","..","UNKNOWN","ACEFYLLINE PIPERAZINE + DIPHENHYDRAMINE","General"
"1036","1040","ulcare syrup","1","128","65","65","3","..","UNKNOWN","ACEFYLLINE PIPERAZINE + DIPHENHYDRAMINE","General"
"645","643","ulcenil syrp","1","220","187","186.990005493164","10","..","UNKNOWN","ACEFYLLINE PIPERAZINE + DIPHENHYDRAMINE","General"
"1215","1227","ulcenil syrup small","1","160","139","139","2","..","UNKNOWN","ACEFYLLINE PIPERAZINE + DIPHENHYDRAMINE","General"
"1128","1137","ulsanic syp 30","1","413","268.450012207031","284.179992675781","4","..","UNKNOWN","ACEFYLLINE PIPERAZINE + DIPHENHYDRAMINE","General"
"484","482","Ulsanic syrp","1","413","348","320.320007324219","6","..","UNKNOWN","ACEFYLLINE PIPERAZINE + DIPHENHYDRAMINE","General"
"850","UNK00117","Ulsanic syrp","1","344","351","318.809997558594","0","..","UNKNOWN","ACEFYLLINE PIPERAZINE + DIPHENHYDRAMINE","General"
"935","938","unifylin tab","1","325","270","270","0","..","UNKNOWN","ACEFYLLINE PIPERAZINE + DIPHENHYDRAMINE","General"
"1052","1056","unifyline syp","1","269","234","234","0","..","UNKNOWN","ACEFYLLINE PIPERAZINE + DIPHENHYDRAMINE","General"
"580","578","unilin tab","1","73","51.0999984741211","51.0999984741211","0","..","UNKNOWN","ACEFYLLINE PIPERAZINE + DIPHENHYDRAMINE","General"
"194","194","Urodonal Sachets","1","40","36","36","20","..","UNKNOWN","ACEFYLLINE PIPERAZINE + DIPHENHYDRAMINE","General"
"590","588","Urodonal syp","1","380","300","300","2","..","UNKNOWN","ACEFYLLINE PIPERAZINE + DIPHENHYDRAMINE","General"
"2442","8050","v9 nail clippers","1","150","100","100","12","..","UNKNOWN","ACEFYLLINE PIPERAZINE + DIPHENHYDRAMINE","General"
"1024","1029","VADEPA VITAMIN D3","1","30","8","8","0","..","UNKNOWN","ACEFYLLINE PIPERAZINE + DIPHENHYDRAMINE","General"
"1176","1187","vadil 6.25 tab","1","110","101","101","0","..","UNKNOWN","ACEFYLLINE PIPERAZINE + DIPHENHYDRAMINE","General"
"842","841","vagibact cream","1","451","396.880004882813","396.880004882813","0","..","UNKNOWN","ACEFYLLINE PIPERAZINE + DIPHENHYDRAMINE","General"
"841","840","vagitrim cream","1","145","65","77.5199966430664","6","..","UNKNOWN","ACEFYLLINE PIPERAZINE + DIPHENHYDRAMINE","General"
"206","206","Valium","1","50","34","34","5","..","UNKNOWN","ACEFYLLINE PIPERAZINE + DIPHENHYDRAMINE","General"
"608","606","Valium 10 inj","1","57","50.1599998474121","50.1599998474121","0","..","UNKNOWN","ACEFYLLINE PIPERAZINE + DIPHENHYDRAMINE","General"
"305","302","Valsar m 5 160 tab","1","196","172.479995727539","172.479995727539","0","","UNKNOWN","ABC","General"
"2293","7693","valtec 40 mg tab","1","346","298","298","2","..","UNKNOWN","ACEFYLLINE PIPERAZINE + DIPHENHYDRAMINE","General"
"2231","7631","valtec am 5  80 tab","1","321","272","272","0","..","UNKNOWN","ACEFYLLINE PIPERAZINE + DIPHENHYDRAMINE","General"
"1987","1917","variety lip oil","1","70","40","40","22","..","UNKNOWN","ACEFYLLINE PIPERAZINE + DIPHENHYDRAMINE","General"
"541","539","VASEDEX L","1","160","136","131.570007324219","1","..","UNKNOWN","ACEFYLLINE PIPERAZINE + DIPHENHYDRAMINE","General"
"732","731","Vaseline 100g","1","100","80","80","0","..","UNKNOWN","ACEFYLLINE PIPERAZINE + DIPHENHYDRAMINE","General"
"728","727","Vaseline 50 g","1","100","70","70","2","..","UNKNOWN","ACEFYLLINE PIPERAZINE + DIPHENHYDRAMINE","General"
"2054","1986","vaseline bluseal original","1","400","315","315","0","..","UNKNOWN","ACEFYLLINE PIPERAZINE + DIPHENHYDRAMINE","General"
"2386","7780","VASELINE OIL","1","200","150","150","4","..","UNKNOWN","ACEFYLLINE PIPERAZINE + DIPHENHYDRAMINE","General"
"1912","1860","Vaseline Wiana small","1","250","175","175","4","..","UNKNOWN","ACEFYLLINE PIPERAZINE + DIPHENHYDRAMINE","General"
"1369","1381","vasline full","1","180","120","120","0","..","UNKNOWN","ACEFYLLINE PIPERAZINE + DIPHENHYDRAMINE","General"
"1701","17445","Vasline Lotion Pink","1","400","310","310","4","..","UNKNOWN","ACEFYLLINE PIPERAZINE + DIPHENHYDRAMINE","General"
"1962","18912","Vasline premium","1","300","245","245","5","..","UNKNOWN","ACEFYLLINE PIPERAZINE + DIPHENHYDRAMINE","General"
"1370","1383","vasline small","1","150","75","75","0","..","UNKNOWN","ACEFYLLINE PIPERAZINE + DIPHENHYDRAMINE","General"
"1699","17443","Vasline Wiana Full Large","1","400","310","310","0","..","UNKNOWN","ACEFYLLINE PIPERAZINE + DIPHENHYDRAMINE","General"
"1700","UNK00398","Vasline Wiana Full Large","1","550","495","495","4","..","UNKNOWN","ACEFYLLINE PIPERAZINE + DIPHENHYDRAMINE","General"
"289","286","Vastarel mr  tab","1","926","801","801","1","..","UNKNOWN","ACEFYLLINE PIPERAZINE + DIPHENHYDRAMINE","General"
"788","787","vatika","1","400","350","350","0","","UNKNOWN","ABC","General"
"731","730","Vatika bara","1","100","80","80","2","..","UNKNOWN","ACEFYLLINE PIPERAZINE + DIPHENHYDRAMINE","General"
"730","729","Vatika chuta","1","50","30","30","7","..","UNKNOWN","ACEFYLLINE PIPERAZINE + DIPHENHYDRAMINE","General"
"781","780","Vatika full","1","500","480","480","2","..","UNKNOWN","ACEFYLLINE PIPERAZINE + DIPHENHYDRAMINE","General"
"779","778","Vatika full","1","460","404.799987792969","404.799987792969","0","..","UNKNOWN","ACEFYLLINE PIPERAZINE + DIPHENHYDRAMINE","General"
"778","777","Vatika full","1","460","404.799987792969","404.799987792969","1","..","UNKNOWN","ACEFYLLINE PIPERAZINE + DIPHENHYDRAMINE","General"
"1801","177540","vatika hair cream small","1","500","370","370","0","..","UNKNOWN","ACEFYLLINE PIPERAZINE + DIPHENHYDRAMINE","General"
"2389","7783","VATIKA ONION OIL","1","400","320","320","5","..","UNKNOWN","ACEFYLLINE PIPERAZINE + DIPHENHYDRAMINE","General"
"780","779","Vatika smal","1","350","280","276.220001220703","6","..","UNKNOWN","ACEFYLLINE PIPERAZINE + DIPHENHYDRAMINE","General"
"777","776","Vatika smal","1","175","154","154","0","..","UNKNOWN","ACEFYLLINE PIPERAZINE + DIPHENHYDRAMINE","General"
"1695","17439","Vatika Vasline","1","100","75","75","4","..","UNKNOWN","ACEFYLLINE PIPERAZINE + DIPHENHYDRAMINE","General"
"818","817","veclofen jel","1","80","70.4000015258789","70.4000015258789","0","..","UNKNOWN","ACEFYLLINE PIPERAZINE + DIPHENHYDRAMINE","General"
"2379","77773","VEET HAIR REMOVAL CREAM","1","495","410","410","3","..","UNKNOWN","ACEFYLLINE PIPERAZINE + DIPHENHYDRAMINE","General"
"1211","1223","veet hair removal crem","1","750","450","450","0","..","UNKNOWN","ACEFYLLINE PIPERAZINE + DIPHENHYDRAMINE","General"
"2131","2070","veet nose strips","1","70","33","33","8","..","UNKNOWN","ACEFYLLINE PIPERAZINE + DIPHENHYDRAMINE","General"
"632","630","Velosef 1g inj","1","645","500","542.619995117188","6","..","UNKNOWN","ACEFYLLINE PIPERAZINE + DIPHENHYDRAMINE","General"
"245","245","velosef 250 cap","1","180","140","149.610000610352","7","..","UNKNOWN","ACEFYLLINE PIPERAZINE + DIPHENHYDRAMINE","General"
"37","37","Velosef 250 cap","1","146","112.190002441406","112.190002441406","0","","UNKNOWN","ABC","General"
"971","976","velosef 250 inj","1","260","222","222","2","..","UNKNOWN","ACEFYLLINE PIPERAZINE + DIPHENHYDRAMINE","General"
"633","631","Velosef 500 inj","1","356","313","313","6","..","UNKNOWN","ACEFYLLINE PIPERAZINE + DIPHENHYDRAMINE","General"
"913","914","velosef syp 125","1","410","355","355","4","..","UNKNOWN","ACEFYLLINE PIPERAZINE + DIPHENHYDRAMINE","General"
"558","555","VELOSEF SYRP 250","1","613","530","530","4","..","UNKNOWN","ACEFYLLINE PIPERAZINE + DIPHENHYDRAMINE","General"
"244","244","velosep cap","1","354","306","303.010009765625","14","..","UNKNOWN","ACEFYLLINE PIPERAZINE + DIPHENHYDRAMINE","General"
"1015","1020","venofer inj","1","900","783","782.22998046875","4","..","UNKNOWN","ACEFYLLINE PIPERAZINE + DIPHENHYDRAMINE","General"
"1073","1078","ventek 10 mg tab","1","225","153","153","0","..","UNKNOWN","ACEFYLLINE PIPERAZINE + DIPHENHYDRAMINE","General"
"898","899","venticort 400 cap","1","162","137.699996948242","137.080001831055","2","..","UNKNOWN","ACEFYLLINE PIPERAZINE + DIPHENHYDRAMINE","General"
"517","515","Ventolin Expectorant syp","1","116","101.199996948242","100.069999694824","4","..","UNKNOWN","ACEFYLLINE PIPERAZINE + DIPHENHYDRAMINE","General"
"975","980","ventolin respirator","1","68","59","59.5800018310547","1","..","UNKNOWN","ACEFYLLINE PIPERAZINE + DIPHENHYDRAMINE","General"
"516","514","Ventolin syp","1","158","138","137.529998779297","3","..","UNKNOWN","ACEFYLLINE PIPERAZINE + DIPHENHYDRAMINE","General"
"117","117","Ventoline expectorm syrp","1","82.5699996948242","72.2600021362305","72.2600021362305","0","..","UNKNOWN","ACEFYLLINE PIPERAZINE + DIPHENHYDRAMINE","General"
"2289","7689","venza 20 mg cap","1","150","118.5","118.5","2","..","UNKNOWN","ACEFYLLINE PIPERAZINE + DIPHENHYDRAMINE","General"
"171","171","Vermox 100 tab","1","100","85","85","10","..","UNKNOWN","ACEFYLLINE PIPERAZINE + DIPHENHYDRAMINE","General"
"169","169","Vermox 500 tab","1","170","143","141.460006713867","2","..","UNKNOWN","ACEFYLLINE PIPERAZINE + DIPHENHYDRAMINE","General"
"438","436","Vermox syp","1","170","147","146.979995727539","2","..","UNKNOWN","ACEFYLLINE PIPERAZINE + DIPHENHYDRAMINE","General"
"1456","1623","verona","1","590","419","419","2","..","UNKNOWN","ACEFYLLINE PIPERAZINE + DIPHENHYDRAMINE","General"
"1980","1910","verona plus cap","1","475","349","349","2","..","UNKNOWN","ACEFYLLINE PIPERAZINE + DIPHENHYDRAMINE","General"
"745","744","Vibion inj","1","40","12","11.6899995803833","36","..","UNKNOWN","ACEFYLLINE PIPERAZINE + DIPHENHYDRAMINE","General"
"425","423","Vibramycin","1","10.5","9.23999977111816","9.23999977111816","0","..","UNKNOWN","ACEFYLLINE PIPERAZINE + DIPHENHYDRAMINE","General"
"1589","17139","Vicks","1","250","209","208.070007324219","3","..","UNKNOWN","ACEFYLLINE PIPERAZINE + DIPHENHYDRAMINE","General"
"869","868","victor inhaler","1","50","40","40","0","..","UNKNOWN","ACEFYLLINE PIPERAZINE + DIPHENHYDRAMINE","General"
"1382","1395","vidaylin drop","1","180","153","153","2","..","UNKNOWN","ACEFYLLINE PIPERAZINE + DIPHENHYDRAMINE","General"
"533","531","ViDaylin L SYRP","1","296","260.25","259.880004882813","3","..","UNKNOWN","ACEFYLLINE PIPERAZINE + DIPHENHYDRAMINE","General"
"2426","8013","vidaylin t tab","1","280","242","242","1","..","UNKNOWN","ACEFYLLINE PIPERAZINE + DIPHENHYDRAMINE","General"
"532","530","ViDayline syrp","1","190","155","155","4","..","UNKNOWN","ACEFYLLINE PIPERAZINE + DIPHENHYDRAMINE","General"
"1919","1868","viga spry","1","500","350","350","2","..","UNKNOWN","ACEFYLLINE PIPERAZINE + DIPHENHYDRAMINE","General"
"535","533","VIKONON FORTE SYRP","1","200","170","172","1","..","UNKNOWN","ACEFYLLINE PIPERAZINE + DIPHENHYDRAMINE","General"
"553","550","Viophos B SYRP","1","325","281.119995117188","281.119995117188","3","..","UNKNOWN","ACEFYLLINE PIPERAZINE + DIPHENHYDRAMINE","General"
"2052","1984","vip hair colour sachet","1","100","48","48","2","..","UNKNOWN","ACEFYLLINE PIPERAZINE + DIPHENHYDRAMINE","General"
"176","176","Virtec tab","1","50","15","15","41","..","UNKNOWN","ACEFYLLINE PIPERAZINE + DIPHENHYDRAMINE","General"
"941","944","visofer","1","300","104","106.470001220703","6","..","UNKNOWN","ACEFYLLINE PIPERAZINE + DIPHENHYDRAMINE","General"
"604","602","Vita D INJ","1","145","21","21.0200004577637","6","..","UNKNOWN","ACEFYLLINE PIPERAZINE + DIPHENHYDRAMINE","General"
"718","716","vitamin A D drops","1","340","140","140","1","..","UNKNOWN","ACEFYLLINE PIPERAZINE + DIPHENHYDRAMINE","General"
"2400","9994","VITAMIN C TAB","1","430","210","210","2","..","UNKNOWN","ACEFYLLINE PIPERAZINE + DIPHENHYDRAMINE","General"
"1726","174465","Vitamin E Capsule","1","5","2.67000007629395","2.67000007629395","177","..","UNKNOWN","ACEFYLLINE PIPERAZINE + DIPHENHYDRAMINE","General"
"2268","7668","vitamins syp","1","250","123","123","1","..","UNKNOWN","ACEFYLLINE PIPERAZINE + DIPHENHYDRAMINE","General"
"382","381","Vitrum tab","1","500","408","408","3","..","UNKNOWN","ACEFYLLINE PIPERAZINE + DIPHENHYDRAMINE","General"
"2065","1998","vivase f tab","1","140","118.5","118.5","0","..","UNKNOWN","ACEFYLLINE PIPERAZINE + DIPHENHYDRAMINE","General"
"1404","1416","vivase syp","1","130","114.400001525879","114.400001525879","1","..","UNKNOWN","ACEFYLLINE PIPERAZINE + DIPHENHYDRAMINE","General"
"1881","1828","Volite Inj 75mg","1","15","6.69999980926514","6.69999980926514","38","..","UNKNOWN","ACEFYLLINE PIPERAZINE + DIPHENHYDRAMINE","General"
"2116","2055","voltral 50 mg tab","1","140","123","119.330001831055","3","..","UNKNOWN","ACEFYLLINE PIPERAZINE + DIPHENHYDRAMINE","General"
"965","970","voltral gel small","1","450","382","382","4","..","UNKNOWN","ACEFYLLINE PIPERAZINE + DIPHENHYDRAMINE","General"
"158","158","Voltral SR 100 TAB","1","253","220","220","6","..","UNKNOWN","ACEFYLLINE PIPERAZINE + DIPHENHYDRAMINE","General"
"481","479","Vomlux syrp","1","95","80","79.8899993896484","8","..","UNKNOWN","ACEFYLLINE PIPERAZINE + DIPHENHYDRAMINE","General"
"1033","1037","voniza 20 mg tab","1","782","639","639","2","..","UNKNOWN","ACEFYLLINE PIPERAZINE + DIPHENHYDRAMINE","General"
"2346","7746","vonorulz 10 mg tab","1","285","65","65","4","..","UNKNOWN","ACEFYLLINE PIPERAZINE + DIPHENHYDRAMINE","General"
"2347","7747","vonorulz 20 mg tab","1","250","90","90","3","..","UNKNOWN","ACEFYLLINE PIPERAZINE + DIPHENHYDRAMINE","General"
"1756","177496","Vonozan 20 mg tab","1","410","351","349.589996337891","2","..","UNKNOWN","ACEFYLLINE PIPERAZINE + DIPHENHYDRAMINE","General"
"148","148","Voren 50 tab","1","110","98.8000030517578","99.0199966430664","10","..","UNKNOWN","ACEFYLLINE PIPERAZINE + DIPHENHYDRAMINE","General"
"1628","17187","Voren 50mg CAP","1","140","118","118","24","..","UNKNOWN","ACEFYLLINE PIPERAZINE + DIPHENHYDRAMINE","General"
"644","642","voren inj","1","60","47.5","46.5099983215332","21","..","UNKNOWN","ACEFYLLINE PIPERAZINE + DIPHENHYDRAMINE","General"
"1032","1036","voren sr tab","1","180","147","147","4","..","UNKNOWN","ACEFYLLINE PIPERAZINE + DIPHENHYDRAMINE","General"
"1272","1283","voveron sr 100 tab","1","90","27","45.3199996948242","11","..","UNKNOWN","ACEFYLLINE PIPERAZINE + DIPHENHYDRAMINE","General"
"366","364","Vyber 20 cap","1","241","122","122","5","..","UNKNOWN","ACEFYLLINE PIPERAZINE + DIPHENHYDRAMINE","General"
"639","637","vyber 40 cap","1","448","140","134.440002441406","8","..","UNKNOWN","ACEFYLLINE PIPERAZINE + DIPHENHYDRAMINE","General"
"1096","1105","vyber 40mg inj","1","535","140","138.570007324219","2","..","UNKNOWN","ACEFYLLINE PIPERAZINE + DIPHENHYDRAMINE","General"
"607","605","Vydee inj","1","175","148.75","148.75","0","..","UNKNOWN","ACEFYLLINE PIPERAZINE + DIPHENHYDRAMINE","General"
"560","557","wadin syrp","1","147","126.419998168945","126.419998168945","3","..","UNKNOWN","ACEFYLLINE PIPERAZINE + DIPHENHYDRAMINE","General"
"1384","1397","warfin tab","1","144","112","112.059997558594","9","..","UNKNOWN","ACEFYLLINE PIPERAZINE + DIPHENHYDRAMINE","General"
"1197","1208","water for injtion","1","10","6.69999980926514","6.69999980926514","62","..","UNKNOWN","ACEFYLLINE PIPERAZINE + DIPHENHYDRAMINE","General"
"2157","3096","wax aid","1","50","43","43","1","..","UNKNOWN","ACEFYLLINE PIPERAZINE + DIPHENHYDRAMINE","General"
"1907","1855","Welice shampoo","1","550","390","390","1","..","UNKNOWN","ACEFYLLINE PIPERAZINE + DIPHENHYDRAMINE","General"
"337","337","werdex 30 cap","1","133","115.709999084473","115.709999084473","4","..","UNKNOWN","ACEFYLLINE PIPERAZINE + DIPHENHYDRAMINE","General"
"2114","2053","white stone  cream","1","450","310","310","1","..","UNKNOWN","ACEFYLLINE PIPERAZINE + DIPHENHYDRAMINE","General"
"1475","1643","white stone hair removing","1","250","150","150","4","..","UNKNOWN","ACEFYLLINE PIPERAZINE + DIPHENHYDRAMINE","General"
"2160","3099","white valley beauty cream","1","500","275","272.290008544922","9","..","UNKNOWN","ACEFYLLINE PIPERAZINE + DIPHENHYDRAMINE","General"
"1002","1007","whiteing facewash","1","350","300","300","0","..","UNKNOWN","ACEFYLLINE PIPERAZINE + DIPHENHYDRAMINE","General"
"1842","18020","whiting capsool","1","10","4.90000009536743","4.90000009536743","15","..","UNKNOWN","ACEFYLLINE PIPERAZINE + DIPHENHYDRAMINE","General"
"1731","174471","whiting cream tube","1","400","225","225","0","..","UNKNOWN","ACEFYLLINE PIPERAZINE + DIPHENHYDRAMINE","General"
"414","413","Wil Gesic Fort tab","1","90","79.1999969482422","79.1999969482422","7","..","UNKNOWN","ACEFYLLINE PIPERAZINE + DIPHENHYDRAMINE","General"
"1929","1878","Wilgesic tab","1","70","56.5","56.5","7","..","UNKNOWN","ACEFYLLINE PIPERAZINE + DIPHENHYDRAMINE","General"
"1579","17129","wintogeno balm","1","275","237","236.330001831055","4","..","UNKNOWN","ACEFYLLINE PIPERAZINE + DIPHENHYDRAMINE","General"
"2075","2008","wrist brace","1","350","220","220","1","..","UNKNOWN","ACEFYLLINE PIPERAZINE + DIPHENHYDRAMINE","General"
"1603","17153","Wymox capsule","1","20","16.3400001525879","16.3400001525879","24","..","UNKNOWN","ACEFYLLINE PIPERAZINE + DIPHENHYDRAMINE","General"
"316","313","X plended 10 mg tab","1","477","412.609985351563","409.820007324219","1","..","UNKNOWN","ACEFYLLINE PIPERAZINE + DIPHENHYDRAMINE","General"
"2358","7759","x plended 20 mg","1","670","579","579","1","..","UNKNOWN","ACEFYLLINE PIPERAZINE + DIPHENHYDRAMINE","General"
"1682","17406","Xavor 50 mg tab","1","308","200.199996948242","227.320007324219","4","..","UNKNOWN","ACEFYLLINE PIPERAZINE + DIPHENHYDRAMINE","General"
"576","574","xavor diu tab","1","274","233","233","2","..","UNKNOWN","ACEFYLLINE PIPERAZINE + DIPHENHYDRAMINE","General"
"2171","4010","xcital cap","1","550","419","419","0","..","UNKNOWN","ACEFYLLINE PIPERAZINE + DIPHENHYDRAMINE","General"
"69","69","xobix 15 tab","1","327","285","285","7","..","UNKNOWN","ACEFYLLINE PIPERAZINE + DIPHENHYDRAMINE","General"
"1300","1312","xobix 7.5","1","190","160","160","3","..","UNKNOWN","ACEFYLLINE PIPERAZINE + DIPHENHYDRAMINE","General"
"621","619","xoebact 2mg inj","1","529","320","320","0","..","UNKNOWN","ACEFYLLINE PIPERAZINE + DIPHENHYDRAMINE","General"
"2270","7670","xorbact 1g inj","1","458","272.5","272.5","10","..","UNKNOWN","ACEFYLLINE PIPERAZINE + DIPHENHYDRAMINE","General"
"1380","1393","xorbact 2g inj","1","584","348","348","9","..","UNKNOWN","ACEFYLLINE PIPERAZINE + DIPHENHYDRAMINE","General"
"323","320","Xovat 10 tab","1","290","255.199996948242","255.199996948242","0","..","UNKNOWN","ACEFYLLINE PIPERAZINE + DIPHENHYDRAMINE","General"
"1146","1156","xylex 2 ING","1","20","5.5","5.5","69","..","UNKNOWN","ACEFYLLINE PIPERAZINE + DIPHENHYDRAMINE","General"
"1101","1110","xyloaid 2 jelly","1","66","57","57","0","..","UNKNOWN","ACEFYLLINE PIPERAZINE + DIPHENHYDRAMINE","General"
"1111","1120","xyloaid 2inj","1","32","27","27","30","..","UNKNOWN","ACEFYLLINE PIPERAZINE + DIPHENHYDRAMINE","General"
"1900","1848","Xyloaid ointment","1","120","103.800003051758","103.800003051758","4","..","UNKNOWN","ACEFYLLINE PIPERAZINE + DIPHENHYDRAMINE","General"
"716","714","Xynosine","1","56","47.7400016784668","47.7400016784668","4","..","UNKNOWN","ACEFYLLINE PIPERAZINE + DIPHENHYDRAMINE","General"
"717","715","Xynosine spray","1","70","61","60.8300018310547","8","..","UNKNOWN","ACEFYLLINE PIPERAZINE + DIPHENHYDRAMINE","General"
"78","78","Xyquil dr tab","1","100","84","84","0","..","UNKNOWN","ACEFYLLINE PIPERAZINE + DIPHENHYDRAMINE","General"
"1822","177561","yandfi lip oil","1","50","21","21","22","..","UNKNOWN","ACEFYLLINE PIPERAZINE + DIPHENHYDRAMINE","General"
"2264","7664","YARDLIE SHAMPO","1","2400","1300","1300","0","..","UNKNOWN","ACEFYLLINE PIPERAZINE + DIPHENHYDRAMINE","General"
"1837","18015","yaz tab","1","1387","1207","1207","0","..","UNKNOWN","ACEFYLLINE PIPERAZINE + DIPHENHYDRAMINE","General"
"1238","1250","yes super pad","1","200","130","130","0","..","UNKNOWN","ACEFYLLINE PIPERAZINE + DIPHENHYDRAMINE","General"
"977","982","z jans","1","120","108","108","4","..","UNKNOWN","ACEFYLLINE PIPERAZINE + DIPHENHYDRAMINE","General"
"2172","4011","z jans large","1","220","160","160","4","..","UNKNOWN","ACEFYLLINE PIPERAZINE + DIPHENHYDRAMINE","General"
"1140","1150","zafixime 1mg inj","1","259","125","126.430000305176","3","..","UNKNOWN","ACEFYLLINE PIPERAZINE + DIPHENHYDRAMINE","General"
"614","612","Zafixime 250 inj","1","95","65","64.4499969482422","1","..","UNKNOWN","ACEFYLLINE PIPERAZINE + DIPHENHYDRAMINE","General"
"606","604","Zafixime 500 inj","1","104","68","68.1900024414063","5","..","UNKNOWN","ACEFYLLINE PIPERAZINE + DIPHENHYDRAMINE","General"
"328","325","Zafnol 5 tab","1","50","42","41.9099998474121","3","..","UNKNOWN","ACEFYLLINE PIPERAZINE + DIPHENHYDRAMINE","General"
"1295","1307","zaitun crem","1","350","170","170","6","..","UNKNOWN","ACEFYLLINE PIPERAZINE + DIPHENHYDRAMINE","General"
"1417","1511","zaitun face wash","1","300","250","250","1","..","UNKNOWN","ACEFYLLINE PIPERAZINE + DIPHENHYDRAMINE","General"
"1967","18917","Zappilt liquid vaporizer","1","450","280","280","0","..","UNKNOWN","ACEFYLLINE PIPERAZINE + DIPHENHYDRAMINE","General"
"1220","1232","zaprole cap","1","214","90","90","5","..","UNKNOWN","ACEFYLLINE PIPERAZINE + DIPHENHYDRAMINE","General"
"1221","1233","zaprole plus cap","1","80","55","55","8","..","UNKNOWN","ACEFYLLINE PIPERAZINE + DIPHENHYDRAMINE","General"
"1681","17405","Zatofen","1","200","170","171.5","4","..","UNKNOWN","ACEFYLLINE PIPERAZINE + DIPHENHYDRAMINE","General"
"575","573","zavget tab","1","399","279.299987792969","279.299987792969","0","..","UNKNOWN","ACEFYLLINE PIPERAZINE + DIPHENHYDRAMINE","General"
"2104","2039","zeegap 75 mg tab","1","515","334.75","334.75","4","..","UNKNOWN","ACEFYLLINE PIPERAZINE + DIPHENHYDRAMINE","General"
"1376","1389","Zeetash beauty cream","1","300","230","230","11","..","UNKNOWN","ACEFYLLINE PIPERAZINE + DIPHENHYDRAMINE","General"
"2302","7702","zeetash creamy rice f\w","1","350","240","240","1","..","UNKNOWN","ACEFYLLINE PIPERAZINE + DIPHENHYDRAMINE","General"
"1377","UNK0248","zeetash diamond cream","1","400","300","300","4","..","UNKNOWN","ACEFYLLINE PIPERAZINE + DIPHENHYDRAMINE",""
"2164","4003","zeetash face wash","1","250","155","155","0","..","UNKNOWN","ACEFYLLINE PIPERAZINE + DIPHENHYDRAMINE","General"
"1958","18908","ZEETASH GYLICRERIN","1","150","100","100","11","..","UNKNOWN","ACEFYLLINE PIPERAZINE + DIPHENHYDRAMINE","General"
"1713","17457","Zeetash hair remover cream","1","200","110","110","1","..","UNKNOWN","ACEFYLLINE PIPERAZINE + DIPHENHYDRAMINE","General"
"1968","18918","Zeetash hand foot bleach","1","60","45","45","18","..","UNKNOWN","ACEFYLLINE PIPERAZINE + DIPHENHYDRAMINE","General"
"2246","7646","zeetash herbal cream","1","350","250","250","6","..","UNKNOWN","ACEFYLLINE PIPERAZINE + DIPHENHYDRAMINE","General"
"1957","18907","ZEETASH ROSE WATER","1","80","40","40","4","..","UNKNOWN","ACEFYLLINE PIPERAZINE + DIPHENHYDRAMINE","General"
"440","438","Zentel syp","1","114","100","99.9199981689453","7","..","UNKNOWN","ACEFYLLINE PIPERAZINE + DIPHENHYDRAMINE","General"
"1242","1254","zentel tab","1","42","38","38","13","..","UNKNOWN","ACEFYLLINE PIPERAZINE + DIPHENHYDRAMINE","General"
"1879","1826","ZENTRO 20 MG TAB","1","265","185.5","185.5","0","..","UNKNOWN","ACEFYLLINE PIPERAZINE + DIPHENHYDRAMINE","General"
"1648","17207","zepres 10 mg tab","1","100","83","83","0","..","UNKNOWN","ACEFYLLINE PIPERAZINE + DIPHENHYDRAMINE","General"
"1381","1394","zepres 5mg","1","51","45.5","45.5","6","..","UNKNOWN","ACEFYLLINE PIPERAZINE + DIPHENHYDRAMINE","General"
"1680","17403","Zepres Plus Tab","1","140","115","114.98999786377","3","..","UNKNOWN","ACEFYLLINE PIPERAZINE + DIPHENHYDRAMINE","General"
"283","280","ZESTRIL TAB","1","294","258","258","0","..","UNKNOWN","ACEFYLLINE PIPERAZINE + DIPHENHYDRAMINE","General"
"2311","77011","zetash apricot scrub jar","1","400","250","250","6","..","UNKNOWN","ACEFYLLINE PIPERAZINE + DIPHENHYDRAMINE","General"
"1391","1403","zetash cream","1","400","230","230","3","..","UNKNOWN","ACEFYLLINE PIPERAZINE + DIPHENHYDRAMINE","General"
"1507","1676","zetash diamond cream","1","400","290","292.5","4","..","UNKNOWN","ACEFYLLINE PIPERAZINE + DIPHENHYDRAMINE","General"
"2310","77010","zetash wax lemon","1","200","150","150","2","..","UNKNOWN","ACEFYLLINE PIPERAZINE + DIPHENHYDRAMINE","General"
"695","693","Zetro 200 drops","1","288","249","249","0","..","UNKNOWN","ACEFYLLINE PIPERAZINE + DIPHENHYDRAMINE","General"
"1365","1377","zetro 250mg","1","207","180","180","1","..","UNKNOWN","ACEFYLLINE PIPERAZINE + DIPHENHYDRAMINE","General"
"1057","1061","zetro 500 tab","1","260","224.5","224.5","1","..","UNKNOWN","ACEFYLLINE PIPERAZINE + DIPHENHYDRAMINE","General"
"767","766","Ziclopel 4 tab","1","20","15.5500001907349","15.4899997711182","19","..","UNKNOWN","ACEFYLLINE PIPERAZINE + DIPHENHYDRAMINE","General"
"35","35","Zinacef 250 tab","1","943.179992675781","815.849975585938","815.849975585938","2","..","UNKNOWN","ACEFYLLINE PIPERAZINE + DIPHENHYDRAMINE","General"
"445","443","Zincat OD syp","1","140","121.800003051758","121.800003051758","3","","UNKNOWN","ABC","General"
"2076","2009","zinco tape","1","340","130","130","3","..","UNKNOWN","ACEFYLLINE PIPERAZINE + DIPHENHYDRAMINE","General"
"946","950","zodip 5 tab","1","40","34.25","34.25","15","..","UNKNOWN","ACEFYLLINE PIPERAZINE + DIPHENHYDRAMINE","General"
"1194","1205","zolbi 20mg","1","137","113.279998779297","113.279998779297","1","..","UNKNOWN","ACEFYLLINE PIPERAZINE + DIPHENHYDRAMINE","General"
"1044","1048","zolbi 40 cap","1","240","199","199","2","..","UNKNOWN","ACEFYLLINE PIPERAZINE + DIPHENHYDRAMINE","General"
"1327","1339","zoleta 2.5 mg tab\","1","2000","1740","1740","1","..","UNKNOWN","ACEFYLLINE PIPERAZINE + DIPHENHYDRAMINE","General"
"2060","1993","zolint syp","1","150","62","62","3","..","UNKNOWN","ACEFYLLINE PIPERAZINE + DIPHENHYDRAMINE","General"
"346","346","Zopent 20 tab","1","191","169","168.160003662109","8","..","UNKNOWN","ACEFYLLINE PIPERAZINE + DIPHENHYDRAMINE","General"
"2308","7708","zopent 40 mg inj","1","589","471.200012207031","471.200012207031","1","..","UNKNOWN","ACEFYLLINE PIPERAZINE + DIPHENHYDRAMINE","General"
"345","345","Zopent 40 tab","1","410","342","342","3","..","UNKNOWN","ACEFYLLINE PIPERAZINE + DIPHENHYDRAMINE","General"
"1818","177557","Zora Cream","1","400","260","258.470001220703","6","..","UNKNOWN","ACEFYLLINE PIPERAZINE + DIPHENHYDRAMINE","General"
"1718","17462","zora face wash","1","300","220","220","2","..","UNKNOWN","ACEFYLLINE PIPERAZINE + DIPHENHYDRAMINE","General"
"172","172","Zyloric 100 tab","1","40","32","31.7900009155273","5","..","UNKNOWN","ACEFYLLINE PIPERAZINE + DIPHENHYDRAMINE","General"
"173","173","Zyloric 300 tab","1","100","79","79","3","..","UNKNOWN","ACEFYLLINE PIPERAZINE + DIPHENHYDRAMINE","General"
"1228","1240","zyloric 300 tab","1","90","72","72","0","..","UNKNOWN","ACEFYLLINE PIPERAZINE + DIPHENHYDRAMINE","General"
"178","178","Zyrtec 10 tab","1","11","7","7","67","..","UNKNOWN","ACEFYLLINE PIPERAZINE + DIPHENHYDRAMINE","General"
"955","959","zyrtec syrp","1","158","134","132.330001831055","6","..","UNKNOWN","ACEFYLLINE PIPERAZINE + DIPHENHYDRAMINE","General"
