"invoice_no","sale_date","sale_time","subtotal","discount","total","paid","customer_name"
"1","2025-05-29","7:23:33 PM","270","0","270","270","0"
"2","2025-05-29","7:39:15 PM","60","0","60","60","0"
"3","2025-05-29","7:42:46 PM","100","0","100","100","0"
"4","2025-05-30","8:24:02 AM","50","0","50","50","0"
"5","2025-05-30","8:56:23 AM","500","0","500","500","0"
"6","2025-05-30","7:40:42 PM","100","0","100","100","0"
"7","2025-05-30","8:18:38 PM","223","0","223","223","0"
"8","2025-05-30","8:31:27 PM","123","0","123","123","0"
"9","2025-05-30","8:37:37 PM","170","0","170","170","0"
"10","2025-05-30","9:14:38 PM","50","0","50","50","0"
"11","2025-05-31","12:39:49 PM","300","0","300","300","0"
"12","2025-05-31","5:51:42 PM","362","0","362","362","0"
"13","2025-05-31","6:37:29 PM","362","0","0","0","0"
"14","2025-05-31","7:26:03 PM","87","0","0","0","0"
"15","2025-05-31","7:56:51 PM","50","0","0","0","0"
"16","2025-05-31","8:01:51 PM","40","0","40","40","0"
"17","2025-05-31","8:03:00 PM","45","0","45","45","0"
"18","2025-05-31","8:08:41 PM","110","0","0","0","0"
"19","2025-05-31","8:11:47 PM","45","0","45","45","0"
"20","2025-06-01","8:44:47 AM","100","0","100","100","0"
"21","2025-06-01","6:59:38 PM","163","10","153","153","0"
"22","2025-06-01","7:06:36 PM","125","0","125","125","0"
"23","2025-06-01","7:08:19 PM","60","0","60","60","0"
"24","2025-06-01","7:24:19 PM","778","0","778","778","0"
"25","2025-06-01","7:27:32 PM","289","0","289","289","0"
"26","2025-06-01","8:00:50 PM","225","0","225","225","0"
"27","2025-06-01","8:04:23 PM","167","0","167","167","0"
"28","2025-06-01","8:24:32 PM","15","0","15","15","0"
"29","2025-06-01","8:26:13 PM","230","0","0","0","0"
"30","2025-06-01","8:35:16 PM","300","0","300","300","0"
"31","2025-06-01","9:24:24 PM","50","0","50","50","0"
"32","2025-06-02","9:54:17 AM","20","0","20","20","0"
"33","2025-06-02","10:24:20 AM","340","0","340","340","0"
"34","2025-06-02","12:12:51 PM","75","0","75","75","0"
"35","2025-06-02","12:16:30 PM","532","0","532","532","0"
"36","2025-06-02","12:21:31 PM","50","0","50","50","0"
"37","2025-06-02","6:15:49 PM","170","0","170","170","0"
"38","2025-06-02","6:21:15 PM","50","0","50","50","0"
"39","2025-06-02","6:26:38 PM","200","0","200","200","0"
"40","2025-06-02","6:32:40 PM","130","0","130","130","0"
"41","2025-06-02","6:33:42 PM","50","0","0","0","0"
"42","2025-06-02","6:39:10 PM","1550","0","1550","1550","0"
"43","2025-06-02","6:46:40 PM","2000","0","2000","2000","0"
"44","2025-06-02","7:03:45 PM","720","0","720","720","0"
"45","2025-06-02","7:23:23 PM","750","0","750","750","0"
"46","2025-06-02","8:06:11 PM","1084","0","0","0","0"
"47","2025-06-02","8:07:02 PM","90","0","90","90","0"
"48","2025-06-02","8:10:47 PM","576","0","576","576","0"
"49","2025-06-02","9:14:16 PM","590","0","590","590","0"
"50","2025-06-02","9:22:15 PM","1102","0","1102","1102","0"
"51","2025-06-03","11:42:11 AM","295","0","295","295","0"
"52","2025-06-03","5:04:14 PM","50","0","0","0","0"
"53","2025-06-03","5:14:43 PM","510","10","500","500","0"
"54","2025-06-03","6:03:32 PM","110","0","110","110","0"
"55","2025-06-03","6:30:30 PM","325","0","325","325","0"
"56","2025-06-03","6:31:04 PM","50","0","50","50","0"
"57","2025-06-03","6:34:04 PM","150","0","150","150","0"
"58","2025-06-03","6:45:30 PM","50","0","50","50","0"
"59","2025-06-03","6:58:04 PM","600","0","600","600","0"
"60","2025-06-03","7:07:02 PM","132","0","132","132","0"
"61","2025-06-03","7:08:08 PM","488","0","488","488","0"
"62","2025-06-03","7:30:17 PM","492","0","492","492","0"
"63","2025-06-03","7:31:44 PM","1621","0","1621","1621","0"
"64","2025-06-03","7:41:50 PM","250","0","250","250","0"
"65","2025-06-03","8:35:50 PM","110","0","110","110","0"
"66","2025-06-03","8:41:05 PM","200","0","200","200","0"
"67","2025-06-03","9:08:24 PM","40","0","40","40","0"
"68","2025-06-03","9:33:56 PM","160","10","150","150","0"
"69","2025-06-04","8:25:14 AM","185","0","185","185","0"
"70","2025-06-04","8:39:52 AM","25","0","25","25","0"
"71","2025-06-04","8:41:55 AM","600","0","600","600","0"
"72","2025-06-04","8:45:28 AM","350","0","350","350","0"
"73","2025-06-04","9:51:08 AM","50","0","50","50","0"
"74","2025-06-04","9:52:00 AM","100","0","100","100","0"
"75","2025-06-04","10:06:13 AM","88","0","88","88","0"
"76","2025-06-04","10:13:15 AM","50","0","50","50","0"
"77","2025-06-04","10:59:37 AM","50","0","50","50","0"
"78","2025-06-04","11:32:04 AM","50","0","50","50","0"
"79","2025-06-04","11:43:41 AM","395","0","395","395","0"
"80","2025-06-04","11:52:15 AM","138","0","0","0","0"
"81","2025-06-04","11:54:40 AM","40","0","0","0","0"
"82","2025-06-04","12:32:00 PM","1000","0","1000","1000","0"
"83","2025-06-04","12:58:19 PM","1500","0","1500","1500","0"
"84","2025-06-04","1:15:18 PM","634","0","634","634","0"
"85","2025-06-04","3:43:48 PM","356","6","350","350","0"
"86","2025-06-04","4:45:50 PM","50","0","50","50","0"
"87","2025-06-04","5:39:08 PM","272","0","272","272","0"
"88","2025-06-04","6:05:33 PM","220","0","220","220","0"
"89","2025-06-04","6:22:26 PM","190","0","0","0","0"
"90","2025-06-04","6:24:52 PM","60","0","0","0","0"
"91","2025-06-04","6:26:27 PM","50","0","0","0","0"
"92","2025-06-04","6:37:40 PM","180","0","0","0","0"
"93","2025-06-04","6:50:50 PM","90","0","90","90","0"
"94","2025-06-04","6:58:14 PM","100","0","100","100","0"
"95","2025-06-04","7:16:48 PM","450","0","0","0","0"
"96","2025-06-04","8:01:02 PM","217","0","217","217","0"
"97","2025-06-04","8:37:13 PM","616","0","616","616","0"
"98","2025-06-04","8:50:16 PM","140","0","140","140","0"
"99","2025-06-04","9:08:49 PM","375","0","375","375","0"
"100","2025-06-04","9:14:15 PM","50","0","50","50","0"
"101","2025-06-04","9:25:40 PM","220","0","220","220","0"
"102","2025-06-05","9:30:39 AM","323","0","323","323","0"
"103","2025-06-05","9:31:40 AM","50","0","50","50","0"
"104","2025-06-05","9:53:20 AM","90","0","90","90","0"
"105","2025-06-05","10:14:05 AM","100","0","100","100","0"
"106","2025-06-05","11:12:30 AM","80","0","80","80","0"
"107","2025-06-05","11:16:30 AM","58","0","58","58","0"
"108","2025-06-05","11:22:31 AM","362","0","362","362","0"
"109","2025-06-05","11:37:40 AM","150","0","150","150","0"
"110","2025-06-05","11:44:22 AM","100","0","100","100","0"
"111","2025-06-05","12:12:43 PM","599","0","599","599","0"
"112","2025-06-05","12:54:36 PM","375","0","0","0","0"
"113","2025-06-05","1:11:58 PM","180","0","0","0","0"
"114","2025-06-05","1:13:48 PM","169","0","0","0","0"
"115","2025-06-05","1:52:29 PM","180","0","180","180","0"
"116","2025-06-05","2:29:46 PM","100","0","100","100","0"
"117","2025-06-05","2:34:49 PM","132","0","132","132","0"
"118","2025-06-05","2:39:47 PM","330","10","320","320","0"
"119","2025-06-05","3:23:39 PM","50","0","50","50","0"
"120","2025-06-05","3:26:27 PM","550","0","550","550","0"
"121","2025-06-05","3:33:57 PM","25","0","25","25","0"
"122","2025-06-05","3:38:28 PM","231","0","0","0","0"
"123","2025-06-05","4:07:46 PM","302","0","0","0","0"
"124","2025-06-05","5:14:27 PM","350","0","350","350","0"
"125","2025-06-05","5:15:42 PM","200","0","0","0","0"
"126","2025-06-05","5:18:03 PM","86","0","0","0","0"
"127","2025-06-05","6:01:25 PM","189","0","189","189","0"
"128","2025-06-05","6:06:34 PM","750","0","0","0","0"
"129","2025-06-05","6:41:06 PM","1880","0","1880","1880","0"
"130","2025-06-05","6:49:44 PM","176","0","176","176","0"
"131","2025-06-05","6:54:59 PM","250","0","0","0","0"
"132","2025-06-05","6:56:11 PM","110","0","0","0","0"
"133","2025-06-05","7:09:39 PM","100","0","100","100","0"
"134","2025-06-05","7:18:40 PM","528","0","528","528","0"
"135","2025-06-05","7:29:14 PM","130","0","130","130","0"
"136","2025-06-05","7:37:31 PM","50","0","0","0","0"
"137","2025-06-05","7:52:51 PM","300","0","300","300","0"
"138","2025-06-05","8:08:07 PM","433","0","433","433","0"
"139","2025-06-05","8:18:17 PM","176","0","176","176","0"
"140","2025-06-05","8:31:02 PM","40","0","40","40","0"
"141","2025-06-05","8:31:22 PM","40","0","40","40","0"
"142","2025-06-05","8:36:35 PM","350","0","350","350","0"
"143","2025-06-05","8:44:42 PM","220","0","220","220","0"
"144","2025-06-05","8:48:38 PM","100","0","100","100","0"
"145","2025-06-05","9:08:01 PM","800","0","800","800","0"
"146","2025-06-05","9:10:10 PM","40","0","40","40","0"
"147","2025-06-05","9:23:56 PM","50","0","50","50","0"
"148","2025-06-05","9:25:43 PM","348","0","348","348","0"
"149","2025-06-05","9:31:16 PM","105","0","105","105","0"
"150","2025-06-05","9:31:53 PM","300","0","300","300","0"
"151","2025-06-05","9:44:47 PM","150","0","150","150","0"
"152","2025-06-05","8:24:53 AM","88","0","88","88","0"
"153","2025-06-06","8:25:31 AM","150","0","150","150","0"
"154","2025-06-06","8:35:05 AM","100","0","100","100","0"
"155","2025-06-06","8:35:34 AM","50","0","50","50","0"
"156","2025-06-06","8:53:42 AM","50","0","50","50","0"
"157","2025-06-06","9:34:27 AM","280","0","280","280","0"
"158","2025-06-06","9:49:09 AM","106","0","0","0","0"
"159","2025-06-06","9:57:36 AM","40","0","40","40","0"
"160","2025-06-06","9:58:53 AM","100","0","100","100","0"
"161","2025-06-06","10:05:16 AM","501","0","501","501","0"
"162","2025-06-06","10:09:18 AM","100","0","0","0","0"
"163","2025-06-06","10:38:24 AM","138","0","138","138","0"
"164","2025-06-06","10:42:22 AM","250","0","250","250","0"
"165","2025-06-06","12:07:42 PM","130","0","130","130","0"
"166","2025-06-06","12:17:10 PM","40","0","0","0","0"
"167","2025-06-06","12:18:44 PM","230","0","0","0","0"
"168","2025-06-06","3:26:41 PM","300","0","300","300","0"
"169","2025-06-06","3:48:31 PM","225","0","225","225","0"
"170","2025-06-06","3:54:34 PM","85","0","85","85","0"
"171","2025-06-06","4:56:20 PM","110","0","110","110","0"
"172","2025-06-06","5:06:15 PM","500","0","500","500","0"
"173","2025-06-06","5:09:07 PM","950","0","950","950","0"
"174","2025-06-06","5:18:30 PM","708","0","708","708","0"
"175","2025-06-06","5:20:21 PM","110","0","110","110","0"
"176","2025-06-06","5:23:33 PM","220","0","220","220","0"
"177","2025-06-06","6:13:34 PM","164","0","164","164","0"
"178","2025-06-06","6:14:08 PM","100","0","100","100","0"
"179","2025-06-06","6:18:34 PM","654","0","654","654","0"
"180","2025-06-06","6:27:08 PM","117","0","117","117","0"
"181","2025-06-06","6:32:08 PM","140","0","140","140","0"
"182","2025-06-06","6:45:32 PM","1132","170","962","962","0"
"183","2025-06-06","6:49:25 PM","501","0","501","501","0"
"184","2025-06-06","6:54:01 PM","20","0","20","20","0"
"185","2025-06-06","6:55:56 PM","580","0","580","580","0"
"186","2025-06-06","6:56:57 PM","170","0","170","170","0"
"187","2025-06-06","7:07:27 PM","220","0","220","220","0"
"188","2025-06-06","7:22:54 PM","25","0","25","25","0"
"189","2025-06-06","7:30:46 PM","588","0","588","588","0"
"190","2025-06-06","7:46:10 PM","284","0","284","284","0"
"191","2025-06-06","7:50:54 PM","841","0","841","841","0"
"192","2025-06-06","7:55:50 PM","50","0","50","50","0"
"193","2025-06-06","7:59:15 PM","769","28","741","741","0"
"194","2025-06-06","7:59:22 PM","50","0","50","50","0"
"195","2025-06-06","8:00:18 PM","50","0","50","50","0"
"196","2025-06-06","8:21:50 PM","440","0","440","440","0"
"197","2025-06-06","8:23:41 PM","795","0","795","795","0"
"198","2025-06-06","8:39:42 PM","143","0","143","143","0"
"199","2025-06-06","8:40:27 PM","100","0","100","100","0"
"200","2025-06-06","8:40:41 PM","50","0","50","50","0"
"201","2025-06-06","8:48:26 PM","648","0","648","648","0"
"202","2025-06-06","8:48:52 PM","100","0","100","100","0"
"203","2025-06-07","4:10:06 PM","150","0","150","150","0"
"204","2025-06-07","4:14:57 PM","181","0","181","181","0"
"205","2025-06-07","4:48:43 PM","164","0","164","164","0"
"206","2025-06-07","4:52:58 PM","891","0","891","891","0"
"207","2025-06-07","4:56:33 PM","761","0","761","761","0"
"208","2025-06-07","5:12:18 PM","30","0","0","0","0"
"209","2025-06-07","5:18:24 PM","440","0","440","440","0"
"210","2025-06-07","5:19:38 PM","232","0","232","232","0"
"211","2025-06-07","5:21:51 PM","80","0","80","80","0"
"212","2025-06-07","5:27:14 PM","90","0","90","90","0"
"213","2025-06-07","5:52:28 PM","708","0","708","708","0"
"214","2025-06-07","5:53:38 PM","702","0","702","702","0"
"215","2025-06-07","6:05:48 PM","637","0","637","637","0"
"216","2025-06-07","6:11:57 PM","560","10","550","550","0"
"217","2025-06-07","6:21:07 PM","75","0","75","75","0"
"218","2025-06-07","6:23:04 PM","298","0","298","298","0"
"219","2025-06-07","6:23:24 PM","464","0","464","464","0"
"220","2025-06-07","6:24:46 PM","120","0","120","120","0"
"221","2025-06-07","6:25:53 PM","50","0","50","50","0"
"222","2025-06-07","6:26:18 PM","100","0","100","100","0"
"223","2025-06-07","6:26:32 PM","49","0","49","49","0"
"224","2025-06-07","6:38:33 PM","345","0","345","345","0"
"225","2025-06-07","6:41:03 PM","220","0","0","0","0"
"226","2025-06-07","6:52:13 PM","330","0","330","330","0"
"227","2025-06-07","7:00:28 PM","160","0","160","160","0"
"228","2025-06-07","7:02:35 PM","37","0","37","37","0"
"229","2025-06-07","7:15:54 PM","249","0","249","249","0"
"230","2025-06-07","7:32:13 PM","435","0","435","435","0"
"231","2025-06-07","7:42:08 PM","250","0","250","250","0"
"232","2025-06-07","7:44:34 PM","40","0","40","40","0"
"233","2025-06-07","7:51:00 PM","250","0","250","250","0"
"234","2025-06-07","7:57:24 PM","94","0","94","94","0"
"235","2025-06-07","8:01:02 PM","483","0","483","483","0"
"236","2025-06-07","8:09:47 PM","160","0","160","160","0"
"237","2025-06-07","8:16:59 PM","264","0","264","264","0"
"238","2025-06-07","8:23:23 PM","130","0","130","130","0"
"239","2025-06-07","8:25:28 PM","90","0","90","90","0"
"240","2025-06-07","8:28:14 PM","249","0","249","249","0"
"241","2025-06-08","8:22:34 AM","440","0","440","440","0"
"242","2025-06-08","8:24:35 AM","40","0","40","40","0"
"243","2025-06-08","8:32:28 AM","250","0","250","250","0"
"244","2025-06-08","8:35:31 AM","301","0","301","301","0"
"245","2025-06-08","8:36:05 AM","100","0","100","100","0"
"246","2025-06-08","8:50:09 AM","68","0","68","68","0"
"247","2025-06-08","9:00:33 AM","330","0","330","330","0"
"248","2025-06-08","9:01:12 AM","90","0","90","90","0"
"249","2025-06-08","9:15:14 AM","30","0","30","30","0"
"250","2025-06-08","9:19:36 AM","40","0","40","40","0"
"251","2025-06-08","9:54:16 AM","280","0","280","280","0"
"252","2025-06-08","10:01:03 AM","31","0","31","31","0"
"253","2025-06-08","10:06:11 AM","85","0","85","85","0"
"254","2025-06-08","10:12:19 AM","256","0","256","256","0"
"255","2025-06-08","10:43:31 AM","80","0","80","80","0"
"256","2025-06-08","10:43:51 AM","91","0","91","91","0"
"257","2025-06-08","10:49:28 AM","510","0","510","510","0"
"258","2025-06-08","10:57:22 AM","118","0","118","118","0"
"259","2025-06-08","11:00:35 AM","86","0","86","86","0"
"260","2025-06-08","12:08:38 PM","125","0","125","125","0"
"261","2025-06-08","12:37:14 PM","50","0","50","50","0"
"262","2025-06-08","12:54:34 PM","390","0","390","390","0"
"263","2025-06-08","2:56:20 PM","100","0","100","100","0"
"264","2025-06-08","3:35:24 PM","100","0","100","100","0"
"265","2025-06-08","3:53:40 PM","300","0","300","300","0"
"266","2025-06-08","4:15:51 PM","460","0","460","460","0"
"267","2025-06-08","5:12:22 PM","40","0","40","40","0"
"268","2025-06-08","5:55:21 PM","303","0","303","303","0"
"269","2025-06-08","5:56:55 PM","75","0","0","0","0"
"270","2025-06-08","6:01:19 PM","60","0","60","60","0"
"271","2025-06-08","6:10:07 PM","98","0","98","98","0"
"272","2025-06-08","6:13:10 PM","60","0","60","60","0"
"273","2025-06-08","6:15:43 PM","642","0","642","642","0"
"274","2025-06-08","6:26:30 PM","450","0","450","450","0"
"275","2025-06-08","6:37:50 PM","209","0","209","209","0"
"276","2025-06-08","6:38:57 PM","250","0","0","0","0"
"277","2025-06-08","6:51:00 PM","300","0","300","300","0"
"278","2025-06-08","7:00:26 PM","60","0","60","60","0"
"279","2025-06-08","7:03:14 PM","755","0","755","755","0"
"280","2025-06-08","7:05:37 PM","550","0","550","550","0"
"281","2025-06-08","7:06:59 PM","100","0","100","100","0"
"282","2025-06-08","7:19:36 PM","150","0","150","150","0"
"283","2025-06-08","7:20:37 PM","100","0","100","100","0"
"284","2025-06-08","7:46:12 PM","100","0","100","100","0"
"285","2025-06-08","8:00:06 PM","210","0","210","210","0"
"286","2025-06-08","8:05:03 PM","382","0","382","382","0"
"287","2025-06-08","8:11:17 PM","660","10","650","650","0"
"288","2025-06-08","8:19:50 PM","893","0","893","893","0"
"289","2025-06-08","8:23:24 PM","370","0","370","370","0"
"290","2025-06-08","8:26:43 PM","89","0","89","89","0"
"291","2025-06-08","8:30:40 PM","140","0","140","140","0"
"292","2025-06-08","8:33:25 PM","130","0","130","130","0"
"293","2025-06-08","8:37:44 PM","1396","0","1396","1396","0"
"294","2025-06-08","8:40:31 PM","178","0","178","178","0"
"295","2025-06-08","8:45:50 PM","175","0","175","175","0"
"296","2025-06-09","8:58:30 AM","107","0","107","107","0"
"297","2025-06-09","9:31:55 AM","98","0","98","98","0"
"298","2025-06-09","9:58:35 AM","1250","0","1250","1250","0"
"299","2025-06-09","10:02:18 AM","110","0","110","110","0"
"300","2025-06-09","10:39:35 AM","75","0","75","75","0"
"301","2025-06-09","11:03:02 AM","89","0","89","89","0"
"302","2025-06-09","11:12:55 AM","140","0","140","140","0"
"303","2025-06-09","11:49:44 AM","223","0","223","223","0"
"304","2025-06-09","12:23:40 PM","130","0","130","130","0"
"305","2025-06-09","5:48:46 PM","30","0","30","30","0"
"306","2025-06-09","6:15:50 PM","50","0","50","50","0"
"307","2025-06-09","6:20:49 PM","450","0","0","0","0"
"308","2025-06-09","6:27:00 PM","300","0","300","300","0"
"309","2025-06-09","6:31:45 PM","100","0","100","100","0"
"310","2025-06-09","6:39:49 PM","151","0","151","151","0"
"311","2025-06-09","7:27:35 PM","170","0","170","170","0"
"312","2025-06-09","7:29:48 PM","438","0","438","438","0"
"313","2025-06-09","7:58:41 PM","120","0","120","120","0"
"314","2025-06-09","8:02:54 PM","45","0","45","45","0"
"315","2025-06-09","8:04:38 PM","1000","0","0","0","0"
"316","2025-06-09","8:09:04 PM","10","0","10","10","0"
"317","2025-06-09","8:12:43 PM","45","0","45","45","0"
"318","2025-06-09","8:15:58 PM","88","0","88","88","0"
"319","2025-06-09","8:21:28 PM","109","0","109","109","0"
"320","2025-06-09","8:32:52 PM","200","0","200","200","0"
"321","2025-06-09","9:08:19 PM","338","0","338","338","0"
"322","2025-06-09","9:10:27 PM","75","0","75","75","0"
"323","2025-06-09","9:14:02 PM","50","0","50","50","0"
"324","2025-06-10","8:44:16 AM","70","0","70","70","0"
"325","2025-06-10","8:45:22 AM","200","0","200","200","0"
"326","2025-06-10","8:47:24 AM","40","0","40","40","0"
"327","2025-06-10","9:35:22 AM","73","0","73","73","0"
"328","2025-06-10","9:45:54 AM","220","0","220","220","0"
"329","2025-06-10","10:36:20 AM","310","0","310","310","0"
"330","2025-06-10","10:38:15 AM","390","0","390","390","0"
"331","2025-06-10","10:43:55 AM","828","0","828","828","0"
"332","2025-06-10","10:44:27 AM","184","0","184","184","0"
"333","2025-06-10","10:53:18 AM","125","0","125","125","0"
"334","2025-06-10","10:57:49 AM","50","0","50","50","0"
"335","2025-06-10","11:12:56 AM","130","0","130","130","0"
"336","2025-06-10","11:15:55 AM","164","0","164","164","0"
"337","2025-06-10","11:19:43 AM","50","0","50","50","0"
"338","2025-06-10","11:51:09 AM","500","0","500","500","0"
"339","2025-06-10","11:57:22 AM","111","0","111","111","0"
"340","2025-06-10","5:03:45 PM","703","0","703","703","0"
"341","2025-06-11","9:02:22 AM","50","0","50","50","0"
"342","2025-06-11","9:21:29 AM","75","0","75","75","0"
"343","2025-06-11","9:28:06 AM","873","0","0","0","0"
"344","2025-06-11","9:50:13 AM","230","0","230","230","0"
"345","2025-06-11","9:51:02 AM","50","0","50","50","0"
"346","2025-06-11","10:13:20 AM","650","0","650","650","0"
"347","2025-06-11","10:16:42 AM","45","0","45","45","0"
"348","2025-06-11","10:28:44 AM","230","0","230","230","0"
"349","2025-06-11","10:45:41 AM","1000","0","1000","1000","0"
"350","2025-06-11","11:24:14 AM","138","0","138","138","0"
"351","2025-06-11","11:30:21 AM","850","0","850","850","0"
"352","2025-06-11","11:31:24 AM","50","0","0","0","0"
"353","2025-06-11","11:40:11 AM","374","0","374","374","0"
"354","2025-06-11","12:16:57 PM","214","0","0","0","0"
"355","2025-06-11","12:51:45 PM","706","0","706","706","0"
"356","2025-06-11","5:56:44 PM","150","0","150","150","0"
"357","2025-06-11","5:57:27 PM","220","0","220","220","0"
"358","2025-06-11","6:10:16 PM","75","0","0","0","0"
"359","2025-06-11","6:28:41 PM","398","0","398","398","0"
"360","2025-06-11","6:51:52 PM","60","0","60","60","0"
"361","2025-06-11","6:56:17 PM","30","0","30","30","0"
"362","2025-06-11","7:02:04 PM","169","0","169","169","0"
"363","2025-06-11","7:12:00 PM","359","0","359","359","0"
"364","2025-06-11","7:13:27 PM","130","0","130","130","0"
"365","2025-06-11","7:15:00 PM","670","0","670","670","0"
"366","2025-06-11","7:19:57 PM","318","0","318","318","0"
"367","2025-06-11","7:42:12 PM","80","0","80","80","0"
"368","2025-06-11","8:16:02 PM","40","0","40","40","0"
"369","2025-06-11","8:36:49 PM","256","0","256","256","0"
"370","2025-06-11","8:36:56 PM","49","0","49","49","0"
"371","2025-06-11","9:01:07 PM","175","0","175","175","0"
"372","2025-06-11","9:09:18 PM","382","0","382","382","0"
"373","2025-06-11","9:14:20 PM","410","0","410","410","0"
"374","2025-06-11","9:19:51 PM","277","0","277","277","0"
"375","2025-06-11","9:36:53 PM","150","0","150","150","0"
"376","2025-06-11","10:04:23 PM","150","0","150","150","0"
"377","2025-06-12","9:38:09 AM","278","0","278","278","0"
"378","2025-06-12","10:04:34 AM","189","0","189","189","0"
"379","2025-06-12","10:07:13 AM","150","0","150","150","0"
"380","2025-06-12","10:23:52 AM","45","0","45","45","0"
"381","2025-06-12","10:49:23 AM","300","0","300","300","0"
"382","2025-06-12","10:53:14 AM","408","0","408","408","0"
"383","2025-06-12","11:10:03 AM","110","0","110","110","0"
"384","2025-06-12","11:12:08 AM","30","0","30","30","0"
"385","2025-06-12","11:22:42 AM","657","0","657","657","0"
"386","2025-06-12","12:02:22 PM","110","0","110","110","0"
"387","2025-06-12","12:23:55 PM","184","0","0","0","0"
"388","2025-06-12","1:11:32 PM","200","0","200","200","0"
"389","2025-06-15","8:33:50 AM","160","0","160","160","0"
"390","2025-06-15","8:51:16 AM","333","0","333","333","0"
"391","2025-06-15","9:30:06 AM","290","10","280","280","0"
"392","2025-06-15","9:45:05 AM","313","0","313","313","0"
"393","2025-06-15","9:58:58 AM","45","0","45","45","0"
"394","2025-06-15","10:05:58 AM","300","0","300","300","0"
"395","2025-06-15","10:10:19 AM","120","0","120","120","0"
"396","2025-06-15","10:25:10 AM","550","0","550","550","0"
"397","2025-06-15","10:48:54 AM","280","0","280","280","0"
"398","2025-06-15","11:36:00 AM","190","0","190","190","0"
"399","2025-06-15","12:34:34 PM","100","0","100","100","0"
"400","2025-06-15","5:17:35 PM","170","0","170","170","0"
"401","2025-06-15","5:32:09 PM","290","0","290","290","0"
"402","2025-06-15","6:03:26 PM","140","0","140","140","0"
"403","2025-06-15","6:36:50 PM","51","0","51","51","0"
"404","2025-06-15","6:41:36 PM","153","0","153","153","0"
"405","2025-06-15","6:43:04 PM","1280","0","1280","1280","0"
"406","2025-06-15","6:43:51 PM","40","0","40","40","0"
"407","2025-06-15","6:47:18 PM","271","0","271","271","0"
"408","2025-06-15","6:53:12 PM","55","0","55","55","0"
"409","2025-06-15","7:19:07 PM","557","7","550","550","0"
"410","2025-06-15","7:34:29 PM","430","0","430","430","0"
"411","2025-06-15","7:40:28 PM","50","0","50","50","0"
"412","2025-06-15","7:41:03 PM","143","0","143","143","0"
"413","2025-06-15","7:48:19 PM","100","0","100","100","0"
"414","2025-06-15","7:48:50 PM","50","0","50","50","0"
"415","2025-06-15","7:56:31 PM","50","0","50","50","0"
"416","2025-06-15","8:16:26 PM","94","0","94","94","0"
"417","2025-06-15","8:26:19 PM","390","0","390","390","0"
"418","2025-06-15","8:42:17 PM","300","0","300","300","0"
"419","2025-06-15","8:48:13 PM","110","0","110","110","0"
"420","2025-06-15","9:07:28 PM","630","0","630","630","0"
"421","2025-06-15","9:10:02 PM","282","0","282","282","0"
"422","2025-06-15","9:15:58 PM","50","0","50","50","0"
"423","2025-06-15","9:17:28 PM","100","0","100","100","0"
"424","2025-06-15","9:19:27 PM","100","0","100","100","0"
"425","2025-06-15","9:30:34 PM","50","0","50","50","0"
"426","2025-06-15","9:36:14 PM","326","0","326","326","0"
"427","2025-06-16","8:54:01 AM","50","0","50","50","0"
"428","2025-06-16","8:56:17 AM","140","0","140","140","0"
"429","2025-06-16","8:59:52 AM","130","0","130","130","0"
"430","2025-06-16","9:12:30 AM","540","0","540","540","0"
"431","2025-06-16","9:19:06 AM","1080","0","1080","1080","0"
"432","2025-06-16","9:23:43 AM","70","0","70","70","0"
"433","2025-06-16","9:42:11 AM","368","0","368","368","0"
"434","2025-06-16","9:50:52 AM","68","0","68","68","0"
"435","2025-06-16","10:04:04 AM","20","0","20","20","0"
"436","2025-06-16","10:04:35 AM","20","0","20","20","0"
"437","2025-06-16","10:09:34 AM","20","0","20","20","0"
"438","2025-06-16","10:25:07 AM","550","0","550","550","0"
"439","2025-06-16","10:43:31 AM","195","0","195","195","0"
"440","2025-06-16","10:49:30 AM","400","0","400","400","0"
"441","2025-06-16","10:55:39 AM","20","0","20","20","0"
"442","2025-06-16","11:03:06 AM","204","0","204","204","0"
"443","2025-06-16","11:04:27 AM","50","0","50","50","0"
"444","2025-06-16","11:06:31 AM","15","0","15","15","0"
"445","2025-06-16","11:34:28 AM","20","0","20","20","0"
"446","2025-06-16","4:09:10 PM","529","0","529","529","0"
"447","2025-06-16","4:09:27 PM","333","0","333","333","0"
"448","2025-06-16","4:34:48 PM","340","0","340","340","0"
"449","2025-06-16","4:39:55 PM","490","0","490","490","0"
"450","2025-06-16","5:45:34 PM","362","0","362","362","0"
"451","2025-06-16","6:09:37 PM","272","0","272","272","0"
"452","2025-06-16","6:31:52 PM","362","0","362","362","0"
"453","2025-06-16","6:34:12 PM","768","0","768","768","0"
"454","2025-06-16","7:10:13 PM","400","0","400","400","0"
"455","2025-06-16","7:16:37 PM","50","0","50","50","0"
"456","2025-06-16","7:26:05 PM","1185","0","1185","1185","0"
"457","2025-06-16","7:39:13 PM","520","0","520","520","0"
"458","2025-06-16","7:45:27 PM","88","0","88","88","0"
"459","2025-06-16","7:46:19 PM","50","0","50","50","0"
"460","2025-06-16","8:05:01 PM","628","0","628","628","0"
"461","2025-06-16","8:05:57 PM","104","0","104","104","0"
"462","2025-06-16","8:07:05 PM","50","0","50","50","0"
"463","2025-06-16","8:09:34 PM","240","0","240","240","0"
"464","2025-06-16","8:13:58 PM","40","0","40","40","0"
"465","2025-06-16","8:18:55 PM","200","0","200","200","0"
"466","2025-06-16","8:25:45 PM","212","0","212","212","0"
"467","2025-06-16","8:28:47 PM","89","0","89","89","0"
"468","2025-06-16","8:40:59 PM","278","0","278","278","0"
"469","2025-06-16","8:42:50 PM","402","0","402","402","0"
"470","2025-06-16","8:44:22 PM","81","0","81","81","0"
"471","2025-06-16","8:50:23 PM","90","0","90","90","0"
"472","2025-06-16","8:52:17 PM","40","0","40","40","0"
"473","2025-06-16","8:55:25 PM","100","0","100","100","0"
"474","2025-06-16","8:56:07 PM","160","0","160","160","0"
"475","2025-06-16","9:07:37 PM","120","0","120","120","0"
"476","2025-06-16","9:07:52 PM","20","0","20","20","0"
"477","2025-06-17","9:17:01 AM","290","0","290","290","0"
"478","2025-06-17","9:21:34 AM","110","0","0","0","0"
"479","2025-06-17","9:35:13 AM","250","0","250","250","0"
"480","2025-06-17","9:40:36 AM","54","0","54","54","0"
"481","2025-06-17","9:49:06 AM","710","0","0","0","0"
"482","2025-06-17","10:20:03 AM","40","0","40","40","0"
"483","2025-06-17","10:44:31 AM","50","0","50","50","0"
"484","2025-06-17","10:52:15 AM","600","0","600","600","0"
"485","2025-06-17","12:26:29 PM","80","0","80","80","0"
"486","2025-06-17","12:31:57 PM","224","0","224","224","0"
"487","2025-06-17","12:42:53 PM","280","0","280","280","0"
"488","2025-06-17","12:46:03 PM","50","0","50","50","0"
"489","2025-06-17","5:51:55 PM","153","0","153","153","0"
"490","2025-06-17","6:03:28 PM","307","0","307","307","0"
"491","2025-06-17","6:05:13 PM","400","0","400","400","0"
"492","2025-06-17","6:44:40 PM","50","0","50","50","0"
"493","2025-06-17","6:51:09 PM","420","0","420","420","0"
"494","2025-06-17","6:59:47 PM","204","0","204","204","0"
"495","2025-06-17","7:04:23 PM","181","0","181","181","0"
"496","2025-06-17","7:08:41 PM","113","0","113","113","0"
"497","2025-06-17","7:17:36 PM","520","0","520","520","0"
"498","2025-06-17","7:35:09 PM","750","0","750","750","0"
"499","2025-06-17","7:43:40 PM","45","0","45","45","0"
"500","2025-06-17","7:52:48 PM","250","0","250","250","0"
"501","2025-06-17","8:06:30 PM","220","0","220","220","0"
"502","2025-06-17","8:10:09 PM","130","0","130","130","0"
"503","2025-06-17","8:18:50 PM","640","0","640","640","0"
"504","2025-06-17","8:21:56 PM","505","0","505","505","0"
"505","2025-06-17","8:22:30 PM","450","0","450","450","0"
"506","2025-06-17","8:23:03 PM","450","0","450","450","0"
"507","2025-06-17","8:31:21 PM","36","0","36","36","0"
"508","2025-06-17","8:33:42 PM","212","0","212","212","0"
"509","2025-06-17","8:44:11 PM","290","0","290","290","0"
"510","2025-06-17","8:52:58 PM","194","0","194","194","0"
"511","2025-06-17","8:55:13 PM","200","0","200","200","0"
"512","2025-06-17","8:56:47 PM","130","0","130","130","0"
"513","2025-06-17","9:10:07 PM","272","0","272","272","0"
"514","2025-06-17","9:17:31 PM","428","0","0","0","0"
"515","2025-06-17","9:20:05 PM","100","0","100","100","0"
"516","2025-06-17","9:28:26 PM","90","0","90","90","0"
"517","2025-06-17","9:31:46 PM","93","0","93","93","0"
"518","2025-06-17","9:35:11 PM","40","0","40","40","0"
"519","2025-06-18","9:32:13 AM","255","0","255","255","0"
"520","2025-06-18","9:35:07 AM","30","0","30","30","0"
"521","2025-06-18","10:10:49 AM","961","0","961","961","0"
"522","2025-06-18","10:11:18 AM","215","0","215","215","0"
"523","2025-06-18","10:13:55 AM","600","0","600","600","0"
"524","2025-06-18","10:19:35 AM","40","0","40","40","0"
"525","2025-06-18","10:21:13 AM","250","0","250","250","0"
"526","2025-06-18","10:49:07 AM","200","0","200","200","0"
"527","2025-06-18","10:51:56 AM","3329","0","3329","3329","0"
"528","2025-06-18","10:58:59 AM","120","0","120","120","0"
"529","2025-06-18","11:06:04 AM","270","0","270","270","0"
"530","2025-06-18","11:10:16 AM","70","0","70","70","0"
"531","2025-06-18","11:15:02 AM","150","0","150","150","0"
"532","2025-06-18","11:18:32 AM","343","0","343","343","0"
"533","2025-06-18","11:45:51 AM","1346","0","1346","1346","0"
"534","2025-06-18","11:51:47 AM","110","0","110","110","0"
"535","2025-06-18","11:52:18 AM","50","0","50","50","0"
"536","2025-06-18","12:01:55 PM","50","0","50","50","0"
"537","2025-06-18","12:55:15 PM","250","0","250","250","0"
"538","2025-06-18","5:38:10 PM","238","0","238","238","0"
"539","2025-06-18","5:53:31 PM","89","0","89","89","0"
"540","2025-06-18","5:58:36 PM","98","0","98","98","0"
"541","2025-06-18","6:03:48 PM","1500","0","1500","1500","0"
"542","2025-06-18","6:10:59 PM","340","0","340","340","0"
"543","2025-06-18","6:30:45 PM","199","0","199","199","0"
"544","2025-06-18","6:44:54 PM","496","0","496","496","0"
"545","2025-06-18","6:54:48 PM","509","0","509","509","0"
"546","2025-06-18","6:58:38 PM","260","0","260","260","0"
"547","2025-06-18","7:00:12 PM","510","0","510","510","0"
"548","2025-06-18","7:10:09 PM","320","0","320","320","0"
"549","2025-06-18","7:14:43 PM","164","0","164","164","0"
"550","2025-06-18","7:18:15 PM","100","0","100","100","0"
"551","2025-06-18","7:26:29 PM","89","0","89","89","0"
"552","2025-06-18","7:35:00 PM","250","0","250","250","0"
"553","2025-06-18","7:36:21 PM","30","0","30","30","0"
"554","2025-06-18","7:45:53 PM","85","0","85","85","0"
"555","2025-06-18","7:49:11 PM","251","0","251","251","0"
"556","2025-06-18","7:53:14 PM","50","0","50","50","0"
"557","2025-06-18","8:03:10 PM","180","0","180","180","0"
"558","2025-06-18","8:04:32 PM","380","0","380","380","0"
"559","2025-06-18","8:06:26 PM","94","0","94","94","0"
"560","2025-06-18","8:19:11 PM","835","0","835","835","0"
"561","2025-06-18","8:25:34 PM","50","0","50","50","0"
"562","2025-06-18","8:42:21 PM","776","0","776","776","0"
"563","2025-06-18","8:45:49 PM","75","0","75","75","0"
"564","2025-06-19","8:35:06 AM","600","0","600","600","0"
"565","2025-06-19","8:41:22 AM","1000","0","1000","1000","0"
"566","2025-06-19","8:59:01 AM","130","0","130","130","0"
"567","2025-06-19","9:08:03 AM","700","0","700","700","0"
"568","2025-06-19","9:14:25 AM","655","0","655","655","0"
"569","2025-06-19","9:26:18 AM","240","0","240","240","0"
"570","2025-06-19","9:45:35 AM","100","0","100","100","0"
"571","2025-06-19","9:49:04 AM","49","0","49","49","0"
"572","2025-06-19","10:37:49 AM","400","0","400","400","0"
"573","2025-06-19","10:53:12 AM","730","0","730","730","0"
"574","2025-06-19","11:10:58 AM","235","0","235","235","0"
"575","2025-06-19","11:40:46 AM","1200","0","1200","1200","0"
"576","2025-06-19","11:57:36 AM","390","0","390","390","0"
"577","2025-06-19","12:06:42 PM","280","0","280","280","0"
"578","2025-06-19","12:09:13 PM","250","0","250","250","0"
"579","2025-06-19","12:20:40 PM","240","0","240","240","0"
"580","2025-06-19","12:21:53 PM","40","0","40","40","0"
"581","2025-06-19","12:25:25 PM","370","0","370","370","0"
"582","2025-06-19","12:27:47 PM","160","0","160","160","0"
"583","2025-06-19","12:51:07 PM","200","0","200","200","0"
"584","2025-06-19","12:56:03 PM","70","0","70","70","0"
"585","2025-06-19","1:05:35 PM","90","0","90","90","0"
"586","2025-06-19","5:02:26 PM","100","0","100","100","0"
"587","2025-06-19","5:41:52 PM","264","0","264","264","0"
"588","2025-06-19","6:03:28 PM","760","0","760","760","0"
"589","2025-06-19","6:29:19 PM","672","0","672","672","0"
"590","2025-06-19","6:34:55 PM","874","0","874","874","0"
"591","2025-06-19","6:41:49 PM","274","0","274","274","0"
"592","2025-06-19","6:51:05 PM","334","0","334","334","0"
"593","2025-06-19","6:56:08 PM","454","0","454","454","0"
"594","2025-06-19","7:16:18 PM","287","0","287","287","0"
"595","2025-06-19","7:27:23 PM","300","0","300","300","0"
"596","2025-06-19","7:30:42 PM","50","0","50","50","0"
"597","2025-06-19","7:39:02 PM","89","0","89","89","0"
"598","2025-06-19","7:51:48 PM","100","0","100","100","0"
"599","2025-06-19","7:54:18 PM","50","0","50","50","0"
"600","2025-06-19","7:59:16 PM","455","0","455","455","0"
"601","2025-06-19","8:05:40 PM","598","0","598","598","0"
"602","2025-06-19","8:07:33 PM","50","0","50","50","0"
"603","2025-06-19","8:12:36 PM","50","0","50","50","0"
"604","2025-06-19","8:15:34 PM","990","0","0","0","0"
"605","2025-06-19","8:16:26 PM","89","0","89","89","0"
"606","2025-06-19","8:20:11 PM","887","37","850","850","0"
"607","2025-06-19","8:22:37 PM","160","0","160","160","0"
"608","2025-06-19","8:42:47 PM","450","0","450","450","0"
"609","2025-06-19","8:50:42 PM","670","0","670","670","0"
"610","2025-06-19","9:01:02 PM","350","0","350","350","0"
"611","2025-06-19","9:05:34 PM","50","0","50","50","0"
"612","2025-06-19","9:09:50 PM","50","0","50","50","0"
"613","2025-06-19","9:19:31 PM","30","0","30","30","0"
"614","2025-06-19","9:21:49 PM","60","0","60","60","0"
"615","2025-06-20","9:16:02 AM","350","0","350","350","0"
"616","2025-06-20","9:21:12 AM","225","0","225","225","0"
"617","2025-06-20","9:59:06 AM","163","0","163","163","0"
"618","2025-06-20","10:03:55 AM","68","0","68","68","0"
"619","2025-06-20","10:13:28 AM","223","0","223","223","0"
"620","2025-06-20","10:18:17 AM","50","0","50","50","0"
"621","2025-06-20","10:19:12 AM","60","0","60","60","0"
"622","2025-06-20","10:24:14 AM","40","0","40","40","0"
"623","2025-06-20","10:36:20 AM","1760","0","1760","1760","0"
"624","2025-06-20","10:37:10 AM","537","37","500","500","0"
"625","2025-06-20","11:01:07 AM","449","0","449","449","0"
"626","2025-06-20","11:03:12 AM","200","0","200","200","0"
"627","2025-06-20","11:34:26 AM","1440","0","1440","1440","0"
"628","2025-06-20","11:51:53 AM","1098","0","1098","1098","0"
"629","2025-06-20","11:56:10 AM","64","0","64","64","0"
"630","2025-06-20","5:07:26 PM","165","0","165","165","0"
"631","2025-06-20","5:40:35 PM","200","0","200","200","0"
"632","2025-06-20","6:17:04 PM","98","0","98","98","0"
"633","2025-06-20","6:41:12 PM","160","0","160","160","0"
"634","2025-06-20","6:44:42 PM","500","0","500","500","0"
"635","2025-06-20","6:57:44 PM","1398","0","1398","1398","0"
"636","2025-06-20","6:58:42 PM","160","0","160","160","0"
"637","2025-06-20","6:59:52 PM","185","0","185","185","0"
"638","2025-06-20","7:00:40 PM","135","0","135","135","0"
"639","2025-06-20","7:11:16 PM","970","0","970","970","0"
"640","2025-06-20","7:17:18 PM","910","0","910","910","0"
"641","2025-06-20","7:24:58 PM","310","0","310","310","0"
"642","2025-06-20","7:25:13 PM","50","0","50","50","0"
"643","2025-06-20","7:31:47 PM","630","0","630","630","0"
"644","2025-06-20","7:43:20 PM","380","0","380","380","0"
"645","2025-06-20","7:46:06 PM","49","0","49","49","0"
"646","2025-06-20","7:51:56 PM","180","0","180","180","0"
"647","2025-06-20","7:53:27 PM","320","0","320","320","0"
"648","2025-06-20","7:57:55 PM","40","0","0","0","0"
"649","2025-06-20","8:08:53 PM","360","0","360","360","0"
"650","2025-06-20","8:13:41 PM","420","0","420","420","0"
"651","2025-06-20","8:13:54 PM","130","0","130","130","0"
"652","2025-06-20","8:14:04 PM","100","0","100","100","0"
"653","2025-06-20","8:14:24 PM","100","0","100","100","0"
"654","2025-06-20","8:23:08 PM","192","0","192","192","0"
"655","2025-06-20","8:26:05 PM","140","0","140","140","0"
"656","2025-06-20","8:28:09 PM","110","0","110","110","0"
"657","2025-06-20","8:29:39 PM","1000","0","1000","1000","0"
"658","2025-06-20","8:35:50 PM","125","0","125","125","0"
"659","2025-06-20","8:36:23 PM","175","0","175","175","0"
"660","2025-06-20","8:41:33 PM","362","12","350","350","0"
"661","2025-06-20","8:44:57 PM","150","0","150","150","0"
"662","2025-06-20","8:53:19 PM","192","0","192","192","0"
"663","2025-06-20","8:54:57 PM","100","0","100","100","0"
"664","2025-06-20","9:03:40 PM","30","0","30","30","0"
"665","2025-06-20","9:05:22 PM","150","0","150","150","0"
"666","2025-06-20","9:38:35 PM","750","0","750","750","0"
"667","2025-06-21","8:36:27 AM","150","0","150","150","0"
"668","2025-06-21","8:44:06 AM","50","0","50","50","0"
"669","2025-06-21","9:26:18 AM","40","0","40","40","0"
"670","2025-06-21","9:26:31 AM","100","0","100","100","0"
"671","2025-06-21","9:49:43 AM","223","0","223","223","0"
"672","2025-06-21","10:20:38 AM","700","0","700","700","0"
"673","2025-06-21","10:23:39 AM","205","0","205","205","0"
"674","2025-06-21","10:33:46 AM","90","0","90","90","0"
"675","2025-06-21","10:44:48 AM","137","0","137","137","0"
"676","2025-06-21","10:47:06 AM","140","0","140","140","0"
"677","2025-06-21","10:48:56 AM","370","0","370","370","0"
"678","2025-06-21","11:09:28 AM","475","0","475","475","0"
"679","2025-06-21","11:19:42 AM","90","0","90","90","0"
"680","2025-06-21","11:23:03 AM","704","0","704","704","0"
"681","2025-06-21","11:33:06 AM","100","0","100","100","0"
"682","2025-06-21","12:26:40 PM","200","0","200","200","0"
"683","2025-06-21","12:27:19 PM","469","0","469","469","0"
"684","2025-06-21","12:43:32 PM","550","0","550","550","0"
"685","2025-06-21","5:15:55 PM","735","0","735","735","0"
"686","2025-06-21","5:35:58 PM","155","0","155","155","0"
"687","2025-06-21","5:45:37 PM","276","0","276","276","0"
"688","2025-06-21","6:45:25 PM","527","0","527","527","0"
"689","2025-06-21","6:46:29 PM","150","0","150","150","0"
"690","2025-06-21","7:09:24 PM","980","0","980","980","0"
"691","2025-06-21","7:24:10 PM","288","0","288","288","0"
"692","2025-06-21","7:33:05 PM","684","0","684","684","0"
"693","2025-06-21","7:39:05 PM","600","0","600","600","0"
"694","2025-06-21","7:49:50 PM","420","0","420","420","0"
"695","2025-06-21","7:54:44 PM","735","0","735","735","0"
"696","2025-06-21","7:55:39 PM","140","0","140","140","0"
"697","2025-06-21","8:18:11 PM","100","0","100","100","0"
"698","2025-06-21","8:21:34 PM","223","0","223","223","0"
"699","2025-06-21","8:27:07 PM","300","0","300","300","0"
"700","2025-06-21","8:29:20 PM","170","0","170","170","0"
"701","2025-06-21","8:32:22 PM","320","0","320","320","0"
"702","2025-06-21","8:45:20 PM","70","0","70","70","0"
"703","2025-06-21","8:51:57 PM","214","0","214","214","0"
"704","2025-06-21","9:00:05 PM","40","0","40","40","0"
"705","2025-06-21","9:11:55 PM","30","0","30","30","0"
"706","2025-06-21","9:54:39 PM","90","0","90","90","0"
"707","2025-06-22","9:47:45 AM","50","0","50","50","0"
"708","2025-06-22","9:48:05 AM","200","0","200","200","0"
"709","2025-06-22","9:49:29 AM","686","0","686","686","0"
"710","2025-06-22","9:54:16 AM","323","0","323","323","0"
"711","2025-06-22","10:11:17 AM","60","0","60","60","0"
"712","2025-06-22","10:14:56 AM","530","0","530","530","0"
"713","2025-06-22","10:35:04 AM","150","0","150","150","0"
"714","2025-06-22","10:37:38 AM","314","0","314","314","0"
"715","2025-06-22","10:39:14 AM","143","0","143","143","0"
"716","2025-06-22","10:47:14 AM","140","0","140","140","0"
"717","2025-06-22","11:09:37 AM","1044","0","1044","1044","0"
"718","2025-06-22","11:23:59 AM","50","0","50","50","0"
"719","2025-06-22","11:44:04 AM","214","0","214","214","0"
"720","2025-06-22","11:57:57 AM","1052","0","1052","1052","0"
"721","2025-06-22","12:12:49 PM","150","0","150","150","0"
"722","2025-06-22","12:26:02 PM","768","0","768","768","0"
"723","2025-06-22","12:53:54 PM","274","0","274","274","0"
"724","2025-06-22","5:37:28 PM","650","0","650","650","0"
"725","2025-06-22","5:43:30 PM","1000","0","1000","1000","0"
"726","2025-06-22","6:01:19 PM","49","0","49","49","0"
"727","2025-06-22","6:22:05 PM","200","0","200","200","0"
"728","2025-06-22","6:35:33 PM","240","0","240","240","0"
"729","2025-06-22","6:37:15 PM","240","0","240","240","0"
"730","2025-06-22","6:41:20 PM","500","0","500","500","0"
"731","2025-06-22","6:44:36 PM","30","0","30","30","0"
"732","2025-06-22","6:49:38 PM","40","0","40","40","0"
"733","2025-06-22","6:59:55 PM","130","0","130","130","0"
"734","2025-06-22","7:01:50 PM","290","0","290","290","0"
"735","2025-06-22","7:08:29 PM","549","0","549","549","0"
"736","2025-06-22","7:22:12 PM","118","0","118","118","0"
"737","2025-06-22","7:24:53 PM","900","0","900","900","0"
"738","2025-06-22","7:31:52 PM","230","0","230","230","0"
"739","2025-06-22","7:34:52 PM","350","0","350","350","0"
"740","2025-06-22","7:40:35 PM","30","0","30","30","0"
"741","2025-06-22","7:47:32 PM","224","0","224","224","0"
"742","2025-06-22","7:49:44 PM","740","0","740","740","0"
"743","2025-06-22","7:52:58 PM","1050","0","1050","1050","0"
"744","2025-06-22","7:57:22 PM","260","0","260","260","0"
"745","2025-06-22","8:02:18 PM","495","0","495","495","0"
"746","2025-06-22","8:03:48 PM","60","0","60","60","0"
"747","2025-06-22","8:10:30 PM","75","0","75","75","0"
"748","2025-06-22","8:14:07 PM","265","0","265","265","0"
"749","2025-06-22","8:24:40 PM","516","0","516","516","0"
"750","2025-06-22","8:24:57 PM","200","0","200","200","0"
"751","2025-06-22","8:34:16 PM","160","0","160","160","0"
"752","2025-06-22","8:35:53 PM","50","0","50","50","0"
"753","2025-06-22","8:38:00 PM","200","0","200","200","0"
"754","2025-06-22","8:41:51 PM","90","0","90","90","0"
"755","2025-06-22","8:47:23 PM","80","0","80","80","0"
"756","2025-06-22","8:52:15 PM","313","0","313","313","0"
"757","2025-06-22","8:58:42 PM","200","0","200","200","0"
"758","2025-06-22","9:01:04 PM","1000","0","1000","1000","0"
"759","2025-06-22","9:17:32 PM","850","0","850","850","0"
"760","2025-06-22","9:20:09 PM","90","0","90","90","0"
"761","2025-06-22","9:34:12 PM","200","0","200","200","0"
"762","2025-06-22","9:37:55 PM","203","0","203","203","0"
"763","2025-06-22","9:40:54 PM","100","0","100","100","0"
"764","2025-06-22","9:44:47 PM","550","0","550","550","0"
"765","2025-06-22","9:46:17 PM","90","0","90","90","0"
"766","2025-06-23","8:45:22 AM","50","0","50","50","0"
"767","2025-06-23","8:45:36 AM","40","0","40","40","0"
"768","2025-06-23","8:51:45 AM","892","0","892","892","0"
"769","2025-06-23","9:02:48 AM","238","0","238","238","0"
"770","2025-06-23","9:16:02 AM","130","0","130","130","0"
"771","2025-06-23","9:20:32 AM","125","0","125","125","0"
"772","2025-06-23","9:38:59 AM","125","0","125","125","0"
"773","2025-06-23","9:54:56 AM","1206","0","1206","1206","0"
"774","2025-06-23","9:56:11 AM","200","0","200","200","0"
"775","2025-06-23","10:43:00 AM","817","0","817","817","0"
"776","2025-06-23","11:54:28 AM","568","0","568","568","0"
"777","2025-06-23","12:19:14 PM","325","0","325","325","0"
"778","2025-06-23","12:34:52 PM","343","0","343","343","0"
"779","2025-06-23","12:38:54 PM","100","0","100","100","0"
"780","2025-06-23","12:52:33 PM","1060","0","1060","1060","0"
"781","2025-06-23","4:23:42 PM","330","0","330","330","0"
"782","2025-06-23","4:31:14 PM","388","0","388","388","0"
"783","2025-06-23","5:33:25 PM","533","0","533","533","0"
"784","2025-06-23","5:49:22 PM","40","0","40","40","0"
"785","2025-06-23","6:03:19 PM","139","0","139","139","0"
"786","2025-06-23","6:48:40 PM","515","0","515","515","0"
"787","2025-06-23","6:57:30 PM","111","0","111","111","0"
"788","2025-06-23","7:21:56 PM","270","0","270","270","0"
"789","2025-06-23","7:40:54 PM","483","0","483","483","0"
"790","2025-06-23","7:53:25 PM","140","0","140","140","0"
"791","2025-06-23","8:07:20 PM","45","0","45","45","0"
"792","2025-06-23","8:11:21 PM","100","0","0","0","0"
"793","2025-06-23","8:22:11 PM","220","0","220","220","0"
"794","2025-06-23","8:26:21 PM","80","0","80","80","0"
"795","2025-06-23","8:31:14 PM","180","0","180","180","0"
"796","2025-06-23","8:40:29 PM","930","0","930","930","0"
"797","2025-06-23","8:43:13 PM","282","0","282","282","0"
"798","2025-06-23","8:57:17 PM","45","0","45","45","0"
"799","2025-06-23","8:59:03 PM","200","0","200","200","0"
"800","2025-06-23","9:04:19 PM","338","0","338","338","0"
"801","2025-06-23","9:19:05 PM","40","0","40","40","0"
"802","2025-06-23","9:20:18 PM","150","0","150","150","0"
"803","2025-06-23","9:41:37 PM","550","0","550","550","0"
"804","2025-06-24","8:56:11 AM","200","0","200","200","0"
"805","2025-06-24","9:13:15 AM","70","0","70","70","0"
"806","2025-06-24","9:35:38 AM","200","0","200","200","0"
"807","2025-06-24","9:45:12 AM","197","0","197","197","0"
"808","2025-06-24","9:55:46 AM","340","0","340","340","0"
"809","2025-06-24","9:57:41 AM","500","0","500","500","0"
"810","2025-06-24","10:26:36 AM","90","0","90","90","0"
"811","2025-06-24","10:26:57 AM","200","0","200","200","0"
"812","2025-06-24","10:31:15 AM","203","0","203","203","0"
"813","2025-06-24","11:04:47 AM","200","0","200","200","0"
"814","2025-06-24","11:31:24 AM","444","0","444","444","0"
"815","2025-06-24","11:41:26 AM","1038","0","1038","1038","0"
"816","2025-06-24","11:42:10 AM","140","0","140","140","0"
"817","2025-06-24","11:51:32 AM","290","0","290","290","0"
"818","2025-06-24","12:11:38 PM","750","0","750","750","0"
"819","2025-06-24","12:12:36 PM","40","0","40","40","0"
"820","2025-06-24","12:28:26 PM","1050","0","1050","1050","0"
"821","2025-06-24","4:59:13 PM","408","0","408","408","0"
"822","2025-06-24","5:17:26 PM","240","0","240","240","0"
"823","2025-06-24","5:29:25 PM","220","0","220","220","0"
"824","2025-06-24","5:53:54 PM","3000","0","3000","3000","0"
"825","2025-06-24","6:00:22 PM","540","0","540","540","0"
"826","2025-06-24","6:25:29 PM","1293","0","1293","1293","0"
"827","2025-06-24","6:25:42 PM","132","0","132","132","0"
"828","2025-06-24","6:27:30 PM","228","0","228","228","0"
"829","2025-06-24","6:31:43 PM","450","0","450","450","0"
"830","2025-06-24","6:40:56 PM","600","0","600","600","0"
"831","2025-06-24","6:51:20 PM","200","0","200","200","0"
"832","2025-06-24","7:05:46 PM","243","0","243","243","0"
"833","2025-06-24","7:16:02 PM","200","0","200","200","0"
"834","2025-06-24","7:18:39 PM","290","0","290","290","0"
"835","2025-06-24","7:20:43 PM","298","0","298","298","0"
"836","2025-06-24","7:25:14 PM","1500","0","1500","1500","0"
"837","2025-06-24","8:00:51 PM","200","0","200","200","0"
"838","2025-06-24","8:03:40 PM","20","0","20","20","0"
"839","2025-06-24","8:09:02 PM","350","0","350","350","0"
"840","2025-06-24","8:29:29 PM","550","0","550","550","0"
"841","2025-06-24","8:30:27 PM","60","0","60","60","0"
"842","2025-06-24","8:35:23 PM","48","0","48","48","0"
"843","2025-06-24","8:48:36 PM","445","0","445","445","0"
"844","2025-06-24","8:52:19 PM","230","0","230","230","0"
"845","2025-06-24","8:56:46 PM","579","0","579","579","0"
"846","2025-06-24","9:00:48 PM","189","0","189","189","0"
"847","2025-06-24","9:05:02 PM","200","0","200","200","0"
"848","2025-06-24","9:12:56 PM","382","0","382","382","0"
"849","2025-06-24","9:20:43 PM","98","0","98","98","0"
"850","2025-06-24","9:57:36 PM","55","0","55","55","0"
"851","2025-06-24","10:00:13 PM","200","0","200","200","0"
"852","2025-06-25","9:05:53 AM","130","0","130","130","0"
"853","2025-06-25","9:07:17 AM","110","0","110","110","0"
"854","2025-06-25","9:14:26 AM","330","0","330","330","0"
"855","2025-06-25","9:15:37 AM","1540","0","1540","1540","0"
"856","2025-06-25","9:18:01 AM","130","0","130","130","0"
"857","2025-06-25","9:30:23 AM","500","0","500","500","0"
"858","2025-06-25","9:34:26 AM","50","0","50","50","0"
"859","2025-06-25","9:36:52 AM","200","0","200","200","0"
"860","2025-06-25","9:51:49 AM","90","0","90","90","0"
"861","2025-06-25","9:54:20 AM","200","0","200","200","0"
"862","2025-06-25","10:01:41 AM","50","0","50","50","0"
"863","2025-06-25","10:19:36 AM","126","0","0","0","0"
"864","2025-06-25","10:22:21 AM","620","0","620","620","0"
"865","2025-06-25","11:05:05 AM","68","0","68","68","0"
"866","2025-06-25","11:09:59 AM","50","0","50","50","0"
"867","2025-06-25","11:24:27 AM","184","0","184","184","0"
"868","2025-06-25","11:32:28 AM","840","0","840","840","0"
"869","2025-06-25","11:33:31 AM","532","0","532","532","0"
"870","2025-06-25","11:34:09 AM","160","10","150","150","0"
"871","2025-06-25","11:36:17 AM","239","0","239","239","0"
"872","2025-06-25","11:45:25 AM","150","0","150","150","0"
"873","2025-06-25","12:13:51 PM","30","0","30","30","0"
"874","2025-06-25","12:14:50 PM","250","0","250","250","0"
"875","2025-06-25","12:42:34 PM","387","0","387","387","0"
"876","2025-06-25","3:10:14 PM","450","0","450","450","0"
"877","2025-06-25","3:27:00 PM","50","0","50","50","0"
"878","2025-06-25","3:49:22 PM","150","0","150","150","0"
"879","2025-06-25","4:01:00 PM","1004","0","1004","1004","0"
"880","2025-06-25","4:02:45 PM","1156","0","1156","1156","0"
"881","2025-06-25","4:32:05 PM","150","0","150","150","0"
"882","2025-06-25","5:05:44 PM","200","0","200","200","0"
"883","2025-06-25","5:23:53 PM","50","0","50","50","0"
"884","2025-06-25","5:30:40 PM","250","0","250","250","0"
"885","2025-06-25","5:51:09 PM","280","0","280","280","0"
"886","2025-06-25","6:05:08 PM","58","0","58","58","0"
"887","2025-06-25","6:21:58 PM","100","0","100","100","0"
"888","2025-06-25","6:24:59 PM","565","0","565","565","0"
"889","2025-06-25","6:35:44 PM","610","0","610","610","0"
"890","2025-06-25","6:38:20 PM","325","0","325","325","0"
"891","2025-06-25","7:05:42 PM","1300","20","1280","1280","0"
"892","2025-06-25","7:16:16 PM","690","0","690","690","0"
"893","2025-06-25","7:28:52 PM","580","0","580","580","0"
"894","2025-06-25","7:39:13 PM","628","0","628","628","0"
"895","2025-06-25","7:39:59 PM","200","0","200","200","0"
"896","2025-06-25","7:42:21 PM","100","0","100","100","0"
"897","2025-06-25","7:47:07 PM","199","0","199","199","0"
"898","2025-06-25","7:51:16 PM","75","0","75","75","0"
"899","2025-06-25","8:00:17 PM","50","0","50","50","0"
"900","2025-06-25","8:03:47 PM","750","0","750","750","0"
"901","2025-06-25","8:15:01 PM","298","0","298","298","0"
"902","2025-06-25","8:18:44 PM","50","0","50","50","0"
"903","2025-06-25","8:21:51 PM","400","0","400","400","0"
"904","2025-06-25","8:32:05 PM","352","0","352","352","0"
"905","2025-06-25","8:34:06 PM","250","0","250","250","0"
"906","2025-06-25","8:36:16 PM","150","0","150","150","0"
"907","2025-06-25","8:40:09 PM","370","0","370","370","0"
"908","2025-06-25","8:54:09 PM","125","0","125","125","0"
"909","2025-06-25","9:05:31 PM","200","0","200","200","0"
"910","2025-06-25","9:09:13 PM","180","0","180","180","0"
"911","2025-06-25","9:10:40 PM","40","0","40","40","0"
"912","2025-06-25","9:15:25 PM","66","0","66","66","0"
"913","2025-06-25","9:21:42 PM","200","0","200","200","0"
"914","2025-06-25","9:32:04 PM","64","0","64","64","0"
"915","2025-06-26","8:44:26 AM","300","0","300","300","0"
"916","2025-06-26","9:05:26 AM","260","10","250","250","0"
"917","2025-06-26","9:17:37 AM","116","0","116","116","0"
"918","2025-06-26","9:38:03 AM","270","0","270","270","0"
"919","2025-06-26","10:48:34 AM","838","0","838","838","0"
"920","2025-06-26","10:54:09 AM","763","0","763","763","0"
"921","2025-06-26","11:14:46 AM","730","0","730","730","0"
"922","2025-06-26","11:20:33 AM","60","0","60","60","0"
"923","2025-06-26","11:29:56 AM","458","0","458","458","0"
"924","2025-06-26","11:31:55 AM","55","0","55","55","0"
"925","2025-06-26","11:37:42 AM","2889","0","2889","2889","0"
"926","2025-06-26","11:38:22 AM","450","0","450","450","0"
"927","2025-06-26","11:39:33 AM","300","0","0","0","0"
"928","2025-06-26","11:40:51 AM","180","0","180","180","0"
"929","2025-06-26","11:50:38 AM","500","0","500","500","0"
"930","2025-06-26","11:58:52 AM","100","0","100","100","0"
"931","2025-06-26","12:33:54 PM","100","0","100","100","0"
"932","2025-06-26","1:56:09 PM","230","0","230","230","0"
"933","2025-06-26","2:57:21 PM","350","0","350","350","0"
"934","2025-06-26","3:59:33 PM","200","0","200","200","0"
"935","2025-06-26","4:24:02 PM","7","0","7","7","0"
"936","2025-06-26","4:35:18 PM","60","0","60","60","0"
"937","2025-06-26","4:48:29 PM","123","0","123","123","0"
"938","2025-06-26","5:10:08 PM","2555","55","2500","2500","0"
"939","2025-06-26","5:33:40 PM","100","0","100","100","0"
"940","2025-06-26","5:34:20 PM","100","0","100","100","0"
"941","2025-06-26","5:47:56 PM","50","0","50","50","0"
"942","2025-06-26","5:49:40 PM","50","0","50","50","0"
"943","2025-06-26","6:03:33 PM","450","0","450","450","0"
"944","2025-06-26","6:56:44 PM","230","0","230","230","0"
"945","2025-06-26","6:57:40 PM","170","0","170","170","0"
"946","2025-06-26","7:21:47 PM","150","0","150","150","0"
"947","2025-06-26","7:29:31 PM","440","0","440","440","0"
"948","2025-06-26","7:32:12 PM","220","0","220","220","0"
"949","2025-06-26","7:44:14 PM","1329","0","1329","1329","0"
"950","2025-06-26","7:46:43 PM","249","0","249","249","0"
"951","2025-06-26","7:48:02 PM","139","0","139","139","0"
"952","2025-06-26","8:01:25 PM","50","0","50","50","0"
"953","2025-06-26","8:08:50 PM","75","0","75","75","0"
"954","2025-06-26","8:16:20 PM","45","0","45","45","0"
"955","2025-06-26","8:23:05 PM","380","0","380","380","0"
"956","2025-06-26","8:39:16 PM","150","0","150","150","0"
"957","2025-06-26","9:12:15 PM","50","0","50","50","0"
"958","2025-06-27","9:30:16 AM","120","0","120","120","0"
"959","2025-06-27","9:56:01 AM","480","0","480","480","0"
"960","2025-06-27","10:00:03 AM","206","0","206","206","0"
"961","2025-06-27","10:23:32 AM","89","0","89","89","0"
"962","2025-06-27","10:35:43 AM","107","0","107","107","0"
"963","2025-06-27","11:02:14 AM","120","0","120","120","0"
"964","2025-06-27","11:03:05 AM","958","0","958","958","0"
"965","2025-06-27","11:05:13 AM","40","0","40","40","0"
"966","2025-06-27","11:09:07 AM","220","0","220","220","0"
"967","2025-06-27","11:14:36 AM","100","0","100","100","0"
"968","2025-06-27","11:24:59 AM","290","0","290","290","0"
"969","2025-06-27","11:38:59 AM","150","0","150","150","0"
"970","2025-06-27","11:39:33 AM","80","0","80","80","0"
"971","2025-06-27","11:51:14 AM","170","0","170","170","0"
"972","2025-06-27","11:59:42 AM","460","0","460","460","0"
"973","2025-06-27","12:00:06 PM","24","0","24","24","0"
"974","2025-06-27","12:10:59 PM","40","0","40","40","0"
"975","2025-06-27","12:14:24 PM","100","0","100","100","0"
"976","2025-06-27","4:37:25 PM","380","0","380","380","0"
"977","2025-06-27","4:37:43 PM","40","0","40","40","0"
"978","2025-06-27","5:01:03 PM","25","0","25","25","0"
"979","2025-06-27","5:40:32 PM","280","0","280","280","0"
"980","2025-06-27","6:10:14 PM","68","0","68","68","0"
"981","2025-06-27","6:13:55 PM","350","0","350","350","0"
"982","2025-06-27","6:19:37 PM","123","0","123","123","0"
"983","2025-06-27","6:39:39 PM","350","0","350","350","0"
"984","2025-06-27","6:50:42 PM","100","0","100","100","0"
"985","2025-06-27","6:58:03 PM","338","0","338","338","0"
"986","2025-06-27","7:01:05 PM","120","0","120","120","0"
"987","2025-06-27","7:03:27 PM","370","20","350","350","0"
"988","2025-06-27","7:08:56 PM","50","0","50","50","0"
"989","2025-06-27","7:22:17 PM","20","0","20","20","0"
"990","2025-06-27","7:27:43 PM","160","0","160","160","0"
"991","2025-06-27","7:32:19 PM","400","0","400","400","0"
"992","2025-06-27","7:34:55 PM","100","0","100","100","0"
"993","2025-06-27","7:39:24 PM","120","0","120","120","0"
"994","2025-06-27","7:41:16 PM","316","0","316","316","0"
"995","2025-06-27","7:46:54 PM","220","0","220","220","0"
"996","2025-06-27","7:49:54 PM","280","0","280","280","0"
"997","2025-06-27","8:01:16 PM","220","0","220","220","0"
"998","2025-06-27","8:04:12 PM","25","0","25","25","0"
"999","2025-06-27","8:09:37 PM","20","0","20","20","0"
"1000","2025-06-27","8:10:11 PM","20","0","20","20","0"
"1001","2025-06-27","8:11:30 PM","60","0","60","60","0"
"1002","2025-06-27","8:25:33 PM","55","0","55","55","0"
"1003","2025-06-27","8:31:07 PM","570","0","570","570","0"
"1004","2025-06-27","8:35:58 PM","303","0","303","303","0"
"1005","2025-06-27","8:52:24 PM","100","0","100","100","0"
"1006","2025-06-27","8:53:18 PM","50","0","50","50","0"
"1007","2025-06-27","9:00:00 PM","146","0","146","146","0"
"1008","2025-06-27","9:02:54 PM","310","0","310","310","0"
"1009","2025-06-27","9:11:41 PM","200","0","200","0","0"
"1010","2025-06-27","9:22:06 PM","200","0","200","200","0"
"1011","2025-06-27","9:24:24 PM","545","0","545","545","0"
"1012","2025-06-27","9:27:17 PM","200","0","200","200","0"
"1013","2025-06-27","9:42:21 PM","50","0","50","50","0"
"1014","2025-06-28","9:11:54 AM","220","0","220","220","0"
"1015","2025-06-28","9:56:23 AM","45","0","45","45","0"
"1016","2025-06-28","10:25:55 AM","870","0","870","870","0"
"1017","2025-06-28","10:31:23 AM","210","10","200","200","0"
"1018","2025-06-28","10:34:11 AM","800","0","800","800","0"
"1019","2025-06-28","10:37:00 AM","89","0","89","89","0"
"1020","2025-06-28","10:47:29 AM","602","0","602","602","0"
"1021","2025-06-28","10:50:10 AM","180","0","180","180","0"
"1022","2025-06-28","10:55:03 AM","100","0","100","100","0"
"1023","2025-06-28","11:10:06 AM","250","0","250","250","0"
"1024","2025-06-28","11:23:57 AM","208","0","208","208","0"
"1025","2025-06-28","11:38:21 AM","140","0","140","140","0"
"1026","2025-06-28","12:06:36 PM","80","0","80","80","0"
"1027","2025-06-28","12:31:47 PM","390","0","390","390","0"
"1028","2025-06-28","12:32:49 PM","192","0","192","192","0"
"1029","2025-06-28","5:18:33 PM","720","0","720","720","0"
"1030","2025-06-28","5:20:09 PM","1026","0","1026","1026","0"
"1031","2025-06-28","5:46:19 PM","60","0","60","60","0"
"1032","2025-06-28","6:15:34 PM","230","0","230","230","0"
"1033","2025-06-28","6:30:42 PM","441","0","441","441","0"
"1034","2025-06-28","6:50:45 PM","380","0","380","380","0"
"1035","2025-06-28","6:52:20 PM","100","0","100","100","0"
"1036","2025-06-28","7:12:58 PM","235","0","235","235","0"
"1037","2025-06-28","7:20:09 PM","135","0","135","135","0"
"1038","2025-06-28","7:21:48 PM","135","0","135","135","0"
"1039","2025-06-28","7:35:02 PM","340","0","340","340","0"
"1040","2025-06-28","7:41:34 PM","50","0","50","50","0"
"1041","2025-06-28","8:07:40 PM","570","0","570","570","0"
"1042","2025-06-28","8:14:30 PM","65","0","65","65","0"
"1043","2025-06-28","8:24:50 PM","118","0","118","118","0"
"1044","2025-06-28","8:37:48 PM","354","0","354","354","0"
"1045","2025-06-28","8:38:43 PM","21","0","21","21","0"
"1046","2025-06-28","8:42:58 PM","98","0","98","98","0"
"1047","2025-06-28","9:10:05 PM","270","0","270","270","0"
"1048","2025-06-28","9:15:18 PM","66","0","66","66","0"
"1049","2025-06-28","9:22:06 PM","1117","0","1117","1117","0"
"1050","2025-06-28","9:23:04 PM","56","0","56","56","0"
"1051","2025-06-29","9:22:57 AM","880","0","880","880","0"
"1052","2025-06-29","10:43:47 AM","539","0","539","539","0"
"1053","2025-06-29","10:47:47 AM","452","0","452","452","0"
"1054","2025-06-29","11:08:48 AM","1000","0","1000","1000","0"
"1055","2025-06-29","11:36:35 AM","598","0","598","598","0"
"1056","2025-06-29","4:43:51 PM","520","0","520","520","0"
"1057","2025-06-29","6:38:41 PM","659","0","659","659","0"
"1058","2025-06-29","6:53:32 PM","972","0","972","972","0"
"1059","2025-06-29","7:12:01 PM","188","0","188","188","0"
"1060","2025-06-29","7:18:12 PM","420","0","420","420","0"
"1061","2025-06-29","7:21:27 PM","140","0","140","140","0"
"1062","2025-06-29","7:25:42 PM","110","0","110","110","0"
"1063","2025-06-29","7:34:02 PM","347","0","347","347","0"
"1064","2025-06-29","7:35:28 PM","285","0","285","285","0"
"1065","2025-06-29","7:44:15 PM","223","0","223","223","0"
"1066","2025-06-29","7:44:45 PM","450","0","450","450","0"
"1067","2025-06-29","8:00:29 PM","425","0","425","425","0"
"1068","2025-06-29","8:03:41 PM","40","0","40","40","0"
"1069","2025-06-29","8:06:41 PM","100","0","100","100","0"
"1070","2025-06-29","8:12:38 PM","763","0","763","763","0"
"1071","2025-06-29","8:15:48 PM","50","0","50","50","0"
"1072","2025-06-29","8:26:54 PM","70","0","70","70","0"
"1073","2025-06-29","8:33:36 PM","1342","0","1342","1342","0"
"1074","2025-06-29","8:37:15 PM","48","0","48","48","0"
"1075","2025-06-29","8:39:07 PM","160","0","160","160","0"
"1076","2025-06-29","8:43:23 PM","40","0","40","40","0"
"1077","2025-06-29","8:59:07 PM","70","0","70","70","0"
"1078","2025-06-29","9:11:04 PM","330","0","330","330","0"
"1079","2025-06-29","9:27:36 PM","50","0","50","50","0"
"1080","2025-06-30","8:16:47 AM","150","0","150","150","0"
"1081","2025-06-30","8:40:35 AM","125","0","125","125","0"
"1082","2025-06-30","8:41:39 AM","800","0","800","800","0"
"1083","2025-06-30","8:48:52 AM","189","0","189","189","0"
"1084","2025-06-30","9:06:11 AM","170","0","170","170","0"
"1085","2025-06-30","9:55:48 AM","1400","0","1400","1400","0"
"1086","2025-06-30","9:57:06 AM","183","0","183","183","0"
"1087","2025-06-30","10:35:03 AM","2350","0","2350","2350","0"
"1088","2025-06-30","10:48:19 AM","920","0","920","920","0"
"1089","2025-06-30","11:47:49 AM","676","0","676","676","0"
"1090","2025-06-30","12:26:07 PM","309","0","309","309","0"
"1091","2025-06-30","4:51:11 PM","471","0","471","471","0"
"1092","2025-06-30","5:14:57 PM","52","0","52","52","0"
"1093","2025-06-30","5:17:10 PM","300","0","300","300","0"
"1094","2025-06-30","5:27:16 PM","475","0","475","475","0"
"1095","2025-06-30","5:27:40 PM","100","0","100","100","0"
"1096","2025-06-30","6:09:56 PM","795","0","795","795","0"
"1097","2025-06-30","6:31:21 PM","368","0","368","368","0"
"1098","2025-06-30","6:32:09 PM","49","0","49","49","0"
"1099","2025-06-30","6:33:39 PM","85","0","0","0","0"
"1100","2025-06-30","6:48:58 PM","1961","0","1961","1961","0"
"1101","2025-06-30","6:50:54 PM","440","0","440","440","0"
"1102","2025-06-30","6:51:19 PM","50","0","50","50","0"
"1103","2025-06-30","7:00:08 PM","250","0","250","250","0"
"1104","2025-06-30","7:06:34 PM","200","0","200","200","0"
"1105","2025-06-30","7:08:56 PM","75","0","75","75","0"
"1106","2025-06-30","7:17:35 PM","750","0","750","750","0"
"1107","2025-06-30","7:24:58 PM","70","0","70","70","0"
"1108","2025-06-30","7:40:02 PM","550","0","550","550","0"
"1109","2025-06-30","7:45:26 PM","50","0","0","0","0"
"1110","2025-06-30","8:16:33 PM","792","0","792","792","0"
"1111","2025-06-30","8:17:19 PM","100","0","0","0","0"
"1112","2025-06-30","8:25:41 PM","1005","0","1005","1005","0"
"1113","2025-06-30","8:27:25 PM","113","0","113","113","0"
"1114","2025-06-30","8:28:49 PM","45","0","45","45","0"
"1115","2025-06-30","8:59:13 PM","356","0","356","356","0"
"1116","2025-06-30","9:04:50 PM","1000","0","1000","1000","0"
"1117","2025-06-30","9:10:14 PM","45","0","45","45","0"
"1118","2025-06-30","9:13:21 PM","203","0","203","203","0"
"1119","2025-06-30","9:29:20 PM","100","0","100","100","0"
"1120","2025-06-30","9:34:12 PM","25","0","25","25","0"
"1121","2025-06-30","9:36:51 PM","70","0","70","70","0"
"1122","2025-07-01","8:29:47 AM","850","0","850","850","0"
"1123","2025-07-01","10:18:17 AM","100","0","100","100","0"
"1124","2025-07-01","10:18:46 AM","150","0","150","150","0"
"1125","2025-07-01","10:34:02 AM","820","0","820","820","0"
"1126","2025-07-01","11:02:49 AM","280","0","280","280","0"
"1127","2025-07-01","11:07:54 AM","45","0","45","45","0"
"1128","2025-07-01","11:24:17 AM","290","0","290","290","0"
"1129","2025-07-01","11:31:10 AM","1758","0","1758","1758","0"
"1130","2025-07-01","11:43:33 AM","395","0","395","395","0"
"1131","2025-07-01","12:06:24 PM","130","0","130","130","0"
"1132","2025-07-02","12:49:01 PM","8988","0","8988","8988","0"
"1133","2025-07-02","12:49:59 PM","720","0","720","720","0"
"1134","2025-07-02","4:37:00 PM","210","0","210","210","0"
"1135","2025-07-02","4:46:24 PM","1030","0","1030","1030","0"
"1136","2025-07-02","5:02:06 PM","100","0","100","100","0"
"1137","2025-07-02","5:36:08 PM","100","0","100","100","0"
"1138","2025-07-02","6:07:25 PM","839","0","839","839","0"
"1139","2025-07-02","6:12:59 PM","701","0","701","701","0"
"1140","2025-07-02","6:21:54 PM","170","0","170","170","0"
"1141","2025-07-02","6:27:08 PM","3000","0","3000","3000","0"
"1142","2025-07-02","6:28:13 PM","1585","0","1585","1585","0"
"1143","2025-07-02","6:39:34 PM","150","0","150","150","0"
"1144","2025-07-02","6:54:22 PM","348","0","348","348","0"
"1145","2025-07-02","7:07:20 PM","246","0","246","246","0"
"1146","2025-07-02","7:13:47 PM","144","0","144","144","0"
"1147","2025-07-02","7:15:23 PM","100","0","100","100","0"
"1148","2025-07-02","7:25:19 PM","60","0","60","60","0"
"1149","2025-07-02","7:25:38 PM","45","0","45","45","0"
"1150","2025-07-02","7:39:31 PM","378","0","378","378","0"
"1151","2025-07-02","7:47:39 PM","1169","0","1169","1169","0"
"1152","2025-07-02","7:47:49 PM","106","0","106","106","0"
"1153","2025-07-02","7:52:03 PM","88","0","88","88","0"
"1154","2025-07-02","8:00:29 PM","288","0","288","288","0"
"1155","2025-07-02","8:06:35 PM","300","0","300","300","0"
"1156","2025-07-02","8:16:59 PM","538","0","538","538","0"
"1157","2025-07-02","8:21:27 PM","80","0","80","80","0"
"1158","2025-07-02","8:25:14 PM","123","0","123","123","0"
"1159","2025-07-02","8:30:44 PM","163","0","163","163","0"
"1160","2025-07-02","8:32:15 PM","130","0","130","130","0"
"1161","2025-07-02","8:37:38 PM","100","0","0","0","0"
"1162","2025-07-02","8:40:06 PM","104","0","0","0","0"
"1163","2025-07-02","8:47:02 PM","330","0","330","330","0"
"1164","2025-07-02","8:55:16 PM","276","0","276","276","0"
"1165","2025-07-02","9:02:25 PM","876","0","876","876","0"
"1166","2025-07-02","9:10:16 PM","130","0","130","130","0"
"1167","2025-07-02","9:12:16 PM","900","0","900","900","0"
"1168","2025-07-03","8:51:48 AM","800","0","800","800","0"
"1169","2025-07-03","9:11:02 AM","50","0","50","50","0"
"1170","2025-07-03","9:19:37 AM","350","0","350","350","0"
"1171","2025-07-03","9:19:55 AM","100","0","100","100","0"
"1172","2025-07-03","9:34:02 AM","500","0","500","500","0"
"1173","2025-07-03","9:39:49 AM","330","0","330","330","0"
"1174","2025-07-03","9:40:50 AM","288","8","280","280","0"
"1175","2025-07-03","9:42:29 AM","750","0","750","750","0"
"1176","2025-07-03","9:50:38 AM","50","0","50","50","0"
"1177","2025-07-03","10:08:20 AM","1500","0","1500","1500","0"
"1178","2025-07-03","10:24:27 AM","50","0","50","50","0"
"1179","2025-07-03","10:25:53 AM","328","8","320","320","0"
"1180","2025-07-03","10:27:14 AM","430","0","430","430","0"
"1181","2025-07-03","10:29:07 AM","100","0","100","100","0"
"1182","2025-07-03","11:10:45 AM","900","0","900","900","0"
"1183","2025-07-03","11:13:02 AM","200","0","200","200","0"
"1184","2025-07-03","11:52:59 AM","100","0","100","100","0"
"1185","2025-07-03","11:56:43 AM","100","0","100","100","0"
"1186","2025-07-03","12:30:41 PM","180","0","180","180","0"
"1187","2025-07-03","1:22:51 PM","687","0","687","687","0"
"1188","2025-07-03","5:20:43 PM","150","0","150","150","0"
"1189","2025-07-03","5:58:40 PM","465","0","465","465","0"
"1190","2025-07-03","6:12:37 PM","30","0","30","30","0"
"1191","2025-07-03","6:30:34 PM","880","0","880","880","0"
"1192","2025-07-03","6:46:39 PM","300","0","300","300","0"
"1193","2025-07-03","6:57:34 PM","490","0","490","490","0"
"1194","2025-07-03","6:58:58 PM","223","3","220","220","0"
"1195","2025-07-03","7:06:07 PM","100","0","100","100","0"
"1196","2025-07-03","7:24:48 PM","353","0","353","353","0"
"1197","2025-07-03","7:27:16 PM","530","0","530","530","0"
"1198","2025-07-03","8:00:24 PM","515","0","515","515","0"
"1199","2025-07-03","8:08:00 PM","640","0","640","640","0"
"1200","2025-07-03","8:28:51 PM","200","0","200","200","0"
"1201","2025-07-03","8:42:19 PM","100","0","100","100","0"
"1202","2025-07-03","8:42:45 PM","50","0","50","50","0"
"1203","2025-07-03","8:45:23 PM","195","0","195","195","0"
"1204","2025-07-03","9:01:38 PM","150","0","150","150","0"
"1205","2025-07-03","9:03:25 PM","45","0","45","45","0"
"1206","2025-07-03","9:16:45 PM","730","0","730","730","0"
"1207","2025-07-03","9:17:40 PM","65","0","65","65","0"
"1208","2025-07-03","9:41:51 PM","160","0","160","160","0"
"1209","2025-07-03","9:50:05 PM","100","0","100","100","0"
"1210","2025-07-04","8:35:08 AM","700","0","700","700","0"
"1211","2025-07-04","8:40:01 AM","520","0","520","520","0"
"1212","2025-07-04","8:50:57 AM","390","0","390","390","0"
"1213","2025-07-04","9:07:02 AM","364","0","364","364","0"
"1214","2025-07-04","9:08:04 AM","100","0","100","100","0"
"1215","2025-07-04","9:10:05 AM","100","0","100","100","0"
"1216","2025-07-04","9:41:45 AM","1010","0","1010","1010","0"
"1217","2025-07-04","9:46:43 AM","540","0","540","540","0"
"1218","2025-07-04","10:07:58 AM","300","0","300","300","0"
"1219","2025-07-04","10:09:48 AM","90","0","90","90","0"
"1220","2025-07-04","10:31:01 AM","148","0","148","148","0"
"1221","2025-07-04","11:13:04 AM","670","0","670","670","0"
"1222","2025-07-04","11:30:49 AM","3140","0","3140","3140","0"
"1223","2025-07-04","11:46:46 AM","1069","0","1069","1069","0"
"1224","2025-07-04","11:53:55 AM","50","0","50","50","0"
"1225","2025-07-04","11:57:58 AM","700","0","700","700","0"
"1226","2025-07-04","6:29:04 PM","534","0","534","534","0"
"1227","2025-07-04","6:30:00 PM","126","0","126","126","0"
"1228","2025-07-04","6:33:54 PM","230","0","230","230","0"
"1229","2025-07-04","6:45:26 PM","270","0","270","270","0"
"1230","2025-07-04","7:02:57 PM","487","0","487","487","0"
"1231","2025-07-04","7:14:55 PM","674","0","674","674","0"
"1232","2025-07-04","7:16:11 PM","1316","0","1316","1316","0"
"1233","2025-07-04","7:27:20 PM","100","0","100","100","0"
"1234","2025-07-04","7:28:02 PM","80","0","80","80","0"
"1235","2025-07-04","7:53:18 PM","1198","0","1198","1198","0"
"1236","2025-07-04","8:04:06 PM","299","0","299","299","0"
"1237","2025-07-04","8:14:04 PM","143","0","143","143","0"
"1238","2025-07-04","8:42:10 PM","446","0","446","446","0"
"1239","2025-07-05","9:30:39 AM","800","0","800","800","0"
"1240","2025-07-05","9:49:19 AM","430","0","430","430","0"
"1241","2025-07-05","10:21:43 AM","293","0","293","293","0"
"1242","2025-07-05","10:40:26 AM","502","0","502","502","0"
"1243","2025-07-05","11:19:56 AM","110","0","110","110","0"
"1244","2025-07-05","11:22:45 AM","710","0","710","710","0"
"1245","2025-07-05","11:23:16 AM","545","0","545","545","0"
"1246","2025-07-05","11:27:14 AM","54","0","54","54","0"
"1247","2025-07-05","12:12:03 PM","670","0","670","670","0"
"1248","2025-07-05","12:28:05 PM","597","0","597","597","0"
"1249","2025-07-05","2:21:33 PM","123","0","123","123","0"
"1250","2025-07-05","4:39:21 PM","150","0","150","150","0"
"1251","2025-07-05","5:18:03 PM","1258","0","1258","1258","0"
"1252","2025-07-05","6:13:45 PM","560","0","560","560","0"
"1253","2025-07-05","6:30:17 PM","814","0","814","814","0"
"1254","2025-07-05","6:36:59 PM","393","0","393","393","0"
"1255","2025-07-05","6:44:36 PM","700","0","700","700","0"
"1256","2025-07-05","6:47:21 PM","353","0","353","353","0"
"1257","2025-07-05","6:51:52 PM","250","0","250","250","0"
"1258","2025-07-05","6:54:42 PM","229","0","229","229","0"
"1259","2025-07-05","6:55:06 PM","1800","0","1800","1800","0"
"1260","2025-07-05","7:15:09 PM","224","0","224","224","0"
"1261","2025-07-05","7:17:11 PM","40","0","40","40","0"
"1262","2025-07-05","7:25:23 PM","196","0","196","196","0"
"1263","2025-07-05","7:31:27 PM","657","0","657","657","0"
"1264","2025-07-05","7:37:31 PM","105","5","100","100","0"
"1265","2025-07-05","7:44:33 PM","98","0","98","98","0"
"1266","2025-07-05","7:47:33 PM","135","5","130","130","0"
"1267","2025-07-05","7:48:24 PM","320","0","320","320","0"
"1268","2025-07-05","7:51:57 PM","120","0","120","120","0"
"1269","2025-07-05","7:54:01 PM","653","0","653","653","0"
"1270","2025-07-05","7:55:00 PM","120","0","120","120","0"
"1271","2025-07-05","7:57:49 PM","500","0","500","500","0"
"1272","2025-07-05","8:02:18 PM","1050","0","1050","1050","0"
"1273","2025-07-05","8:03:26 PM","350","0","350","350","0"
"1274","2025-07-05","8:04:16 PM","50","0","50","50","0"
"1275","2025-07-05","8:05:03 PM","200","0","200","200","0"
"1276","2025-07-05","8:06:42 PM","256","0","256","256","0"
"1277","2025-07-05","8:17:14 PM","123","0","123","123","0"
"1278","2025-07-05","8:26:34 PM","158","0","158","158","0"
"1279","2025-07-05","8:28:19 PM","42","0","42","42","0"
"1280","2025-07-05","8:28:53 PM","40","0","40","40","0"
"1281","2025-07-05","8:34:10 PM","100","0","100","100","0"
"1282","2025-07-05","8:41:34 PM","100","0","100","100","0"
"1283","2025-07-05","8:47:19 PM","50","0","50","50","0"
"1284","2025-07-05","8:48:25 PM","210","0","210","210","0"
"1285","2025-07-05","8:57:10 PM","510","0","510","510","0"
"1286","2025-07-05","8:58:21 PM","48","0","48","48","0"
"1287","2025-07-05","9:00:27 PM","160","0","160","160","0"
"1288","2025-07-05","9:03:32 PM","265","0","265","265","0"
"1289","2025-07-05","9:22:41 PM","237","0","237","237","0"
"1290","2025-07-05","9:29:07 PM","120","0","120","120","0"
"1291","2025-07-06","8:42:34 AM","380","0","380","380","0"
"1292","2025-07-06","9:01:53 AM","296","0","296","296","0"
"1293","2025-07-06","9:19:17 AM","990","0","990","990","0"
"1294","2025-07-06","10:17:16 AM","1240","0","1240","1240","0"
"1295","2025-07-06","10:47:35 AM","2013","0","2013","2013","0"
"1296","2025-07-06","10:54:53 AM","199","0","199","199","0"
"1297","2025-07-06","1:12:22 PM","166","0","166","166","0"
"1298","2025-07-06","3:01:06 PM","500","0","500","500","0"
"1299","2025-07-06","4:36:38 PM","200","0","200","200","0"
"1300","2025-07-06","5:23:32 PM","500","0","500","500","0"
"1301","2025-07-06","5:52:58 PM","196","0","196","196","0"
"1302","2025-07-06","5:54:09 PM","510","10","500","500","0"
"1303","2025-07-06","5:58:44 PM","1480","0","1480","1480","0"
"1304","2025-07-06","6:02:36 PM","50","0","50","50","0"
"1305","2025-07-06","6:16:49 PM","20","0","20","20","0"
"1306","2025-07-06","6:26:53 PM","420","0","420","420","0"
"1307","2025-07-06","6:39:47 PM","120","0","120","120","0"
"1308","2025-07-06","6:42:14 PM","400","0","400","400","0"
"1309","2025-07-06","6:57:38 PM","50","0","50","50","0"
"1310","2025-07-06","7:00:37 PM","80","0","80","80","0"
"1311","2025-07-06","7:07:06 PM","230","0","230","230","0"
"1312","2025-07-06","7:07:51 PM","30","0","30","30","0"
"1313","2025-07-06","7:14:22 PM","66","0","66","66","0"
"1314","2025-07-06","7:37:06 PM","167","0","167","167","0"
"1315","2025-07-06","8:02:08 PM","450","0","450","450","0"
"1316","2025-07-06","8:06:39 PM","180","0","180","180","0"
"1317","2025-07-06","8:09:15 PM","149","0","149","149","0"
"1318","2025-07-06","8:14:49 PM","400","0","400","400","0"
"1319","2025-07-06","8:15:27 PM","250","0","250","250","0"
"1320","2025-07-06","8:19:34 PM","10","0","10","10","0"
"1321","2025-07-06","8:22:21 PM","70","0","70","70","0"
"1322","2025-07-06","8:28:28 PM","125","0","125","125","0"
"1323","2025-07-06","8:45:42 PM","120","0","120","120","0"
"1324","2025-07-06","8:51:14 PM","620","0","620","620","0"
"1325","2025-07-06","8:56:13 PM","350","0","350","350","0"
"1326","2025-07-06","9:03:13 PM","50","0","50","50","0"
"1327","2025-07-06","9:07:36 PM","164","0","164","164","0"
"1328","2025-07-06","9:12:25 PM","158","0","158","158","0"
"1329","2025-07-06","9:13:16 PM","150","0","150","150","0"
"1330","2025-07-07","9:34:54 AM","1080","0","1080","1080","0"
"1331","2025-07-07","9:45:45 AM","280","0","280","280","0"
"1332","2025-07-07","10:00:58 AM","100","0","100","100","0"
"1333","2025-07-07","10:08:08 AM","185","0","185","185","0"
"1334","2025-07-07","10:21:59 AM","50","0","50","50","0"
"1335","2025-07-07","11:34:25 AM","140","0","140","140","0"
"1336","2025-07-07","11:39:17 AM","1130","0","1130","1130","0"
"1337","2025-07-07","12:03:48 PM","674","24","650","650","0"
"1338","2025-07-07","12:09:36 PM","709","0","709","709","0"
"1339","2025-07-07","12:11:40 PM","50","0","50","50","0"
"1340","2025-07-07","12:31:27 PM","3750","0","3750","3750","0"
"1341","2025-07-07","5:46:28 PM","48","0","48","48","0"
"1342","2025-07-07","5:49:03 PM","20","0","20","20","0"
"1343","2025-07-07","6:11:23 PM","1321","21","1300","1300","0"
"1344","2025-07-07","6:44:22 PM","300","0","300","300","0"
"1345","2025-07-07","7:10:50 PM","372","0","372","372","0"
"1346","2025-07-07","7:35:06 PM","1428","28","1400","1400","0"
"1347","2025-07-07","7:42:08 PM","900","0","900","900","0"
"1348","2025-07-07","7:42:46 PM","200","0","200","200","0"
"1349","2025-07-07","7:45:08 PM","199","0","199","199","0"
"1350","2025-07-07","7:46:45 PM","95","0","95","95","0"
"1351","2025-07-07","7:52:19 PM","100","0","100","100","0"
"1352","2025-07-07","7:52:41 PM","146","0","146","146","0"
"1353","2025-07-07","7:58:08 PM","150","0","150","150","0"
"1354","2025-07-07","8:00:03 PM","50","0","50","50","0"
"1355","2025-07-07","8:00:54 PM","1500","0","1500","1500","0"
"1356","2025-07-07","8:02:24 PM","60","0","60","60","0"
"1357","2025-07-07","8:07:57 PM","110","0","110","110","0"
"1358","2025-07-07","8:13:40 PM","1351","0","1351","1351","0"
"1359","2025-07-07","8:15:11 PM","90","0","90","90","0"
"1360","2025-07-07","8:16:22 PM","80","0","80","80","0"
"1361","2025-07-07","8:18:39 PM","500","0","500","500","0"
"1362","2025-07-07","8:24:24 PM","220","0","220","220","0"
"1363","2025-07-07","8:45:13 PM","100","0","100","100","0"
"1364","2025-07-07","8:45:49 PM","406","6","400","400","0"
"1365","2025-07-07","8:56:36 PM","90","0","90","90","0"
"1366","2025-07-07","8:58:41 PM","97","0","97","97","0"
"1367","2025-07-07","8:59:13 PM","50","0","50","50","0"
"1368","2025-07-07","9:08:46 PM","72","0","72","72","0"
"1369","2025-07-07","9:22:18 PM","1052","0","1052","1052","0"
"1370","2025-07-07","9:37:38 PM","100","0","100","100","0"
"1371","2025-07-07","9:43:24 PM","400","0","400","400","0"
"1372","2025-07-08","8:51:53 AM","80","0","80","80","0"
"1373","2025-07-08","9:18:30 AM","158","0","158","158","0"
"1374","2025-07-08","9:33:05 AM","100","0","100","100","0"
"1375","2025-07-08","9:36:42 AM","60","0","60","60","0"
"1376","2025-07-08","9:56:49 AM","400","0","400","400","0"
"1377","2025-07-08","10:28:40 AM","890","0","890","890","0"
"1378","2025-07-08","10:29:07 AM","30","0","30","30","0"
"1379","2025-07-08","10:30:44 AM","100","0","100","100","0"
"1380","2025-07-08","10:44:59 AM","30","0","30","30","0"
"1381","2025-07-08","10:54:47 AM","750","0","750","750","0"
"1382","2025-07-08","11:03:53 AM","200","0","200","200","0"
"1383","2025-07-08","11:35:16 AM","40","0","40","40","0"
"1384","2025-07-08","11:39:56 AM","424","0","424","424","0"
"1385","2025-07-08","11:52:20 AM","20","0","20","20","0"
"1386","2025-07-08","11:56:05 AM","700","0","700","700","0"
"1387","2025-07-08","12:04:16 PM","634","0","634","634","0"
"1388","2025-07-08","4:04:05 PM","330","0","330","330","0"
"1389","2025-07-08","4:42:47 PM","45","0","45","45","0"
"1390","2025-07-08","5:16:43 PM","1500","0","1500","1500","0"
"1391","2025-07-08","5:20:21 PM","125","0","125","125","0"
"1392","2025-07-08","5:24:15 PM","655","0","655","655","0"
"1393","2025-07-08","6:27:44 PM","844","0","844","844","0"
"1394","2025-07-08","6:29:29 PM","120","0","120","120","0"
"1395","2025-07-08","6:33:04 PM","50","0","50","50","0"
"1396","2025-07-08","6:46:20 PM","300","0","300","300","0"
"1397","2025-07-08","6:47:25 PM","300","0","300","300","0"
"1398","2025-07-08","6:52:54 PM","920","0","920","920","0"
"1399","2025-07-08","6:58:19 PM","750","0","750","750","0"
"1400","2025-07-08","7:03:17 PM","328","0","328","328","0"
"1401","2025-07-08","7:03:31 PM","45","0","45","45","0"
"1402","2025-07-08","7:26:02 PM","532","0","532","532","0"
"1403","2025-07-08","7:27:52 PM","225","0","225","225","0"
"1404","2025-07-08","7:29:20 PM","235","0","235","235","0"
"1405","2025-07-08","7:41:13 PM","107","0","107","107","0"
"1406","2025-07-08","7:45:52 PM","265","0","265","265","0"
"1407","2025-07-08","7:53:01 PM","520","0","520","520","0"
"1408","2025-07-08","7:53:38 PM","50","0","50","50","0"
"1409","2025-07-08","7:58:53 PM","220","0","220","220","0"
"1410","2025-07-08","7:59:05 PM","123","0","123","123","0"
"1411","2025-07-08","7:59:46 PM","50","0","50","50","0"
"1412","2025-07-08","8:01:22 PM","285","0","285","285","0"
"1413","2025-07-08","8:06:19 PM","362","0","362","362","0"
"1414","2025-07-08","8:09:33 PM","50","0","50","500","0"
"1415","2025-07-08","8:11:01 PM","10","0","10","10","0"
"1416","2025-07-08","8:13:50 PM","149","0","149","149","0"
"1417","2025-07-08","8:19:44 PM","100","0","100","100","0"
"1418","2025-07-08","8:22:47 PM","280","0","280","280","0"
"1419","2025-07-08","8:27:08 PM","150","0","150","150","0"
"1420","2025-07-08","8:40:09 PM","250","0","250","250","0"
"1421","2025-07-08","8:46:28 PM","50","0","50","50","0"
"1422","2025-07-08","9:10:23 PM","940","0","940","940","0"
"1423","2025-07-08","9:29:17 PM","1482","0","1482","1482","0"
"1424","2025-07-08","9:37:45 PM","50","0","50","50","0"
"1425","2025-07-08","9:41:03 PM","50","0","50","50","0"
"1426","2025-07-09","9:00:31 AM","390","0","390","390","0"
"1427","2025-07-09","9:00:47 AM","100","0","100","100","0"
"1428","2025-07-09","9:42:33 AM","490","0","490","490","0"
"1429","2025-07-09","10:50:51 AM","250","0","250","250","0"
"1430","2025-07-09","10:53:54 AM","775","25","750","750","0"
"1431","2025-07-09","10:55:18 AM","188","0","188","188","0"
"1432","2025-07-09","11:07:34 AM","100","0","100","100","0"
"1433","2025-07-09","11:18:53 AM","65","0","65","65","0"
"1434","2025-07-09","11:22:24 AM","130","0","130","130","0"
"1435","2025-07-09","11:37:37 AM","203","3","200","200","0"
"1436","2025-07-09","11:49:48 AM","1066","0","1066","1066","0"
"1437","2025-07-09","11:50:49 AM","638","0","638","638","0"
"1438","2025-07-09","11:51:53 AM","130","0","130","130","0"
"1439","2025-07-09","11:53:34 AM","50","0","50","50","0"
"1440","2025-07-09","12:39:41 PM","184","0","184","184","0"
"1441","2025-07-09","5:12:16 PM","720","0","720","720","0"
"1442","2025-07-09","5:29:09 PM","322","0","322","322","0"
"1443","2025-07-09","6:02:11 PM","512","0","512","512","0"
"1444","2025-07-09","6:32:56 PM","181","0","181","181","0"
"1445","2025-07-09","6:50:42 PM","50","0","50","50","0"
"1446","2025-07-09","6:57:45 PM","190","0","190","190","0"
"1447","2025-07-09","6:58:04 PM","40","0","40","40","0"
"1448","2025-07-09","7:26:27 PM","378","0","378","378","0"
"1449","2025-07-09","7:26:42 PM","50","0","50","50","0"
"1450","2025-07-09","7:29:06 PM","300","0","300","300","0"
"1451","2025-07-09","7:43:24 PM","95","0","95","95","0"
"1452","2025-07-09","7:43:47 PM","140","0","140","140","0"
"1453","2025-07-09","7:50:14 PM","275","0","275","275","0"
"1454","2025-07-09","8:04:34 PM","880","0","880","880","0"
"1455","2025-07-09","8:06:21 PM","200","0","200","200","0"
"1456","2025-07-09","8:18:24 PM","120","0","120","120","0"
"1457","2025-07-09","8:20:01 PM","362","0","362","362","0"
"1458","2025-07-09","8:30:18 PM","430","0","430","430","0"
"1459","2025-07-09","8:41:47 PM","100","0","100","100","0"
"1460","2025-07-09","8:48:54 PM","50","0","50","50","0"
"1461","2025-07-09","8:51:29 PM","1232","0","1232","1232","0"
"1462","2025-07-09","8:54:08 PM","60","0","60","60","0"
"1463","2025-07-09","9:17:59 PM","40","0","40","40","0"
"1464","2025-07-10","8:53:54 AM","100","0","100","100","0"
"1465","2025-07-10","9:26:19 AM","73","0","73","73","0"
"1466","2025-07-10","9:41:21 AM","126","0","126","126","0"
"1467","2025-07-10","9:52:13 AM","210","0","210","210","0"
"1468","2025-07-10","9:53:19 AM","130","0","130","130","0"
"1469","2025-07-10","10:19:07 AM","377","0","377","377","0"
"1470","2025-07-10","10:19:19 AM","40","0","40","40","0"
"1471","2025-07-10","10:58:42 AM","100","0","100","100","0"
"1472","2025-07-10","11:07:26 AM","1200","0","1200","1200","0"
"1473","2025-07-10","11:41:08 AM","180","0","180","180","0"
"1474","2025-07-10","11:51:19 AM","620","0","620","620","0"
"1475","2025-07-10","11:52:31 AM","340","0","340","340","0"
"1476","2025-07-10","12:09:23 PM","273","0","273","273","0"
"1477","2025-07-10","12:10:08 PM","50","0","50","50","0"
"1478","2025-07-10","12:14:22 PM","250","0","250","250","0"
"1479","2025-07-10","12:31:09 PM","900","0","900","900","0"
"1480","2025-07-10","12:43:52 PM","90","0","90","90","0"
"1481","2025-07-10","12:51:17 PM","722","0","722","722","0"
"1482","2025-07-10","12:52:10 PM","75","0","75","75","0"
"1483","2025-07-10","12:54:07 PM","470","0","470","470","0"
"1484","2025-07-10","12:57:32 PM","150","0","150","150","0"
"1485","2025-07-10","1:01:01 PM","2400","0","2400","2400","0"
"1486","2025-07-10","3:19:19 PM","166","0","166","166","0"
"1487","2025-07-10","4:44:49 PM","326","0","326","326","0"
"1488","2025-07-10","5:01:07 PM","600","0","600","600","0"
"1489","2025-07-10","5:44:09 PM","870","0","870","870","0"
"1490","2025-07-10","5:51:36 PM","30","0","30","30","0"
"1491","2025-07-10","6:21:57 PM","248","0","248","248","0"
"1492","2025-07-10","6:23:30 PM","375","0","375","375","0"
"1493","2025-07-10","6:26:41 PM","206","0","206","206","0"
"1494","2025-07-10","6:52:03 PM","400","0","400","400","0"
"1495","2025-07-10","7:05:47 PM","300","0","300","300","0"
"1496","2025-07-10","7:06:13 PM","330","0","330","330","0"
"1497","2025-07-10","7:11:06 PM","75","0","75","75","0"
"1498","2025-07-10","7:13:59 PM","77","0","77","77","0"
"1499","2025-07-10","7:20:42 PM","130","0","130","130","0"
"1500","2025-07-10","7:23:14 PM","833","0","833","833","0"
"1501","2025-07-10","7:24:27 PM","30","0","30","30","0"
"1502","2025-07-10","7:30:27 PM","80","0","80","80","0"
"1503","2025-07-10","7:39:09 PM","114","0","114","114","0"
"1504","2025-07-10","7:41:52 PM","149","0","149","149","0"
"1505","2025-07-10","7:46:51 PM","319","0","319","319","0"
"1506","2025-07-10","8:00:32 PM","120","0","120","120","0"
"1507","2025-07-10","8:03:10 PM","878","0","878","878","0"
"1508","2025-07-10","8:12:58 PM","5","0","5","5","0"
"1509","2025-07-10","8:13:14 PM","150","0","150","150","0"
"1510","2025-07-10","8:20:06 PM","770","18","752","752","0"
"1511","2025-07-10","8:20:49 PM","50","0","50","50","0"
"1512","2025-07-10","8:21:54 PM","150","0","150","150","0"
"1513","2025-07-10","8:26:19 PM","60","0","60","60","0"
"1514","2025-07-10","8:32:28 PM","197","0","197","197","0"
"1515","2025-07-10","8:40:15 PM","915","0","915","915","0"
"1516","2025-07-10","8:40:58 PM","150","0","150","150","0"
"1517","2025-07-10","8:42:22 PM","75","0","75","75","0"
"1518","2025-07-10","9:02:38 PM","143","0","143","143","0"
"1519","2025-07-10","9:06:42 PM","50","0","50","50","0"
"1520","2025-07-10","9:09:40 PM","250","0","250","250","0"
"1521","2025-07-10","9:16:43 PM","180","0","180","180","0"
"1522","2025-07-11","9:19:51 AM","540","0","540","540","0"
"1523","2025-07-11","9:20:26 AM","97","0","97","97","0"
"1524","2025-07-11","10:19:04 AM","100","0","100","100","0"
"1525","2025-07-11","10:19:56 AM","750","0","750","750","0"
"1526","2025-07-11","10:20:10 AM","100","0","100","100","0"
"1527","2025-07-11","10:36:54 AM","396","0","396","396","0"
"1528","2025-07-11","11:30:12 AM","775","0","775","775","0"
"1529","2025-07-11","11:56:43 AM","98","0","98","98","0"
"1530","2025-07-11","11:59:54 AM","768","0","768","768","0"
"1531","2025-07-11","12:01:37 PM","250","0","250","250","0"
"1532","2025-07-11","12:15:46 PM","345","0","345","345","0"
"1533","2025-07-11","5:32:50 PM","170","0","170","170","0"
"1534","2025-07-11","6:04:15 PM","1095","0","1095","1095","0"
"1535","2025-07-11","6:05:30 PM","40","0","40","40","0"
"1536","2025-07-11","6:06:58 PM","40","0","40","40","0"
"1537","2025-07-11","6:09:39 PM","65","0","65","65","0"
"1538","2025-07-11","6:20:20 PM","45","0","45","45","0"
"1539","2025-07-11","6:45:41 PM","454","0","454","454","0"
"1540","2025-07-11","7:13:58 PM","2034","0","2034","2034","0"
"1541","2025-07-11","7:15:17 PM","184","0","184","184","0"
"1542","2025-07-11","7:15:41 PM","850","0","850","850","0"
"1543","2025-07-11","7:16:58 PM","260","0","260","260","0"
"1544","2025-07-11","7:28:24 PM","350","0","350","350","0"
"1545","2025-07-11","7:33:19 PM","593","0","593","593","0"
"1546","2025-07-11","7:40:27 PM","150","0","150","150","0"
"1547","2025-07-11","7:52:20 PM","275","0","275","275","0"
"1548","2025-07-11","7:56:00 PM","430","0","430","430","0"
"1549","2025-07-11","8:07:21 PM","290","0","290","290","0"
"1550","2025-07-11","8:11:33 PM","197","0","197","197","0"
"1551","2025-07-11","8:12:56 PM","350","0","350","350","0"
"1552","2025-07-11","8:33:12 PM","60","0","60","60","0"
"1553","2025-07-11","8:34:48 PM","278","0","278","278","0"
"1554","2025-07-11","8:42:48 PM","700","0","700","700","0"
"1555","2025-07-11","8:56:58 PM","90","0","90","90","0"
"1556","2025-07-11","9:04:45 PM","70","0","70","70","0"
"1557","2025-07-11","9:08:38 PM","152","0","152","152","0"
"1558","2025-07-11","9:12:23 PM","50","0","50","50","0"
"1559","2025-07-11","9:18:42 PM","178","0","178","178","0"
"1560","2025-07-11","9:45:01 PM","20","0","20","20","0"
"1561","2025-07-12","8:51:23 AM","225","0","225","225","0"
"1562","2025-07-12","9:00:39 AM","420","0","420","420","0"
"1563","2025-07-12","9:03:59 AM","91","0","91","91","0"
"1564","2025-07-12","9:15:38 AM","235","0","235","235","0"
"1565","2025-07-12","9:38:30 AM","1553","0","1553","1553","0"
"1566","2025-07-12","9:57:15 AM","70","0","70","70","0"
"1567","2025-07-12","10:07:33 AM","50","0","50","50","0"
"1568","2025-07-12","10:10:20 AM","200","0","200","200","0"
"1569","2025-07-12","10:10:53 AM","200","0","200","200","0"
"1570","2025-07-12","10:18:52 AM","150","0","150","150","0"
"1571","2025-07-12","10:25:57 AM","68","0","68","68","0"
"1572","2025-07-12","11:33:39 AM","225","0","225","225","0"
"1573","2025-07-12","11:38:35 AM","690","0","690","690","0"
"1574","2025-07-12","11:56:44 AM","456","6","450","450","0"
"1575","2025-07-12","12:08:30 PM","630","0","630","630","0"
"1576","2025-07-12","12:23:40 PM","50","0","50","50","0"
"1577","2025-07-12","12:26:48 PM","38","0","38","38","0"
"1578","2025-07-12","12:28:54 PM","93","0","93","93","0"
"1579","2025-07-12","12:32:37 PM","576","0","576","576","0"
"1580","2025-07-12","12:38:52 PM","30","0","30","30","0"
"1581","2025-07-12","4:13:36 PM","530","0","530","530","0"
"1582","2025-07-12","5:22:40 PM","850","0","850","850","0"
"1583","2025-07-12","6:31:51 PM","410","0","410","410","0"
"1584","2025-07-12","6:44:59 PM","290","0","290","290","0"
"1585","2025-07-12","7:00:26 PM","100","0","100","100","0"
"1586","2025-07-12","7:12:32 PM","780","0","780","780","0"
"1587","2025-07-12","7:17:33 PM","280","0","280","280","0"
"1588","2025-07-13","6:21:37 PM","205","0","205","205","0"
"1589","2025-07-13","6:31:07 PM","129","0","129","129","0"
"1590","2025-07-13","7:33:24 PM","400","0","400","400","0"
"1591","2025-07-13","7:54:03 PM","40","0","40","40","0"
"1592","2025-07-13","8:05:53 PM","266","0","266","266","0"
"1593","2025-07-13","8:10:49 PM","100","0","100","100","0"
"1594","2025-07-13","8:14:17 PM","170","0","170","170","0"
"1595","2025-07-13","8:44:31 PM","255","0","255","255","0"
"1596","2025-07-13","8:49:33 PM","506","0","506","506","0"
"1597","2025-07-14","8:35:40 AM","50","0","50","50","0"
"1598","2025-07-14","9:58:43 AM","1350","0","1350","1350","0"
"1599","2025-07-14","10:05:58 AM","1619","0","1619","1619","0"
"1600","2025-07-14","10:17:15 AM","200","0","200","200","0"
"1601","2025-07-14","10:35:44 AM","1080","0","1080","1080","0"
"1602","2025-07-14","10:40:19 AM","449","0","449","449","0"
"1603","2025-07-14","4:48:50 PM","100","0","100","100","0"
"1604","2025-07-14","4:49:55 PM","698","0","698","698","0"
"1605","2025-07-14","5:02:26 PM","3657","0","3657","3657","0"
"1606","2025-07-14","5:29:27 PM","128","0","128","128","0"
"1607","2025-07-14","6:19:36 PM","149","0","149","149","0"
"1608","2025-07-14","7:05:13 PM","168","0","168","168","0"
"1609","2025-07-14","7:07:16 PM","1350","0","1350","1350","0"
"1610","2025-07-14","7:09:12 PM","49","0","49","49","0"
"1611","2025-07-14","7:24:27 PM","100","0","100","100","0"
"1612","2025-07-14","7:28:32 PM","50","0","50","50","0"
"1613","2025-07-14","7:49:23 PM","338","0","338","338","0"
"1614","2025-07-14","7:54:19 PM","280","0","280","280","0"
"1615","2025-07-14","8:14:15 PM","140","0","140","140","0"
"1616","2025-07-14","8:21:05 PM","287","0","287","287","0"
"1617","2025-07-14","8:39:20 PM","303","0","303","303","0"
"1618","2025-07-14","8:40:56 PM","40","0","40","40","0"
"1619","2025-07-14","8:47:49 PM","398","0","398","398","0"
"1620","2025-07-14","8:48:48 PM","125","0","125","125","0"
"1621","2025-07-14","8:55:22 PM","460","10","450","450","0"
"1622","2025-07-14","9:01:15 PM","244","0","244","244","0"
"1623","2025-07-14","9:03:31 PM","100","0","100","100","0"
"1624","2025-07-14","9:11:28 PM","360","0","360","360","0"
"1625","2025-07-15","8:06:26 AM","120","0","120","120","0"
"1626","2025-07-15","10:16:28 AM","331","0","331","331","0"
"1627","2025-07-15","10:20:22 AM","68","0","68","68","0"
"1628","2025-07-15","10:28:37 AM","289","0","289","289","0"
"1629","2025-07-15","10:37:17 AM","700","0","700","700","0"
"1630","2025-07-15","10:39:22 AM","29","0","29","29","0"
"1631","2025-07-15","10:44:59 AM","240","0","240","240","0"
"1632","2025-07-15","11:32:28 AM","634","0","634","634","0"
"1633","2025-07-15","11:32:57 AM","80","0","80","80","0"
"1634","2025-07-15","11:43:47 AM","125","0","125","125","0"
"1635","2025-07-15","11:56:10 AM","350","0","350","350","0"
"1636","2025-07-15","12:12:52 PM","920","0","920","920","0"
"1637","2025-07-15","12:18:11 PM","100","0","100","100","0"
"1638","2025-07-15","4:47:15 PM","200","0","200","200","0"
"1639","2025-07-15","5:18:51 PM","34","0","34","34","0"
"1640","2025-07-15","5:44:54 PM","181","0","181","181","0"
"1641","2025-07-15","5:51:38 PM","100","0","100","100","0"
"1642","2025-07-15","6:16:49 PM","144","4","140","140","0"
"1643","2025-07-15","6:21:58 PM","750","0","750","750","0"
"1644","2025-07-15","6:24:24 PM","75","0","75","75","0"
"1645","2025-07-15","6:33:39 PM","646","0","646","646","0"
"1646","2025-07-15","6:47:08 PM","245","0","245","245","0"
"1647","2025-07-15","6:50:48 PM","50","0","50","50","0"
"1648","2025-07-15","6:55:29 PM","20","0","20","20","0"
"1649","2025-07-15","6:58:15 PM","50","0","50","50","0"
"1650","2025-07-15","7:04:51 PM","183","0","183","183","0"
"1651","2025-07-15","7:14:46 PM","143","0","143","143","0"
"1652","2025-07-15","7:17:09 PM","100","0","100","100","0"
"1653","2025-07-15","7:23:57 PM","100","0","100","100","0"
"1654","2025-07-15","7:38:20 PM","510","0","510","510","0"
"1655","2025-07-15","7:39:09 PM","690","0","690","690","0"
"1656","2025-07-15","7:51:20 PM","100","0","100","100","0"
"1657","2025-07-15","7:56:36 PM","80","0","80","80","0"
"1658","2025-07-15","8:09:48 PM","50","0","50","50","0"
"1659","2025-07-15","8:11:31 PM","100","0","100","100","0"
"1660","2025-07-15","8:14:32 PM","45","0","45","45","0"
"1661","2025-07-15","8:18:10 PM","385","0","385","385","0"
"1662","2025-07-15","8:29:35 PM","100","0","100","100","0"
"1663","2025-07-15","8:41:30 PM","343","0","343","343","0"
"1664","2025-07-15","8:45:14 PM","290","0","290","290","0"
"1665","2025-07-15","9:06:57 PM","50","0","50","50","0"
"1666","2025-07-15","9:13:21 PM","100","0","100","100","0"
"1667","2025-07-15","9:28:51 PM","50","0","50","50","0"
"1668","2025-07-16","8:42:47 AM","439","0","439","439","0"
"1669","2025-07-16","9:24:05 AM","50","0","50","50","0"
"1670","2025-07-16","9:30:51 AM","1514","0","1514","1514","0"
"1671","2025-07-16","10:00:18 AM","578","0","578","578","0"
"1672","2025-07-16","10:18:11 AM","103","0","103","103","0"
"1673","2025-07-16","10:26:29 AM","170","0","170","170","0"
"1674","2025-07-16","10:36:21 AM","99","0","99","99","0"
"1675","2025-07-16","10:53:39 AM","257","0","257","257","0"
"1676","2025-07-16","11:13:26 AM","354","0","354","354","0"
"1677","2025-07-16","11:24:06 AM","485","0","485","485","0"
"1678","2025-07-16","11:41:44 AM","150","0","150","150","0"
"1679","2025-07-16","11:51:15 AM","728","0","728","728","0"
"1680","2025-07-16","11:54:19 AM","77","0","77","77","0"
"1681","2025-07-16","6:03:00 PM","718","0","718","718","0"
"1682","2025-07-16","6:08:45 PM","768","0","768","768","0"
"1683","2025-07-16","6:17:24 PM","200","0","200","200","0"
"1684","2025-07-16","6:24:11 PM","620","0","620","620","0"
"1685","2025-07-16","6:39:42 PM","200","10","190","190","0"
"1686","2025-07-16","6:40:47 PM","130","0","130","130","0"
"1687","2025-07-16","7:07:34 PM","75","0","75","75","0"
"1688","2025-07-16","7:31:19 PM","920","0","920","920","0"
"1689","2025-07-16","7:58:42 PM","427","0","427","427","0"
"1690","2025-07-16","8:11:02 PM","695","0","695","695","0"
"1691","2025-07-16","8:16:07 PM","1390","0","1390","1390","0"
"1692","2025-07-16","8:17:22 PM","768","18","750","750","0"
"1693","2025-07-16","8:35:50 PM","1006","0","1006","1006","0"
"1694","2025-07-16","8:43:57 PM","160","0","160","160","0"
"1695","2025-07-16","8:51:00 PM","528","0","528","528","0"
"1696","2025-07-16","9:06:23 PM","289","0","289","289","0"
"1697","2025-07-16","9:53:31 PM","417","0","417","417","0"
"1698","2025-07-16","9:59:43 PM","556","0","556","556","0"
"1699","2025-07-17","8:42:08 AM","150","0","150","150","0"
"1700","2025-07-17","9:43:54 AM","770","0","770","770","0"
"1701","2025-07-17","10:41:40 AM","1371","0","1371","1371","0"
"1702","2025-07-17","5:18:05 PM","160","0","160","160","0"
"1703","2025-07-17","5:22:33 PM","979","0","979","979","0"
"1704","2025-07-17","5:38:44 PM","1355","0","1355","1355","0"
"1705","2025-07-17","6:21:10 PM","309","0","309","309","0"
"1706","2025-07-17","7:04:21 PM","230","0","230","230","0"
"1707","2025-07-17","7:08:46 PM","233","0","233","233","0"
"1708","2025-07-17","7:16:07 PM","15","0","15","15","0"
"1709","2025-07-17","7:23:42 PM","1064","0","1064","1064","0"
"1710","2025-07-17","7:36:27 PM","278","0","278","278","0"
"1711","2025-07-17","7:49:18 PM","220","0","220","220","0"
"1712","2025-07-17","7:52:18 PM","80","0","80","80","0"
"1713","2025-07-17","7:56:06 PM","68","0","68","68","0"
"1714","2025-07-17","8:02:53 PM","438","0","438","438","0"
"1715","2025-07-17","8:21:44 PM","2200","0","2200","2200","0"
"1716","2025-07-17","8:26:42 PM","286","0","286","286","0"
"1717","2025-07-17","8:32:53 PM","754","0","754","754","0"
"1718","2025-07-17","8:34:36 PM","286","0","286","286","0"
"1719","2025-07-17","8:58:02 PM","334","0","334","334","0"
"1720","2025-07-17","9:00:53 PM","300","0","300","300","0"
"1721","2025-07-17","9:05:48 PM","128","0","128","128","0"
"1722","2025-07-17","9:06:44 PM","130","0","130","130","0"
"1723","2025-07-17","9:09:49 PM","20","0","20","20","0"
"1724","2025-07-17","9:45:46 PM","271","0","271","271","0"
"1725","2025-07-17","10:03:33 PM","480","0","480","480","0"
"1726","2025-07-18","9:32:31 AM","421","0","421","421","0"
"1727","2025-07-18","9:40:21 AM","550","0","550","550","0"
"1728","2025-07-18","10:08:53 AM","891","0","891","891","0"
"1729","2025-07-18","10:10:57 AM","1150","0","1150","1150","0"
"1730","2025-07-18","10:14:12 AM","150","0","150","150","0"
"1731","2025-07-18","10:14:43 AM","50","0","50","50","0"
"1732","2025-07-18","10:58:53 AM","828","0","828","828","0"
"1733","2025-07-18","11:18:19 AM","500","0","500","500","0"
"1734","2025-07-18","11:24:53 AM","84","0","84","84","0"
"1735","2025-07-18","11:34:31 AM","890","0","890","890","0"
"1736","2025-07-18","5:34:17 PM","150","0","150","150","0"
"1737","2025-07-18","5:38:34 PM","686","0","686","686","0"
"1738","2025-07-18","6:04:14 PM","1126","0","1126","1126","0"
"1739","2025-07-18","6:10:54 PM","476","0","476","476","0"
"1740","2025-07-18","6:29:29 PM","100","0","100","100","0"
"1741","2025-07-18","6:49:17 PM","442","0","442","442","0"
"1742","2025-07-18","7:05:53 PM","382","0","382","382","0"
"1743","2025-07-18","7:10:51 PM","250","0","250","250","0"
"1744","2025-07-18","7:15:16 PM","300","0","300","300","0"
"1745","2025-07-18","7:22:58 PM","3200","0","3200","3200","0"
"1746","2025-07-18","7:28:06 PM","204","4","200","200","0"
"1747","2025-07-18","7:31:15 PM","1260","0","1260","1260","0"
"1748","2025-07-18","7:51:13 PM","150","0","150","150","0"
"1749","2025-07-18","8:00:14 PM","68","0","68","68","0"
"1750","2025-07-18","8:15:07 PM","225","0","225","225","0"
"1751","2025-07-18","8:22:12 PM","234","0","234","234","0"
"1752","2025-07-18","8:36:37 PM","273","0","273","273","0"
"1753","2025-07-18","8:38:43 PM","145","0","145","145","0"
"1754","2025-07-18","8:41:21 PM","1158","0","1158","1158","0"
"1755","2025-07-18","8:46:43 PM","288","0","288","288","0"
"1756","2025-07-18","8:59:13 PM","100","0","100","100","0"
"1757","2025-07-19","8:53:28 AM","555","55","500","500","0"
"1758","2025-07-19","9:56:31 AM","190","0","190","190","0"
"1759","2025-07-19","10:06:44 AM","636","0","636","636","0"
"1760","2025-07-19","10:07:48 AM","372","0","372","372","0"
"1761","2025-07-19","11:12:01 AM","535","35","500","500","0"
"1762","2025-07-19","11:20:13 AM","729","0","729","729","0"
"1763","2025-07-19","11:29:29 AM","260","0","260","260","0"
"1764","2025-07-19","11:31:46 AM","1094","0","1094","1094","0"
"1765","2025-07-19","11:34:39 AM","820","0","820","820","0"
"1766","2025-07-19","11:38:33 AM","500","0","500","500","0"
"1767","2025-07-19","11:57:40 AM","481","0","481","481","0"
"1768","2025-07-19","5:51:59 PM","315","0","315","315","0"
"1769","2025-07-19","5:54:53 PM","981","0","981","981","0"
"1770","2025-07-19","6:16:59 PM","1351","0","1351","1351","0"
"1771","2025-07-19","6:35:13 PM","45","0","45","45","0"
"1772","2025-07-19","6:46:22 PM","891","0","891","891","0"
"1773","2025-07-19","7:04:16 PM","179","0","179","179","0"
"1774","2025-07-19","7:07:23 PM","256","0","256","256","0"
"1775","2025-07-19","7:30:23 PM","185","0","185","185","0"
"1776","2025-07-19","7:31:51 PM","150","0","150","150","0"
"1777","2025-07-19","7:39:21 PM","533","0","533","533","0"
"1778","2025-07-19","7:43:45 PM","1064","0","1064","1064","0"
"1779","2025-07-19","7:56:28 PM","310","0","310","310","0"
"1780","2025-07-19","8:00:30 PM","78","8","70","70","0"
"1781","2025-07-19","8:06:29 PM","180","0","180","180","0"
"1782","2025-07-19","8:22:41 PM","46","0","46","46","0"
"1783","2025-07-19","8:29:06 PM","660","0","660","660","0"
"1784","2025-07-19","8:53:44 PM","384","0","384","384","0"
"1785","2025-07-19","9:48:56 PM","909","0","909","909","0"
"1786","2025-07-19","9:53:32 PM","600","0","600","600","0"
"1787","2025-07-19","9:57:06 PM","143","0","143","143","0"
"1788","2025-07-20","8:27:31 AM","661","0","661","661","0"
"1789","2025-07-20","9:03:21 AM","50","0","50","50","0"
"1790","2025-07-20","9:31:00 AM","250","0","250","250","0"
"1791","2025-07-20","9:40:57 AM","200","0","200","200","0"
"1792","2025-07-20","9:41:57 AM","153","0","153","153","0"
"1793","2025-07-20","10:25:21 AM","50","0","50","50","0"
"1794","2025-07-20","11:21:52 AM","322","0","322","322","0"
"1795","2025-07-20","12:08:07 PM","90","0","90","90","0"
"1796","2025-07-20","12:09:32 PM","1388","38","1350","1350","0"
"1797","2025-07-20","5:15:32 PM","468","0","468","468","0"
"1798","2025-07-20","5:48:32 PM","244","0","244","244","0"
"1799","2025-07-20","6:38:53 PM","928","0","928","928","0"
"1800","2025-07-20","7:06:56 PM","746","0","746","746","0"
"1801","2025-07-20","7:36:56 PM","790","0","790","790","0"
"1802","2025-07-20","8:22:00 PM","1400","0","1400","1400","0"
"1803","2025-07-20","8:26:03 PM","760","10","750","750","0"
"1804","2025-07-20","9:01:02 PM","928","0","928","928","0"
"1805","2025-07-20","9:04:46 PM","100","0","100","100","0"
"1806","2025-07-20","9:14:14 PM","40","0","40","40","0"
"1807","2025-07-20","9:23:16 PM","40","0","40","40","0"
"1808","2025-07-20","9:31:00 PM","546","0","546","546","0"
"1809","2025-07-20","9:32:46 PM","150","0","150","150","0"
"1810","2025-07-21","8:34:19 AM","20","0","20","20","0"
"1811","2025-07-21","8:48:58 AM","1378","0","1378","1378","0"
"1812","2025-07-21","9:17:29 AM","1549","0","1549","1549","0"
"1813","2025-07-21","10:33:45 AM","544","0","544","544","0"
"1814","2025-07-21","10:34:33 AM","115","0","115","115","0"
"1815","2025-07-21","11:20:00 AM","550","0","550","550","0"
"1816","2025-07-21","11:34:42 AM","45","0","45","45","0"
"1817","2025-07-21","11:41:33 AM","130","0","130","130","0"
"1818","2025-07-21","12:28:08 PM","220","0","220","220","0"
"1819","2025-07-21","5:55:16 PM","1216","0","1216","1216","0"
"1820","2025-07-21","6:22:04 PM","1480","0","1480","1480","0"
"1821","2025-07-21","6:57:01 PM","950","0","950","950","0"
"1822","2025-07-21","7:14:34 PM","440","0","440","440","0"
"1823","2025-07-21","8:02:56 PM","1561","0","1561","1561","0"
"1824","2025-07-21","8:18:33 PM","705","0","705","705","0"
"1825","2025-07-21","9:10:51 PM","240","0","240","240","0"
"1826","2025-07-22","9:05:15 AM","856","0","856","856","0"
"1827","2025-07-22","10:02:03 AM","50","0","50","50","0"
"1828","2025-07-22","10:17:08 AM","180","0","180","180","0"
"1829","2025-07-22","10:28:18 AM","486","0","486","486","0"
"1830","2025-07-22","10:52:45 AM","60","0","60","60","0"
"1831","2025-07-22","11:21:11 AM","95","0","95","0","0"
"1832","2025-07-22","11:25:11 AM","620","0","620","620","0"
"1833","2025-07-22","11:37:20 AM","522","0","522","522","0"
"1834","2025-07-22","11:50:07 AM","877","0","877","877","0"
"1835","2025-07-22","12:05:43 PM","798","0","798","798","0"
"1836","2025-07-22","5:17:00 PM","1390","0","1390","1390","0"
"1837","2025-07-22","5:19:22 PM","60","0","60","60","0"
"1838","2025-07-22","6:11:11 PM","702","0","702","702","0"
"1839","2025-07-22","6:13:01 PM","504","0","504","504","0"
"1840","2025-07-22","6:14:14 PM","361","0","361","361","0"
"1841","2025-07-22","6:33:15 PM","385","0","385","385","0"
"1842","2025-07-22","6:34:10 PM","181","0","181","181","0"
"1843","2025-07-22","6:43:36 PM","180","0","180","180","0"
"1844","2025-07-22","7:05:23 PM","380","0","380","380","0"
"1845","2025-07-22","7:26:59 PM","150","0","150","150","0"
"1846","2025-07-22","7:42:54 PM","850","0","850","850","0"
"1847","2025-07-22","8:05:11 PM","356","0","356","356","0"
"1848","2025-07-22","8:11:10 PM","635","0","635","635","0"
"1849","2025-07-22","8:52:25 PM","300","0","300","300","0"
"1850","2025-07-22","9:18:36 PM","50","0","50","50","0"
"1851","2025-07-22","9:27:57 PM","50","0","50","50","0"
"1852","2025-07-23","9:07:06 AM","30","0","30","30","0"
"1853","2025-07-23","9:54:35 AM","160","0","160","160","0"
"1854","2025-07-23","10:13:12 AM","270","0","270","270","0"
"1855","2025-07-23","10:45:01 AM","1028","0","1028","1028","0"
"1856","2025-07-23","11:51:07 AM","144","0","144","144","0"
"1857","2025-07-23","12:32:17 PM","70","0","70","70","0"
"1858","2025-07-23","1:58:01 PM","755","0","755","755","0"
"1859","2025-07-23","2:30:28 PM","470","0","470","470","0"
"1860","2025-07-23","2:50:07 PM","1120","0","1120","1120","0"
"1861","2025-07-23","3:48:38 PM","436","0","436","436","0"
"1862","2025-07-23","4:54:59 PM","40","0","40","40","0"
"1863","2025-07-23","5:53:08 PM","725","0","725","725","0"
"1864","2025-07-23","5:57:39 PM","462","0","462","462","0"
"1865","2025-07-23","6:17:05 PM","150","0","150","150","0"
"1866","2025-07-23","6:30:36 PM","231","0","231","231","0"
"1867","2025-07-23","6:31:32 PM","435","0","435","435","0"
"1868","2025-07-23","6:33:18 PM","300","0","300","300","0"
"1869","2025-07-23","6:41:09 PM","1910","0","1910","1910","0"
"1870","2025-07-23","7:01:15 PM","1360","0","1360","1360","0"
"1871","2025-07-23","7:02:35 PM","160","0","160","160","0"
"1872","2025-07-23","7:08:39 PM","614","14","600","600","0"
"1873","2025-07-23","7:09:29 PM","20","0","20","20","0"
"1874","2025-07-23","7:25:18 PM","350","0","350","350","0"
"1875","2025-07-23","7:33:26 PM","1230","0","1230","1230","0"
"1876","2025-07-23","7:39:43 PM","1430","0","1430","1430","0"
"1877","2025-07-23","7:56:00 PM","408","0","408","408","0"
"1878","2025-07-23","8:22:36 PM","540","0","540","540","0"
"1879","2025-07-23","8:45:33 PM","1750","0","1750","1750","0"
"1880","2025-07-23","8:54:26 PM","397","0","397","397","0"
"1881","2025-07-23","9:04:04 PM","428","0","428","428","0"
"1882","2025-07-23","9:15:15 PM","205","0","205","205","0"
"1883","2025-07-23","9:17:11 PM","80","0","80","80","0"
"1884","2025-07-24","9:17:31 AM","670","0","670","670","0"
"1885","2025-07-24","10:07:24 AM","300","0","300","300","0"
"1886","2025-07-24","10:25:58 AM","465","0","465","465","0"
"1887","2025-07-24","11:48:31 AM","840","0","840","840","0"
"1888","2025-07-24","11:52:57 AM","390","0","390","390","0"
"1889","2025-07-24","12:24:32 PM","677","0","677","677","0"
"1890","2025-07-24","12:27:21 PM","100","0","100","100","0"
"1891","2025-07-24","5:28:02 PM","295","0","295","295","0"
"1892","2025-07-24","5:55:58 PM","412","0","412","412","0"
"1893","2025-07-24","6:02:22 PM","80","0","80","80","0"
"1894","2025-07-24","6:08:36 PM","808","8","800","800","0"
"1895","2025-07-24","6:12:36 PM","580","0","580","580","0"
"1896","2025-07-24","6:41:42 PM","1302","0","1302","1302","0"
"1897","2025-07-24","6:51:26 PM","640","0","640","640","0"
"1898","2025-07-24","6:55:52 PM","1200","0","1200","1200","0"
"1899","2025-07-24","7:02:47 PM","300","0","300","300","0"
"1900","2025-07-24","7:16:46 PM","100","0","100","100","0"
"1901","2025-07-24","7:32:20 PM","340","0","340","340","0"
"1902","2025-07-24","7:45:35 PM","135","0","135","135","0"
"1903","2025-07-24","7:59:16 PM","1120","0","1120","1120","0"
"1904","2025-07-24","8:00:56 PM","45","0","45","45","0"
"1905","2025-07-24","8:13:56 PM","135","0","135","135","0"
"1906","2025-07-24","8:54:59 PM","575","0","575","575","0"
"1907","2025-07-24","9:43:52 PM","430","0","430","430","0"
"1908","2025-07-24","9:51:45 PM","50","0","50","50","0"
"1909","2025-07-24","9:05:42 AM","270","0","270","270","0"
"1910","2025-07-25","9:08:36 AM","250","0","250","250","0"
"1911","2025-07-25","9:24:55 AM","500","0","500","500","0"
"1912","2025-07-25","10:37:39 AM","675","0","675","675","0"
"1913","2025-07-25","10:43:53 AM","100","0","100","100","0"
"1914","2025-07-25","10:44:35 AM","494","0","494","494","0"
"1915","2025-07-25","11:41:34 AM","705","15","690","690","0"
"1916","2025-07-25","11:45:37 AM","994","0","994","994","0"
"1917","2025-07-25","11:56:54 AM","50","0","50","50","0"
"1918","2025-07-25","2:54:17 PM","846","0","846","846","0"
"1919","2025-07-25","4:45:36 PM","647","0","647","647","0"
"1920","2025-07-25","5:22:07 PM","50","0","50","50","0"
"1921","2025-07-25","6:17:53 PM","672","0","672","672","0"
"1922","2025-07-25","6:28:32 PM","1202","0","1202","1202","0"
"1923","2025-07-25","6:39:01 PM","839","0","839","839","0"
"1924","2025-07-25","6:52:09 PM","856","0","856","856","0"
"1925","2025-07-25","7:09:11 PM","780","0","780","780","0"
"1926","2025-07-25","7:26:47 PM","1023","0","1023","1023","0"
"1927","2025-07-25","8:21:24 PM","1938","0","1938","1938","0"
"1928","2025-07-25","8:29:22 PM","400","0","400","400","0"
"1929","2025-07-25","8:35:14 PM","40","0","40","40","0"
"1930","2025-07-25","8:57:50 PM","898","0","898","898","0"
"1931","2025-07-25","9:07:42 PM","299","0","299","299","0"
"1932","2025-07-25","9:21:12 PM","1143","0","1143","1143","0"
"1933","2025-07-26","9:41:14 AM","225","0","225","225","0"
"1934","2025-07-26","9:57:06 AM","1058","0","1058","1058","0"
"1935","2025-07-26","12:28:59 PM","2166","0","2166","2166","0"
"1936","2025-07-26","5:23:25 PM","1906","10","1896","1896","0"
"1937","2025-07-26","6:55:29 PM","1051","0","1051","1051","0"
"1938","2025-07-26","6:58:17 PM","143","0","143","143","0"
"1939","2025-07-26","7:07:53 PM","30","0","30","30","0"
"1940","2025-07-26","7:09:10 PM","519","0","519","519","0"
"1941","2025-07-26","7:25:43 PM","1187","0","1187","1187","0"
"1942","2025-07-26","8:01:50 PM","1480","0","1480","1480","0"
"1943","2025-07-26","8:22:16 PM","485","0","485","485","0"
"1944","2025-07-26","8:51:04 PM","460","0","460","460","0"
"1945","2025-07-26","9:21:35 PM","149","0","149","149","0"
"1946","2025-07-27","9:19:47 AM","1600","0","1600","1600","0"
"1947","2025-07-27","9:27:35 AM","1183","0","1183","1183","0"
"1948","2025-07-27","10:57:21 AM","1569","0","1569","1569","0"
"1949","2025-07-27","12:31:28 PM","305","0","305","305","0"
"1950","2025-07-27","4:58:43 PM","125","0","125","125","0"
"1951","2025-07-27","5:07:05 PM","300","0","300","300","0"
"1952","2025-07-27","5:08:06 PM","257","7","250","250","0"
"1953","2025-07-27","7:18:10 PM","501","0","501","501","0"
"1954","2025-07-27","7:20:07 PM","1000","0","1000","1000","0"
"1955","2025-07-27","7:35:17 PM","540","0","540","540","0"
"1956","2025-07-27","7:45:35 PM","1872","0","1872","1872","0"
"1957","2025-07-27","7:47:19 PM","186","0","186","186","0"
"1958","2025-07-27","8:56:37 PM","385","0","385","385","0"
"1959","2025-07-27","8:59:42 PM","232","0","232","232","0"
"1960","2025-07-28","9:12:04 AM","140","0","140","140","0"
"1961","2025-07-28","9:21:47 AM","400","0","400","400","0"
"1962","2025-07-28","9:52:42 AM","30","0","30","30","0"
"1963","2025-07-28","10:04:12 AM","130","0","130","130","0"
"1964","2025-07-28","10:16:32 AM","230","0","230","230","0"
"1965","2025-07-28","10:43:13 AM","120","0","120","120","0"
"1966","2025-07-28","10:46:17 AM","20","0","20","20","0"
"1967","2025-07-28","11:00:02 AM","385","5","380","380","0"
"1968","2025-07-28","11:10:43 AM","3450","0","3450","3450","0"
"1969","2025-07-28","11:35:50 AM","40","0","40","40","0"
"1970","2025-07-28","4:49:12 PM","1720","0","1720","1720","0"
"1971","2025-07-28","5:53:38 PM","905","0","905","905","0"
"1972","2025-07-28","6:23:58 PM","880","0","880","880","0"
"1973","2025-07-28","7:05:05 PM","1178","0","1178","1178","0"
"1974","2025-07-28","7:07:24 PM","500","0","500","500","0"
"1975","2025-07-28","7:27:50 PM","266","0","266","266","0"
"1976","2025-07-28","7:31:58 PM","780","0","780","780","0"
"1977","2025-07-28","7:46:34 PM","270","0","270","270","0"
"1978","2025-07-28","7:52:29 PM","332","0","332","332","0"
"1979","2025-07-28","7:56:38 PM","606","0","606","606","0"
"1980","2025-07-28","8:29:29 PM","646","0","646","646","0"
"1981","2025-07-28","8:36:39 PM","280","0","280","280","0"
"1982","2025-07-28","9:15:49 PM","800","0","800","800","0"
"1983","2025-07-28","9:25:45 PM","631","0","631","631","0"
"1984","2025-07-28","9:27:18 PM","574","0","574","574","0"
"1985","2025-07-28","9:29:24 PM","120","0","120","120","0"
"1986","2025-07-28","9:43:08 PM","195","0","195","195","0"
"1987","2025-07-29","8:18:28 AM","39","0","39","39","0"
"1988","2025-07-29","9:23:24 AM","460","0","460","460","0"
"1989","2025-07-29","9:30:47 AM","1097","0","1097","1097","0"
"1990","2025-07-29","11:19:06 AM","2227","0","2227","2227","0"
"1991","2025-07-29","12:06:24 PM","250","0","250","250","0"
"1992","2025-07-29","12:07:14 PM","330","0","330","330","0"
"1993","2025-07-29","12:13:44 PM","1098","13","1085","1085","0"
"1994","2025-07-29","12:22:35 PM","1700","10","1690","1690","0"
"1995","2025-07-29","5:07:38 PM","295","0","295","295","0"
"1996","2025-07-29","6:11:13 PM","1160","0","1160","1160","0"
"1997","2025-07-29","6:56:36 PM","809","0","809","809","0"
"1998","2025-07-29","8:03:38 PM","2840","0","2840","2840","0"
"1999","2025-07-29","8:19:39 PM","1055","0","1055","1055","0"
"2000","2025-07-29","8:43:52 PM","433","0","433","433","0"
"2001","2025-07-29","9:19:01 PM","100","0","100","100","0"
"2002","2025-07-29","9:20:00 PM","50","0","50","50","0"
"2003","2025-07-29","9:21:10 PM","200","0","200","200","0"
"2004","2025-07-30","9:11:05 AM","330","0","330","330","0"
"2005","2025-07-30","9:42:50 AM","612","0","612","612","0"
"2006","2025-07-30","10:23:22 AM","623","0","623","623","0"
"2007","2025-07-30","10:47:04 AM","800","0","800","800","0"
"2008","2025-07-30","10:52:40 AM","90","0","90","90","0"
"2009","2025-07-30","12:19:07 PM","221","0","221","221","0"
"2010","2025-07-30","12:21:07 PM","338","0","338","338","0"
"2011","2025-07-30","12:42:26 PM","200","0","200","200","0"
"2012","2025-07-30","5:05:54 PM","409","9","400","400","0"
"2013","2025-07-30","5:56:37 PM","843","0","843","843","0"
"2014","2025-07-30","6:09:14 PM","150","0","150","150","0"
"2015","2025-07-30","6:11:55 PM","613","0","613","613","0"
"2016","2025-07-30","7:08:16 PM","1599","0","1599","1599","0"
"2017","2025-07-30","7:12:14 PM","400","0","400","400","0"
"2018","2025-07-30","7:15:34 PM","400","0","400","400","0"
"2019","2025-07-30","7:22:30 PM","624","4","620","620","0"
"2020","2025-07-30","7:43:01 PM","300","0","300","300","0"
"2021","2025-07-30","7:43:37 PM","183","0","183","183","0"
"2022","2025-07-30","7:44:35 PM","700","0","700","700","0"
"2023","2025-07-30","9:22:05 PM","2229","0","2229","2229","0"
"2024","2025-07-30","9:29:09 PM","802","0","802","802","0"
"2025","2025-07-30","8:57:28 AM","740","0","740","740","0"
"2026","2025-07-31","8:58:02 AM","30","0","30","30","0"
"2027","2025-07-31","10:01:14 AM","479","0","479","479","0"
"2028","2025-07-31","10:40:53 AM","960","0","960","960","0"
"2029","2025-07-31","10:51:01 AM","36","0","36","36","0"
"2030","2025-07-31","4:22:04 PM","682","0","682","682","0"
"2031","2025-07-31","4:52:26 PM","1000","0","1000","1000","0"
"2032","2025-07-31","5:19:25 PM","490","0","490","490","0"
"2033","2025-07-31","5:33:41 PM","1248","0","1248","1248","0"
"2034","2025-07-31","6:54:28 PM","977","0","977","977","0"
"2035","2025-07-31","7:10:59 PM","1192","0","1192","1192","0"
"2036","2025-07-31","7:24:43 PM","704","0","704","704","0"
"2037","2025-07-31","8:00:22 PM","427","0","427","427","0"
"2038","2025-07-31","8:08:10 PM","229","0","229","229","0"
"2039","2025-07-31","8:50:23 PM","550","0","550","550","0"
"2040","2025-07-31","9:27:47 PM","40","0","40","40","0"
"2041","2025-08-01","9:51:09 AM","1416","0","1416","1416","0"
"2042","2025-08-01","11:04:04 AM","804","8","796","796","0"
"2043","2025-08-01","12:34:13 PM","4382","0","4382","4382","0"
"2044","2025-08-01","4:37:37 PM","620","0","620","620","0"
"2045","2025-08-01","4:49:30 PM","1318","0","1318","1318","0"
"2046","2025-08-01","4:50:29 PM","30","0","30","30","0"
"2047","2025-08-01","5:12:01 PM","386","0","386","386","0"
"2048","2025-08-01","5:30:52 PM","1088","0","1088","1088","0"
"2049","2025-08-01","6:08:30 PM","1038","0","1038","1038","0"
"2050","2025-08-01","6:12:41 PM","1108","8","1100","1100","0"
"2051","2025-08-01","6:16:33 PM","370","0","370","370","0"
"2052","2025-08-01","6:53:39 PM","2070","0","2070","2070","0"
"2053","2025-08-01","7:16:52 PM","320","0","320","320","0"
"2054","2025-08-01","7:22:13 PM","420","0","420","420","0"
"2055","2025-08-01","7:37:57 PM","180","0","180","180","0"
"2056","2025-08-01","7:43:11 PM","140","0","140","140","0"
"2057","2025-08-01","7:44:19 PM","270","0","270","270","0"
"2058","2025-08-01","7:45:40 PM","250","0","250","250","0"
"2059","2025-08-01","7:50:26 PM","230","0","230","230","0"
"2060","2025-08-01","7:51:25 PM","280","0","280","280","0"
"2061","2025-08-01","8:08:18 PM","1252","0","1252","1252","0"
"2062","2025-08-01","8:08:53 PM","505","5","500","500","0"
"2063","2025-08-01","8:18:32 PM","320","0","320","320","0"
"2064","2025-08-01","8:23:24 PM","250","0","250","250","0"
"2065","2025-08-01","8:24:04 PM","258","0","258","258","0"
"2066","2025-08-01","8:24:22 PM","50","0","50","50","0"
"2067","2025-08-01","8:29:08 PM","94","0","94","94","0"
"2068","2025-08-01","8:30:00 PM","380","0","380","380","0"
"2069","2025-08-01","8:33:21 PM","290","0","290","290","0"
"2070","2025-08-01","8:44:00 PM","200","0","200","200","0"
"2071","2025-08-01","9:08:37 PM","274","0","274","274","0"
"2072","2025-08-01","9:27:45 PM","400","0","400","400","0"
"2073","2025-08-01","9:29:07 PM","750","0","750","750","0"
"2074","2025-08-01","9:37:12 PM","130","0","130","130","0"
"2075","2025-08-01","9:39:29 PM","180","0","180","180","0"
"2076","2025-08-02","9:02:59 AM","174","4","170","170","0"
"2077","2025-08-02","9:12:09 AM","1355","5","1350","1350","0"
"2078","2025-08-02","9:18:49 AM","50","0","50","50","0"
"2079","2025-08-02","9:28:19 AM","50","0","50","50","0"
"2080","2025-08-02","9:30:16 AM","50","0","50","50","0"
"2081","2025-08-02","10:40:31 AM","745","0","745","745","0"
"2082","2025-08-02","11:15:54 AM","490","0","490","490","0"
"2083","2025-08-02","12:40:03 PM","2706","0","2706","2706","0"
"2084","2025-08-02","1:04:19 PM","1407","0","1407","1407","0"
"2085","2025-08-02","5:24:44 PM","2015","0","2015","2015","0"
"2086","2025-08-02","6:24:39 PM","360","0","360","360","0"
"2087","2025-08-02","7:00:16 PM","720","0","720","720","0"
"2088","2025-08-02","7:01:55 PM","695","0","695","695","0"
"2089","2025-08-02","7:10:36 PM","150","0","150","150","0"
"2090","2025-08-02","7:27:01 PM","505","0","505","505","0"
"2091","2025-08-02","7:55:52 PM","580","0","580","580","0"
"2092","2025-08-02","7:59:35 PM","3791","0","3791","3791","0"
"2093","2025-08-02","8:05:05 PM","831","0","831","831","0"
"2094","2025-08-02","8:14:47 PM","500","0","500","500","0"
"2095","2025-08-02","8:16:22 PM","960","0","960","960","0"
"2096","2025-08-02","8:24:01 PM","80","0","80","80","0"
"2097","2025-08-02","9:33:38 PM","910","0","910","910","0"
"2098","2025-08-03","9:14:54 AM","90","0","90","90","0"
"2099","2025-08-03","9:57:27 AM","730","0","730","730","0"
"2100","2025-08-03","11:46:03 AM","1445","0","1445","1445","0"
"2101","2025-08-03","11:47:45 AM","20","0","20","20","0"
"2102","2025-08-03","6:02:18 PM","2154","0","2154","2154","0"
"2103","2025-08-03","7:01:18 PM","1405","0","1405","1405","0"
"2104","2025-08-03","7:55:12 PM","5762","0","5762","5762","0"
"2105","2025-08-03","8:22:02 PM","2080","0","2080","2080","0"
"2106","2025-08-03","8:28:26 PM","448","0","448","448","0"
"2107","2025-08-03","8:48:31 PM","1420","0","1420","1420","0"
"2108","2025-08-03","9:29:52 PM","2270","0","2270","2270","0"
"2109","2025-08-03","9:38:00 PM","140","0","140","140","0"
"2110","2025-08-03","9:41:26 PM","150","0","150","150","0"
"2111","2025-08-03","9:44:08 PM","428","0","428","428","0"
"2112","2025-08-04","9:45:34 AM","480","0","480","480","0"
"2113","2025-08-04","10:26:50 AM","1088","0","1088","1088","0"
"2114","2025-08-04","10:33:50 AM","275","0","275","275","0"
"2115","2025-08-04","12:55:11 PM","3549","0","3549","3549","0"
"2116","2025-08-04","1:00:41 PM","140","0","140","140","0"
"2117","2025-08-04","4:55:42 PM","500","0","500","500","0"
"2118","2025-08-04","5:02:30 PM","256","0","256","256","0"
"2119","2025-08-04","5:18:34 PM","200","0","200","200","0"
"2120","2025-08-04","6:38:18 PM","1110","0","1110","1110","0"
"2121","2025-08-04","6:48:28 PM","240","0","240","240","0"
"2122","2025-08-04","7:16:56 PM","494","0","494","494","0"
"2123","2025-08-04","7:53:43 PM","568","0","568","568","0"
"2124","2025-08-04","8:01:49 PM","200","0","200","200","0"
"2125","2025-08-04","8:03:16 PM","268","0","268","268","0"
"2126","2025-08-04","8:21:57 PM","377","0","377","377","0"
"2127","2025-08-04","8:25:41 PM","320","0","320","0","0"
"2128","2025-08-04","8:35:15 PM","680","0","680","680","0"
"2129","2025-08-04","9:20:18 PM","900","0","900","900","0"
"2130","2025-08-04","9:25:25 PM","190","0","190","190","0"
"2131","2025-08-05","9:31:27 AM","400","0","400","400","0"
"2132","2025-08-05","11:41:05 AM","1368","0","1368","1368","0"
"2133","2025-08-05","11:57:48 AM","2428","0","2428","2428","0"
"2134","2025-08-05","12:10:54 PM","30","0","30","30","0"
"2135","2025-08-05","12:24:58 PM","200","0","200","200","0"
"2136","2025-08-05","12:41:37 PM","1100","20","1080","1080","0"
"2137","2025-08-05","5:44:04 PM","1230","0","1230","1230","0"
"2138","2025-08-05","6:32:48 PM","1310","0","1310","1310","0"
"2139","2025-08-05","6:52:53 PM","620","0","620","620","0"
"2140","2025-08-05","7:11:41 PM","632","0","632","632","0"
"2141","2025-08-05","8:00:27 PM","2310","0","2310","2310","0"
"2142","2025-08-05","8:12:58 PM","2250","0","2250","2250","0"
"2143","2025-08-05","8:14:01 PM","20","0","20","20","0"
"2144","2025-08-05","8:28:52 PM","270","0","270","270","0"
"2145","2025-08-05","9:00:38 PM","550","0","550","550","0"
"2146","2025-08-05","9:54:54 PM","960","0","960","960","0"
"2147","2025-08-06","9:16:07 AM","520","20","500","0","0"
"2148","2025-08-06","9:40:09 AM","410","0","410","410","0"
"2149","2025-08-06","10:25:37 AM","1039","0","1039","1039","0"
"2150","2025-08-06","10:55:25 AM","730","0","730","730","0"
"2151","2025-08-06","11:31:09 AM","60","0","60","60","0"
"2152","2025-08-06","11:32:12 AM","570","0","570","570","0"
"2153","2025-08-06","12:12:36 PM","100","0","100","100","0"
"2154","2025-08-06","12:21:47 PM","2220","0","2220","2220","0"
"2155","2025-08-06","12:40:06 PM","320","0","320","320","0"
"2156","2025-08-06","4:25:43 PM","100","0","100","100","0"
"2157","2025-08-06","4:34:15 PM","1190","0","1190","1190","0"
"2158","2025-08-06","4:36:29 PM","740","0","740","740","0"
"2159","2025-08-06","5:04:43 PM","100","0","100","100","0"
"2160","2025-08-06","5:13:45 PM","400","0","400","400","0"
"2161","2025-08-06","5:41:49 PM","68","0","68","68","0"
"2162","2025-08-06","5:42:11 PM","200","0","200","200","0"
"2163","2025-08-06","6:01:33 PM","75","0","75","75","0"
"2164","2025-08-06","6:58:01 PM","1561","0","1561","1561","0"
"2165","2025-08-06","6:59:05 PM","400","0","400","400","0"
"2166","2025-08-06","7:09:39 PM","680","0","680","680","0"
"2167","2025-08-06","7:11:46 PM","630","0","630","630","0"
"2168","2025-08-06","7:22:35 PM","275","0","275","275","0"
"2169","2025-08-06","7:32:03 PM","856","0","856","856","0"
"2170","2025-08-06","8:06:49 PM","450","0","450","450","0"
"2171","2025-08-06","8:19:46 PM","435","0","435","435","0"
"2172","2025-08-06","8:20:40 PM","320","0","320","320","0"
"2173","2025-08-06","8:23:12 PM","610","10","600","600","0"
"2174","2025-08-06","8:30:54 PM","178","0","178","178","0"
"2175","2025-08-06","9:06:19 PM","418","0","418","418","0"
"2176","2025-08-06","9:09:10 PM","150","0","150","150","0"
"2177","2025-08-06","9:20:58 PM","300","0","300","300","0"
"2178","2025-08-06","9:37:45 PM","771","0","771","771","0"
"2179","2025-08-06","9:58:04 PM","210","0","210","210","0"
"2180","2025-08-07","9:49:39 AM","717","0","717","717","0"
"2181","2025-08-07","10:23:00 AM","496","0","496","496","0"
"2182","2025-08-07","10:25:28 AM","50","0","50","50","0"
"2183","2025-08-07","10:53:43 AM","658","0","658","658","0"
"2184","2025-08-07","11:32:52 AM","280","0","280","280","0"
"2185","2025-08-07","11:53:20 AM","417","0","417","417","0"
"2186","2025-08-07","3:58:05 PM","2705","0","2705","2705","0"
"2187","2025-08-07","4:15:52 PM","780","0","780","780","0"
"2188","2025-08-07","4:21:26 PM","2358","8","2350","2350","0"
"2189","2025-08-07","4:39:34 PM","360","10","350","350","0"
"2190","2025-08-07","5:09:35 PM","364","0","364","364","0"
"2191","2025-08-07","6:26:39 PM","1125","0","1125","1125","0"
"2192","2025-08-07","6:28:00 PM","318","0","318","318","0"
"2193","2025-08-07","6:43:14 PM","470","0","470","470","0"
"2194","2025-08-07","7:29:02 PM","2310","0","2310","2310","0"
"2195","2025-08-07","7:32:10 PM","790","10","780","780","0"
"2196","2025-08-07","7:39:27 PM","50","0","50","50","0"
"2197","2025-08-07","8:00:18 PM","1610","10","1600","1600","0"
"2198","2025-08-07","8:02:04 PM","20","0","20","20","0"
"2199","2025-08-07","8:14:45 PM","2350","0","2350","2350","0"
"2200","2025-08-07","9:00:34 PM","2260","0","2260","2260","0"
"2201","2025-08-07","9:22:16 PM","210","0","210","210","0"
"2202","2025-08-07","9:50:50 PM","350","0","350","350","0"
"2203","2025-08-07","9:52:08 PM","20","0","20","20","0"
"2204","2025-08-08","9:11:11 AM","500","0","500","500","0"
"2205","2025-08-08","9:20:43 AM","870","0","870","870","0"
"2206","2025-08-08","12:06:04 PM","2620","0","2620","2620","0"
"2207","2025-08-08","12:06:38 PM","525","25","500","500","0"
"2208","2025-08-08","12:32:44 PM","250","0","250","250","0"
"2209","2025-08-08","4:59:39 PM","100","0","100","100","0"
"2210","2025-08-08","5:05:49 PM","2564","0","2564","2564","0"
"2211","2025-08-08","6:06:10 PM","1140","0","1140","1140","0"
"2212","2025-08-08","6:08:13 PM","200","0","200","200","0"
"2213","2025-08-08","6:33:45 PM","310","0","310","310","0"
"2214","2025-08-08","6:34:51 PM","318","0","318","318","0"
"2215","2025-08-08","6:46:16 PM","1120","0","1120","1120","0"
"2216","2025-08-08","7:00:44 PM","1070","0","1070","1070","0"
"2217","2025-08-08","7:08:23 PM","350","0","350","350","0"
"2218","2025-08-08","7:10:00 PM","460","0","460","460","0"
"2219","2025-08-08","7:19:34 PM","420","0","420","420","0"
"2220","2025-08-08","7:54:52 PM","1171","0","1171","1171","0"
"2221","2025-08-08","8:02:23 PM","800","0","800","800","0"
"2222","2025-08-08","8:03:26 PM","385","0","385","385","0"
"2223","2025-08-08","8:33:54 PM","610","0","610","610","0"
"2224","2025-08-08","8:51:11 PM","140","0","140","140","0"
"2225","2025-08-08","9:11:12 PM","134","0","134","134","0"
"2226","2025-08-08","9:12:15 PM","570","0","570","570","0"
"2227","2025-08-08","9:31:46 PM","130","0","130","130","0"
"2228","2025-08-09","12:40:33 PM","3650","0","3650","3650","0"
"2229","2025-08-09","12:41:25 PM","500","0","500","500","0"
"2230","2025-08-09","4:37:00 PM","250","0","250","250","0"
"2231","2025-08-09","7:03:35 PM","2769","0","2769","2769","0"
"2232","2025-08-09","7:24:25 PM","790","0","790","790","0"
"2233","2025-08-09","7:25:49 PM","167","0","167","167","0"
"2234","2025-08-09","7:41:44 PM","380","0","380","380","0"
"2235","2025-08-09","8:04:02 PM","2730","0","2730","2730","0"
"2236","2025-08-09","8:17:16 PM","510","0","510","510","0"
"2237","2025-08-09","8:17:51 PM","87","0","87","87","0"
"2238","2025-08-09","8:18:13 PM","80","0","80","80","0"
"2239","2025-08-09","8:59:06 PM","1081","0","1081","1081","0"
"2240","2025-08-09","9:12:52 PM","399","0","399","399","0"
"2241","2025-08-09","9:42:34 PM","520","0","520","520","0"
"2242","2025-08-09","9:52:11 PM","408","0","408","408","0"
"2243","2025-08-10","9:13:54 AM","190","0","190","190","0"
"2244","2025-08-10","9:55:54 AM","770","0","770","770","0"
"2245","2025-08-10","12:44:25 PM","3225","0","3225","3225","0"
"2246","2025-08-10","5:10:28 PM","250","0","250","250","0"
"2247","2025-08-10","5:19:28 PM","75","0","75","75","0"
"2248","2025-08-10","5:25:21 PM","570","0","570","570","0"
"2249","2025-08-10","6:26:47 PM","2520","0","2520","2520","0"
"2250","2025-08-10","6:34:58 PM","1510","0","1510","1510","0"
"2251","2025-08-10","6:57:59 PM","950","0","950","950","0"
"2252","2025-08-10","7:19:10 PM","1010","0","1010","1010","0"
"2253","2025-08-10","7:26:43 PM","50","0","50","50","0"
"2254","2025-08-10","7:38:21 PM","1350","0","1350","1350","0"
"2255","2025-08-10","8:17:52 PM","1480","0","1480","1480","0"
"2256","2025-08-10","8:46:55 PM","892","0","892","892","0"
"2257","2025-08-10","8:56:03 PM","260","0","260","260","0"
"2258","2025-08-10","9:01:35 PM","260","0","260","260","0"
"2259","2025-08-10","9:21:40 PM","445","0","445","445","0"
"2260","2025-08-10","9:41:44 PM","145","0","145","145","0"
"2261","2025-08-11","8:48:39 AM","300","0","300","300","0"
"2262","2025-08-11","9:02:00 AM","561","0","561","561","0"
"2263","2025-08-11","9:14:08 AM","50","0","50","50","0"
"2264","2025-08-11","9:52:42 AM","210","0","210","210","0"
"2265","2025-08-11","10:42:34 AM","290","0","290","290","0"
"2266","2025-08-11","10:57:30 AM","1050","0","1050","1050","0"
"2267","2025-08-11","11:15:23 AM","784","0","784","784","0"
"2268","2025-08-11","11:15:54 AM","10","0","10","10","0"
"2269","2025-08-11","12:18:42 PM","180","0","180","180","0"
"2270","2025-08-11","12:19:39 PM","444","0","444","444","0"
"2271","2025-08-11","1:01:05 PM","30","0","30","30","0"
"2272","2025-08-11","4:59:32 PM","20","0","20","20","0"
"2273","2025-08-11","5:56:30 PM","65","0","65","65","0"
"2274","2025-08-11","7:02:45 PM","2146","0","2146","2146","0"
"2275","2025-08-11","7:13:49 PM","40","0","40","40","0"
"2276","2025-08-11","7:15:28 PM","400","0","400","400","0"
"2277","2025-08-11","7:45:34 PM","952","0","952","952","0"
"2278","2025-08-11","7:55:34 PM","589","0","589","589","0"
"2279","2025-08-11","8:59:45 PM","1530","0","1530","1530","0"
"2280","2025-08-11","9:51:35 PM","580","0","580","580","0"
"2281","2025-08-12","9:04:44 AM","160","0","160","160","0"
"2282","2025-08-12","9:20:51 AM","330","0","330","330","0"
"2283","2025-08-12","10:04:29 AM","1170","0","1170","1170","0"
"2284","2025-08-12","10:38:47 AM","270","0","270","270","0"
"2285","2025-08-12","10:44:22 AM","780","0","780","780","0"
"2286","2025-08-12","12:49:35 PM","2185","0","2185","2185","0"
"2287","2025-08-12","12:50:42 PM","811","11","800","800","0"
"2288","2025-08-12","5:13:24 PM","1280","0","1280","1280","0"
"2289","2025-08-12","6:04:16 PM","440","0","440","440","0"
"2290","2025-08-12","6:40:10 PM","1680","0","1680","1680","0"
"2291","2025-08-12","7:21:58 PM","1985","0","1985","1985","0"
"2292","2025-08-12","7:22:43 PM","1270","20","1250","1250","0"
"2293","2025-08-12","7:39:36 PM","2587","0","2587","2587","0"
"2294","2025-08-12","9:20:08 PM","2300","0","2300","2300","0"
"2295","2025-08-12","9:23:15 PM","60","0","60","60","0"
"2296","2025-08-13","10:02:41 AM","350","0","350","350","0"
"2297","2025-08-13","10:16:39 AM","1220","0","1220","1220","0"
"2298","2025-08-13","10:37:48 AM","250","0","250","250","0"
"2299","2025-08-13","11:14:33 AM","490","0","490","490","0"
"2300","2025-08-13","11:16:42 AM","80","0","80","80","0"
"2301","2025-08-13","12:00:17 PM","710","0","710","710","0"
"2302","2025-08-13","12:22:16 PM","600","0","600","600","0"
"2303","2025-08-13","12:38:49 PM","1088","0","1088","1088","0"
"2304","2025-08-13","12:41:52 PM","420","0","420","420","0"
"2305","2025-08-13","12:45:13 PM","150","0","150","150","0"
"2306","2025-08-13","4:46:36 PM","234","0","234","234","0"
"2307","2025-08-13","5:24:11 PM","809","0","809","809","0"
"2308","2025-08-13","5:54:40 PM","1090","0","1090","1090","0"
"2309","2025-08-13","6:49:05 PM","2610","0","2610","2610","0"
"2310","2025-08-13","6:52:57 PM","619","0","619","619","0"
"2311","2025-08-13","6:54:27 PM","438","0","438","438","0"
"2312","2025-08-13","6:58:02 PM","170","0","170","170","0"
"2313","2025-08-13","7:00:30 PM","236","0","236","236","0"
"2314","2025-08-13","7:07:34 PM","2160","0","2160","2160","0"
"2315","2025-08-13","7:11:24 PM","1090","0","1090","1090","0"
"2316","2025-08-13","7:14:14 PM","300","0","300","300","0"
"2317","2025-08-13","7:42:44 PM","910","0","910","910","0"
"2318","2025-08-13","7:47:41 PM","50","0","50","50","0"
"2319","2025-08-13","7:48:51 PM","149","0","149","149","0"
"2320","2025-08-13","7:50:37 PM","1070","20","1050","1050","0"
"2321","2025-08-13","8:13:31 PM","570","0","570","570","0"
"2322","2025-08-13","9:11:07 PM","1402","0","1402","1402","0"
"2323","2025-08-13","9:23:46 PM","1170","0","1170","1170","0"
"2324","2025-08-13","9:47:20 PM","1550","0","1550","1550","0"
"2325","2025-08-14","11:20:25 AM","2840","0","2840","2840","0"
"2326","2025-08-14","11:26:50 AM","869","0","869","869","0"
"2327","2025-08-14","12:01:33 PM","690","0","690","690","0"
"2328","2025-08-14","12:33:47 PM","1130","0","1130","1130","0"
"2329","2025-08-14","1:51:42 PM","272","0","272","272","0"
"2330","2025-08-14","4:58:48 PM","875","0","875","875","0"
"2331","2025-08-14","4:59:36 PM","438","0","438","438","0"
"2332","2025-08-14","5:16:03 PM","180","0","180","180","0"
"2333","2025-08-14","5:41:24 PM","600","0","600","600","0"
"2334","2025-08-14","5:45:45 PM","1355","0","1355","1355","0"
"2335","2025-08-14","6:00:05 PM","1310","0","1310","1310","0"
"2336","2025-08-14","6:38:54 PM","957","0","957","957","0"
"2337","2025-08-14","6:57:30 PM","250","0","250","250","0"
"2338","2025-08-14","7:03:53 PM","945","0","945","945","0"
"2339","2025-08-14","7:28:10 PM","1910","0","1910","1910","0"
"2340","2025-08-14","7:57:14 PM","500","0","500","500","0"
"2341","2025-08-14","7:58:31 PM","260","0","260","260","0"
"2342","2025-08-14","8:18:26 PM","220","0","220","220","0"
"2343","2025-08-14","8:58:02 PM","1405","0","1405","1405","0"
"2344","2025-08-14","9:42:15 PM","839","0","839","839","0"
"2345","2025-08-14","9:50:16 PM","150","0","150","150","0"
"2346","2025-08-15","9:15:56 AM","95","0","95","95","0"
"2347","2025-08-15","9:55:19 AM","140","0","140","140","0"
"2348","2025-08-15","9:56:22 AM","494","0","494","494","0"
"2349","2025-08-15","10:03:11 AM","1900","0","1900","1900","0"
"2350","2025-08-15","10:06:35 AM","1500","0","1500","1500","0"
"2351","2025-08-15","10:45:01 AM","1310","0","1310","1310","0"
"2352","2025-08-15","11:19:34 AM","821","0","821","821","0"
"2353","2025-08-15","11:25:15 AM","368","0","368","368","0"
"2354","2025-08-15","11:31:11 AM","130","0","130","130","0"
"2355","2025-08-15","11:41:42 AM","146","0","146","146","0"
"2356","2025-08-15","4:50:48 PM","285","0","285","285","0"
"2357","2025-08-15","4:56:03 PM","891","0","891","891","0"
"2358","2025-08-15","5:15:52 PM","20","0","20","20","0"
"2359","2025-08-15","5:17:26 PM","641","0","641","641","0"
"2360","2025-08-15","6:51:32 PM","1523","0","1523","1523","0"
"2361","2025-08-15","7:07:15 PM","100","0","100","100","0"
"2362","2025-08-15","7:18:25 PM","990","0","990","990","0"
"2363","2025-08-15","8:10:51 PM","2410","0","2410","2410","0"
"2364","2025-08-15","8:33:06 PM","2340","0","2340","2340","0"
"2365","2025-08-15","8:52:02 PM","2178","0","2178","2178","0"
"2366","2025-08-15","9:07:48 PM","530","0","530","530","0"
"2367","2025-08-15","9:08:55 PM","60","0","60","60","0"
"2368","2025-08-16","9:55:28 AM","1200","0","1200","1200","0"
"2369","2025-08-16","9:58:47 AM","1245","0","1245","1245","0"
"2370","2025-08-16","10:59:55 AM","550","0","550","550","0"
"2371","2025-08-16","12:51:08 PM","2068","0","2068","2068","0"
"2372","2025-08-16","3:55:17 PM","450","0","450","450","0"
"2373","2025-08-16","4:28:32 PM","280","0","280","280","0"
"2374","2025-08-16","4:39:21 PM","480","0","480","480","0"
"2375","2025-08-16","6:00:57 PM","719","0","719","719","0"
"2376","2025-08-16","6:17:11 PM","1230","0","1230","1230","0"
"2377","2025-08-16","6:38:29 PM","965","0","965","965","0"
"2378","2025-08-16","6:48:01 PM","690","0","690","690","0"
"2379","2025-08-16","6:49:01 PM","695","0","695","695","0"
"2380","2025-08-16","7:03:20 PM","1800","0","1800","1800","0"
"2381","2025-08-16","7:07:49 PM","240","0","240","240","0"
"2382","2025-08-16","7:08:48 PM","600","0","600","600","0"
"2383","2025-08-16","7:09:34 PM","160","0","160","160","0"
"2384","2025-08-16","7:10:44 PM","450","0","450","450","0"
"2385","2025-08-16","7:11:31 PM","170","0","170","170","0"
"2386","2025-08-16","7:15:45 PM","40","0","40","40","0"
"2387","2025-08-16","7:39:29 PM","1885","0","1885","1885","0"
"2388","2025-08-16","8:00:14 PM","720","0","720","720","0"
"2389","2025-08-16","8:08:22 PM","197","0","197","197","0"
"2390","2025-08-16","8:19:48 PM","1250","0","1250","1250","0"
"2391","2025-08-16","8:28:09 PM","310","0","310","310","0"
"2392","2025-08-16","8:51:15 PM","790","0","790","790","0"
"2393","2025-08-16","9:12:51 PM","1290","0","1290","1290","0"
"2394","2025-08-16","9:15:46 PM","460","0","460","460","0"
"2395","2025-08-17","9:40:58 AM","290","0","290","290","0"
"2396","2025-08-17","11:33:37 AM","2070","0","2070","2070","0"
"2397","2025-08-17","12:24:40 PM","710","0","710","710","0"
"2398","2025-08-17","12:27:03 PM","855","5","850","850","0"
"2399","2025-08-17","12:38:20 PM","516","0","516","516","0"
"2400","2025-08-17","12:53:52 PM","450","0","450","450","0"
"2401","2025-08-17","4:52:23 PM","280","0","280","280","0"
"2402","2025-08-17","5:31:16 PM","150","0","150","150","0"
"2403","2025-08-17","5:31:56 PM","500","0","500","500","0"
"2404","2025-08-17","5:59:06 PM","993","0","993","993","0"
"2405","2025-08-17","6:20:00 PM","1254","0","1254","1254","0"
"2406","2025-08-17","6:32:51 PM","1780","0","1780","1780","0"
"2407","2025-08-17","6:42:50 PM","130","0","130","130","0"
"2408","2025-08-17","6:58:10 PM","337","0","337","337","0"
"2409","2025-08-17","7:05:24 PM","260","0","260","260","0"
"2410","2025-08-17","7:42:50 PM","3101","0","3101","3101","0"
"2411","2025-08-17","7:47:19 PM","520","0","520","520","0"
"2412","2025-08-17","8:04:03 PM","330","0","330","330","0"
"2413","2025-08-17","8:07:59 PM","242","0","242","242","0"
"2414","2025-08-17","8:11:38 PM","325","0","325","325","0"
"2415","2025-08-17","8:24:53 PM","840","0","840","840","0"
"2416","2025-08-17","8:32:30 PM","50","0","50","50","0"
"2417","2025-08-17","8:45:51 PM","866","0","866","866","0"
"2418","2025-08-17","9:14:54 PM","565","0","565","565","0"
"2419","2025-08-17","9:35:54 PM","540","0","540","540","0"
"2420","2025-08-18","10:49:47 AM","1004","0","1004","1004","0"
"2421","2025-08-18","12:14:16 PM","4188","0","4188","4188","0"
"2422","2025-08-18","12:50:31 PM","1800","0","1800","1800","0"
"2423","2025-08-18","12:51:57 PM","900","0","900","900","0"
"2424","2025-08-18","12:52:21 PM","480","0","480","480","0"
"2425","2025-08-18","4:10:42 PM","1689","0","1689","1689","0"
"2426","2025-08-18","4:53:27 PM","940","0","940","940","0"
"2427","2025-08-18","5:33:32 PM","1870","0","1870","1870","0"
"2428","2025-08-18","5:43:56 PM","100","0","100","100","0"
"2429","2025-08-18","5:55:00 PM","260","0","260","260","0"
"2430","2025-08-18","7:11:43 PM","1710","0","1710","1710","0"
"2431","2025-08-18","7:13:10 PM","1038","0","1038","1038","0"
"2432","2025-08-18","7:17:27 PM","290","0","290","290","0"
"2433","2025-08-18","7:38:14 PM","350","0","350","350","0"
"2434","2025-08-18","7:41:52 PM","80","0","80","80","0"
"2435","2025-08-18","8:30:58 PM","2910","0","2910","2910","0"
"2436","2025-08-18","8:45:15 PM","1080","0","1080","1080","0"
"2437","2025-08-18","8:47:21 PM","300","0","300","300","0"
"2438","2025-08-18","8:51:22 PM","150","0","150","150","0"
"2439","2025-08-18","9:03:13 PM","330","0","330","330","0"
"2440","2025-08-18","9:05:17 PM","180","0","180","180","0"
"2441","2025-08-18","9:14:52 PM","118","0","118","118","0"
"2442","2025-08-18","9:21:22 PM","40","0","40","40","0"
"2443","2025-08-19","12:57:25 PM","6880","0","6880","6880","0"
"2444","2025-08-19","5:35:30 PM","2880","0","2880","2880","0"
"2445","2025-08-19","5:53:00 PM","190","0","190","190","0"
"2446","2025-08-19","7:21:39 PM","2030","0","2030","2030","0"
"2447","2025-08-19","7:22:48 PM","170","0","170","170","0"
"2448","2025-08-19","7:28:06 PM","385","0","385","385","0"
"2449","2025-08-19","7:39:50 PM","480","0","480","480","0"
"2450","2025-08-19","8:38:58 PM","1410","0","1410","1410","0"
"2451","2025-08-19","9:17:22 PM","660","0","660","660","0"
"2452","2025-08-20","9:03:59 AM","480","0","480","480","0"
"2453","2025-08-20","10:37:17 AM","1376","0","1376","1376","0"
"2454","2025-08-20","10:54:46 AM","833","0","833","833","0"
"2455","2025-08-20","11:21:53 AM","559","0","559","559","0"
"2456","2025-08-20","11:25:30 AM","219","0","219","219","0"
"2457","2025-08-20","11:38:18 AM","1249","0","1249","1249","0"
"2458","2025-08-20","12:16:41 PM","1360","0","1360","1360","0"
"2459","2025-08-20","5:39:53 PM","2400","0","2400","2400","0"
"2460","2025-08-20","6:04:46 PM","460","0","460","460","0"
"2461","2025-08-20","6:09:15 PM","100","0","100","100","0"
"2462","2025-08-20","6:13:39 PM","559","0","559","559","0"
"2463","2025-08-20","6:18:37 PM","3400","0","3400","3400","0"
"2464","2025-08-20","7:08:49 PM","1281","0","1281","1281","0"
"2465","2025-08-20","7:52:26 PM","2790","0","2790","2790","0"
"2466","2025-08-20","7:55:04 PM","927","0","927","927","0"
"2467","2025-08-20","8:15:34 PM","868","0","868","868","0"
"2468","2025-08-20","8:16:06 PM","240","0","240","240","0"
"2469","2025-08-20","8:36:01 PM","639","0","639","639","0"
"2470","2025-08-20","8:43:33 PM","370","0","370","370","0"
"2471","2025-08-20","9:07:43 PM","1800","0","1800","1800","0"
"2472","2025-08-20","9:27:45 PM","720","0","720","720","0"
"2473","2025-08-21","9:07:30 AM","180","0","180","0","0"
"2474","2025-08-21","10:15:50 AM","1090","0","1090","1090","0"
"2475","2025-08-21","10:20:12 AM","100","0","100","100","0"
"2476","2025-08-21","10:35:13 AM","732","0","732","732","0"
"2477","2025-08-21","11:09:44 AM","130","0","130","130","0"
"2478","2025-08-21","11:14:11 AM","648","0","648","648","0"
"2479","2025-08-21","12:05:19 PM","90","0","90","90","0"
"2480","2025-08-21","6:06:34 PM","1705","0","1705","1705","0"
"2481","2025-08-21","6:07:58 PM","330","0","330","330","0"
"2482","2025-08-21","6:08:53 PM","418","0","418","418","0"
"2483","2025-08-21","6:10:50 PM","340","0","340","340","0"
"2484","2025-08-21","6:23:23 PM","324","0","324","324","0"
"2485","2025-08-21","6:35:27 PM","380","0","380","380","0"
"2486","2025-08-21","6:37:45 PM","300","0","300","300","0"
"2487","2025-08-21","6:42:15 PM","502","0","502","502","0"
"2488","2025-08-21","6:51:05 PM","150","0","150","150","0"
"2489","2025-08-21","6:56:01 PM","80","0","80","80","0"
"2490","2025-08-21","7:11:36 PM","100","0","100","100","0"
"2491","2025-08-21","7:53:19 PM","1140","0","1140","1140","0"
"2492","2025-08-21","8:10:49 PM","290","0","290","290","0"
"2493","2025-08-21","8:36:49 PM","265","0","265","265","0"
"2494","2025-08-21","8:40:59 PM","100","0","100","100","0"
"2495","2025-08-21","8:43:36 PM","40","0","40","40","0"
"2496","2025-08-21","8:45:15 PM","300","0","300","300","0"
"2497","2025-08-21","8:46:42 PM","130","0","130","130","0"
"2498","2025-08-21","8:50:53 PM","270","0","270","270","0"
"2499","2025-08-21","9:02:40 PM","380","0","380","380","0"
"2500","2025-08-21","9:09:38 PM","345","0","345","345","0"
"2501","2025-08-21","9:12:41 PM","50","0","50","50","0"
"2502","2025-08-22","9:22:38 AM","720","0","720","720","0"
"2503","2025-08-22","9:44:51 AM","565","0","565","565","0"
"2504","2025-08-22","10:18:16 AM","466","0","466","466","0"
"2505","2025-08-22","10:20:55 AM","1037","0","1037","1037","0"
"2506","2025-08-22","10:27:39 AM","373","0","373","373","0"
"2507","2025-08-22","10:38:07 AM","1110","0","1110","1110","0"
"2508","2025-08-22","11:31:09 AM","1141","0","1141","1141","0"
"2509","2025-08-22","11:40:26 AM","150","0","150","150","0"
"2510","2025-08-22","5:03:41 PM","264","0","264","264","0"
"2511","2025-08-22","5:14:09 PM","50","0","50","50","0"
"2512","2025-08-22","5:19:08 PM","645","0","645","645","0"
"2513","2025-08-22","6:50:41 PM","3361","0","3361","3361","0"
"2514","2025-08-22","6:55:09 PM","310","0","310","310","0"
"2515","2025-08-22","6:58:54 PM","1155","0","1155","1155","0"
"2516","2025-08-22","7:03:27 PM","690","0","690","690","0"
"2517","2025-08-22","8:01:03 PM","2162","0","2162","2162","0"
"2518","2025-08-22","8:50:44 PM","1887","0","1887","1887","0"
"2519","2025-08-22","9:28:57 PM","690","0","690","690","0"
"2520","2025-08-22","9:34:44 PM","136","0","136","136","0"
"2521","2025-08-23","9:37:23 AM","838","0","838","838","0"
"2522","2025-08-23","10:00:55 AM","1080","0","1080","1080","0"
"2523","2025-08-23","10:41:51 AM","420","0","420","420","0"
"2524","2025-08-23","10:57:59 AM","20","0","20","20","0"
"2525","2025-08-23","11:00:59 AM","1208","0","1208","1208","0"
"2526","2025-08-23","11:21:56 AM","885","0","885","885","0"
"2527","2025-08-23","11:23:57 AM","599","0","599","599","0"
"2528","2025-08-23","11:45:32 AM","50","0","50","50","0"
"2529","2025-08-23","11:46:23 AM","848","0","848","848","0"
"2530","2025-08-23","12:21:54 PM","870","0","870","870","0"
"2531","2025-08-23","12:26:09 PM","149","0","149","149","0"
"2532","2025-08-23","4:11:05 PM","568","0","568","568","0"
"2533","2025-08-23","4:27:10 PM","90","0","90","90","0"
"2534","2025-08-23","5:05:50 PM","70","0","70","70","0"
"2535","2025-08-23","7:02:35 PM","4354","0","4354","4354","0"
"2536","2025-08-23","7:06:16 PM","330","0","330","330","0"
"2537","2025-08-23","7:08:16 PM","360","0","360","360","0"
"2538","2025-08-23","7:15:57 PM","370","0","370","370","0"
"2539","2025-08-23","7:18:00 PM","555","5","550","550","0"
"2540","2025-08-23","7:19:48 PM","200","0","200","200","0"
"2541","2025-08-23","7:37:28 PM","455","0","455","455","0"
"2542","2025-08-23","7:53:40 PM","735","0","735","735","0"
"2543","2025-08-23","8:08:35 PM","1110","0","1110","1110","0"
"2544","2025-08-23","8:55:03 PM","980","0","980","980","0"
"2545","2025-08-23","9:01:40 PM","50","0","50","50","0"
"2546","2025-08-24","9:43:07 AM","353","0","353","353","0"
"2547","2025-08-24","9:46:54 AM","570","0","570","570","0"
"2548","2025-08-24","10:14:34 AM","900","0","900","900","0"
"2549","2025-08-24","10:19:36 AM","265","0","265","265","0"
"2550","2025-08-24","10:19:51 AM","50","0","50","50","0"
"2551","2025-08-24","10:54:49 AM","358","0","358","358","0"
"2552","2025-08-24","12:08:54 PM","1440","0","1440","1440","0"
"2553","2025-08-24","1:07:25 PM","465","0","465","465","0"
"2554","2025-08-24","3:22:42 PM","230","0","230","230","0"
"2555","2025-08-24","3:35:27 PM","100","0","100","100","0"
"2556","2025-08-24","4:58:21 PM","189","0","189","189","0"
"2557","2025-08-24","5:00:23 PM","930","0","930","930","0"
"2558","2025-08-24","5:13:44 PM","600","0","600","600","0"
"2559","2025-08-24","6:03:45 PM","510","0","510","510","0"
"2560","2025-08-24","6:05:26 PM","472","0","472","472","0"
"2561","2025-08-24","6:11:51 PM","310","0","310","310","0"
"2562","2025-08-24","6:42:06 PM","1408","0","1408","1408","0"
"2563","2025-08-24","7:01:12 PM","830","0","830","830","0"
"2564","2025-08-24","7:29:59 PM","737","0","737","737","0"
"2565","2025-08-24","8:10:35 PM","640","0","640","640","0"
"2566","2025-08-24","8:31:16 PM","990","0","990","990","0"
"2567","2025-08-24","8:39:32 PM","150","0","150","150","0"
"2568","2025-08-24","8:51:23 PM","1114","0","1114","1114","0"
"2569","2025-08-25","9:16:05 AM","98","0","98","98","0"
"2570","2025-08-25","9:55:46 AM","1050","0","1050","1050","0"
"2571","2025-08-25","10:21:45 AM","180","0","180","180","0"
"2572","2025-08-25","10:24:10 AM","900","0","900","900","0"
"2573","2025-08-25","10:27:54 AM","110","0","110","110","0"
"2574","2025-08-25","11:13:50 AM","479","0","479","479","0"
"2575","2025-08-25","11:21:14 AM","99","0","99","99","0"
"2576","2025-08-25","12:39:29 PM","920","0","920","920","0"
"2577","2025-08-25","12:45:31 PM","380","0","380","380","0"
"2578","2025-08-25","3:20:49 PM","390","0","390","390","0"
"2579","2025-08-25","5:10:13 PM","110","0","110","110","0"
"2580","2025-08-25","6:22:00 PM","2632","0","2632","2632","0"
"2581","2025-08-25","6:22:59 PM","380","0","380","380","0"
"2582","2025-08-25","6:25:20 PM","20","0","20","20","0"
"2583","2025-08-25","6:29:28 PM","600","0","600","600","0"
"2584","2025-08-25","6:53:47 PM","300","0","300","300","0"
"2585","2025-08-25","8:09:22 PM","3611","0","3611","3611","0"
"2586","2025-08-25","8:47:30 PM","240","0","240","240","0"
"2587","2025-08-25","9:05:52 PM","490","0","490","490","0"
"2588","2025-08-25","9:15:34 PM","1300","0","1300","1300","0"
"2589","2025-08-26","9:26:41 AM","685","0","685","685","0"
"2590","2025-08-26","9:28:53 AM","350","0","350","350","0"
"2591","2025-08-26","9:45:36 AM","420","0","420","420","0"
"2592","2025-08-26","9:51:44 AM","50","0","50","50","0"
"2593","2025-08-26","9:53:56 AM","746","0","746","746","0"
"2594","2025-08-26","9:55:50 AM","199","0","199","199","0"
"2595","2025-08-26","10:32:53 AM","170","0","170","170","0"
"2596","2025-08-26","10:34:06 AM","795","0","795","795","0"
"2597","2025-08-26","10:41:06 AM","330","0","330","330","0"
"2598","2025-08-26","10:42:10 AM","615","0","615","615","0"
"2599","2025-08-26","11:04:55 AM","100","0","100","100","0"
"2600","2025-08-26","11:05:30 AM","1160","10","1150","1150","0"
"2601","2025-08-26","11:18:57 AM","1390","0","1390","1390","0"
"2602","2025-08-26","11:23:51 AM","60","0","60","60","0"
"2603","2025-08-26","11:46:23 AM","280","0","280","280","0"
"2604","2025-08-26","4:33:02 PM","1297","0","1297","1297","0"
"2605","2025-08-26","5:09:42 PM","100","0","100","100","0"
"2606","2025-08-26","5:57:47 PM","420","0","420","420","0"
"2607","2025-08-26","6:12:25 PM","1590","0","1590","1590","0"
"2608","2025-08-26","6:33:11 PM","564","0","564","564","0"
"2609","2025-08-26","6:52:22 PM","1440","0","1440","1440","0"
"2610","2025-08-26","7:22:49 PM","2300","0","2300","2300","0"
"2611","2025-08-26","7:26:47 PM","730","0","730","730","0"
"2612","2025-08-26","7:27:54 PM","140","0","140","140","0"
"2613","2025-08-26","7:35:06 PM","2340","0","2340","2340","0"
"2614","2025-08-26","7:40:11 PM","50","0","50","50","0"
"2615","2025-08-26","7:42:24 PM","830","0","830","830","0"
"2616","2025-08-26","7:43:48 PM","450","0","450","450","0"
"2617","2025-08-26","7:45:50 PM","380","0","380","380","0"
"2618","2025-08-26","8:00:01 PM","1021","0","1021","1021","0"
"2619","2025-08-26","8:10:21 PM","1060","0","1060","1060","0"
"2620","2025-08-26","8:12:20 PM","576","0","576","576","0"
"2621","2025-08-26","8:19:27 PM","433","0","433","433","0"
"2622","2025-08-26","8:32:58 PM","150","0","150","150","0"
"2623","2025-08-26","8:34:22 PM","1161","11","1150","1150","0"
"2624","2025-08-26","9:02:24 PM","360","0","360","360","0"
"2625","2025-08-26","9:04:15 PM","578","0","578","578","0"
"2626","2025-08-26","9:10:54 PM","80","0","80","80","0"
"2627","2025-08-26","9:16:41 PM","770","0","770","770","0"
"2628","2025-08-26","9:21:12 PM","100","0","100","100","0"
"2629","2025-08-26","9:22:41 PM","50","0","50","50","0"
"2630","2025-08-27","9:00:10 AM","474","0","474","474","0"
"2631","2025-08-27","9:06:49 AM","596","0","596","596","0"
"2632","2025-08-27","10:03:50 AM","550","0","550","550","0"
"2633","2025-08-27","10:41:43 AM","360","0","360","360","0"
"2634","2025-08-27","11:22:02 AM","340","0","340","340","0"
"2635","2025-08-27","11:31:49 AM","20","0","20","20","0"
"2636","2025-08-27","11:56:54 AM","570","0","570","570","0"
"2637","2025-08-27","11:57:51 AM","423","0","423","423","0"
"2638","2025-08-27","12:18:21 PM","130","0","130","130","0"
"2639","2025-08-27","12:26:56 PM","238","0","238","238","0"
"2640","2025-08-27","3:18:05 PM","950","0","950","950","0"
"2641","2025-08-27","3:57:15 PM","538","0","538","538","0"
"2642","2025-08-27","4:09:04 PM","50","0","50","50","0"
"2643","2025-08-27","4:39:15 PM","1500","0","1500","1500","0"
"2644","2025-08-27","5:15:30 PM","480","0","480","480","0"
"2645","2025-08-27","6:33:11 PM","2676","0","2676","2676","0"
"2646","2025-08-27","6:34:06 PM","455","5","450","450","0"
"2647","2025-08-27","6:53:47 PM","290","0","290","290","0"
"2648","2025-08-27","7:04:11 PM","510","0","510","510","0"
"2649","2025-08-27","7:04:43 PM","431","0","431","431","0"
"2650","2025-08-27","7:06:03 PM","130","0","130","130","0"
"2651","2025-08-27","7:06:43 PM","330","0","330","330","0"
"2652","2025-08-27","7:18:15 PM","200","0","200","200","0"
"2653","2025-08-27","7:18:44 PM","50","0","50","50","0"
"2654","2025-08-27","7:35:34 PM","1290","0","1290","1290","0"
"2655","2025-08-27","7:53:42 PM","657","0","657","657","0"
"2656","2025-08-27","8:08:39 PM","570","20","550","550","0"
"2657","2025-08-27","8:56:20 PM","1609","0","1609","1609","0"
"2658","2025-08-27","9:28:25 PM","180","0","180","180","0"
"2659","2025-08-28","8:53:01 AM","470","0","470","470","0"
"2660","2025-08-28","9:05:20 AM","300","0","300","300","0"
"2661","2025-08-28","9:33:55 AM","239","0","239","239","0"
"2662","2025-08-28","9:56:06 AM","241","0","241","241","0"
"2663","2025-08-28","9:56:46 AM","260","0","260","260","0"
"2664","2025-08-28","10:08:43 AM","630","0","630","630","0"
"2665","2025-08-28","10:41:03 AM","100","0","100","100","0"
"2666","2025-08-28","10:45:11 AM","200","0","200","200","0"
"2667","2025-08-28","10:51:59 AM","96","0","96","96","0"
"2668","2025-08-28","10:56:57 AM","200","0","200","200","0"
"2669","2025-08-28","11:04:27 AM","319","0","319","319","0"
"2670","2025-08-28","11:40:29 AM","1190","0","1190","1190","0"
"2671","2025-08-28","11:50:22 AM","389","9","380","380","0"
"2672","2025-08-28","5:35:03 PM","120","0","120","120","0"
"2673","2025-08-28","5:44:27 PM","1050","0","1050","1050","0"
"2674","2025-08-28","6:43:47 PM","3010","0","3010","3010","0"
"2675","2025-08-28","6:46:09 PM","1120","0","1120","1120","0"
"2676","2025-08-28","6:55:59 PM","100","0","100","100","0"
"2677","2025-08-28","7:02:01 PM","490","0","490","490","0"
"2678","2025-08-28","7:39:28 PM","1090","0","1090","1090","0"
"2679","2025-08-28","8:05:48 PM","970","0","970","970","0"
"2680","2025-08-28","8:08:38 PM","794","0","794","794","0"
"2681","2025-08-28","8:43:39 PM","1220","0","1220","1220","0"
"2682","2025-08-28","8:49:28 PM","3140","0","3140","3140","0"
"2683","2025-08-28","9:29:59 PM","1250","0","1250","1250","0"
"2684","2025-08-28","9:36:03 PM","120","0","120","120","0"
"2685","2025-08-29","9:32:30 AM","450","0","450","450","0"
"2686","2025-08-29","9:41:05 AM","160","0","160","160","0"
"2687","2025-08-29","10:02:50 AM","429","0","429","429","0"
"2688","2025-08-29","10:03:33 AM","50","0","50","50","0"
"2689","2025-08-29","10:27:12 AM","500","0","500","500","0"
"2690","2025-08-29","10:39:20 AM","276","0","276","276","0"
"2691","2025-08-29","10:50:32 AM","588","8","580","580","0"
"2692","2025-08-29","10:51:42 AM","800","0","800","800","0"
"2693","2025-08-29","11:15:12 AM","240","0","240","240","0"
"2694","2025-08-29","11:51:36 AM","510","0","510","510","0"
"2695","2025-08-29","11:52:52 AM","745","0","745","745","0"
"2696","2025-08-29","11:54:11 AM","50","0","50","50","0"
"2697","2025-08-29","12:11:33 PM","1150","0","1150","1150","0"
"2698","2025-08-29","4:32:56 PM","220","0","220","220","0"
"2699","2025-08-29","5:53:57 PM","1190","0","1190","1190","0"
"2700","2025-08-29","6:07:59 PM","762","0","762","762","0"
"2701","2025-08-29","6:10:33 PM","580","0","580","580","0"
"2702","2025-08-29","6:14:46 PM","630","0","630","630","0"
"2703","2025-08-29","6:23:01 PM","300","0","300","300","0"
"2704","2025-08-29","6:25:22 PM","860","0","860","860","0"
"2705","2025-08-29","6:26:09 PM","648","0","648","648","0"
"2706","2025-08-29","6:27:14 PM","99","0","99","99","0"
"2707","2025-08-29","6:30:02 PM","80","0","80","80","0"
"2708","2025-08-29","7:11:21 PM","2001","0","2001","2001","0"
"2709","2025-08-29","7:14:22 PM","130","0","130","130","0"
"2710","2025-08-29","7:22:33 PM","300","0","300","300","0"
"2711","2025-08-29","7:24:09 PM","490","0","490","490","0"
"2712","2025-08-29","7:34:03 PM","460","0","460","460","0"
"2713","2025-08-29","7:35:31 PM","574","0","574","574","0"
"2714","2025-08-29","7:45:56 PM","150","0","150","150","0"
"2715","2025-08-29","7:46:43 PM","390","0","390","390","0"
"2716","2025-08-29","8:10:36 PM","930","0","930","930","0"
"2717","2025-08-29","8:30:45 PM","1010","0","1010","1010","0"
"2718","2025-08-29","8:36:57 PM","200","0","200","200","0"
"2719","2025-08-29","9:18:47 PM","320","0","320","320","0"
"2720","2025-08-29","9:23:26 PM","505","0","505","505","0"
"2721","2025-08-30","10:30:51 AM","2120","0","2120","2120","0"
"2722","2025-08-30","11:17:25 AM","1200","0","1200","1200","0"
"2723","2025-08-30","11:18:49 AM","78","0","78","78","0"
"2724","2025-08-30","11:28:10 AM","640","0","640","640","0"
"2725","2025-08-30","11:50:23 AM","951","0","951","951","0"
"2726","2025-08-30","12:03:22 PM","790","0","790","790","0"
"2727","2025-08-30","12:41:05 PM","390","0","390","390","0"
"2728","2025-08-30","12:43:30 PM","140","0","140","140","0"
"2729","2025-08-30","3:19:32 PM","185","0","185","185","0"
"2730","2025-08-30","3:51:03 PM","600","0","600","600","0"
"2731","2025-08-30","5:04:03 PM","100","0","100","100","0"
"2732","2025-08-30","5:29:12 PM","530","0","530","530","0"
"2733","2025-08-30","5:30:13 PM","870","0","870","870","0"
"2734","2025-08-30","6:40:22 PM","925","0","925","925","0"
"2735","2025-08-30","6:54:03 PM","2006","0","2006","2006","0"
"2736","2025-08-30","8:10:27 PM","3007","0","3007","3007","0"
"2737","2025-08-30","8:18:01 PM","330","0","330","330","0"
"2738","2025-08-30","9:24:31 PM","560","0","560","560","0"
"2739","2025-08-30","9:27:12 PM","100","0","100","100","0"
"2740","2025-08-31","8:40:10 AM","387","0","387","387","0"
"2741","2025-08-31","9:02:38 AM","868","0","868","868","0"
"2742","2025-08-31","9:32:45 AM","50","0","50","50","0"
"2743","2025-08-31","9:58:51 AM","2325","0","2325","2325","0"
"2744","2025-08-31","9:59:42 AM","100","0","100","100","0"
"2745","2025-08-31","10:28:55 AM","50","0","50","50","0"
"2746","2025-08-31","10:29:57 AM","325","5","320","320","0"
"2747","2025-08-31","10:34:22 AM","149","0","149","149","0"
"2748","2025-08-31","11:05:19 AM","95","0","95","95","0"
"2749","2025-08-31","11:19:57 AM","1850","0","1850","1850","0"
"2750","2025-08-31","11:33:07 AM","403","0","403","403","0"
"2751","2025-08-31","11:46:43 AM","100","0","100","100","0"
"2752","2025-08-31","12:15:21 PM","1030","0","1030","1030","0"
"2753","2025-08-31","5:23:03 PM","914","14","900","900","0"
"2754","2025-08-31","5:29:40 PM","280","0","280","280","0"
"2755","2025-08-31","5:34:38 PM","280","0","280","280","0"
"2756","2025-08-31","5:55:47 PM","400","0","400","400","0"
"2757","2025-08-31","5:56:37 PM","150","0","150","150","0"
"2758","2025-08-31","6:05:54 PM","570","0","570","570","0"
"2759","2025-08-31","6:06:16 PM","60","0","60","60","0"
"2760","2025-08-31","6:23:23 PM","830","0","830","830","0"
"2761","2025-08-31","6:50:48 PM","50","0","50","50","0"
"2762","2025-08-31","7:25:46 PM","100","0","100","100","0"
"2763","2025-08-31","7:28:50 PM","220","0","220","220","0"
"2764","2025-08-31","7:45:32 PM","1663","0","1663","1663","0"
"2765","2025-08-31","7:53:23 PM","790","0","790","790","0"
"2766","2025-08-31","7:54:09 PM","200","0","200","200","0"
"2767","2025-08-31","7:59:42 PM","410","0","410","410","0"
"2768","2025-08-31","8:00:30 PM","645","0","645","645","0"
"2769","2025-08-31","8:03:11 PM","50","0","50","50","0"
"2770","2025-08-31","8:05:46 PM","110","0","110","110","0"
"2771","2025-08-31","8:06:20 PM","1500","0","1500","1500","0"
"2772","2025-08-31","8:14:49 PM","260","0","260","260","0"
"2773","2025-08-31","8:29:25 PM","387","0","387","387","0"
"2774","2025-08-31","8:37:57 PM","50","0","50","50","0"
"2775","2025-08-31","8:43:51 PM","189","0","189","189","0"
"2776","2025-08-31","8:49:35 PM","150","0","150","150","0"
"2777","2025-08-31","8:51:27 PM","100","0","100","100","0"
"2778","2025-09-01","8:31:13 AM","333","0","333","333","0"
"2779","2025-09-01","9:02:08 AM","50","0","50","50","0"
"2780","2025-09-01","9:23:43 AM","150","0","150","150","0"
"2781","2025-09-01","9:50:47 AM","290","0","290","290","0"
"2782","2025-09-01","10:16:32 AM","614","14","600","600","0"
"2783","2025-09-01","10:39:56 AM","1785","0","1785","1785","0"
"2784","2025-09-01","10:42:04 AM","196","0","196","196","0"
"2785","2025-09-01","10:58:12 AM","147","0","147","147","0"
"2786","2025-09-01","11:15:53 AM","555","0","555","555","0"
"2787","2025-09-01","11:42:57 AM","415","0","415","415","0"
"2788","2025-09-01","11:47:50 AM","10","0","10","10","0"
"2789","2025-09-01","11:51:47 AM","30","0","30","30","0"
"2790","2025-09-01","5:06:22 PM","365","0","365","365","0"
"2791","2025-09-01","5:18:32 PM","30","0","30","30","0"
"2792","2025-09-01","5:35:58 PM","380","0","380","380","0"
"2793","2025-09-01","5:43:20 PM","30","0","30","30","0"
"2794","2025-09-01","5:53:46 PM","100","0","100","100","0"
"2795","2025-09-01","5:55:55 PM","408","0","408","408","0"
"2796","2025-09-01","5:57:47 PM","200","0","200","200","0"
"2797","2025-09-01","6:19:16 PM","1305","0","1305","1305","0"
"2798","2025-09-01","6:51:05 PM","1865","0","1865","1865","0"
"2799","2025-09-01","7:16:49 PM","1140","0","1140","1140","0"
"2800","2025-09-01","7:39:08 PM","1090","0","1090","1090","0"
"2801","2025-09-01","8:04:45 PM","50","0","50","50","0"
"2802","2025-09-01","9:13:00 PM","1320","0","1320","1320","0"
"2803","2025-09-01","9:34:08 PM","560","0","560","560","0"
"2804","2025-09-01","9:38:26 PM","140","0","140","140","0"
"2805","2025-09-02","10:00:04 AM","944","0","944","944","0"
"2806","2025-09-02","10:00:40 AM","50","0","50","50","0"
"2807","2025-09-02","10:35:45 AM","170","0","170","170","0"
"2808","2025-09-02","12:15:56 PM","1629","0","1629","1629","0"
"2809","2025-09-02","12:23:48 PM","511","0","511","511","0"
"2810","2025-09-02","12:32:37 PM","400","0","400","400","0"
"2811","2025-09-02","4:17:45 PM","110","0","110","110","0"
"2812","2025-09-02","5:11:37 PM","1470","0","1470","1470","0"
"2813","2025-09-02","6:11:35 PM","390","0","390","390","0"
"2814","2025-09-02","6:12:21 PM","614","14","600","600","0"
"2815","2025-09-02","6:22:46 PM","220","0","220","220","0"
"2816","2025-09-02","6:58:35 PM","890","0","890","890","0"
"2817","2025-09-02","7:00:06 PM","160","0","160","160","0"
"2818","2025-09-02","7:03:15 PM","80","0","80","80","0"
"2819","2025-09-02","7:05:37 PM","240","0","240","240","0"
"2820","2025-09-02","7:10:07 PM","280","0","280","280","0"
"2821","2025-09-02","7:17:00 PM","50","0","50","50","0"
"2822","2025-09-02","7:40:52 PM","1267","0","1267","1267","0"
"2823","2025-09-02","7:45:57 PM","30","0","30","30","0"
"2824","2025-09-02","7:48:32 PM","249","0","249","249","0"
"2825","2025-09-02","7:56:14 PM","275","0","275","275","0"
"2826","2025-09-02","8:04:38 PM","150","0","150","150","0"
"2827","2025-09-02","8:09:57 PM","310","0","310","310","0"
"2828","2025-09-02","8:12:50 PM","50","0","50","50","0"
"2829","2025-09-02","8:16:08 PM","1817","0","1817","1817","0"
"2830","2025-09-02","8:28:38 PM","136","0","136","136","0"
"2831","2025-09-02","8:31:27 PM","420","0","420","420","0"
"2832","2025-09-02","8:42:22 PM","250","0","250","250","0"
"2833","2025-09-02","9:01:56 PM","75","0","75","75","0"
"2834","2025-09-03","10:08:25 AM","150","0","150","150","0"
"2835","2025-09-03","10:11:52 AM","1350","0","1350","1350","0"
"2836","2025-09-03","10:43:56 AM","1450","0","1450","1450","0"
"2837","2025-09-03","11:04:58 AM","850","0","850","850","0"
"2838","2025-09-03","11:22:38 AM","1950","0","1950","1950","0"
"2839","2025-09-03","12:11:52 PM","478","0","478","478","0"
"2840","2025-09-03","12:33:18 PM","560","0","560","560","0"
"2841","2025-09-03","4:26:19 PM","100","0","100","100","0"
"2842","2025-09-03","4:53:12 PM","450","0","450","450","0"
"2843","2025-09-03","4:57:18 PM","104","4","100","100","0"
"2844","2025-09-03","5:16:41 PM","70","0","70","70","0"
"2845","2025-09-03","5:27:43 PM","670","0","670","670","0"
"2846","2025-09-03","6:58:43 PM","4239","0","4239","4239","0"
"2847","2025-09-03","7:01:01 PM","408","0","408","408","0"
"2848","2025-09-03","7:20:49 PM","823","0","823","823","0"
"2849","2025-09-03","7:52:04 PM","945","0","945","945","0"
"2850","2025-09-03","8:41:29 PM","760","0","760","760","0"
"2851","2025-09-03","9:20:50 PM","320","0","320","320","0"
"2852","2025-09-03","9:23:12 PM","200","0","200","200","0"
"2853","2025-09-04","12:48:28 PM","3910","0","3910","3910","0"
"2854","2025-09-04","6:45:24 PM","5810","0","5810","5810","0"
"2855","2025-09-04","8:18:59 PM","4787","0","4787","4787","0"
"2856","2025-09-04","8:19:22 PM","290","0","290","290","0"
"2857","2025-09-04","9:08:58 PM","1935","0","1935","1935","0"
"2858","2025-09-04","9:10:59 PM","150","0","150","150","0"
"2859","2025-09-04","9:12:33 PM","87","0","87","87","0"
"2860","2025-09-05","9:27:44 AM","220","0","220","220","0"
"2861","2025-09-05","9:43:33 AM","540","0","540","540","0"
"2862","2025-09-05","10:13:23 AM","50","0","50","50","0"
"2863","2025-09-05","10:15:28 AM","1080","30","1050","1050","0"
"2864","2025-09-05","10:25:52 AM","95","0","95","95","0"
"2865","2025-09-05","10:44:14 AM","1150","0","1150","1150","0"
"2866","2025-09-05","10:49:05 AM","1058","0","1058","1058","0"
"2867","2025-09-05","11:57:15 AM","1596","0","1596","1596","0"
"2868","2025-09-05","12:19:16 PM","137","0","137","137","0"
"2869","2025-09-05","12:23:02 PM","1000","0","1000","1000","0"
"2870","2025-09-05","12:25:24 PM","36","0","36","36","0"
"2871","2025-09-05","4:24:16 PM","200","0","200","200","0"
"2872","2025-09-05","4:56:01 PM","1100","0","1100","1100","0"
"2873","2025-09-05","5:44:39 PM","140","0","140","140","0"
"2874","2025-09-05","5:46:07 PM","840","0","840","840","0"
"2875","2025-09-05","5:47:01 PM","800","0","800","800","0"
"2876","2025-09-05","6:22:09 PM","3340","0","3340","3340","0"
"2877","2025-09-05","6:25:32 PM","3510","0","3510","3510","0"
"2878","2025-09-05","6:33:19 PM","400","0","400","400","0"
"2879","2025-09-05","6:57:10 PM","2729","0","2729","2729","0"
"2880","2025-09-05","7:31:12 PM","820","0","820","820","0"
"2881","2025-09-05","8:50:32 PM","3940","0","3940","3940","0"
"2882","2025-09-05","9:05:11 PM","150","0","150","150","0"
"2883","2025-09-06","8:41:40 AM","300","0","300","300","0"
"2884","2025-09-06","8:57:16 AM","838","0","838","838","0"
"2885","2025-09-06","9:21:27 AM","205","0","205","205","0"
"2886","2025-09-06","9:28:41 AM","200","0","200","200","0"
"2887","2025-09-06","9:29:02 AM","550","0","550","550","0"
"2888","2025-09-06","9:35:24 AM","225","0","225","225","0"
"2889","2025-09-06","9:59:10 AM","570","0","570","570","0"
"2890","2025-09-06","10:01:37 AM","57","0","57","57","0"
"2891","2025-09-06","10:08:16 AM","660","10","650","650","0"
"2892","2025-09-06","10:12:31 AM","460","0","460","460","0"
"2893","2025-09-06","10:54:09 AM","420","0","420","420","0"
"2894","2025-09-06","11:46:56 AM","1000","0","1000","1000","0"
"2895","2025-09-06","11:47:36 AM","438","0","438","438","0"
"2896","2025-09-06","12:09:32 PM","310","0","310","310","0"
"2897","2025-09-06","12:20:54 PM","1120","0","1120","1120","0"
"2898","2025-09-06","12:33:13 PM","744","0","744","744","0"
"2899","2025-09-06","12:41:59 PM","196","0","196","196","0"
"2900","2025-09-06","4:27:53 PM","49","0","49","49","0"
"2901","2025-09-06","4:49:25 PM","1322","0","1322","1322","0"
"2902","2025-09-06","6:57:55 PM","6060","0","6060","6060","0"
"2903","2025-09-06","7:00:27 PM","470","0","470","470","0"
"2904","2025-09-06","7:19:56 PM","960","0","960","960","0"
"2905","2025-09-06","7:39:56 PM","1140","0","1140","1140","0"
"2906","2025-09-06","7:51:13 PM","120","0","120","120","0"
"2907","2025-09-06","8:32:43 PM","1110","0","1110","1110","0"
"2908","2025-09-06","8:33:11 PM","330","0","330","330","0"
"2909","2025-09-06","9:09:34 PM","750","0","750","750","0"
"2910","2025-09-07","9:13:20 AM","406","0","406","406","0"
"2911","2025-09-07","9:35:26 AM","598","0","598","598","0"
"2912","2025-09-07","10:00:16 AM","849","0","849","849","0"
"2913","2025-09-07","10:22:24 AM","180","0","180","180","0"
"2914","2025-09-07","11:12:56 AM","330","0","330","330","0"
"2915","2025-09-07","11:29:40 AM","30","0","30","30","0"
"2916","2025-09-07","12:00:18 PM","660","0","660","660","0"
"2917","2025-09-07","4:04:35 PM","75","0","75","75","0"
"2918","2025-09-07","7:41:22 PM","9863","0","9863","9863","0"
"2919","2025-09-07","8:26:11 PM","4520","0","4520","4520","0"
"2920","2025-09-07","8:59:48 PM","370","0","370","370","0"
"2921","2025-09-08","8:56:33 AM","190","0","190","190","0"
"2922","2025-09-08","9:17:16 AM","100","0","100","100","0"
"2923","2025-09-08","9:44:12 AM","100","0","100","100","0"
"2924","2025-09-08","10:30:28 AM","594","0","594","594","0"
"2925","2025-09-08","10:55:30 AM","240","0","240","240","0"
"2926","2025-09-08","10:55:51 AM","595","0","595","595","0"
"2927","2025-09-08","11:38:42 AM","270","0","270","270","0"
"2928","2025-09-08","11:41:42 AM","340","0","340","340","0"
"2929","2025-09-08","11:49:45 AM","498","0","498","498","0"
"2930","2025-09-08","11:56:36 AM","1550","0","1550","1550","0"
"2931","2025-09-08","12:38:59 PM","102","0","102","102","0"
"2932","2025-09-08","12:39:27 PM","94","0","94","94","0"
"2933","2025-09-08","3:30:40 PM","1090","0","1090","1090","0"
"2934","2025-09-08","3:33:54 PM","100","0","100","100","0"
"2935","2025-09-08","3:50:39 PM","550","0","550","550","0"
"2936","2025-09-08","4:24:11 PM","830","0","830","830","0"
"2937","2025-09-08","4:29:43 PM","150","0","150","150","0"
"2938","2025-09-08","4:34:33 PM","50","0","50","50","0"
"2939","2025-09-08","5:11:12 PM","279","0","279","279","0"
"2940","2025-09-08","5:18:18 PM","668","0","668","668","0"
"2941","2025-09-08","6:41:01 PM","2395","0","2395","2395","0"
"2942","2025-09-08","6:42:12 PM","495","0","495","495","0"
"2943","2025-09-08","7:02:21 PM","970","0","970","970","0"
"2944","2025-09-08","7:06:44 PM","1010","10","1000","1000","0"
"2945","2025-09-08","7:08:28 PM","700","0","700","700","0"
"2946","2025-09-08","7:17:11 PM","360","0","360","360","0"
"2947","2025-09-08","7:38:23 PM","520","0","520","520","0"
"2948","2025-09-08","7:40:42 PM","600","0","600","600","0"
"2949","2025-09-08","7:58:57 PM","140","0","140","140","0"
"2950","2025-09-08","8:14:07 PM","1227","0","1227","1227","0"
"2951","2025-09-08","8:20:09 PM","648","0","648","648","0"
"2952","2025-09-08","8:35:31 PM","800","0","800","800","0"
"2953","2025-09-08","8:39:13 PM","270","0","270","270","0"
"2954","2025-09-08","8:42:53 PM","49","0","49","49","0"
"2955","2025-09-08","8:43:30 PM","970","0","970","970","0"
"2956","2025-09-08","8:47:05 PM","200","0","200","200","0"
"2957","2025-09-08","8:50:59 PM","100","0","100","100","0"
"2958","2025-09-08","9:01:58 PM","250","0","250","250","0"
"2959","2025-09-09","9:00:35 AM","350","0","350","350","0"
"2960","2025-09-09","9:31:50 AM","100","0","100","100","0"
"2961","2025-09-09","9:34:00 AM","460","10","450","450","0"
"2962","2025-09-09","11:17:55 AM","1840","0","1840","1840","0"
"2963","2025-09-09","11:19:51 AM","400","0","400","400","0"
"2964","2025-09-09","11:28:11 AM","550","0","550","550","0"
"2965","2025-09-09","11:39:36 AM","238","0","238","238","0"
"2966","2025-09-09","11:46:18 AM","579","0","579","579","0"
"2967","2025-09-09","12:21:23 PM","100","0","100","100","0"
"2968","2025-09-09","12:22:26 PM","640","0","640","640","0"
"2969","2025-09-09","4:10:49 PM","180","0","180","180","0"
"2970","2025-09-09","4:26:21 PM","294","0","294","294","0"
"2971","2025-09-09","5:05:10 PM","1280","0","1280","1280","0"
"2972","2025-09-09","5:20:27 PM","280","0","280","280","0"
"2973","2025-09-09","5:21:19 PM","779","0","779","779","0"
"2974","2025-09-09","5:43:25 PM","656","0","656","656","0"
"2975","2025-09-09","6:32:06 PM","1324","0","1324","1324","0"
"2976","2025-09-09","6:32:29 PM","50","0","50","50","0"
"2977","2025-09-09","6:47:42 PM","690","0","690","690","0"
"2978","2025-09-09","6:48:40 PM","280","0","280","280","0"
"2979","2025-09-09","6:50:07 PM","420","0","420","420","0"
"2980","2025-09-09","7:06:13 PM","275","0","275","275","0"
"2981","2025-09-09","7:27:53 PM","658","0","658","658","0"
"2982","2025-09-09","8:12:33 PM","2670","0","2670","2670","0"
"2983","2025-09-09","8:22:39 PM","366","0","366","366","0"
"2984","2025-09-09","8:30:48 PM","120","0","120","120","0"
"2985","2025-09-10","8:43:21 AM","230","0","230","230","0"
"2986","2025-09-10","8:59:40 AM","150","0","150","150","0"
"2987","2025-09-10","9:34:20 AM","300","0","300","300","0"
"2988","2025-09-10","9:58:25 AM","290","0","290","290","0"
"2989","2025-09-10","10:00:23 AM","1401","1","1400","1400","0"
"2990","2025-09-10","11:52:30 AM","817","0","817","817","0"
"2991","2025-09-10","2:50:07 PM","430","0","430","430","0"
"2992","2025-09-10","3:21:35 PM","250","0","250","250","0"
"2993","2025-09-10","3:27:33 PM","18","0","18","18","0"
"2994","2025-09-10","3:53:46 PM","540","0","540","540","0"
"2995","2025-09-10","5:30:38 PM","220","0","220","220","0"
"2996","2025-09-10","5:31:05 PM","419","0","419","419","0"
"2997","2025-09-10","5:32:21 PM","110","0","110","110","0"
"2998","2025-09-10","6:30:38 PM","1886","0","1886","1886","0"
"2999","2025-09-10","6:35:48 PM","1070","0","1070","1070","0"
"3000","2025-09-10","6:43:19 PM","834","34","800","800","0"
"3001","2025-09-10","7:07:30 PM","940","0","940","940","0"
"3002","2025-09-10","7:12:06 PM","1390","0","1390","1390","0"
"3003","2025-09-10","7:15:19 PM","150","0","150","150","0"
"3004","2025-09-10","7:15:58 PM","50","0","50","50","0"
"3005","2025-09-10","7:20:23 PM","130","0","130","130","0"
"3006","2025-09-10","8:47:22 PM","2800","0","2800","2800","0"
"3007","2025-09-11","4:52:58 PM","450","0","450","450","0"
"3008","2025-09-11","5:14:38 PM","205","0","205","205","0"
"3009","2025-09-11","5:15:33 PM","379","0","379","379","0"
"3010","2025-09-11","5:17:08 PM","150","0","150","150","0"
"3011","2025-09-11","6:03:06 PM","664","0","664","664","0"
"3012","2025-09-11","6:11:06 PM","179","0","179","179","0"
"3013","2025-09-11","6:16:40 PM","1560","0","1560","1560","0"
"3014","2025-09-11","6:19:04 PM","480","0","480","480","0"
"3015","2025-09-11","6:58:16 PM","948","0","948","948","0"
"3016","2025-09-11","7:02:56 PM","280","0","280","280","0"
"3017","2025-09-11","7:58:58 PM","1200","0","1200","1200","0"
"3018","2025-09-11","8:08:21 PM","888","0","888","888","0"
"3019","2025-09-11","8:51:27 PM","1389","0","1389","1389","0"
"3020","2025-09-12","10:08:10 AM","1755","0","1755","1755","0"
"3021","2025-09-12","10:13:36 AM","465","15","450","450","0"
"3022","2025-09-12","10:26:44 AM","410","0","410","410","0"
"3023","2025-09-12","11:22:22 AM","500","0","500","500","0"
"3024","2025-09-12","11:43:49 AM","1348","0","1348","1348","0"
"3025","2025-09-12","12:06:04 PM","540","0","540","540","0"
"3026","2025-09-12","5:44:55 PM","2315","0","2315","2315","0"
"3027","2025-09-12","7:00:10 PM","3495","0","3495","3495","0"
"3028","2025-09-12","7:12:54 PM","1150","0","1150","1150","0"
"3029","2025-09-12","7:14:00 PM","423","3","420","420","0"
"3030","2025-09-12","7:22:36 PM","170","0","170","170","0"
"3031","2025-09-12","7:48:11 PM","1610","0","1610","1610","0"
"3032","2025-09-12","8:59:03 PM","2345","0","2345","2345","0"
"3033","2025-09-12","8:41:59 AM","70","0","70","70","0"
"3034","2025-09-13","8:42:14 AM","120","0","120","120","0"
"3035","2025-09-13","9:09:12 AM","1065","0","1065","1065","0"
"3036","2025-09-13","10:26:41 AM","1801","0","1801","1801","0"
"3037","2025-09-13","10:27:53 AM","470","0","470","470","0"
"3038","2025-09-13","11:29:06 AM","150","0","150","150","0"
"3039","2025-09-13","11:29:41 AM","286","0","286","286","0"
"3040","2025-09-13","11:32:37 AM","45","0","45","45","0"
"3041","2025-09-13","5:00:01 PM","60","0","60","60","0"
"3042","2025-09-13","5:02:22 PM","360","0","360","360","0"
"3043","2025-09-13","5:12:44 PM","30","0","30","30","0"
"3044","2025-09-13","5:13:19 PM","190","0","190","190","0"
"3045","2025-09-13","5:33:35 PM","780","0","780","780","0"
"3046","2025-09-13","5:51:50 PM","470","0","470","470","0"
"3047","2025-09-13","5:54:42 PM","826","6","820","820","0"
"3048","2025-09-13","6:07:15 PM","632","2","630","630","0"
"3049","2025-09-13","6:15:18 PM","338","0","338","338","0"
"3050","2025-09-13","6:44:22 PM","390","0","390","390","0"
"3051","2025-09-13","6:59:08 PM","306","6","300","300","0"
"3052","2025-09-13","7:03:12 PM","400","0","400","400","0"
"3053","2025-09-13","7:10:35 PM","110","0","110","110","0"
"3054","2025-09-13","7:27:40 PM","260","0","260","260","0"
"3055","2025-09-13","7:29:38 PM","429","0","429","429","0"
"3056","2025-09-13","7:30:25 PM","800","0","800","800","0"
"3057","2025-09-13","7:48:48 PM","1020","0","1020","1020","0"
"3058","2025-09-13","8:10:39 PM","1548","0","1548","1548","0"
"3059","2025-09-13","8:11:08 PM","160","0","160","0","0"
"3060","2025-09-13","8:13:37 PM","150","0","150","150","0"
"3061","2025-09-13","8:36:05 PM","292","0","292","292","0"
"3062","2025-09-14","9:43:23 AM","290","0","290","290","0"
"3063","2025-09-14","9:45:22 AM","205","0","205","205","0"
"3064","2025-09-14","11:11:37 AM","2483","0","2483","2483","0"
"3065","2025-09-14","11:36:45 AM","1780","0","1780","1780","0"
"3066","2025-09-14","1:01:28 PM","1060","0","1060","1060","0"
"3067","2025-09-14","5:41:27 PM","1795","0","1795","1795","0"
"3068","2025-09-14","6:52:44 PM","4328","0","4328","4328","0"
"3069","2025-09-14","7:01:08 PM","1364","0","1364","1364","0"
"3070","2025-09-14","8:21:29 PM","4391","0","4391","4391","0"
"3071","2025-09-14","9:02:15 PM","1346","0","1346","1346","0"
"3072","2025-09-15","9:22:23 AM","170","0","170","170","0"
"3073","2025-09-15","9:26:47 AM","506","6","500","500","0"
"3074","2025-09-15","10:00:32 AM","1090","0","1090","1090","0"
"3075","2025-09-15","10:27:32 AM","750","0","750","750","0"
"3076","2025-09-15","10:35:41 AM","940","0","940","940","0"
"3077","2025-09-15","11:39:50 AM","1360","0","1360","1360","0"
"3078","2025-09-15","11:43:58 AM","850","0","850","850","0"
"3079","2025-09-15","11:46:35 AM","150","0","150","150","0"
"3080","2025-09-15","12:18:48 PM","780","0","780","780","0"
"3081","2025-09-15","12:25:01 PM","1335","0","1335","1335","0"
"3082","2025-09-15","12:33:56 PM","40","0","40","40","0"
"3083","2025-09-15","4:32:56 PM","550","0","550","550","0"
"3084","2025-09-15","5:19:37 PM","418","0","418","418","0"
"3085","2025-09-15","5:24:57 PM","150","0","150","150","0"
"3086","2025-09-15","5:59:21 PM","570","0","570","570","0"
"3087","2025-09-15","6:24:22 PM","1762","0","1762","1762","0"
"3088","2025-09-15","7:06:03 PM","2860","0","2860","0","0"
"3089","2025-09-15","7:10:46 PM","150","0","150","150","0"
"3090","2025-09-15","7:11:55 PM","966","0","966","966","0"
"3091","2025-09-15","7:14:53 PM","490","0","490","490","0"
"3092","2025-09-15","7:16:10 PM","70","0","70","70","0"
"3093","2025-09-15","7:18:31 PM","60","0","60","60","0"
"3094","2025-09-15","7:21:49 PM","170","0","170","170","0"
"3095","2025-09-15","7:33:03 PM","590","0","590","590","0"
"3096","2025-09-15","7:33:25 PM","280","0","280","280","0"
"3097","2025-09-15","7:38:28 PM","210","0","210","210","0"
"3098","2025-09-15","7:52:55 PM","30","0","30","30","0"
"3099","2025-09-15","8:06:55 PM","893","0","893","893","0"
"3100","2025-09-15","8:07:51 PM","40","0","40","40","0"
"3101","2025-09-15","8:30:20 PM","540","0","540","540","0"
"3102","2025-09-15","8:37:28 PM","780","0","780","780","0"
"3103","2025-09-15","8:46:43 PM","110","0","110","110","0"
"3104","2025-09-16","9:32:58 AM","400","0","400","400","0"
"3105","2025-09-16","9:55:12 AM","130","0","130","130","0"
"3106","2025-09-16","10:12:34 AM","500","0","500","500","0"
"3107","2025-09-16","12:25:06 PM","1325","0","1325","1325","0"
"3108","2025-09-16","12:28:57 PM","201","0","201","201","0"
"3109","2025-09-16","12:56:38 PM","490","0","490","490","0"
"3110","2025-09-16","5:35:48 PM","2070","0","2070","2070","0"
"3111","2025-09-16","5:49:11 PM","300","0","300","300","0"
"3112","2025-09-16","6:06:31 PM","837","0","837","837","0"
"3113","2025-09-16","6:18:38 PM","320","0","320","320","0"
"3114","2025-09-16","6:19:21 PM","1213","13","1200","1200","0"
"3115","2025-09-16","6:22:41 PM","300","0","300","300","0"
"3116","2025-09-16","6:28:09 PM","268","0","268","268","0"
"3117","2025-09-16","6:40:42 PM","1413","0","1413","1413","0"
"3118","2025-09-16","6:49:52 PM","380","0","380","380","0"
"3119","2025-09-16","6:50:36 PM","189","0","189","0","0"
"3120","2025-09-16","7:02:53 PM","575","0","575","575","0"
"3121","2025-09-16","7:05:56 PM","600","0","600","600","0"
"3122","2025-09-16","7:34:00 PM","1424","0","1424","1424","0"
"3123","2025-09-16","7:46:38 PM","598","0","598","598","0"
"3124","2025-09-16","8:01:59 PM","375","0","375","375","0"
"3125","2025-09-16","8:03:24 PM","370","0","370","370","0"
"3126","2025-09-16","8:07:26 PM","300","0","300","300","0"
"3127","2025-09-16","8:45:23 PM","1822","0","1822","1822","0"
"3128","2025-09-17","12:23:27 PM","833","0","833","833","0"
"3129","2025-09-17","5:19:46 PM","650","0","650","650","0"
"3130","2025-09-17","7:22:27 PM","6419","0","6419","6419","0"
"3131","2025-09-17","7:52:34 PM","2100","0","2100","2100","0"
"3132","2025-09-17","8:16:04 PM","1195","0","1195","1195","0"
"3133","2025-09-17","8:36:39 PM","790","0","790","790","0"
"3134","2025-09-17","8:44:35 PM","360","0","360","360","0"
"3135","2025-09-18","9:24:37 AM","400","0","400","400","0"
"3136","2025-09-18","9:31:11 AM","700","0","700","700","0"
"3137","2025-09-18","9:43:05 AM","330","0","330","330","0"
"3138","2025-09-18","9:49:54 AM","340","0","340","340","0"
"3139","2025-09-18","10:12:10 AM","79","0","79","79","0"
"3140","2025-09-18","10:12:41 AM","380","0","380","380","0"
"3141","2025-09-18","11:36:03 AM","625","0","625","625","0"
"3142","2025-09-18","11:42:25 AM","392","2","390","390","0"
"3143","2025-09-18","4:12:03 PM","149","0","149","149","0"
"3144","2025-09-18","4:12:47 PM","376","0","376","376","0"
"3145","2025-09-18","4:23:22 PM","630","0","630","630","0"
"3146","2025-09-18","5:06:39 PM","425","0","425","425","0"
"3147","2025-09-18","5:19:21 PM","90","0","90","90","0"
"3148","2025-09-18","5:20:25 PM","950","0","950","950","0"
"3149","2025-09-18","5:24:06 PM","840","0","840","840","0"
"3150","2025-09-18","6:47:28 PM","4517","0","4517","4517","0"
"3151","2025-09-18","6:51:50 PM","90","0","90","90","0"
"3152","2025-09-18","6:52:14 PM","576","0","576","576","0"
"3153","2025-09-18","7:27:40 PM","830","0","830","830","0"
"3154","2025-09-18","7:46:20 PM","240","0","240","240","0"
"3155","2025-09-18","7:46:45 PM","450","0","450","450","0"
"3156","2025-09-18","7:52:12 PM","123","0","123","123","0"
"3157","2025-09-18","8:05:48 PM","100","0","100","100","0"
"3158","2025-09-18","8:26:18 PM","379","0","379","379","0"
"3159","2025-09-18","8:26:36 PM","150","0","150","150","0"
"3160","2025-09-18","8:28:59 PM","1500","0","1500","1500","0"
"3161","2025-09-19","8:57:41 AM","189","0","189","189","0"
"3162","2025-09-19","8:59:07 AM","470","0","470","470","0"
"3163","2025-09-19","10:13:04 AM","1727","0","1727","1727","0"
"3164","2025-09-19","10:24:42 AM","720","0","720","720","0"
"3165","2025-09-19","11:24:17 AM","1446","0","1446","1446","0"
"3166","2025-09-19","11:40:52 AM","187","0","187","187","0"
"3167","2025-09-19","11:44:35 AM","369","0","369","369","0"
"3168","2025-09-19","11:50:17 AM","880","0","880","880","0"
"3169","2025-09-19","11:54:18 AM","120","0","120","120","0"
"3170","2025-09-19","4:07:54 PM","100","0","100","100","0"
"3171","2025-09-19","4:37:26 PM","15","0","15","15","0"
"3172","2025-09-19","5:08:47 PM","946","0","946","946","0"
"3173","2025-09-19","5:32:16 PM","1070","0","1070","1070","0"
"3174","2025-09-19","6:22:38 PM","3307","0","3307","3307","0"
"3175","2025-09-19","6:24:06 PM","495","0","495","495","0"
"3176","2025-09-19","6:35:42 PM","168","0","168","168","0"
"3177","2025-09-19","6:45:44 PM","3780","0","3780","3780","0"
"3178","2025-09-19","6:55:00 PM","1190","0","1190","1190","0"
"3179","2025-09-19","7:00:56 PM","740","0","740","740","0"
"3180","2025-09-19","7:12:27 PM","600","0","600","600","0"
"3181","2025-09-19","7:23:48 PM","355","0","355","355","0"
"3182","2025-09-19","7:26:22 PM","2270","0","2270","2270","0"
"3183","2025-09-19","7:31:30 PM","240","0","240","240","0"
"3184","2025-09-19","8:11:44 PM","1330","0","1330","1330","0"
"3185","2025-09-19","8:12:51 PM","640","0","640","640","0"
"3186","2025-09-19","8:13:39 PM","130","0","130","130","0"
"3187","2025-09-19","9:01:06 PM","1462","0","1462","1462","0"
"3188","2025-09-20","9:22:41 AM","390","0","390","390","0"
"3189","2025-09-20","9:37:33 AM","1820","0","1820","1820","0"
"3190","2025-09-20","10:55:56 AM","1829","0","1829","1829","0"
"3191","2025-09-20","10:56:46 AM","190","0","190","190","0"
"3192","2025-09-20","11:09:09 AM","75","0","75","75","0"
"3193","2025-09-20","11:12:38 AM","89","0","89","89","0"
"3194","2025-09-20","4:22:53 PM","2565","0","2565","2565","0"
"3195","2025-09-20","4:28:03 PM","297","0","297","297","0"
"3196","2025-09-20","5:13:47 PM","900","0","900","900","0"
"3197","2025-09-20","5:14:24 PM","250","0","250","250","0"
"3198","2025-09-20","5:43:53 PM","1500","0","1500","1500","0"
"3199","2025-09-20","5:56:34 PM","370","0","370","370","0"
"3200","2025-09-20","6:38:11 PM","770","0","770","770","0"
"3201","2025-09-20","7:10:22 PM","1639","0","1639","1639","0"
"3202","2025-09-20","7:11:18 PM","1190","0","1190","1190","0"
"3203","2025-09-20","7:14:24 PM","272","0","272","272","0"
"3204","2025-09-20","7:18:10 PM","380","0","380","380","0"
"3205","2025-09-20","7:19:47 PM","140","0","140","140","0"
"3206","2025-09-20","7:27:50 PM","312","0","312","312","0"
"3207","2025-09-20","7:32:51 PM","860","0","860","0","0"
"3208","2025-09-20","7:38:39 PM","370","0","370","370","0"
"3209","2025-09-20","7:42:31 PM","605","0","605","605","0"
"3210","2025-09-20","8:00:15 PM","1840","0","1840","1840","0"
"3211","2025-09-20","8:22:02 PM","220","0","220","220","0"
"3212","2025-09-20","8:38:06 PM","769","0","769","769","0"
"3213","2025-09-20","8:40:17 PM","150","0","150","150","0"
"3214","2025-09-20","8:50:01 PM","200","0","200","200","0"
"3215","2025-09-20","8:51:23 PM","170","0","170","170","0"
"3216","2025-09-21","9:24:27 AM","580","0","580","580","0"
"3217","2025-09-21","9:32:09 AM","60","0","60","60","0"
"3218","2025-09-21","9:56:23 AM","80","0","80","80","0"
"3219","2025-09-21","10:34:37 AM","495","0","495","495","0"
"3220","2025-09-21","10:51:27 AM","900","0","900","900","0"
"3221","2025-09-21","10:56:56 AM","450","0","450","450","0"
"3222","2025-09-21","5:33:43 PM","1272","0","1272","1272","0"
"3223","2025-09-21","5:52:23 PM","280","0","280","280","0"
"3224","2025-09-21","5:53:31 PM","490","0","490","490","0"
"3225","2025-09-21","7:17:14 PM","3790","0","3790","3790","0"
"3226","2025-09-21","8:17:23 PM","1770","0","1770","1770","0"
"3227","2025-09-21","8:20:27 PM","850","0","850","850","0"
"3228","2025-09-21","8:30:22 PM","1620","0","1620","1620","0"
"3229","2025-09-22","9:06:50 AM","100","0","100","100","0"
"3230","2025-09-22","9:43:22 AM","1390","0","1390","1390","0"
"3231","2025-09-22","10:06:34 AM","130","0","130","130","0"
"3232","2025-09-22","10:41:56 AM","290","0","290","290","0"
"3233","2025-09-22","11:25:32 AM","795","0","795","795","0"
"3234","2025-09-22","11:53:41 AM","500","0","500","500","0"
"3235","2025-09-22","12:05:36 PM","270","0","270","270","0"
"3236","2025-09-22","12:06:14 PM","325","5","320","320","0"
"3237","2025-09-22","12:08:21 PM","270","0","270","270","0"
"3238","2025-09-22","12:14:25 PM","200","0","200","200","0"
"3239","2025-09-22","12:31:36 PM","30","0","30","30","0"
"3240","2025-09-22","12:33:11 PM","100","0","100","100","0"
"3241","2025-09-22","12:34:14 PM","100","0","100","100","0"
"3242","2025-09-22","12:37:15 PM","480","0","480","480","0"
"3243","2025-09-22","5:28:25 PM","579","0","579","579","0"
"3244","2025-09-22","5:30:12 PM","1065","15","1050","1050","0"
"3245","2025-09-22","5:32:34 PM","170","0","170","170","0"
"3246","2025-09-22","5:35:57 PM","500","0","500","500","0"
"3247","2025-09-22","5:43:13 PM","940","0","940","940","0"
"3248","2025-09-22","6:19:39 PM","1340","0","1340","1340","0"
"3249","2025-09-22","6:32:48 PM","400","0","400","400","0"
"3250","2025-09-22","8:11:31 PM","8199","0","8199","8199","0"
"3251","2025-09-22","8:27:13 PM","300","0","300","300","0"
"3252","2025-09-23","10:04:43 AM","1138","0","1138","1138","0"
"3253","2025-09-23","10:15:14 AM","150","0","150","150","0"
"3254","2025-09-23","10:41:05 AM","1587","0","1587","1587","0"
"3255","2025-09-23","10:53:40 AM","250","0","250","250","0"
"3256","2025-09-23","10:54:24 AM","446","6","440","440","0"
"3257","2025-09-23","11:45:21 AM","1480","0","1480","1480","0"
"3258","2025-09-23","11:57:21 AM","1080","0","1080","1080","0"
"3259","2025-09-23","12:22:30 PM","670","0","670","670","0"
"3260","2025-09-23","12:50:52 PM","50","0","50","50","0"
"3261","2025-09-23","12:51:36 PM","380","0","380","380","0"
"3262","2025-09-23","4:07:33 PM","585","0","585","585","0"
"3263","2025-09-23","4:24:46 PM","350","0","350","350","0"
"3264","2025-09-23","4:26:11 PM","700","0","700","700","0"
"3265","2025-09-23","4:59:13 PM","1460","0","1460","1460","0"
"3266","2025-09-23","5:16:03 PM","520","0","520","520","0"
"3267","2025-09-23","5:22:20 PM","300","0","300","300","0"
"3268","2025-09-23","5:44:50 PM","948","0","948","948","0"
"3269","2025-09-23","6:02:08 PM","1980","0","1980","1980","0"
"3270","2025-09-23","6:25:51 PM","2378","0","2378","2378","0"
"3271","2025-09-23","6:53:48 PM","2860","0","2860","2860","0"
"3272","2025-09-23","7:26:59 PM","2487","0","2487","2487","0"
"3273","2025-09-23","7:31:40 PM","98","0","98","98","0"
"3274","2025-09-23","7:39:09 PM","130","0","130","130","0"
"3275","2025-09-23","7:53:50 PM","920","0","920","920","0"
"3276","2025-09-23","7:54:49 PM","280","0","280","280","0"
"3277","2025-09-23","8:16:09 PM","1749","0","1749","1749","0"
"3278","2025-09-23","8:16:35 PM","225","0","225","225","0"
"3279","2025-09-23","8:48:55 PM","644","0","644","644","0"
"3280","2025-09-23","8:51:43 PM","30","0","30","30","0"
"3281","2025-09-24","9:22:40 AM","250","0","250","250","0"
"3282","2025-09-24","10:09:50 AM","180","0","180","180","0"
"3283","2025-09-24","10:11:10 AM","420","0","420","420","0"
"3284","2025-09-24","10:43:20 AM","579","0","579","579","0"
"3285","2025-09-24","10:45:32 AM","425","50","375","375","0"
"3286","2025-09-24","11:04:19 AM","1822","0","1822","1822","0"
"3287","2025-09-24","4:17:10 PM","286","0","286","286","0"
"3288","2025-09-24","4:26:22 PM","280","0","280","280","0"
"3289","2025-09-24","4:39:28 PM","280","0","280","280","0"
"3290","2025-09-24","5:29:07 PM","818","0","818","818","0"
"3291","2025-09-24","6:20:22 PM","5219","0","5219","5219","0"
"3292","2025-09-24","6:27:55 PM","1350","0","1350","1350","0"
"3293","2025-09-24","6:56:39 PM","626","0","626","626","0"
"3294","2025-09-24","7:17:16 PM","1040","0","1040","1040","0"
"3295","2025-09-24","7:42:19 PM","1230","0","1230","1230","0"
"3296","2025-09-24","8:25:06 PM","1820","0","1820","1820","0"
"3297","2025-09-25","9:34:27 AM","598","0","598","598","0"
"3298","2025-09-25","10:18:43 AM","400","0","400","400","0"
"3299","2025-09-25","10:51:28 AM","1600","0","1600","1600","0"
"3300","2025-09-25","11:31:33 AM","580","0","580","580","0"
"3301","2025-09-25","11:56:04 AM","780","0","780","780","0"
"3302","2025-09-25","11:56:42 AM","300","0","300","300","0"
"3303","2025-09-25","12:45:01 PM","2450","0","0","0","0"
"3304","2025-09-25","4:00:32 PM","2080","0","2080","2080","0"
"3305","2025-09-25","4:00:54 PM","60","0","60","0","0"
"3306","2025-09-25","4:07:04 PM","1303","3","1300","1300","0"
"3307","2025-09-25","4:24:54 PM","300","0","300","300","0"
"3308","2025-09-25","5:18:44 PM","573","0","573","573","0"
"3309","2025-09-25","5:40:07 PM","850","0","850","850","0"
"3310","2025-09-25","5:53:36 PM","1550","0","1550","1550","0"
"3311","2025-09-25","6:05:35 PM","190","0","190","190","0"
"3312","2025-09-25","6:38:22 PM","1145","0","1145","1145","0"
"3313","2025-09-25","6:42:20 PM","120","0","120","120","0"
"3314","2025-09-25","6:59:35 PM","551","0","551","551","0"
"3315","2025-09-25","7:02:20 PM","250","0","250","250","0"
"3316","2025-09-25","7:21:48 PM","470","0","470","470","0"
"3317","2025-09-25","7:33:13 PM","1650","0","1650","1650","0"
"3318","2025-09-26","11:48:05 AM","2350","0","2350","2350","0"
"3319","2025-09-26","11:53:16 AM","130","0","130","130","0"
"3320","2025-09-26","11:54:46 AM","83","0","83","83","0"
"3321","2025-09-26","12:34:13 PM","1283","0","1283","1283","0"
"3322","2025-09-26","12:35:25 PM","50","0","50","50","0"
"3323","2025-09-26","3:51:25 PM","1340","10","1330","1330","0"
"3324","2025-09-26","4:10:48 PM","50","0","50","50","0"
"3325","2025-09-26","5:12:05 PM","95","0","95","95","0"
"3326","2025-09-26","5:24:25 PM","210","10","200","200","0"
"3327","2025-09-26","5:34:13 PM","800","0","800","800","0"
"3328","2025-09-26","5:41:01 PM","750","0","750","750","0"
"3329","2025-09-26","5:44:42 PM","2200","0","2200","2200","0"
"3330","2025-09-26","5:51:48 PM","1150","0","1150","1150","0"
"3331","2025-09-26","6:01:34 PM","496","0","496","496","0"
"3332","2025-09-26","6:28:08 PM","6865","0","6865","6865","0"
"3333","2025-09-26","6:42:10 PM","1136","0","1136","1136","0"
"3334","2025-09-26","6:42:50 PM","98","0","98","98","0"
"3335","2025-09-26","6:52:58 PM","760","10","750","750","0"
"3336","2025-09-26","7:03:27 PM","380","0","380","380","0"
"3337","2025-09-26","8:34:56 PM","4349","0","4349","4349","0"
"3338","2025-09-27","11:59:23 AM","3320","0","3320","3320","0"
"3339","2025-09-27","7:55:16 PM","11393","0","11393","11393","0"
"3340","2025-09-28","7:50:29 PM","8287","0","8287","8287","0"
"3341","2025-09-28","7:52:03 PM","240","0","240","240","0"
"3342","2025-09-28","8:38:06 PM","674","0","674","674","0"
"3343","2025-09-28","8:50:39 PM","280","0","280","280","0"
"3344","2025-09-29","9:06:37 AM","555","0","555","555","0"
"3345","2025-09-29","9:28:47 AM","150","0","150","150","0"
"3346","2025-09-29","9:47:14 AM","586","0","586","586","0"
"3347","2025-09-29","10:10:43 AM","205","0","205","205","0"
"3348","2025-09-29","11:10:13 AM","387","0","387","387","0"
"3349","2025-09-29","11:48:48 AM","1088","0","1088","1088","0"
"3350","2025-09-29","12:18:45 PM","50","0","50","50","0"
"3351","2025-09-29","12:28:07 PM","402","0","402","402","0"
"3352","2025-09-29","12:47:12 PM","870","0","870","870","0"
"3353","2025-09-29","3:40:32 PM","305","0","305","305","0"
"3354","2025-09-29","4:34:15 PM","300","0","300","300","0"
"3355","2025-09-29","4:58:18 PM","400","0","400","400","0"
"3356","2025-09-29","5:41:49 PM","4521","0","4521","4521","0"
"3357","2025-09-29","5:44:15 PM","345","0","345","345","0"
"3358","2025-09-29","5:49:02 PM","1376","0","1376","1376","0"
"3359","2025-09-29","5:55:17 PM","480","0","480","480","0"
"3360","2025-09-29","5:58:04 PM","310","0","310","310","0"
"3361","2025-09-29","6:22:50 PM","1145","0","1145","1145","0"
"3362","2025-09-29","6:24:55 PM","120","0","120","120","0"
"3363","2025-09-29","6:28:50 PM","750","0","750","750","0"
"3364","2025-09-29","6:30:40 PM","250","0","250","250","0"
"3365","2025-09-29","6:51:12 PM","661","0","661","661","0"
"3366","2025-09-29","7:06:07 PM","550","0","550","550","0"
"3367","2025-09-29","7:07:27 PM","450","0","450","450","0"
"3368","2025-09-29","7:43:09 PM","826","0","826","826","0"
"3369","2025-09-29","8:12:37 PM","676","0","676","676","0"
"3370","2025-09-30","10:05:48 AM","130","0","130","130","0"
"3371","2025-09-30","10:18:16 AM","300","0","300","300","0"
"3372","2025-09-30","11:09:19 AM","2010","0","2010","2010","0"
"3373","2025-09-30","11:10:13 AM","100","0","100","100","0"
"3374","2025-09-30","11:20:03 AM","370","0","370","370","0"
"3375","2025-09-30","11:36:50 AM","430","0","430","430","0"
"3376","2025-09-30","11:37:52 AM","700","0","700","700","0"
"3377","2025-09-30","11:57:47 AM","250","0","250","250","0"
"3378","2025-09-30","11:59:22 AM","1920","20","1900","1900","0"
"3379","2025-09-30","12:10:33 PM","400","0","400","400","0"
"3380","2025-09-30","12:30:36 PM","50","0","50","50","0"
"3381","2025-09-30","3:57:57 PM","265","0","265","265","0"
"3382","2025-09-30","4:20:30 PM","95","0","95","95","0"
"3383","2025-09-30","4:33:51 PM","500","0","500","500","0"
"3384","2025-09-30","5:18:06 PM","1289","0","1289","1289","0"
"3385","2025-09-30","5:18:43 PM","670","20","650","650","0"
"3386","2025-09-30","5:22:10 PM","237","0","237","237","0"
"3387","2025-09-30","5:23:15 PM","492","0","492","492","0"
"3388","2025-09-30","6:13:06 PM","5218","0","5218","5218","0"
"3389","2025-09-30","7:26:19 PM","3430","0","3430","3430","0"
"3390","2025-09-30","7:26:59 PM","230","0","230","230","0"
"3391","2025-09-30","7:27:26 PM","235","0","235","235","0"
"3392","2025-09-30","7:29:20 PM","300","0","300","300","0"
"3393","2025-09-30","7:29:34 PM","20","0","20","20","0"
"3394","2025-09-30","8:46:46 PM","2390","0","2390","2390","0"
"3395","2025-10-01","9:26:54 AM","731","0","731","731","0"
"3396","2025-10-01","9:33:58 AM","960","10","950","950","0"
"3397","2025-10-01","11:42:16 AM","959","0","959","959","0"
"3398","2025-10-01","11:43:41 AM","240","0","240","240","0"
"3399","2025-10-01","12:32:40 PM","540","0","540","540","0"
"3400","2025-10-01","12:47:54 PM","330","0","330","330","0"
"3401","2025-10-01","9:01:51 PM","12325","0","12325","12325","0"
"3402","2025-10-02","9:14:00 AM","150","0","150","150","0"
"3403","2025-10-02","10:52:19 AM","1796","0","1796","1796","0"
"3404","2025-10-02","11:18:58 AM","270","0","270","270","0"
"3405","2025-10-02","11:52:25 AM","350","0","350","350","0"
"3406","2025-10-02","8:50:38 PM","13682","0","13682","13682","0"
"3407","2025-10-03","8:38:04 AM","120","0","120","120","0"
"3408","2025-10-03","10:13:14 AM","175","0","175","175","0"
"3409","2025-10-03","10:27:27 AM","977","0","977","977","0"
"3410","2025-10-03","10:58:37 AM","600","0","600","600","0"
"3411","2025-10-03","11:48:43 AM","390","0","390","390","0"
"3412","2025-10-03","11:57:31 AM","4507","0","4507","4507","0"
"3413","2025-10-03","12:00:57 PM","270","0","270","270","0"
"3414","2025-10-03","12:06:34 PM","750","0","750","750","0"
"3415","2025-10-03","12:22:36 PM","340","0","340","340","0"
"3416","2025-10-03","12:25:18 PM","200","0","200","200","0"
"3417","2025-10-03","12:33:41 PM","459","0","459","459","0"
"3418","2025-10-03","2:08:40 PM","500","0","500","500","0"
"3419","2025-10-03","2:18:48 PM","90","0","90","90","0"
"3420","2025-10-03","2:59:14 PM","1500","0","1500","1500","0"
"3421","2025-10-03","4:19:09 PM","388","0","388","388","0"
"3422","2025-10-03","4:22:51 PM","330","0","330","330","0"
"3423","2025-10-03","4:33:49 PM","450","0","450","450","0"
"3424","2025-10-03","4:50:57 PM","2300","0","2300","2300","0"
"3425","2025-10-03","5:03:37 PM","700","0","700","700","0"
"3426","2025-10-03","5:34:26 PM","3500","0","3500","3500","0"
"3427","2025-10-03","6:11:07 PM","1678","0","1678","1678","0"
"3428","2025-10-03","6:24:20 PM","360","0","360","360","0"
"3429","2025-10-03","6:31:13 PM","1910","0","1910","1910","0"
"3430","2025-10-03","6:39:54 PM","2220","0","2220","2220","0"
"3431","2025-10-03","7:32:37 PM","2719","0","2719","2719","0"
"3432","2025-10-03","8:12:54 PM","700","0","700","700","0"
"3433","2025-10-03","8:13:34 PM","946","0","946","946","0"
"3434","2025-10-04","1:03:11 PM","2790","0","2790","2790","0"
"3435","2025-10-04","3:28:40 PM","3428","0","3428","3428","0"
"3436","2025-10-04","7:35:56 PM","9184","0","9184","9184","0"
"3437","2025-10-04","8:07:20 PM","100","0","100","100","0"
"3438","2025-10-05","1:14:41 PM","6670","0","6670","6670","0"
"3439","2025-10-05","3:15:37 PM","574","4","570","570","0"
"3440","2025-10-05","3:20:32 PM","640","0","640","640","0"
"3441","2025-10-05","3:48:14 PM","892","0","892","892","0"
"3442","2025-10-05","4:56:13 PM","1161","0","1161","1161","0"
"3443","2025-10-05","6:41:32 PM","3988","0","3988","3988","0"
"3444","2025-10-05","7:12:56 PM","1290","0","1290","1290","0"
"3445","2025-10-05","7:25:30 PM","780","10","770","770","0"
"3446","2025-10-05","8:19:17 PM","660","0","660","660","0"
"3447","2025-10-05","8:23:48 PM","150","0","150","150","0"
"3448","2025-10-05","9:04:38 PM","260","0","260","260","0"
"3449","2025-10-06","9:47:51 AM","430","0","430","430","0"
"3450","2025-10-06","10:06:50 AM","310","0","310","310","0"
"3451","2025-10-06","10:24:59 AM","599","0","599","599","0"
"3452","2025-10-06","10:49:17 AM","830","0","830","830","0"
"3453","2025-10-06","10:57:06 AM","240","0","240","240","0"
"3454","2025-10-06","11:04:13 AM","50","0","50","50","0"
"3455","2025-10-06","11:49:30 AM","1253","0","1253","1253","0"
"3456","2025-10-06","11:50:46 AM","850","0","850","850","0"
"3457","2025-10-06","1:42:09 PM","50","0","50","50","0"
"3458","2025-10-06","1:43:31 PM","2011","11","2000","2000","0"
"3459","2025-10-06","1:47:01 PM","140","0","140","140","0"
"3460","2025-10-06","2:26:19 PM","1440","0","1440","1440","0"
"3461","2025-10-06","2:34:25 PM","100","0","100","100","0"
"3462","2025-10-06","2:44:34 PM","675","0","675","675","0"
"3463","2025-10-06","3:37:02 PM","1092","4","1088","1088","0"
"3464","2025-10-06","3:37:44 PM","850","0","850","850","0"
"3465","2025-10-06","4:16:52 PM","538","0","538","538","0"
"3466","2025-10-06","4:21:31 PM","530","0","530","0","0"
"3467","2025-10-06","4:24:55 PM","3006","5","3001","3001","0"
"3468","2025-10-06","4:40:03 PM","1050","0","1050","1050","0"
"3469","2025-10-06","4:55:46 PM","580","0","580","580","0"
"3470","2025-10-06","4:58:00 PM","220","0","220","220","0"
"3471","2025-10-06","5:16:40 PM","1550","0","1550","1550","0"
"3472","2025-10-06","5:18:55 PM","200","0","200","200","0"
"3473","2025-10-06","5:46:56 PM","2825","0","2825","2825","0"
"3474","2025-10-06","6:21:40 PM","1780","0","1780","1780","0"
"3475","2025-10-06","6:56:32 PM","1221","0","1221","1221","0"
"3476","2025-10-06","7:02:07 PM","105","0","105","105","0"
"3477","2025-10-06","7:03:21 PM","40","0","40","40","0"
"3478","2025-10-06","7:14:12 PM","480","0","480","480","0"
"3479","2025-10-06","7:31:52 PM","280","0","280","280","0"
"3480","2025-10-06","8:13:53 PM","770","0","770","770","0"
"3481","2025-10-07","9:34:41 AM","1909","0","1909","1909","0"
"3482","2025-10-07","9:42:05 AM","100","0","100","100","0"
"3483","2025-10-07","9:51:45 AM","270","0","270","270","0"
"3484","2025-10-07","10:13:16 AM","720","0","720","720","0"
"3485","2025-10-07","10:36:52 AM","568","0","568","568","0"
"3486","2025-10-07","10:54:49 AM","450","0","450","450","0"
"3487","2025-10-07","11:05:15 AM","115","0","115","115","0"
"3488","2025-10-07","11:18:08 AM","264","4","260","260","0"
"3489","2025-10-07","11:34:26 AM","620","0","620","620","0"
"3490","2025-10-07","11:36:04 AM","400","0","400","400","0"
"3491","2025-10-07","12:18:04 PM","210","0","210","210","0"
"3492","2025-10-07","12:21:45 PM","560","10","550","550","0"
"3493","2025-10-07","12:32:50 PM","230","0","230","230","0"
"3494","2025-10-07","2:57:45 PM","1228","0","1228","1228","0"
"3495","2025-10-07","2:58:31 PM","1050","0","1050","1050","0"
"3496","2025-10-07","4:41:57 PM","4258","0","4258","4258","0"
"3497","2025-10-07","4:44:13 PM","50","0","50","50","0"
"3498","2025-10-07","4:48:59 PM","450","0","450","450","0"
"3499","2025-10-07","5:27:56 PM","2047","0","2047","2047","0"
"3500","2025-10-07","5:29:34 PM","760","0","760","760","0"
"3501","2025-10-07","6:00:38 PM","290","0","290","290","0"
"3502","2025-10-07","6:21:13 PM","3855","0","3855","3855","0"
"3503","2025-10-07","6:25:59 PM","320","0","320","320","0"
"3504","2025-10-07","6:40:50 PM","1880","0","1880","1880","0"
"3505","2025-10-07","6:56:11 PM","1990","0","1990","1990","0"
"3506","2025-10-07","6:57:24 PM","100","0","100","100","0"
"3507","2025-10-07","8:09:05 PM","4184","0","4184","4184","0"
"3508","2025-10-08","10:24:03 AM","1560","0","1560","1560","0"
"3509","2025-10-08","11:33:36 AM","1669","0","1669","1669","0"
"3510","2025-10-08","12:30:13 PM","2100","0","2100","2100","0"
"3511","2025-10-08","1:02:38 PM","100","0","100","100","0"
"3512","2025-10-08","1:05:13 PM","400","0","400","400","0"
"3513","2025-10-08","1:49:44 PM","200","0","200","200","0"
"3514","2025-10-08","1:51:06 PM","1436","0","1436","1436","0"
"3515","2025-10-08","2:56:06 PM","985","0","985","985","0"
"3516","2025-10-08","5:12:00 PM","3501","0","3501","3501","0"
"3517","2025-10-08","5:56:04 PM","6103","0","6103","6103","0"
"3518","2025-10-08","6:18:36 PM","2520","0","2520","2520","0"
"3519","2025-10-08","6:25:56 PM","50","0","50","50","0"
"3520","2025-10-08","6:27:22 PM","180","0","180","180","0"
"3521","2025-10-08","6:29:18 PM","1040","0","1040","1040","0"
"3522","2025-10-08","6:35:46 PM","295","0","295","295","0"
"3523","2025-10-08","6:37:16 PM","598","0","598","598","0"
"3524","2025-10-08","6:46:55 PM","305","0","305","305","0"
"3525","2025-10-08","6:48:49 PM","298","0","298","298","0"
"3526","2025-10-08","6:53:04 PM","280","0","280","0","0"
"3527","2025-10-08","6:54:13 PM","280","0","280","280","0"
"3528","2025-10-08","7:02:41 PM","440","0","440","440","0"
"3529","2025-10-08","7:21:17 PM","1260","0","1260","1260","0"
"3530","2025-10-08","7:49:53 PM","210","0","210","210","0"
"3531","2025-10-08","7:50:48 PM","675","0","675","675","0"
"3532","2025-10-08","8:18:56 PM","1340","0","1340","1340","0"
"3533","2025-10-08","8:19:36 PM","370","0","370","370","0"
"3534","2025-10-08","8:38:51 PM","150","0","150","150","0"
"3535","2025-10-09","9:18:23 AM","10","0","10","10","0"
"3536","2025-10-09","11:03:38 AM","2927","0","2927","2927","0"
"3537","2025-10-09","1:07:52 PM","2330","0","2330","2330","0"
"3538","2025-10-09","1:19:06 PM","240","0","240","240","0"
"3539","2025-10-09","1:50:28 PM","725","0","725","725","0"
"3540","2025-10-09","3:56:36 PM","409","0","409","409","0"
"3541","2025-10-09","6:18:01 PM","6995","0","6995","6995","0"
"3542","2025-10-09","6:47:11 PM","3000","0","3000","3000","0"
"3543","2025-10-09","7:14:07 PM","2858","0","2858","2858","0"
"3544","2025-10-09","7:30:45 PM","945","0","945","945","0"
"3545","2025-10-09","8:35:29 PM","1500","0","1500","1500","0"
"3546","2025-10-10","8:49:07 AM","49","0","49","49","0"
"3547","2025-10-10","8:51:15 AM","680","0","680","680","0"
"3548","2025-10-10","9:38:21 AM","1035","0","1035","1035","0"
"3549","2025-10-10","10:03:14 AM","50","0","50","50","0"
"3550","2025-10-10","10:04:06 AM","403","3","400","400","0"
"3551","2025-10-10","10:33:50 AM","354","0","354","354","0"
"3552","2025-10-10","11:05:52 AM","1319","0","1319","1319","0"
"3553","2025-10-10","3:47:25 PM","510","0","510","510","0"
"3554","2025-10-10","3:52:30 PM","250","0","250","250","0"
"3555","2025-10-10","5:23:54 PM","2149","0","2149","2149","0"
"3556","2025-10-10","5:47:14 PM","1088","0","1088","1088","0"
"3557","2025-10-10","5:49:12 PM","170","0","170","170","0"
"3558","2025-10-10","5:51:42 PM","760","10","750","750","0"
"3559","2025-10-10","5:54:42 PM","270","0","270","270","0"
"3560","2025-10-10","6:00:30 PM","578","0","578","578","0"
"3561","2025-10-10","6:01:48 PM","400","0","400","400","0"
"3562","2025-10-10","8:19:07 PM","13291","0","13291","13291","0"
"3563","2025-10-10","8:25:59 AM","50","0","50","50","0"
"3564","2025-10-11","10:59:26 AM","1905","0","1905","1905","0"
"3565","2025-10-11","11:09:51 AM","748","0","748","748","0"
"3566","2025-10-11","12:08:36 PM","1440","0","1440","1440","0"
"3567","2025-10-11","12:41:01 PM","730","0","730","730","0"
"3568","2025-10-11","6:54:29 PM","6624","0","6624","6624","0"
"3569","2025-10-11","8:33:21 PM","4078","0","4078","4078","0"
"3570","2025-10-12","11:30:38 AM","849","0","849","849","0"
"3571","2025-10-12","11:36:50 AM","546","0","546","546","0"
"3572","2025-10-12","11:37:36 AM","340","0","340","340","0"
"3573","2025-10-12","11:55:32 AM","240","0","240","240","0"
"3574","2025-10-12","3:53:32 PM","550","0","550","550","0"
"3575","2025-10-12","5:10:20 PM","1815","0","1815","1815","0"
"3576","2025-10-12","5:55:12 PM","3213","0","3213","3213","0"
"3577","2025-10-12","5:56:53 PM","90","0","90","90","0"
"3578","2025-10-12","6:26:35 PM","996","0","996","996","0"
"3579","2025-10-12","6:45:46 PM","2279","0","2279","0","0"
"3580","2025-10-12","7:54:10 PM","2109","0","2109","2109","0"
"3581","2025-10-12","8:04:38 PM","280","0","280","280","0"
"3582","2025-10-13","8:46:46 AM","440","0","440","440","0"
"3583","2025-10-13","8:56:25 AM","170","0","170","170","0"
"3584","2025-10-13","1:00:41 PM","2275","0","2275","2275","0"
"3585","2025-10-13","2:18:50 PM","800","0","800","800","0"
"3586","2025-10-13","2:32:28 PM","618","0","618","618","0"
"3587","2025-10-13","2:45:08 PM","1299","0","1299","1299","0"
"3588","2025-10-13","2:48:38 PM","564","0","564","564","0"
"3589","2025-10-13","3:59:25 PM","2826","0","2826","2826","0"
"3590","2025-10-13","5:05:11 PM","1280","0","1280","1280","0"
"3591","2025-10-13","5:28:41 PM","2390","0","2390","2390","0"
"3592","2025-10-13","5:30:59 PM","500","0","500","500","0"
"3593","2025-10-13","6:30:49 PM","1869","0","1869","1869","0"
"3594","2025-10-13","7:11:12 PM","771","0","771","771","0"
"3595","2025-10-13","7:15:30 PM","310","0","310","310","0"
"3596","2025-10-13","7:19:16 PM","100","0","100","100","0"
"3597","2025-10-13","7:26:00 PM","160","0","160","160","0"
"3598","2025-10-13","7:28:46 PM","250","0","250","250","0"
"3599","2025-10-13","7:31:28 PM","840","0","840","840","0"
"3600","2025-10-13","8:01:47 PM","3056","0","3056","3056","0"
"3601","2025-10-13","8:03:17 PM","96","0","96","96","0"
"3602","2025-10-13","8:31:36 PM","189","0","189","189","0"
"3603","2025-10-14","8:43:32 AM","220","0","220","220","0"
"3604","2025-10-14","8:49:57 AM","1006","6","1000","1000","0"
"3605","2025-10-14","9:31:25 AM","970","0","970","970","0"
"3606","2025-10-14","9:43:10 AM","440","0","440","440","0"
"3607","2025-10-14","9:44:49 AM","685","5","680","680","0"
"3608","2025-10-14","10:51:30 AM","1710","0","1710","1710","0"
"3609","2025-10-14","10:51:53 AM","200","0","200","200","0"
"3610","2025-10-14","11:11:42 AM","635","0","635","635","0"
"3611","2025-10-14","11:44:56 AM","580","0","580","580","0"
"3612","2025-10-14","11:56:29 AM","195","0","195","195","0"
"3613","2025-10-14","12:13:26 PM","30","0","30","30","0"
"3614","2025-10-14","12:38:40 PM","274","0","274","274","0"
"3615","2025-10-14","12:53:24 PM","1500","0","1500","1500","0"
"3616","2025-10-14","2:49:02 PM","170","0","170","170","0"
"3617","2025-10-14","3:20:26 PM","1850","0","1850","1850","0"
"3618","2025-10-14","3:20:42 PM","50","0","50","50","0"
"3619","2025-10-14","3:47:37 PM","80","0","80","80","0"
"3620","2025-10-14","4:19:58 PM","120","0","120","120","0"
"3621","2025-10-14","5:24:57 PM","2081","0","2081","2081","0"
"3622","2025-10-14","5:37:30 PM","1567","0","1567","1567","0"
"3623","2025-10-14","5:50:43 PM","700","0","700","700","0"
"3624","2025-10-14","5:57:23 PM","50","0","50","50","0"
"3625","2025-10-14","6:04:55 PM","1140","0","1140","1140","0"
"3626","2025-10-14","6:05:18 PM","54","4","50","50","0"
"3627","2025-10-14","6:14:41 PM","730","0","730","730","0"
"3628","2025-10-14","6:15:52 PM","417","0","417","417","0"
"3629","2025-10-14","6:19:06 PM","710","0","710","710","0"
"3630","2025-10-14","6:27:30 PM","420","0","420","420","0"
"3631","2025-10-14","6:32:09 PM","140","0","140","140","0"
"3632","2025-10-14","6:35:22 PM","300","0","300","300","0"
"3633","2025-10-14","6:54:58 PM","250","0","250","250","0"
"3634","2025-10-14","7:01:19 PM","915","0","915","915","0"
"3635","2025-10-14","7:01:46 PM","450","0","450","450","0"
"3636","2025-10-14","7:03:26 PM","380","0","380","380","0"
"3637","2025-10-14","7:26:48 PM","350","0","350","350","0"
"3638","2025-10-14","7:45:32 PM","409","0","409","409","0"
"3639","2025-10-14","8:48:20 PM","1640","0","1640","1640","0"
"3640","2025-10-15","3:00:05 PM","4725","0","4725","4725","0"
"3641","2025-10-15","3:39:54 PM","390","0","390","390","0"
"3642","2025-10-15","3:44:54 PM","1090","0","1090","1090","0"
"3643","2025-10-15","4:42:37 PM","1230","0","1230","1230","0"
"3644","2025-10-15","5:39:16 PM","6110","0","6110","6110","0"
"3645","2025-10-15","5:47:24 PM","1060","10","1050","1050","0"
"3646","2025-10-15","5:48:16 PM","330","0","330","330","0"
"3647","2025-10-15","6:28:42 PM","1200","0","1200","1200","0"
"3648","2025-10-15","6:34:33 PM","780","0","780","780","0"
"3649","2025-10-15","6:37:16 PM","690","0","690","690","0"
"3650","2025-10-15","6:38:22 PM","190","0","190","190","0"
"3651","2025-10-15","6:49:35 PM","429","0","429","429","0"
"3652","2025-10-15","6:50:48 PM","870","0","870","870","0"
"3653","2025-10-15","7:24:27 PM","378","0","378","378","0"
"3654","2025-10-15","7:26:05 PM","355","5","350","350","0"
"3655","2025-10-15","7:48:08 PM","1307","0","1307","1307","0"
"3656","2025-10-15","8:04:58 PM","370","0","370","370","0"
"3657","2025-10-15","8:37:13 PM","30","0","30","30","0"
"3658","2025-10-16","1:07:56 PM","5934","0","5934","5934","0"
"3659","2025-10-16","2:22:51 PM","445","0","445","445","0"
"3660","2025-10-16","3:16:36 PM","30","0","30","30","0"
"3661","2025-10-16","3:17:04 PM","300","0","300","300","0"
"3662","2025-10-16","4:18:35 PM","1480","0","1480","1480","0"
"3663","2025-10-16","4:55:22 PM","1280","0","1280","1280","0"
"3664","2025-10-16","6:55:29 PM","9865","0","9865","9865","0"
"3665","2025-10-16","7:35:34 PM","2030","0","2030","2030","0"
"3666","2025-10-16","8:28:20 PM","997","0","997","997","0"
"3667","2025-10-17","1:51:52 PM","4296","0","4296","4296","0"
"3668","2025-10-17","2:23:31 PM","726","10","716","716","0"
"3669","2025-10-17","5:00:25 PM","1739","0","1739","1739","0"
"3670","2025-10-17","5:23:15 PM","3880","0","3880","3880","0"
"3671","2025-10-17","5:47:46 PM","1650","0","1650","1650","0"
"3672","2025-10-17","6:02:36 PM","1189","0","1189","1189","0"
"3673","2025-10-17","6:23:18 PM","1500","0","1500","1500","0"
"3674","2025-10-17","7:46:55 PM","4998","0","4998","4998","0"
"3675","2025-10-17","8:36:58 PM","4170","0","4170","4170","0"
"3676","2025-10-17","8:43:23 PM","200","0","200","200","0"
"3677","2025-10-18","2:22:36 PM","7287","0","7287","7287","0"
"3678","2025-10-18","6:50:14 PM","6874","0","6874","6874","0"
"3679","2025-10-18","8:14:32 PM","3029","10","3019","3019","0"
"3680","2025-10-19","10:22:32 AM","300","0","300","300","0"
"3681","2025-10-19","12:29:32 PM","1827","0","1827","1827","0"
"3682","2025-10-19","1:12:17 PM","820","0","820","820","0"
"3683","2025-10-19","1:56:27 PM","240","0","240","240","0"
"3684","2025-10-19","3:34:46 PM","297","0","297","297","0"
"3685","2025-10-19","4:22:28 PM","1210","10","1200","1200","0"
"3686","2025-10-19","5:15:53 PM","1760","0","1760","1760","0"
"3687","2025-10-19","5:37:37 PM","1112","0","1112","1112","0"
"3688","2025-10-19","7:02:06 PM","5979","0","5979","5979","0"
"3689","2025-10-19","7:02:47 PM","100","0","100","100","0"
"3690","2025-10-19","7:05:07 PM","504","0","504","504","0"
"3691","2025-10-19","7:10:08 PM","250","0","250","250","0"
"3692","2025-10-19","7:25:24 PM","615","0","615","615","0"
"3693","2025-10-19","7:37:21 PM","350","0","350","350","0"
"3694","2025-10-19","7:43:32 PM","545","0","545","545","0"
"3695","2025-10-19","8:27:46 PM","300","0","300","300","0"
"3696","2025-10-19","8:30:18 PM","40","0","40","40","0"
"3697","2025-10-20","1:40:18 PM","4041","0","4041","4041","0"
"3698","2025-10-20","1:55:09 PM","50","0","50","50","0"
"3699","2025-10-20","2:56:01 PM","120","0","120","120","0"
"3700","2025-10-20","3:10:43 PM","68","0","68","68","0"
"3701","2025-10-20","4:06:09 PM","2130","0","2130","2130","0"
"3702","2025-10-20","6:26:09 PM","9950","0","9950","9950","0"
"3703","2025-10-20","7:09:54 PM","3649","0","3649","3649","0"
"3704","2025-10-20","7:14:34 PM","1334","0","1334","1334","0"
"3705","2025-10-20","7:32:51 PM","390","0","390","390","0"
"3706","2025-10-20","7:52:43 PM","110","0","110","110","0"
"3707","2025-10-20","7:58:06 PM","457","0","457","457","0"
"3708","2025-10-20","8:17:18 PM","366","0","366","366","0"
"3709","2025-10-21","2:06:01 PM","4522","0","4522","4522","0"
"3710","2025-10-21","2:06:26 PM","250","0","250","250","0"
"3711","2025-10-21","2:30:07 PM","1170","0","1170","1170","0"
"3712","2025-10-21","2:30:46 PM","480","0","480","480","0"
"3713","2025-10-21","3:19:03 PM","440","0","440","440","0"
"3714","2025-10-21","3:21:37 PM","345","0","345","345","0"
"3715","2025-10-21","4:49:35 PM","1805","0","1805","1805","0"
"3716","2025-10-21","4:50:24 PM","541","0","541","541","0"
"3717","2025-10-21","4:51:03 PM","220","0","220","220","0"
"3718","2025-10-21","5:38:37 PM","990","0","990","990","0"
"3719","2025-10-21","5:39:47 PM","750","0","750","750","0"
"3720","2025-10-21","6:03:17 PM","1820","0","1820","1820","0"
"3721","2025-10-21","6:41:07 PM","1930","0","1930","1930","0"
"3722","2025-10-21","7:45:45 PM","3990","0","3990","3990","0"
"3723","2025-10-21","8:06:49 PM","390","0","390","390","0"
"3724","2025-10-22","2:45:05 PM","1700","0","1700","1700","0"
"3725","2025-10-22","2:55:27 PM","2470","0","2470","2470","0"
"3726","2025-10-22","6:52:06 PM","5515","0","5515","5515","0"
"3727","2025-10-22","6:52:54 PM","350","0","350","350","0"
"3728","2025-10-22","7:42:46 PM","1968","0","1968","1968","0"
"3729","2025-10-22","8:17:50 PM","405","0","405","405","0"
"3730","2025-10-23","7:17:19 AM","80","0","80","80","0"
"3731","2025-10-23","1:04:07 PM","6805","0","6805","6805","0"
"3732","2025-10-23","2:50:30 PM","3140","0","3140","3140","0"
"3733","2025-10-23","3:08:24 PM","1840","0","1840","1840","0"
"3734","2025-10-23","3:09:33 PM","1059","9","1050","1050","0"
"3735","2025-10-23","4:26:04 PM","1896","0","1896","1896","0"
"3736","2025-10-23","4:53:19 PM","600","0","600","600","0"
"3737","2025-10-23","5:12:49 PM","940","0","940","940","0"
"3738","2025-10-23","5:15:34 PM","280","0","280","280","0"
"3739","2025-10-23","5:21:43 PM","480","0","480","480","0"
"3740","2025-10-23","5:37:47 PM","430","0","430","430","0"
"3741","2025-10-23","5:38:36 PM","360","0","360","360","0"
"3742","2025-10-23","5:39:13 PM","15","0","15","15","0"
"3743","2025-10-23","5:42:11 PM","450","0","450","450","0"
"3744","2025-10-23","6:07:53 PM","2417","0","2417","2417","0"
"3745","2025-10-23","6:09:59 PM","270","0","270","270","0"
"3746","2025-10-23","6:34:53 PM","4100","0","4100","4100","0"
"3747","2025-10-23","7:39:13 PM","3000","0","3000","3000","0"
"3748","2025-10-24","2:26:25 PM","3647","0","3647","3647","0"
"3749","2025-10-24","2:44:12 PM","397","0","0","0","0"
"3750","2025-10-24","3:02:31 PM","852","0","852","852","0"
"3751","2025-10-24","4:39:37 PM","330","0","330","330","0"
"3752","2025-10-24","5:04:57 PM","2040","0","2040","2040","0"
"3753","2025-10-24","6:00:46 PM","2450","0","2450","2450","0"
"3754","2025-10-24","6:18:22 PM","1340","0","1340","1340","0"
"3755","2025-10-24","6:39:02 PM","1893","0","1893","1893","0"
"3756","2025-10-24","7:29:44 PM","3530","0","3530","3530","0"
"3757","2025-10-24","7:40:13 PM","870","0","870","870","0"
"3758","2025-10-24","8:04:02 PM","495","0","495","495","0"
"3759","2025-10-25","12:33:37 PM","10115","0","10115","10115","0"
"3760","2025-10-25","12:34:52 PM","520","0","520","520","0"
"3761","2025-10-25","12:35:50 PM","1000","0","1000","1000","0"
"3762","2025-10-25","12:55:39 PM","140","0","140","140","0"
"3763","2025-10-25","4:16:41 PM","3331","0","3331","3331","0"
"3764","2025-10-25","4:42:25 PM","2670","0","2670","2670","0"
"3765","2025-10-25","5:01:32 PM","931","0","931","931","0"
"3766","2025-10-25","6:14:11 PM","2215","0","2215","2215","0"
"3767","2025-10-25","6:21:14 PM","1157","0","1157","1157","0"
"3768","2025-10-25","7:00:47 PM","830","0","830","830","0"
"3769","2025-10-25","7:25:33 PM","1860","0","1860","1860","0"
"3770","2025-10-25","7:44:17 PM","980","0","980","980","0"
"3771","2025-10-25","7:45:11 PM","30","0","30","30","0"
"3772","2025-10-26","8:53:33 AM","848","0","848","848","0"
"3773","2025-10-26","9:06:18 AM","367","0","367","367","0"
"3774","2025-10-26","10:00:40 AM","1048","0","1048","1048","0"
"3775","2025-10-26","10:22:20 AM","500","0","500","500","0"
"3776","2025-10-26","10:22:39 AM","100","0","100","100","0"
"3777","2025-10-26","11:02:23 AM","1097","0","1097","1097","0"
"3778","2025-10-26","11:31:32 AM","150","0","150","150","0"
"3779","2025-10-26","11:36:38 AM","449","0","449","449","0"
"3780","2025-10-26","11:37:57 AM","580","0","580","580","0"
"3781","2025-10-26","11:45:21 AM","100","0","100","100","0"
"3782","2025-10-26","1:14:32 PM","7382","0","7382","7382","0"
"3783","2025-10-26","4:52:37 PM","420","0","420","420","0"
"3784","2025-10-26","6:08:06 PM","1198","0","1198","1198","0"
"3785","2025-10-26","6:09:21 PM","1183","3","1180","1180","0"
"3786","2025-10-26","6:24:55 PM","863","13","850","850","0"
"3787","2025-10-26","6:30:33 PM","1110","0","1110","1110","0"
"3788","2025-10-26","6:56:51 PM","480","0","480","480","0"
"3789","2025-10-26","6:57:25 PM","69","0","69","69","0"
"3790","2025-10-26","7:06:00 PM","96","0","96","96","0"
"3791","2025-10-26","7:52:56 PM","430","0","430","430","0"
"3792","2025-10-27","8:37:52 AM","89","0","89","89","0"
"3793","2025-10-27","9:49:22 AM","2100","0","2100","2100","0"
"3794","2025-10-27","9:51:19 AM","200","0","200","200","0"
"3795","2025-10-27","9:56:25 AM","845","0","845","845","0"
"3796","2025-10-27","10:06:28 AM","1480","0","1480","1480","0"
"3797","2025-10-27","10:36:49 AM","52","0","52","52","0"
"3798","2025-10-27","10:40:40 AM","30","0","30","30","0"
"3799","2025-10-27","11:09:04 AM","359","0","359","359","0"
"3800","2025-10-27","11:21:33 AM","278","0","278","278","0"
"3801","2025-10-27","11:27:21 AM","200","0","200","200","0"
"3802","2025-10-27","11:33:35 AM","300","0","300","300","0"
"3803","2025-10-27","12:11:21 PM","305","0","305","305","0"
"3804","2025-10-27","1:05:01 PM","368","0","368","368","0"
"3805","2025-10-27","1:05:37 PM","500","0","500","500","0"
"3806","2025-10-27","2:06:21 PM","540","0","540","540","0"
"3807","2025-10-27","2:55:56 PM","1345","0","1345","1345","0"
"3808","2025-10-27","3:53:25 PM","3630","0","3630","3630","0"
"3809","2025-10-27","4:19:24 PM","1607","0","1607","1607","0"
"3810","2025-10-27","5:10:05 PM","2100","0","2100","2100","0"
"3811","2025-10-27","5:21:57 PM","700","0","700","700","0"
"3812","2025-10-27","5:54:48 PM","990","0","990","990","0"
"3813","2025-10-27","6:07:49 PM","7614","0","7614","7614","0"
"3814","2025-10-27","6:15:00 PM","1220","0","1220","1220","0"
"3815","2025-10-27","6:24:47 PM","1040","0","1040","1040","0"
"3816","2025-10-27","6:26:19 PM","475","25","450","450","0"
"3817","2025-10-27","6:44:27 PM","910","0","910","910","0"
"3818","2025-10-27","6:45:05 PM","120","0","120","120","0"
"3819","2025-10-27","7:17:10 PM","1239","0","1239","1239","0"
"3820","2025-10-27","7:22:22 PM","600","0","600","600","0"
"3821","2025-10-27","7:35:28 PM","1400","0","1400","1400","0"
"3822","2025-10-27","7:41:58 PM","880","0","880","880","0"
"3823","2025-10-28","2:29:01 PM","2580","0","2580","2580","0"
"3824","2025-10-28","3:37:20 PM","862","0","862","862","0"
"3825","2025-10-28","3:40:00 PM","350","0","350","350","0"
"3826","2025-10-28","4:02:20 PM","898","0","898","898","0"
"3827","2025-10-28","5:32:12 PM","2305","0","2305","2305","0"
"3828","2025-10-28","5:56:01 PM","1386","0","1386","1386","0"
"3829","2025-10-28","6:04:15 PM","500","0","500","500","0"
"3830","2025-10-28","6:04:43 PM","792","2","790","790","0"
"3831","2025-10-28","6:43:37 PM","2101","0","2101","2101","0"
"3832","2025-10-28","7:30:13 PM","3157","0","3157","3157","0"
"3833","2025-10-28","8:08:30 PM","365","0","365","365","0"
"3834","2025-10-29","12:59:00 PM","5230","0","5230","5230","0"
"3835","2025-10-29","1:57:59 PM","654","0","654","654","0"
"3836","2025-10-29","2:39:52 PM","370","0","370","370","0"
"3837","2025-10-29","2:52:41 PM","1160","0","1160","1160","0"
"3838","2025-10-29","2:54:22 PM","500","0","500","500","0"
"3839","2025-10-29","5:06:27 PM","2282","0","2282","2282","0"
"3840","2025-10-29","5:51:15 PM","1258","0","1258","1258","0"
"3841","2025-10-29","6:26:35 PM","7968","10","7958","7958","0"
"3842","2025-10-29","6:29:25 PM","1074","0","1074","1074","0"
"3843","2025-10-29","6:29:55 PM","550","0","550","550","0"
"3844","2025-10-29","6:31:36 PM","190","0","190","190","0"
"3845","2025-10-29","6:35:09 PM","150","0","150","150","0"
"3846","2025-10-29","6:41:41 PM","620","0","620","620","0"
"3847","2025-10-29","6:51:53 PM","1250","0","1250","1250","0"
"3848","2025-10-29","7:39:44 PM","1190","0","1190","1190","0"
"3849","2025-10-29","7:45:22 PM","300","0","300","300","0"
"3850","2025-10-29","8:01:18 PM","170","0","170","170","0"
"3851","2025-10-29","8:08:13 PM","470","0","470","470","0"
"3852","2025-10-30","1:27:09 PM","600","0","600","600","0"
"3853","2025-10-30","1:31:33 PM","50","0","50","50","0"
"3854","2025-10-30","1:37:55 PM","280","0","280","280","0"
"3855","2025-10-30","2:38:38 PM","1240","0","1240","1240","0"
"3856","2025-10-30","3:28:15 PM","1450","0","1450","1450","0"
"3857","2025-10-30","4:01:22 PM","175","0","175","175","0"
"3858","2025-10-30","5:10:06 PM","1199","0","1199","1199","0"
"3859","2025-10-30","5:10:59 PM","466","0","466","466","0"
"3860","2025-10-30","5:29:47 PM","1200","0","1200","1200","0"
"3861","2025-10-30","6:39:17 PM","10550","0","10550","10550","0"
"3862","2025-10-30","6:45:34 PM","3160","0","3160","3160","0"
"3863","2025-10-30","6:48:00 PM","2000","0","2000","2000","0"
"3864","2025-10-30","7:02:55 PM","540","0","540","540","0"
"3865","2025-10-30","7:49:19 PM","1520","0","1520","1520","0"
"3866","2025-10-30","8:14:13 PM","400","0","400","400","0"
"3867","2025-10-31","12:28:22 PM","4669","0","4669","4669","0"
"3868","2025-10-31","2:23:01 PM","695","0","695","695","0"
"3869","2025-10-31","3:23:49 PM","2057","0","2057","2057","0"
"3870","2025-10-31","4:26:13 PM","2343","0","2343","2343","0"
"3871","2025-10-31","5:07:41 PM","1918","0","1918","1918","0"
"3872","2025-10-31","5:31:16 PM","350","0","350","350","0"
"3873","2025-10-31","5:37:16 PM","1500","0","1500","1500","0"
"3874","2025-10-31","6:01:40 PM","1710","10","1700","1700","0"
"3875","2025-10-31","6:29:33 PM","1692","0","1692","1692","0"
"3876","2025-10-31","6:34:06 PM","450","0","450","450","0"
"3877","2025-10-31","6:40:54 PM","450","0","450","450","0"
"3878","2025-10-31","8:27:18 PM","3562","0","3562","3562","0"
"3879","2025-11-01","8:53:38 AM","450","0","450","450","0"
"3880","2025-11-01","9:03:31 AM","240","0","240","240","0"
"3881","2025-11-01","10:52:19 AM","1688","0","1688","1688","0"
"3882","2025-11-01","11:03:34 AM","471","1","470","470","0"
"3883","2025-11-01","11:04:50 AM","160","0","160","160","0"
"3884","2025-11-01","11:45:27 AM","400","0","400","400","0"
"3885","2025-11-01","11:56:42 AM","50","0","50","50","0"
"3886","2025-11-01","12:56:16 PM","500","0","500","500","0"
"3887","2025-11-01","5:42:34 PM","4746","0","4746","4746","0"
"3888","2025-11-01","6:04:16 PM","895","0","895","895","0"
"3889","2025-11-01","6:26:12 PM","415","0","415","415","0"
"3890","2025-11-01","7:30:01 PM","4796","0","4796","4796","0"
"3891","2025-11-01","7:38:59 PM","10","0","10","10","0"
"3892","2025-11-01","8:12:00 PM","1540","0","1540","1540","0"
"3893","2025-11-02","10:57:55 AM","1904","0","1904","1904","0"
"3894","2025-11-02","10:59:22 AM","900","0","900","900","0"
"3895","2025-11-02","11:01:24 AM","885","5","880","880","0"
"3896","2025-11-02","11:02:22 AM","595","0","595","595","0"
"3897","2025-11-02","11:07:42 AM","1180","0","1180","1180","0"
"3898","2025-11-02","11:26:05 AM","1500","0","1500","1500","0"
"3899","2025-11-02","11:59:36 AM","826","0","826","826","0"
"3900","2025-11-02","12:11:23 PM","3110","0","3110","3110","0"
"3901","2025-11-02","12:25:50 PM","100","0","100","100","0"
"3902","2025-11-02","12:35:26 PM","219","0","219","219","0"
"3903","2025-11-02","3:49:54 PM","2111","0","2111","2111","0"
"3904","2025-11-02","4:30:10 PM","688","0","688","688","0"
"3905","2025-11-02","4:57:47 PM","800","0","800","800","0"
"3906","2025-11-02","5:02:16 PM","1745","0","1745","1745","0"
"3907","2025-11-02","5:11:08 PM","150","0","150","150","0"
"3908","2025-11-02","5:25:51 PM","299","0","299","299","0"
"3909","2025-11-02","5:36:19 PM","2390","0","2390","2390","0"
"3910","2025-11-02","6:00:14 PM","1593","0","1593","1593","0"
"3911","2025-11-02","6:02:09 PM","946","0","946","946","0"
"3912","2025-11-02","6:18:13 PM","410","0","410","410","0"
"3913","2025-11-02","6:37:26 PM","1849","0","1849","1849","0"
"3914","2025-11-02","6:57:36 PM","928","0","928","928","0"
"3915","2025-11-02","7:05:00 PM","45","0","45","45","0"
"3916","2025-11-02","7:24:17 PM","150","0","150","150","0"
"3917","2025-11-02","7:38:48 PM","180","0","180","180","0"
"3918","2025-11-02","7:54:12 PM","50","0","50","50","0"
"3919","2025-11-03","8:20:42 AM","50","0","50","50","0"
"3920","2025-11-03","9:17:34 AM","500","0","500","500","0"
"3921","2025-11-03","9:39:04 AM","540","0","540","540","0"
"3922","2025-11-03","10:07:19 AM","600","0","600","600","0"
"3923","2025-11-03","10:22:51 AM","99","0","99","0","0"
"3924","2025-11-03","10:55:21 AM","940","0","940","940","0"
"3925","2025-11-03","10:56:29 AM","236","0","236","236","0"
"3926","2025-11-03","11:01:40 AM","1049","0","1049","1049","0"
"3927","2025-11-03","11:32:43 AM","590","0","590","590","0"
"3928","2025-11-03","11:38:31 AM","41","0","41","41","0"
"3929","2025-11-03","12:07:50 PM","380","0","380","380","0"
"3930","2025-11-03","12:38:06 PM","400","0","400","400","0"
"3931","2025-11-03","1:55:42 PM","130","0","130","130","0"
"3932","2025-11-03","2:09:27 PM","1109","0","1109","1100","0"
"3933","2025-11-03","2:52:04 PM","1007","0","1007","1007","0"
"3934","2025-11-03","3:00:43 PM","260","0","260","260","0"
"3935","2025-11-03","3:04:45 PM","100","0","100","100","0"
"3936","2025-11-03","3:15:00 PM","3100","0","3100","3100","0"
"3937","2025-11-03","3:17:37 PM","870","0","870","870","0"
"3938","2025-11-03","4:20:49 PM","1350","0","1350","1350","0"
"3939","2025-11-03","4:21:51 PM","225","5","220","220","0"
"3940","2025-11-03","4:25:27 PM","1080","0","1080","1080","0"
"3941","2025-11-03","4:44:04 PM","130","0","130","130","0"
"3942","2025-11-03","5:10:01 PM","2330","0","2330","2330","0"
"3943","2025-11-03","5:22:33 PM","200","0","200","200","0"
"3944","2025-11-03","5:27:16 PM","180","0","180","180","0"
"3945","2025-11-03","5:48:45 PM","550","0","550","550","0"
"3946","2025-11-03","6:05:05 PM","2330","0","2330","2330","0"
"3947","2025-11-03","6:08:20 PM","189","0","189","189","0"
"3948","2025-11-03","6:13:08 PM","570","0","570","570","0"
"3949","2025-11-03","6:15:13 PM","50","0","50","50","0"
"3950","2025-11-03","6:17:46 PM","1346","0","1346","1346","0"
"3951","2025-11-03","6:54:34 PM","698","0","698","698","0"
"3952","2025-11-03","7:09:14 PM","450","0","450","450","0"
"3953","2025-11-03","7:20:11 PM","949","0","949","949","0"
"3954","2025-11-03","7:20:45 PM","20","0","20","20","0"
"3955","2025-11-03","7:30:13 PM","480","0","480","480","0"
"3956","2025-11-03","7:39:54 PM","300","0","300","300","0"
"3957","2025-11-03","7:52:37 PM","753","3","750","750","0"
"3958","2025-11-03","8:02:46 PM","630","0","630","630","0"
"3959","2025-11-03","8:15:13 PM","286","0","286","286","0"
"3960","2025-11-03","8:19:06 PM","170","0","170","170","0"
"3961","2025-11-03","8:19:58 PM","75","5","70","70","0"
"3962","2025-11-03","8:21:38 PM","230","0","230","230","0"
"3963","2025-11-03","8:22:11 PM","120","0","120","120","0"
"3964","2025-11-04","2:47:01 PM","750","0","750","750","0"
"3965","2025-11-04","3:00:15 PM","400","0","400","400","0"
"3966","2025-11-04","3:08:33 PM","530","0","530","530","0"
"3967","2025-11-04","3:44:57 PM","1095","0","1095","1095","0"
"3968","2025-11-04","4:49:14 PM","6090","0","6090","6090","0"
"3969","2025-11-04","5:02:52 PM","1300","0","1300","1300","0"
"3970","2025-11-04","5:09:02 PM","1540","0","1540","1540","0"
"3971","2025-11-04","5:10:56 PM","700","0","700","700","0"
"3972","2025-11-04","5:15:20 PM","680","10","670","670","0"
"3973","2025-11-04","5:26:23 PM","50","0","50","50","0"
"3974","2025-11-04","5:47:45 PM","1070","0","1070","1070","0"
"3975","2025-11-04","6:12:21 PM","600","0","600","600","0"
"3976","2025-11-04","8:05:51 PM","3002","0","3002","3002","0"
"3977","2025-11-05","9:28:51 AM","40","0","40","40","0"
"3978","2025-11-05","10:13:53 AM","70","0","70","70","0"
"3979","2025-11-05","10:20:31 AM","150","0","150","150","0"
"3980","2025-11-05","10:21:42 AM","240","0","240","240","0"
"3981","2025-11-05","10:27:50 AM","280","0","280","280","0"
"3982","2025-11-05","10:36:24 AM","828","0","828","828","0"
"3983","2025-11-05","11:05:30 AM","220","0","220","220","0"
"3984","2025-11-05","11:17:10 AM","900","0","900","900","0"
"3985","2025-11-05","11:18:29 AM","60","0","60","60","0"
"3986","2025-11-05","11:29:59 AM","150","0","150","150","0"
"3987","2025-11-05","11:56:19 AM","190","0","190","190","0"
"3988","2025-11-05","12:07:41 PM","591","0","591","591","0"
"3989","2025-11-05","12:17:21 PM","90","0","90","90","0"
"3990","2025-11-05","12:20:35 PM","199","0","199","199","0"
"3991","2025-11-05","1:02:08 PM","1500","0","1500","1500","0"
"3992","2025-11-05","1:06:54 PM","1478","0","1478","1478","0"
"3993","2025-11-05","1:10:11 PM","290","0","290","290","0"
"3994","2025-11-05","6:26:33 PM","7160","0","7160","7160","0"
"3995","2025-11-05","6:44:23 PM","900","0","900","900","0"
"3996","2025-11-05","7:04:17 PM","590","0","590","590","0"
"3997","2025-11-05","7:15:29 PM","1230","0","1230","1230","0"
"3998","2025-11-05","8:27:44 PM","1330","0","1330","1330","0"
"3999","2025-11-06","9:44:19 AM","450","0","450","450","0"
"4000","2025-11-06","10:02:45 AM","500","0","500","500","0"
"4001","2025-11-06","10:35:27 AM","130","0","130","130","0"
"4002","2025-11-06","10:37:17 AM","334","0","334","334","0"
"4003","2025-11-06","10:58:21 AM","795","0","795","795","0"
"4004","2025-11-06","11:02:51 AM","700","0","700","700","0"
"4005","2025-11-06","11:09:13 AM","490","0","490","490","0"
"4006","2025-11-06","11:15:46 AM","20","0","20","20","0"
"4007","2025-11-06","11:19:26 AM","330","0","330","330","0"
"4008","2025-11-06","11:26:12 AM","340","0","340","340","0"
"4009","2025-11-06","11:37:00 AM","285","0","285","285","0"
"4010","2025-11-06","11:39:00 AM","350","0","350","350","0"
"4011","2025-11-06","12:35:58 PM","548","0","548","548","0"
"4012","2025-11-06","12:45:28 PM","1211","0","1211","1211","0"
"4013","2025-11-06","1:45:05 PM","260","0","260","260","0"
"4014","2025-11-06","3:13:05 PM","830","0","830","830","0"
"4015","2025-11-06","5:40:33 PM","5220","0","5220","5220","0"
"4016","2025-11-06","6:23:26 PM","2117","0","2117","2117","0"
"4017","2025-11-06","7:02:34 PM","510","0","510","510","0"
"4018","2025-11-06","7:05:04 PM","1030","0","1030","1030","0"
"4019","2025-11-06","8:33:42 PM","1717","0","1717","1717","0"
"4020","2025-11-06","8:34:48 PM","400","0","400","400","0"
"4021","2025-11-07","9:18:24 AM","360","0","360","360","0"
"4022","2025-11-07","10:43:55 AM","1650","0","1650","1650","0"
"4023","2025-11-07","10:55:09 AM","595","0","595","595","0"
"4024","2025-11-07","11:25:06 AM","433","0","433","433","0"
"4025","2025-11-07","11:28:19 AM","480","0","480","480","0"
"4026","2025-11-07","11:47:41 AM","250","0","250","250","0"
"4027","2025-11-07","11:58:24 AM","45","0","45","45","0"
"4028","2025-11-07","2:26:20 PM","100","0","100","100","0"
"4029","2025-11-07","2:51:34 PM","20","0","20","20","0"
"4030","2025-11-07","3:36:31 PM","3440","0","3440","3440","0"
"4031","2025-11-07","3:49:45 PM","280","0","280","280","0"
"4032","2025-11-07","3:54:58 PM","1557","0","1557","1557","0"
"4033","2025-11-07","4:16:27 PM","1250","0","1250","1250","0"
"4034","2025-11-07","4:19:30 PM","400","0","400","400","0"
"4035","2025-11-07","4:28:26 PM","220","0","220","220","0"
"4036","2025-11-07","4:36:18 PM","1368","18","1350","1350","0"
"4037","2025-11-07","4:41:51 PM","280","0","280","280","0"
"4038","2025-11-07","4:49:47 PM","118","0","118","0","0"
"4039","2025-11-07","5:01:40 PM","309","0","309","309","0"
"4040","2025-11-07","5:25:03 PM","460","0","460","460","0"
"4041","2025-11-07","5:59:37 PM","889","0","889","889","0"
"4042","2025-11-07","6:03:29 PM","1500","0","1500","1500","0"
"4043","2025-11-07","6:03:58 PM","100","0","100","100","0"
"4044","2025-11-07","6:12:19 PM","1030","0","1030","1030","0"
"4045","2025-11-07","6:14:44 PM","220","0","220","220","0"
"4046","2025-11-07","6:44:29 PM","1566","0","1566","1566","0"
"4047","2025-11-07","6:49:14 PM","230","0","230","230","0"
"4048","2025-11-07","7:02:32 PM","320","0","320","0","0"
"4049","2025-11-07","7:26:49 PM","100","0","100","100","0"
"4050","2025-11-07","7:31:22 PM","1152","0","1152","1152","0"
"4051","2025-11-07","7:31:38 PM","47","0","47","47","0"
"4052","2025-11-07","8:12:44 PM","458","0","458","458","0"
"4053","2025-11-08","9:06:56 AM","50","0","50","50","0"
"4054","2025-11-08","9:27:32 AM","96","0","96","96","0"
"4055","2025-11-08","9:36:55 AM","550","0","550","550","0"
"4056","2025-11-08","10:38:16 AM","145","0","145","145","0"
"4057","2025-11-08","10:54:39 AM","390","0","390","390","0"
"4058","2025-11-08","1:16:00 PM","2605","0","2605","2605","0"
"4059","2025-11-08","5:24:45 PM","6577","0","6577","6577","0"
"4060","2025-11-08","6:31:49 PM","5671","0","5671","5671","0"
"4061","2025-11-08","7:10:49 PM","2751","0","2751","2751","0"
"4062","2025-11-08","8:04:49 PM","3000","0","3000","3000","0"
"4063","2025-11-08","8:12:41 PM","695","0","695","695","0"
"4064","2025-11-08","8:19:21 PM","150","0","150","150","0"
"4065","2025-11-08","8:21:05 PM","150","0","150","150","0"
"4066","2025-11-08","8:34:10 PM","770","0","770","770","0"
"4067","2025-11-09","9:25:25 AM","140","0","140","140","0"
"4068","2025-11-09","10:40:45 AM","140","0","140","140","0"
"4069","2025-11-09","10:42:14 AM","170","0","170","170","0"
"4070","2025-11-09","11:37:15 AM","200","0","200","200","0"
"4071","2025-11-09","11:38:24 AM","870","0","870","870","0"
"4072","2025-11-09","11:43:25 AM","40","0","40","40","0"
"4073","2025-11-09","11:50:14 AM","403","3","400","400","0"
"4074","2025-11-09","11:56:21 AM","220","0","220","220","0"
"4075","2025-11-09","11:58:31 AM","880","0","880","880","0"
"4076","2025-11-09","1:20:42 PM","120","0","120","120","0"
"4077","2025-11-09","1:24:27 PM","510","0","510","510","0"
"4078","2025-11-09","4:40:30 PM","1620","0","1620","1620","0"
"4079","2025-11-09","4:50:48 PM","410","0","410","410","0"
"4080","2025-11-09","5:11:58 PM","2317","0","2317","2317","0"
"4081","2025-11-09","5:12:27 PM","250","0","250","250","0"
"4082","2025-11-09","6:02:44 PM","2030","0","2030","2030","0"
"4083","2025-11-09","6:29:02 PM","1560","20","1540","1540","0"
"4084","2025-11-09","6:54:56 PM","1026","0","1026","1026","0"
"4085","2025-11-09","7:19:26 PM","1050","0","1050","1050","0"
"4086","2025-11-09","7:23:41 PM","145","0","145","145","0"
"4087","2025-11-09","8:15:54 PM","560","0","560","560","0"
"4088","2025-11-10","9:04:46 AM","430","0","430","430","0"
"4089","2025-11-10","9:48:24 AM","2115","0","2115","2115","0"
"4090","2025-11-10","11:09:06 AM","1437","0","1437","1437","0"
"4091","2025-11-10","11:37:01 AM","215","0","215","215","0"
"4092","2025-11-10","12:21:57 PM","455","0","455","455","0"
"4093","2025-11-10","12:22:18 PM","200","0","200","200","0"
"4094","2025-11-10","1:07:21 PM","570","0","570","570","0"
"4095","2025-11-10","1:31:22 PM","92","0","92","92","0"
"4096","2025-11-10","2:18:57 PM","1140","0","1140","1140","0"
"4097","2025-11-10","3:11:41 PM","205","0","205","205","0"
"4098","2025-11-10","4:03:52 PM","1150","0","1150","1150","0"
"4099","2025-11-10","6:36:06 PM","8108","0","8108","8108","0"
"4100","2025-11-10","6:52:25 PM","484","0","484","484","0"
"4101","2025-11-10","7:36:17 PM","1990","0","1990","1990","0"
"4102","2025-11-10","7:36:43 PM","200","0","200","200","0"
"4103","2025-11-10","7:58:52 PM","130","0","130","130","0"
"4104","2025-11-11","9:48:57 AM","820","0","820","820","0"
"4105","2025-11-11","9:56:40 AM","200","0","200","200","0"
"4106","2025-11-11","10:27:01 AM","764","0","764","764","0"
"4107","2025-11-11","10:43:09 AM","150","0","150","150","0"
"4108","2025-11-11","4:30:28 PM","830","0","830","830","0"
"4109","2025-11-11","4:58:26 PM","470","0","470","470","0"
"4110","2025-11-11","5:44:18 PM","1515","0","1515","1515","0"
"4111","2025-11-11","5:46:21 PM","1190","0","1190","1190","0"
"4112","2025-11-11","6:12:00 PM","1679","0","1679","1679","0"
"4113","2025-11-11","6:28:20 PM","2070","0","2070","2070","0"
"4114","2025-11-11","6:29:30 PM","2800","0","2800","2800","0"
"4115","2025-11-11","6:58:55 PM","1450","0","1450","1450","0"
"4116","2025-11-11","7:33:40 PM","1348","0","1348","1348","0"
"4117","2025-11-11","8:01:43 PM","395","0","395","395","0"
"4118","2025-11-12","9:55:37 AM","186","0","186","186","0"
"4119","2025-11-12","10:09:10 AM","440","0","440","440","0"
"4120","2025-11-12","10:23:13 AM","1480","0","1480","1480","0"
"4121","2025-11-12","10:32:47 AM","600","0","600","600","0"
"4122","2025-11-12","10:42:46 AM","130","0","130","130","0"
"4123","2025-11-12","10:45:41 AM","550","0","550","550","0"
"4124","2025-11-12","10:55:26 AM","340","0","340","340","0"
"4125","2025-11-12","11:50:47 AM","830","0","830","830","0"
"4126","2025-11-12","12:49:35 PM","385","0","385","385","0"
"4127","2025-11-12","12:53:04 PM","400","0","400","400","0"
"4128","2025-11-12","2:07:16 PM","1070","0","1070","1070","0"
"4129","2025-11-12","2:20:30 PM","690","0","690","690","0"
"4130","2025-11-12","3:10:17 PM","345","0","345","345","0"
"4131","2025-11-12","3:26:53 PM","1465","0","1465","1465","0"
"4132","2025-11-12","3:33:22 PM","360","0","360","360","0"
"4133","2025-11-12","3:41:11 PM","150","0","150","150","0"
"4134","2025-11-12","4:08:33 PM","510","0","510","510","0"
"4135","2025-11-12","4:23:39 PM","447","0","447","447","0"
"4136","2025-11-12","4:30:25 PM","94","0","94","94","0"
"4137","2025-11-12","5:21:16 PM","2538","0","2538","0","0"
"4138","2025-11-12","5:22:27 PM","500","0","500","500","0"
"4139","2025-11-12","5:31:00 PM","1680","30","1650","1650","0"
"4140","2025-11-12","5:45:56 PM","920","0","920","920","0"
"4141","2025-11-12","5:53:32 PM","350","0","350","350","0"
"4142","2025-11-12","5:55:51 PM","330","0","330","330","0"
"4143","2025-11-12","5:58:34 PM","510","0","510","510","0"
"4144","2025-11-12","6:09:51 PM","960","0","960","960","0"
"4145","2025-11-12","6:22:12 PM","243","0","243","243","0"
"4146","2025-11-12","6:29:44 PM","610","10","600","600","0"
"4147","2025-11-12","6:31:37 PM","280","0","280","280","0"
"4148","2025-11-12","6:37:52 PM","450","0","450","450","0"
"4149","2025-11-12","6:43:59 PM","50","0","50","50","0"
"4150","2025-11-12","6:50:00 PM","1055","30","1025","1025","0"
"4151","2025-11-12","7:04:06 PM","410","0","410","410","0"
"4152","2025-11-12","7:18:12 PM","950","0","950","950","0"
"4153","2025-11-12","7:25:53 PM","200","0","200","200","0"
"4154","2025-11-12","7:29:33 PM","29","0","29","29","0"
"4155","2025-11-12","7:35:02 PM","100","0","100","100","0"
"4156","2025-11-12","7:38:23 PM","320","0","320","320","0"
"4157","2025-11-12","7:40:19 PM","27","0","27","27","0"
"4158","2025-11-13","8:50:17 AM","66","0","66","66","0"
"4159","2025-11-13","9:17:58 AM","220","0","220","220","0"
"4160","2025-11-13","9:21:35 AM","638","0","638","638","0"
"4161","2025-11-13","10:08:50 AM","1418","0","1418","1418","0"
"4162","2025-11-13","10:14:21 AM","50","0","50","50","0"
"4163","2025-11-13","10:18:40 AM","840","0","840","840","0"
"4164","2025-11-13","10:28:13 AM","300","0","300","300","0"
"4165","2025-11-13","10:37:43 AM","930","0","930","930","0"
"4166","2025-11-13","11:23:09 AM","750","0","750","750","0"
"4167","2025-11-13","11:49:25 AM","270","0","270","270","0"
"4168","2025-11-13","12:23:31 PM","600","0","600","600","0"
"4169","2025-11-13","12:26:05 PM","150","0","150","150","0"
"4170","2025-11-13","1:07:57 PM","1448","0","1448","1448","0"
"4171","2025-11-13","1:17:30 PM","320","0","320","320","0"
"4172","2025-11-13","3:33:15 PM","50","0","50","50","0"
"4173","2025-11-13","3:35:55 PM","2480","0","2480","2480","0"
"4174","2025-11-13","3:44:36 PM","600","0","600","600","0"
"4175","2025-11-13","4:22:22 PM","160","0","160","160","0"
"4176","2025-11-13","5:19:24 PM","4360","0","4360","4360","0"
"4177","2025-11-13","5:23:35 PM","650","0","650","650","0"
"4178","2025-11-13","5:37:13 PM","2450","0","2450","2450","0"
"4179","2025-11-13","5:40:06 PM","80","0","80","80","0"
"4180","2025-11-13","5:52:00 PM","140","0","140","140","0"
"4181","2025-11-13","5:54:06 PM","140","0","140","140","0"
"4182","2025-11-13","5:55:37 PM","1100","0","1100","1100","0"
"4183","2025-11-13","6:06:05 PM","1370","0","1370","1370","0"
"4184","2025-11-13","6:09:09 PM","120","0","120","120","0"
"4185","2025-11-13","6:19:50 PM","1913","0","1913","1913","0"
"4186","2025-11-13","6:23:53 PM","400","0","400","400","0"
"4187","2025-11-13","6:35:10 PM","1950","0","1950","1950","0"
"4188","2025-11-13","6:37:33 PM","280","0","280","280","0"
"4189","2025-11-13","7:01:04 PM","1284","0","1284","1284","0"
"4190","2025-11-13","7:11:02 PM","100","0","100","100","0"
"4191","2025-11-13","7:37:13 PM","260","0","260","260","0"
"4192","2025-11-13","7:41:50 PM","298","0","298","298","0"
"4193","2025-11-13","7:42:59 PM","280","0","280","280","0"
"4194","2025-11-14","8:58:26 AM","100","0","100","100","0"
"4195","2025-11-14","9:20:52 AM","300","0","300","300","0"
"4196","2025-11-14","9:43:38 AM","109","0","109","109","0"
"4197","2025-11-14","9:58:17 AM","335","0","335","335","0"
"4198","2025-11-14","10:00:04 AM","1130","0","1130","1130","0"
"4199","2025-11-14","10:28:39 AM","660","0","660","660","0"
"4200","2025-11-14","10:29:42 AM","50","0","50","50","0"
"4201","2025-11-14","10:39:11 AM","368","0","368","368","0"
"4202","2025-11-14","10:51:29 AM","260","0","260","260","0"
"4203","2025-11-14","10:58:12 AM","1180","0","1180","1180","0"
"4204","2025-11-14","10:59:05 AM","150","0","150","150","0"
"4205","2025-11-14","11:28:43 AM","2576","0","2576","2576","0"
"4206","2025-11-14","11:44:20 AM","430","0","430","430","0"
"4207","2025-11-14","11:56:03 AM","370","0","370","370","0"
"4208","2025-11-14","12:16:52 PM","200","0","200","200","0"
"4209","2025-11-14","2:16:29 PM","2200","0","2200","2200","0"
"4210","2025-11-14","2:28:23 PM","526","0","526","526","0"
"4211","2025-11-14","3:30:09 PM","1149","0","1149","1149","0"
"4212","2025-11-14","3:32:45 PM","540","0","540","540","0"
"4213","2025-11-14","3:47:13 PM","1220","0","1220","1220","0"
"4214","2025-11-14","3:51:27 PM","943","0","943","943","0"
"4215","2025-11-14","4:25:58 PM","775","0","775","775","0"
"4216","2025-11-14","4:27:01 PM","175","0","175","175","0"
"4217","2025-11-14","4:27:38 PM","500","0","500","500","0"
"4218","2025-11-14","5:27:44 PM","3039","0","3039","3039","0"
"4219","2025-11-14","5:31:53 PM","210","0","210","210","0"
"4220","2025-11-14","5:34:54 PM","1080","0","1080","1080","0"
"4221","2025-11-14","5:39:05 PM","810","0","810","810","0"
"4222","2025-11-14","5:46:42 PM","578","0","578","578","0"
"4223","2025-11-14","5:48:20 PM","240","0","240","0","0"
"4224","2025-11-14","6:02:36 PM","2367","0","2367","2367","0"
"4225","2025-11-14","6:42:28 PM","2053","0","2053","2053","0"
"4226","2025-11-14","6:45:03 PM","320","0","320","320","0"
"4227","2025-11-14","6:48:17 PM","770","0","770","770","0"
"4228","2025-11-14","6:59:20 PM","190","0","190","190","0"
"4229","2025-11-14","7:31:35 PM","330","0","330","330","0"
"4230","2025-11-15","10:18:06 AM","307","0","307","307","0"
"4231","2025-11-15","12:27:20 PM","3810","0","3810","3810","0"
"4232","2025-11-15","2:15:50 PM","290","0","290","290","0"
"4233","2025-11-15","3:17:54 PM","1740","0","1740","1740","0"
"4234","2025-11-15","3:21:17 PM","1200","0","1200","1200","0"
"4235","2025-11-15","4:29:00 PM","1220","0","1220","1220","0"
"4236","2025-11-15","4:36:22 PM","650","0","650","650","0"
"4237","2025-11-15","4:46:38 PM","1170","0","1170","1170","0"
"4238","2025-11-15","5:11:29 PM","470","0","470","470","0"
"4239","2025-11-15","5:24:42 PM","150","0","150","150","0"
"4240","2025-11-15","5:30:02 PM","520","0","520","520","0"
"4241","2025-11-15","5:44:32 PM","200","0","200","200","0"
"4242","2025-11-15","5:57:40 PM","270","0","270","270","0"
"4243","2025-11-15","6:01:37 PM","495","0","495","495","0"
"4244","2025-11-15","6:11:48 PM","1126","0","1126","1126","0"
"4245","2025-11-15","6:18:17 PM","500","0","500","500","0"
"4246","2025-11-15","6:27:53 PM","350","0","350","350","0"
"4247","2025-11-15","6:35:33 PM","940","0","940","940","0"
"4248","2025-11-15","6:37:13 PM","1050","0","1050","1050","0"
"4249","2025-11-15","6:43:14 PM","760","0","760","760","0"
"4250","2025-11-15","6:45:06 PM","190","0","190","190","0"
"4251","2025-11-15","6:57:55 PM","1865","0","1865","1865","0"
"4252","2025-11-15","7:01:27 PM","259","0","259","259","0"
"4253","2025-11-15","7:16:11 PM","670","0","670","670","0"
"4254","2025-11-15","7:19:45 PM","220","0","220","220","0"
"4255","2025-11-15","7:39:19 PM","150","0","150","150","0"
"4256","2025-11-15","7:40:42 PM","850","0","850","850","0"
"4257","2025-11-15","7:43:06 PM","245","0","245","245","0"
"4258","2025-11-16","9:12:28 AM","280","0","280","280","0"
"4259","2025-11-16","9:26:41 AM","50","0","50","50","0"
"4260","2025-11-16","9:30:04 AM","1099","0","1099","1099","0"
"4261","2025-11-16","10:06:10 AM","49","0","49","49","0"
"4262","2025-11-16","10:24:27 AM","300","0","300","300","0"
"4263","2025-11-16","11:27:30 AM","450","0","450","450","0"
"4264","2025-11-16","11:34:20 AM","360","0","360","360","0"
"4265","2025-11-16","12:06:12 PM","698","0","698","698","0"
"4266","2025-11-16","12:28:26 PM","325","0","325","325","0"
"4267","2025-11-16","1:08:05 PM","1800","0","1800","1800","0"
"4268","2025-11-16","2:20:33 PM","20","0","20","20","0"
"4269","2025-11-16","2:24:22 PM","1520","20","1500","1500","0"
"4270","2025-11-16","2:28:39 PM","430","0","430","430","0"
"4271","2025-11-16","3:06:43 PM","208","0","208","208","0"
"4272","2025-11-16","3:11:28 PM","780","0","780","780","0"
"4273","2025-11-16","3:38:25 PM","1098","0","1098","1098","0"
"4274","2025-11-16","3:58:05 PM","866","0","866","866","0"
"4275","2025-11-16","4:08:31 PM","450","0","450","450","0"
"4276","2025-11-16","4:23:35 PM","1590","0","1590","1590","0"
"4277","2025-11-16","4:26:27 PM","500","0","500","500","0"
"4278","2025-11-16","4:45:17 PM","770","0","770","770","0"
"4279","2025-11-16","5:09:44 PM","1356","0","1356","1356","0"
"4280","2025-11-16","5:11:55 PM","1891","10","1881","1881","0"
"4281","2025-11-16","5:17:05 PM","200","0","200","200","0"
"4282","2025-11-16","5:17:39 PM","50","0","50","50","0"
"4283","2025-11-16","5:22:13 PM","350","0","350","350","0"
"4284","2025-11-16","5:31:15 PM","424","4","420","420","0"
"4285","2025-11-16","5:41:04 PM","761","0","761","761","0"
"4286","2025-11-16","5:48:33 PM","859","0","859","859","0"
"4287","2025-11-16","5:57:01 PM","1060","0","1060","1060","0"
"4288","2025-11-16","6:10:44 PM","600","0","600","600","0"
"4289","2025-11-16","6:16:22 PM","660","0","660","660","0"
"4290","2025-11-16","6:18:15 PM","100","0","100","100","0"
"4291","2025-11-16","6:22:14 PM","250","0","250","250","0"
"4292","2025-11-16","6:27:12 PM","140","0","140","140","0"
"4293","2025-11-16","7:09:18 PM","860","0","860","860","0"
"4294","2025-11-16","7:09:43 PM","390","0","390","390","0"
"4295","2025-11-16","7:16:43 PM","407","0","407","407","0"
"4296","2025-11-16","7:22:07 PM","160","0","160","160","0"
"4297","2025-11-17","9:28:52 AM","100","0","100","100","0"
"4298","2025-11-17","9:40:46 AM","110","0","110","110","0"
"4299","2025-11-17","9:51:08 AM","1745","0","1745","1745","0"
"4300","2025-11-17","10:00:23 AM","150","0","150","150","0"
"4301","2025-11-17","10:03:38 AM","970","0","970","970","0"
"4302","2025-11-17","10:26:48 AM","160","0","160","160","0"
"4303","2025-11-17","10:39:35 AM","99","0","99","99","0"
"4304","2025-11-17","10:48:20 AM","49","0","49","49","0"
"4305","2025-11-17","11:19:45 AM","720","0","720","720","0"
"4306","2025-11-17","11:29:38 AM","180","0","180","180","0"
"4307","2025-11-17","11:35:14 AM","300","0","300","300","0"
"4308","2025-11-17","11:49:56 AM","500","0","500","0","0"
"4309","2025-11-17","12:16:14 PM","200","0","200","200","0"
"4310","2025-11-17","12:20:15 PM","150","0","150","150","0"
"4311","2025-11-17","12:24:08 PM","839","0","839","839","0"
"4312","2025-11-17","12:47:03 PM","999","0","999","999","0"
"4313","2025-11-17","12:48:53 PM","350","0","350","350","0"
"4314","2025-11-17","12:50:42 PM","250","0","250","250","0"
"4315","2025-11-17","2:25:38 PM","850","0","850","850","0"
"4316","2025-11-17","2:55:26 PM","300","0","300","300","0"
"4317","2025-11-17","2:58:35 PM","20","0","20","20","0"
"4318","2025-11-17","3:19:14 PM","490","0","490","490","0"
"4319","2025-11-17","3:38:56 PM","872","0","872","872","0"
"4320","2025-11-17","4:03:54 PM","130","0","130","130","0"
"4321","2025-11-17","4:21:23 PM","740","0","740","740","0"
"4322","2025-11-17","4:22:07 PM","250","0","250","250","0"
"4323","2025-11-17","5:39:33 PM","6166","0","6166","6166","0"
"4324","2025-11-17","6:44:05 PM","2275","0","2275","2275","0"
"4325","2025-11-17","6:47:56 PM","850","0","850","850","0"
"4326","2025-11-17","7:05:53 PM","3445","0","3445","3445","0"
"4327","2025-11-17","7:11:05 PM","500","0","500","500","0"
"4328","2025-11-17","7:12:16 PM","950","0","950","950","0"
"4329","2025-11-17","7:25:33 PM","3730","0","3730","3730","0"
"4330","2025-11-17","7:30:21 PM","470","0","470","470","0"
"4331","2025-11-17","7:30:57 PM","50","0","50","50","0"
"4332","2025-11-17","7:39:35 PM","470","0","470","470","0"
"4333","2025-11-17","7:42:54 PM","270","0","270","270","0"
"4334","2025-11-18","10:04:07 AM","250","0","250","250","0"
"4335","2025-11-18","10:53:46 AM","270","0","270","270","0"
"4336","2025-11-18","11:15:07 AM","695","0","695","695","0"
"4337","2025-11-18","11:16:34 AM","50","0","50","50","0"
"4338","2025-11-18","11:18:14 AM","280","0","280","280","0"
"4339","2025-11-18","11:19:09 AM","51","0","51","51","0"
"4340","2025-11-18","11:56:18 AM","1274","0","1274","1274","0"
"4341","2025-11-18","11:59:07 AM","100","0","100","100","0"
"4342","2025-11-18","12:19:03 PM","1050","0","1050","1050","0"
"4343","2025-11-18","12:30:26 PM","680","0","680","680","0"
"4344","2025-11-18","4:12:52 PM","2242","0","2242","2242","0"
"4345","2025-11-18","5:00:37 PM","3150","0","3150","3150","0"
"4346","2025-11-18","5:58:27 PM","1922","0","1922","1922","0"
"4347","2025-11-18","6:04:52 PM","2330","0","2330","2330","0"
"4348","2025-11-18","6:09:05 PM","430","0","430","430","0"
"4349","2025-11-18","6:14:39 PM","760","0","760","760","0"
"4350","2025-11-18","7:59:12 PM","3080","0","3080","3080","0"
"4351","2025-11-19","9:07:37 AM","45","0","45","45","0"
"4352","2025-11-19","9:07:55 AM","250","0","250","250","0"
"4353","2025-11-19","9:54:10 AM","619","0","619","619","0"
"4354","2025-11-19","10:51:46 AM","490","0","490","490","0"
"4355","2025-11-19","11:07:30 AM","430","0","430","430","0"
"4356","2025-11-19","11:58:20 AM","1507","0","1507","1507","0"
"4357","2025-11-19","12:08:34 PM","810","10","800","800","0"
"4358","2025-11-19","12:22:47 PM","170","0","170","170","0"
"4359","2025-11-19","12:49:34 PM","608","0","608","608","0"
"4360","2025-11-19","3:10:41 PM","2000","0","2000","2000","0"
"4361","2025-11-19","3:12:12 PM","1144","0","1144","1144","0"
"4362","2025-11-19","3:39:15 PM","350","0","350","350","0"
"4363","2025-11-19","3:39:45 PM","228","0","228","228","0"
"4364","2025-11-19","3:40:04 PM","104","0","104","104","0"
"4365","2025-11-19","4:56:26 PM","3210","0","3210","3210","0"
"4366","2025-11-19","5:04:57 PM","270","0","270","270","0"
"4367","2025-11-19","5:38:43 PM","1940","0","1940","1940","0"
"4368","2025-11-19","5:40:07 PM","500","0","500","500","0"
"4369","2025-11-19","5:40:47 PM","228","0","228","228","0"
"4370","2025-11-19","5:44:54 PM","980","0","980","980","0"
"4371","2025-11-19","6:38:35 PM","1463","0","1463","1463","0"
"4372","2025-11-19","7:00:23 PM","1000","0","1000","1000","0"
"4373","2025-11-19","7:01:10 PM","880","0","880","880","0"
"4374","2025-11-19","7:01:48 PM","120","0","120","120","0"
"4375","2025-11-19","7:32:55 PM","627","0","627","627","0"
"4376","2025-11-19","7:48:22 PM","26","0","26","26","0"
"4377","2025-11-20","9:31:35 AM","50","0","50","50","0"
"4378","2025-11-20","9:59:38 AM","820","0","820","820","0"
"4379","2025-11-20","10:25:36 AM","719","0","719","719","0"
"4380","2025-11-20","11:58:29 AM","2020","0","2020","2020","0"
"4381","2025-11-20","12:12:20 PM","120","0","120","120","0"
"4382","2025-11-20","12:33:06 PM","1740","0","1740","1740","0"
"4383","2025-11-20","12:34:31 PM","120","0","120","120","0"
"4384","2025-11-20","12:43:30 PM","315","0","315","315","0"
"4385","2025-11-20","12:47:08 PM","40","0","40","40","0"
"4386","2025-11-20","2:24:00 PM","970","0","970","970","0"
"4387","2025-11-20","3:02:33 PM","480","0","480","480","0"
"4388","2025-11-20","3:08:17 PM","3230","0","3230","3230","0"
"4389","2025-11-20","3:12:06 PM","1575","0","1575","1575","0"
"4390","2025-11-20","3:54:08 PM","5610","0","5610","5610","0"
"4391","2025-11-20","3:55:08 PM","140","0","140","140","0"
"4392","2025-11-20","4:29:28 PM","1580","0","1580","1580","0"
"4393","2025-11-20","6:51:59 PM","6454","0","6454","6454","0"
"4394","2025-11-20","6:55:52 PM","900","0","900","900","0"
"4395","2025-11-20","7:37:24 PM","939","0","939","939","0"
"4396","2025-11-20","7:46:38 PM","250","0","250","250","0"
"4397","2025-11-21","9:28:08 AM","306","0","306","306","0"
"4398","2025-11-21","10:27:43 AM","610","0","610","610","0"
"4399","2025-11-21","10:39:07 AM","150","0","150","150","0"
"4400","2025-11-21","11:25:00 AM","689","0","689","689","0"
"4401","2025-11-21","11:56:26 AM","200","0","200","200","0"
"4402","2025-11-21","11:59:05 AM","1090","0","1090","1090","0"
"4403","2025-11-21","12:13:42 PM","170","0","170","170","0"
"4404","2025-11-21","2:12:39 PM","260","0","260","260","0"
"4405","2025-11-21","2:26:37 PM","410","0","410","410","0"
"4406","2025-11-21","3:54:37 PM","4151","0","4151","4151","0"
"4407","2025-11-21","3:59:01 PM","350","0","350","350","0"
"4408","2025-11-21","4:51:43 PM","2450","48","2402","2402","0"
"4409","2025-11-21","4:59:54 PM","2580","0","2580","2580","0"
"4410","2025-11-21","5:03:24 PM","1370","0","1370","1370","0"
"4411","2025-11-21","5:12:51 PM","400","0","400","400","0"
"4412","2025-11-21","5:13:16 PM","280","0","280","280","0"
"4413","2025-11-21","5:13:33 PM","65","0","65","65","0"
"4414","2025-11-21","5:15:47 PM","330","0","330","330","0"
"4415","2025-11-21","5:21:56 PM","480","0","480","480","0"
"4416","2025-11-21","5:43:07 PM","832","0","832","832","0"
"4417","2025-11-21","6:31:56 PM","3534","0","3534","3534","0"
"4418","2025-11-21","6:44:29 PM","1020","0","1020","1020","0"
"4419","2025-11-21","6:52:15 PM","970","0","970","970","0"
"4420","2025-11-21","7:06:08 PM","350","0","350","350","0"
"4421","2025-11-21","7:14:09 PM","260","0","260","260","0"
"4422","2025-11-21","7:19:07 PM","50","0","50","50","0"
"4423","2025-11-21","7:23:12 PM","50","0","50","50","0"
"4424","2025-11-21","7:27:38 PM","340","0","340","340","0"
"4425","2025-11-22","1:40:18 PM","350","0","350","350","0"
"4426","2025-11-22","2:01:48 PM","302","0","302","302","0"
"4427","2025-11-22","3:21:57 PM","4374","0","4374","4374","0"
"4428","2025-11-22","4:01:38 PM","730","0","730","730","0"
"4429","2025-11-22","4:04:05 PM","100","0","100","100","0"
"4430","2025-11-22","5:09:46 PM","2963","0","2963","2963","0"
"4431","2025-11-22","5:50:22 PM","1881","0","1881","1881","0"
"4432","2025-11-22","6:03:20 PM","1700","0","1700","1700","0"
"4433","2025-11-22","8:00:44 PM","3250","0","3250","3250","0"
"4434","2025-11-23","2:26:19 PM","10429","0","10429","10429","0"
"4435","2025-11-23","4:26:02 PM","2920","0","2920","2920","0"
"4436","2025-11-23","4:46:23 PM","2830","0","2830","2830","0"
"4437","2025-11-23","4:49:09 PM","320","0","320","320","0"
"4438","2025-11-23","4:55:33 PM","255","0","255","255","0"
"4439","2025-11-23","5:08:07 PM","1695","0","1695","1695","0"
"4440","2025-11-23","5:14:39 PM","1150","0","1150","1150","0"
"4441","2025-11-23","5:22:17 PM","1060","0","1060","1060","0"
"4442","2025-11-23","5:31:57 PM","250","0","250","250","0"
"4443","2025-11-23","5:32:40 PM","407","7","400","400","0"
"4444","2025-11-23","5:55:12 PM","532","0","532","532","0"
"4445","2025-11-23","6:10:57 PM","197","0","197","197","0"
"4446","2025-11-23","6:34:37 PM","1753","0","1753","1753","0"
"4447","2025-11-24","10:09:14 AM","1126","0","1126","1126","0"
"4448","2025-11-24","10:12:13 AM","1308","8","1300","1300","0"
"4449","2025-11-24","10:15:01 AM","189","0","189","189","0"
"4450","2025-11-24","10:40:16 AM","1450","0","1450","1450","0"
"4451","2025-11-24","10:41:25 AM","995","0","995","995","0"
"4452","2025-11-24","10:50:01 AM","273","0","273","273","0"
"4453","2025-11-24","11:09:31 AM","596","0","596","596","0"
"4454","2025-11-24","12:38:58 PM","869","0","869","869","0"
"4455","2025-11-24","2:48:24 PM","590","0","590","590","0"
"4456","2025-11-24","2:49:42 PM","450","0","450","450","0"
"4457","2025-11-24","3:00:06 PM","700","0","700","700","0"
"4458","2025-11-24","4:20:37 PM","449","0","449","449","0"
"4459","2025-11-24","4:35:30 PM","2028","0","2028","2028","0"
"4460","2025-11-24","4:43:53 PM","363","0","363","363","0"
"4461","2025-11-24","4:49:08 PM","773","0","773","773","0"
"4462","2025-11-24","4:49:56 PM","900","0","900","900","0"
"4463","2025-11-24","4:55:18 PM","100","0","100","100","0"
"4464","2025-11-24","4:58:55 PM","550","0","550","550","0"
"4465","2025-11-24","5:05:59 PM","630","0","630","630","0"
"4466","2025-11-24","5:12:39 PM","1072","0","1072","1072","0"
"4467","2025-11-24","5:20:09 PM","1250","0","1250","1250","0"
"4468","2025-11-24","5:31:07 PM","710","0","710","710","0"
"4469","2025-11-24","5:32:56 PM","560","0","560","560","0"
"4470","2025-11-24","5:41:13 PM","580","0","580","580","0"
"4471","2025-11-24","6:10:44 PM","4280","0","4280","4280","0"
"4472","2025-11-24","6:11:56 PM","170","0","170","170","0"
"4473","2025-11-24","6:20:56 PM","395","0","395","395","0"
"4474","2025-11-24","6:57:55 PM","500","0","500","500","0"
"4475","2025-11-24","6:59:28 PM","650","0","650","650","0"
"4476","2025-11-24","7:04:39 PM","240","0","240","240","0"
"4477","2025-11-24","7:29:19 PM","1118","0","1118","1118","0"
"4478","2025-11-24","7:32:43 PM","46","0","46","46","0"
"4479","2025-11-24","7:43:06 PM","250","0","250","250","0"
"4480","2025-11-25","9:24:55 AM","1280","0","1280","1280","0"
"4481","2025-11-25","10:02:20 AM","1058","0","1058","1058","0"
"4482","2025-11-25","10:05:55 AM","480","0","480","480","0"
"4483","2025-11-25","10:11:47 AM","250","0","250","250","0"
"4484","2025-11-25","11:40:59 AM","3738","0","3738","3738","0"
"4485","2025-11-25","11:59:14 AM","840","0","840","840","0"
"4486","2025-11-25","12:17:52 PM","2456","0","2456","2456","0"
"4487","2025-11-25","12:23:36 PM","13284","0","13284","13284","0"
"4488","2025-11-25","12:29:30 PM","290","0","290","290","0"
"4489","2025-11-25","1:05:15 PM","1329","0","1329","1329","0"
"4490","2025-11-25","1:41:20 PM","30","0","30","30","0"
"4491","2025-11-25","4:21:39 PM","3819","0","3819","3819","0"
"4492","2025-11-25","4:51:31 PM","1829","0","1829","1829","0"
"4493","2025-11-25","4:53:34 PM","650","0","650","650","0"
"4494","2025-11-25","5:11:02 PM","2400","0","2400","2400","0"
"4495","2025-11-25","5:13:45 PM","180","0","180","180","0"
"4496","2025-11-25","5:45:32 PM","1624","0","1624","1624","0"
"4497","2025-11-25","5:47:12 PM","660","0","660","660","0"
"4498","2025-11-25","5:48:51 PM","980","0","980","980","0"
"4499","2025-11-25","5:50:01 PM","170","0","170","170","0"
"4500","2025-11-25","6:06:16 PM","768","0","768","768","0"
"4501","2025-11-25","6:13:24 PM","480","0","480","480","0"
"4502","2025-11-25","6:17:13 PM","630","0","630","630","0"
"4503","2025-11-25","6:21:00 PM","1360","0","1360","1360","0"
"4504","2025-11-25","6:56:47 PM","880","0","880","880","0"
"4505","2025-11-25","6:59:48 PM","159","0","159","159","0"
"4506","2025-11-25","7:09:11 PM","790","0","790","790","0"
"4507","2025-11-25","7:16:00 PM","1580","0","1580","1580","0"
"4508","2025-11-25","7:26:22 PM","2700","0","2700","2700","0"
"4509","2025-11-25","7:30:26 PM","270","0","270","270","0"
"4510","2025-11-25","7:39:57 PM","720","0","720","720","0"
"4511","2025-11-26","11:11:42 AM","1420","0","1420","1420","0"
"4512","2025-11-26","11:35:57 AM","956","0","956","956","0"
"4513","2025-11-26","11:38:27 AM","40","0","40","40","0"
"4514","2025-11-26","12:53:28 PM","810","0","810","810","0"
"4515","2025-11-26","12:55:30 PM","140","0","140","140","0"
"4516","2025-11-26","1:20:31 PM","2170","0","2170","2170","0"
"4517","2025-11-26","1:27:17 PM","150","0","150","150","0"
"4518","2025-11-26","2:55:57 PM","548","0","548","548","0"
"4519","2025-11-26","3:25:36 PM","789","0","789","789","0"
"4520","2025-11-26","5:33:43 PM","7309","0","7309","7309","0"
"4521","2025-11-26","5:38:51 PM","1410","0","1410","1410","0"
"4522","2025-11-26","6:11:10 PM","1807","0","1807","1807","0"
"4523","2025-11-26","6:15:37 PM","1300","0","1300","1300","0"
"4524","2025-11-26","6:18:20 PM","150","0","150","150","0"
"4525","2025-11-26","6:45:06 PM","3040","0","3040","3040","0"
"4526","2025-11-26","6:49:49 PM","240","0","240","240","0"
"4527","2025-11-26","7:54:12 PM","2300","0","2300","2300","0"
"4528","2025-11-27","9:33:12 AM","620","0","620","620","0"
"4529","2025-11-27","1:57:28 PM","6137","0","6137","6137","0"
"4530","2025-11-27","2:04:15 PM","683","0","683","683","0"
"4531","2025-11-27","5:04:42 PM","5503","0","5503","5503","0"
"4532","2025-11-27","5:21:56 PM","660","0","660","660","0"
"4533","2025-11-27","5:26:15 PM","3030","0","3030","3030","0"
"4534","2025-11-27","5:28:10 PM","631","0","631","631","0"
"4535","2025-11-27","5:43:42 PM","500","0","500","500","0"
"4536","2025-11-27","6:50:22 PM","2504","0","2504","2504","0"
"4537","2025-11-27","6:55:21 PM","2600","0","2600","2600","0"
"4538","2025-11-27","7:47:07 PM","740","0","740","0","0"
"4539","2025-11-28","9:00:02 AM","90","0","90","90","0"
"4540","2025-11-28","10:51:15 AM","88","0","88","88","0"
"4541","2025-11-28","10:52:36 AM","630","0","630","630","0"
"4542","2025-11-28","10:54:28 AM","1400","0","1400","1400","0"
"4543","2025-11-28","10:54:53 AM","576","0","576","576","0"
"4544","2025-11-28","10:56:15 AM","280","0","280","280","0"
"4545","2025-11-28","11:26:41 AM","2580","0","2580","2580","0"
"4546","2025-11-28","11:38:55 AM","1760","1","1759","1759","0"
"4547","2025-11-28","11:57:26 AM","380","0","380","380","0"
"4548","2025-11-28","12:18:56 PM","320","0","320","320","0"
"4549","2025-11-28","12:22:29 PM","110","0","110","110","0"
"4550","2025-11-28","3:04:35 PM","870","0","870","870","0"
"4551","2025-11-28","3:19:05 PM","390","0","390","390","0"
"4552","2025-11-28","3:46:27 PM","5993","0","5993","5993","0"
"4553","2025-11-28","3:50:52 PM","1000","0","1000","1000","0"
"4554","2025-11-28","4:03:32 PM","550","0","550","550","0"
"4555","2025-11-28","4:04:24 PM","800","0","800","800","0"
"4556","2025-11-28","4:08:48 PM","280","0","280","280","0"
"4557","2025-11-28","4:10:31 PM","260","0","260","260","0"
"4558","2025-11-28","4:31:32 PM","1139","0","1139","1139","0"
"4559","2025-11-28","5:21:09 PM","2604","0","2604","2604","0"
"4560","2025-11-28","5:27:24 PM","1330","0","1330","1330","0"
"4561","2025-11-28","5:33:23 PM","1095","0","1095","1095","0"
"4562","2025-11-28","5:43:43 PM","765","0","765","765","0"
"4563","2025-11-28","5:48:56 PM","50","0","50","50","0"
"4564","2025-11-28","5:55:28 PM","125","0","125","125","0"
"4565","2025-11-28","5:57:29 PM","50","0","50","50","0"
"4566","2025-11-28","6:03:30 PM","710","0","710","710","0"
"4567","2025-11-28","6:12:48 PM","300","0","300","300","0"
"4568","2025-11-28","6:16:07 PM","170","0","170","170","0"
"4569","2025-11-28","6:38:31 PM","1475","0","1475","1475","0"
"4570","2025-11-28","6:51:58 PM","3900","0","3900","3900","0"
"4571","2025-11-28","7:34:05 PM","400","0","400","400","0"
"4572","2025-11-29","10:10:43 AM","1338","0","1338","1338","0"
"4573","2025-11-29","10:12:44 AM","440","0","440","440","0"
"4574","2025-11-29","10:25:48 AM","619","0","619","619","0"
"4575","2025-11-29","11:00:57 AM","408","0","408","408","0"
"4576","2025-11-29","11:13:34 AM","610","0","610","610","0"
"4577","2025-11-29","11:19:49 AM","290","0","290","290","0"
"4578","2025-11-29","11:24:03 AM","902","0","902","902","0"
"4579","2025-11-29","4:45:13 PM","8240","0","8240","8240","0"
"4580","2025-11-29","5:45:55 PM","1415","0","1415","1415","0"
"4581","2025-11-29","5:48:24 PM","2000","0","2000","2000","0"
"4582","2025-11-29","6:00:15 PM","1150","0","1150","1150","0"
"4583","2025-11-29","6:22:44 PM","1060","0","1060","1060","0"
"4584","2025-11-29","6:23:08 PM","45","0","45","45","0"
"4585","2025-11-29","6:26:30 PM","570","0","570","570","0"
"4586","2025-11-29","7:07:46 PM","1990","0","1990","1990","0"
"4587","2025-11-29","7:09:42 PM","550","0","550","550","0"
"4588","2025-11-29","7:58:04 PM","4011","0","4011","4011","0"
"4589","2025-11-30","10:49:10 AM","1449","0","1449","1449","0"
"4590","2025-11-30","11:21:48 AM","1980","0","1980","1980","0"
"4591","2025-11-30","11:31:21 AM","500","0","500","500","0"
"4592","2025-11-30","3:45:55 PM","6330","0","6330","6330","0"
"4593","2025-11-30","4:07:33 PM","2270","0","2270","2270","0"
"4594","2025-11-30","4:33:59 PM","1465","0","1465","1465","0"
"4595","2025-11-30","4:39:06 PM","1440","0","1440","1440","0"
"4596","2025-11-30","4:59:11 PM","400","0","400","400","0"
"4597","2025-11-30","5:04:11 PM","1040","0","1040","1040","0"
"4598","2025-11-30","5:06:34 PM","400","0","400","400","0"
"4599","2025-11-30","5:07:06 PM","100","0","100","100","0"
"4600","2025-11-30","5:23:38 PM","220","0","220","220","0"
"4601","2025-11-30","5:50:03 PM","2522","0","2522","2522","0"
"4602","2025-11-30","6:19:02 PM","2178","0","2178","2178","0"
"4603","2025-11-30","6:23:19 PM","1438","0","1438","1438","0"
"4604","2025-11-30","6:33:08 PM","369","0","369","369","0"
"4605","2025-11-30","6:34:40 PM","390","0","390","390","0"
"4606","2025-11-30","7:05:03 PM","510","0","510","510","0"
"4607","2025-11-30","7:12:56 PM","470","0","470","470","0"
"4608","2025-11-30","7:17:11 PM","75","0","75","75","0"
"4609","2025-11-30","7:17:33 PM","150","0","150","150","0"
"4610","2025-11-30","7:56:56 PM","20","0","20","20","0"
"4611","2025-12-01","8:56:30 AM","900","0","900","900","0"
"4612","2025-12-01","9:30:29 AM","1350","0","1350","1350","0"
"4613","2025-12-01","9:35:59 AM","545","0","545","545","0"
"4614","2025-12-01","10:29:54 AM","1290","0","1290","1290","0"
"4615","2025-12-01","11:14:52 AM","1033","0","1033","1033","0"
"4616","2025-12-01","11:32:37 AM","818","0","818","818","0"
"4617","2025-12-01","11:46:48 AM","370","0","370","370","0"
"4618","2025-12-01","1:29:12 PM","5492","0","5492","5492","0"
"4619","2025-12-01","1:45:59 PM","550","0","550","550","0"
"4620","2025-12-01","3:15:33 PM","1650","0","1650","1650","0"
"4621","2025-12-01","3:20:20 PM","278","0","278","278","0"
"4622","2025-12-01","3:31:06 PM","390","0","390","390","0"
"4623","2025-12-01","5:50:52 PM","5280","0","5280","5280","0"
"4624","2025-12-01","6:14:42 PM","700","0","700","700","0"
"4625","2025-12-01","6:16:42 PM","400","0","400","400","0"
"4626","2025-12-01","6:34:53 PM","485","0","485","485","0"
"4627","2025-12-01","7:44:20 PM","3113","0","3113","3113","0"
"4628","2025-12-01","7:47:40 PM","850","0","850","850","0"
"4629","2025-12-02","10:22:06 AM","769","0","769","769","0"
"4630","2025-12-02","10:53:32 AM","940","0","940","940","0"
"4631","2025-12-02","11:34:50 AM","2288","0","2288","2288","0"
"4632","2025-12-02","11:40:09 AM","480","0","480","480","0"
"4633","2025-12-02","12:23:26 PM","330","0","330","330","0"
"4634","2025-12-02","12:27:39 PM","478","0","478","478","0"
"4635","2025-12-02","12:32:35 PM","370","0","370","370","0"
"4636","2025-12-02","12:35:14 PM","150","0","150","150","0"
"4637","2025-12-02","3:13:19 PM","2642","0","2642","2642","0"
"4638","2025-12-02","4:24:36 PM","4734","0","4734","4734","0"
"4639","2025-12-02","4:38:53 PM","450","0","450","450","0"
"4640","2025-12-02","4:39:33 PM","500","0","500","500","0"
"4641","2025-12-02","4:51:33 PM","1910","0","1910","1910","0"
"4642","2025-12-02","4:55:52 PM","210","0","210","210","0"
"4643","2025-12-02","5:12:52 PM","1288","0","1288","1288","0"
"4644","2025-12-02","5:25:28 PM","843","0","843","843","0"
"4645","2025-12-02","5:31:20 PM","520","0","520","520","0"
"4646","2025-12-02","5:41:14 PM","490","0","490","490","0"
"4647","2025-12-02","5:48:09 PM","730","0","730","730","0"
"4648","2025-12-02","5:53:00 PM","310","0","310","310","0"
"4649","2025-12-02","6:07:51 PM","490","0","490","490","0"
"4650","2025-12-02","6:28:51 PM","1720","0","1720","1720","0"
"4651","2025-12-02","6:29:56 PM","1000","0","1000","1000","0"
"4652","2025-12-02","6:41:54 PM","499","0","499","499","0"
"4653","2025-12-02","6:43:55 PM","205","0","205","205","0"
"4654","2025-12-02","6:51:35 PM","430","0","430","430","0"
"4655","2025-12-02","7:03:51 PM","240","0","240","240","0"
"4656","2025-12-02","7:41:36 PM","1050","0","1050","1050","0"
"4657","2025-12-02","7:46:22 PM","60","0","60","60","0"
"4658","2025-12-02","7:49:47 PM","75","0","75","75","0"
"4659","2025-12-02","7:51:45 PM","20","0","20","20","0"
"4660","2025-12-03","9:29:55 AM","190","0","190","190","0"
"4661","2025-12-03","9:34:47 AM","20","0","20","20","0"
"4662","2025-12-03","10:19:24 AM","560","0","560","560","0"
"4663","2025-12-03","10:51:57 AM","1150","0","1150","1150","0"
"4664","2025-12-03","11:18:22 AM","500","0","500","500","0"
"4665","2025-12-03","11:26:44 AM","920","0","920","920","0"
"4666","2025-12-03","11:38:24 AM","150","0","150","150","0"
"4667","2025-12-03","2:34:16 PM","2020","0","2020","2020","0"
"4668","2025-12-03","3:08:49 PM","950","0","950","950","0"
"4669","2025-12-03","4:01:51 PM","3667","0","3667","3667","0"
"4670","2025-12-03","4:04:12 PM","450","0","450","450","0"
"4671","2025-12-03","4:33:11 PM","3310","0","3310","3310","0"
"4672","2025-12-03","4:36:04 PM","280","0","280","280","0"
"4673","2025-12-03","5:15:06 PM","1978","0","1978","1978","0"
"4674","2025-12-03","5:38:55 PM","4455","0","4455","4455","0"
"4675","2025-12-03","5:42:53 PM","1200","0","1200","1200","0"
"4676","2025-12-03","5:56:41 PM","1120","0","1120","1120","0"
"4677","2025-12-03","6:01:56 PM","170","0","170","170","0"
"4678","2025-12-03","6:04:25 PM","320","0","320","320","0"
"4679","2025-12-03","6:06:31 PM","490","0","490","490","0"
"4680","2025-12-03","6:07:32 PM","118","0","118","118","0"
"4681","2025-12-03","6:12:51 PM","250","0","250","250","0"
"4682","2025-12-03","6:41:03 PM","1220","0","1220","1220","0"
"4683","2025-12-03","6:57:45 PM","640","0","640","640","0"
"4684","2025-12-03","7:06:35 PM","1250","0","1250","1250","0"
"4685","2025-12-03","7:34:08 PM","1000","0","1000","1000","0"
"4686","2025-12-03","7:38:55 PM","340","0","340","340","0"
"4687","2025-12-03","7:41:59 PM","80","0","80","80","0"
"4688","2025-12-03","7:55:48 PM","1670","0","1670","1670","0"
"4689","2025-12-03","7:57:49 PM","150","0","150","150","0"
"4690","2025-12-04","9:30:49 AM","610","0","610","610","0"
"4691","2025-12-04","10:36:43 AM","2968","0","2968","2968","0"
"4692","2025-12-04","11:00:52 AM","2324","0","2324","2324","0"
"4693","2025-12-04","11:05:26 AM","550","0","550","550","0"
"4694","2025-12-04","12:13:21 PM","1196","0","1196","1196","0"
"4695","2025-12-04","1:18:59 PM","2410","0","2410","0","0"
"4696","2025-12-04","1:23:42 PM","380","0","380","380","0"
"4697","2025-12-04","2:20:08 PM","980","0","980","980","0"
"4698","2025-12-04","2:24:21 PM","499","0","499","499","0"
"4699","2025-12-04","3:44:51 PM","2425","0","2425","2425","0"
"4700","2025-12-04","3:55:19 PM","145","0","145","145","0"
"4701","2025-12-04","4:22:15 PM","2820","0","2820","2820","0"
"4702","2025-12-04","4:49:43 PM","2876","0","2876","2876","0"
"4703","2025-12-04","6:08:25 PM","7113","0","7113","7113","0"
"4704","2025-12-04","6:12:37 PM","1550","0","1550","1550","0"
"4705","2025-12-04","6:35:20 PM","3320","0","3320","3320","0"
"4706","2025-12-04","7:57:45 PM","4183","0","4183","4183","0"
"4707","2025-12-05","9:31:42 AM","668","0","668","668","0"
"4708","2025-12-05","9:38:38 AM","440","0","440","440","0"
"4709","2025-12-05","9:53:36 AM","580","0","580","580","0"
"4710","2025-12-05","10:21:06 AM","480","0","480","480","0"
"4711","2025-12-05","10:21:51 AM","470","0","470","470","0"
"4712","2025-12-05","10:35:49 AM","449","0","449","449","0"
"4713","2025-12-05","10:46:45 AM","190","0","190","190","0"
"4714","2025-12-05","11:41:56 AM","1250","0","1250","1250","0"
"4715","2025-12-05","11:53:25 AM","570","0","570","570","0"
"4716","2025-12-05","11:56:30 AM","200","0","200","200","0"
"4717","2025-12-05","12:24:37 PM","1070","0","1070","1070","0"
"4718","2025-12-05","12:38:41 PM","300","0","300","300","0"
"4719","2025-12-05","3:12:16 PM","1300","0","1300","1300","0"
"4720","2025-12-05","4:23:59 PM","7030","0","7030","7030","0"
"4721","2025-12-05","5:10:18 PM","4428","0","4428","4428","0"
"4722","2025-12-05","5:11:29 PM","100","0","100","100","0"
"4723","2025-12-05","5:13:36 PM","330","0","330","330","0"
"4724","2025-12-05","5:18:22 PM","97","0","97","97","0"
"4725","2025-12-05","5:19:07 PM","700","0","700","700","0"
"4726","2025-12-05","5:45:29 PM","1172","0","1172","1172","0"
"4727","2025-12-05","5:46:39 PM","300","0","300","300","0"
"4728","2025-12-05","5:54:05 PM","486","0","486","486","0"
"4729","2025-12-05","5:59:55 PM","430","0","430","430","0"
"4730","2025-12-05","6:06:55 PM","1151","0","1151","1151","0"
"4731","2025-12-05","6:09:38 PM","116","0","116","116","0"
"4732","2025-12-05","6:12:42 PM","740","0","740","740","0"
"4733","2025-12-05","6:17:28 PM","1140","0","1140","1140","0"
"4734","2025-12-05","7:00:56 PM","2880","0","2880","2880","0"
"4735","2025-12-05","7:39:38 PM","1860","0","1860","1860","0"
"4736","2025-12-05","7:43:25 PM","499","0","499","499","0"
"4737","2025-12-05","8:05:51 PM","250","0","250","250","0"
"4738","2025-12-05","8:06:13 PM","250","0","250","250","0"
"4739","2025-12-06","10:34:45 AM","2363","0","2363","2363","0"
"4740","2025-12-06","10:37:58 AM","150","0","150","150","0"
"4741","2025-12-06","10:56:05 AM","1119","0","1119","1119","0"
"4742","2025-12-06","11:22:36 AM","280","0","280","280","0"
"4743","2025-12-06","11:25:48 AM","670","0","670","670","0"
"4744","2025-12-06","11:49:33 AM","780","0","780","780","0"
"4745","2025-12-06","11:49:47 AM","50","0","50","50","0"
"4746","2025-12-06","12:29:55 PM","425","0","425","425","0"
"4747","2025-12-06","12:53:13 PM","1210","0","1210","1210","0"
"4748","2025-12-06","1:24:36 PM","400","0","400","400","0"
"4749","2025-12-06","2:39:46 PM","2932","0","2932","2932","0"
"4750","2025-12-06","3:33:08 PM","3130","0","3130","3130","0"
"4751","2025-12-06","3:56:48 PM","50","0","50","50","0"
"4752","2025-12-06","4:27:37 PM","6780","0","6780","6780","0"
"4753","2025-12-06","4:35:13 PM","480","0","480","480","0"
"4754","2025-12-06","5:23:23 PM","5748","0","5748","5748","0"
"4755","2025-12-06","5:28:44 PM","780","0","780","780","0"
"4756","2025-12-06","5:48:22 PM","1970","0","1970","1970","0"
"4757","2025-12-06","5:55:55 PM","630","0","630","630","0"
"4758","2025-12-06","6:09:12 PM","338","0","338","338","0"
"4759","2025-12-06","6:14:46 PM","659","0","659","659","0"
"4760","2025-12-06","6:37:35 PM","2358","0","2358","2358","0"
"4761","2025-12-06","7:01:48 PM","790","0","790","790","0"
"4762","2025-12-06","7:47:13 PM","580","0","580","580","0"
"4763","2025-12-07","11:06:22 AM","1600","0","1600","1600","0"
"4764","2025-12-07","1:44:45 PM","1000","0","1000","1000","0"
"4765","2025-12-07","2:37:20 PM","70","0","70","70","0"
"4766","2025-12-07","2:50:33 PM","595","0","595","595","0"
"4767","2025-12-07","3:17:52 PM","287","0","287","287","0"
"4768","2025-12-07","3:19:43 PM","800","0","800","800","0"
"4769","2025-12-07","3:55:57 PM","390","0","390","390","0"
"4770","2025-12-07","4:18:37 PM","49","0","49","49","0"
"4771","2025-12-07","4:53:55 PM","1600","0","1600","1600","0"
"4772","2025-12-07","5:06:49 PM","810","0","810","810","0"
"4773","2025-12-07","5:09:08 PM","410","0","410","410","0"
"4774","2025-12-07","5:10:32 PM","1200","0","1200","1200","0"
"4775","2025-12-07","5:11:27 PM","480","0","480","480","0"
"4776","2025-12-07","5:13:46 PM","1300","0","1300","1300","0"
"4777","2025-12-07","5:14:54 PM","730","0","730","730","0"
"4778","2025-12-07","5:15:47 PM","440","0","440","440","0"
"4779","2025-12-07","5:34:53 PM","900","0","900","900","0"
"4780","2025-12-07","5:38:51 PM","990","0","990","990","0"
"4781","2025-12-07","5:40:25 PM","1554","0","1554","1554","0"
"4782","2025-12-07","6:25:21 PM","2600","0","2600","2600","0"
"4783","2025-12-07","6:35:11 PM","1405","0","1405","1405","0"
"4784","2025-12-07","6:43:40 PM","695","0","695","695","0"
"4785","2025-12-07","6:53:49 PM","110","0","110","110","0"
"4786","2025-12-07","7:49:29 PM","1649","0","1649","1649","0"
"4787","2025-12-07","7:53:55 PM","505","0","505","505","0"
"4788","2025-12-08","11:15:40 AM","1116","0","1116","1116","0"
"4789","2025-12-08","11:28:35 AM","300","0","300","300","0"
"4790","2025-12-08","12:50:35 PM","799","0","799","799","0"
"4791","2025-12-08","12:55:42 PM","250","0","250","250","0"
"4792","2025-12-08","2:44:27 PM","1277","0","1277","1277","0"
"4793","2025-12-08","2:46:03 PM","120","0","120","120","0"
"4794","2025-12-08","4:08:46 PM","994","0","994","994","0"
"4795","2025-12-08","5:15:27 PM","4239","0","4239","4239","0"
"4796","2025-12-08","5:17:07 PM","659","9","650","650","0"
"4797","2025-12-08","5:18:23 PM","120","0","120","120","0"
"4798","2025-12-08","5:32:39 PM","268","0","268","268","0"
"4799","2025-12-08","6:33:57 PM","3136","0","3136","3136","0"
"4800","2025-12-08","7:22:30 PM","1080","0","1080","1080","0"
"4801","2025-12-08","7:36:34 PM","680","0","680","680","0"
"4802","2025-12-09","10:12:02 AM","1010","0","1010","1010","0"
"4803","2025-12-09","10:30:54 AM","40","0","40","40","0"
"4804","2025-12-09","11:01:27 AM","1100","0","1100","1100","0"
"4805","2025-12-09","11:05:52 AM","500","0","500","500","0"
"4806","2025-12-09","11:23:45 AM","490","0","490","490","0"
"4807","2025-12-09","11:28:47 AM","899","0","899","899","0"
"4808","2025-12-09","3:55:51 PM","4424","0","4424","4424","0"
"4809","2025-12-09","4:05:42 PM","930","0","930","930","0"
"4810","2025-12-09","4:16:41 PM","1816","0","1816","1816","0"
"4811","2025-12-09","4:30:27 PM","500","0","500","500","0"
"4812","2025-12-09","4:57:59 PM","300","0","300","300","0"
"4813","2025-12-09","5:06:37 PM","1310","0","1310","1310","0"
"4814","2025-12-09","5:26:31 PM","1930","0","1930","1930","0"
"4815","2025-12-09","5:31:16 PM","590","0","590","590","0"
"4816","2025-12-09","5:38:53 PM","2040","0","2040","2040","0"
"4817","2025-12-09","5:41:07 PM","910","0","910","910","0"
"4818","2025-12-09","5:48:49 PM","859","0","859","859","0"
"4819","2025-12-09","5:51:59 PM","1150","0","1150","1150","0"
"4820","2025-12-09","6:00:28 PM","1150","0","1150","1150","0"
"4821","2025-12-09","6:17:27 PM","760","0","760","760","0"
"4822","2025-12-09","7:00:21 PM","3610","0","3610","3610","0"
"4823","2025-12-09","7:20:58 PM","810","0","810","810","0"
"4824","2025-12-09","7:40:07 PM","818","0","818","818","0"
"4825","2025-12-09","7:43:17 PM","200","0","200","200","0"
"4826","2025-12-10","9:53:37 AM","670","0","670","670","0"
"4827","2025-12-10","9:59:18 AM","140","0","140","140","0"
"4828","2025-12-10","10:09:17 AM","388","0","388","388","0"
"4829","2025-12-10","11:22:19 AM","480","0","480","480","0"
"4830","2025-12-10","11:56:23 AM","2965","0","2965","2965","0"
"4831","2025-12-10","12:10:01 PM","52","0","52","52","0"
"4832","2025-12-10","12:11:07 PM","200","0","200","200","0"
"4833","2025-12-10","12:20:52 PM","900","0","900","900","0"
"4834","2025-12-10","12:40:36 PM","495","0","495","495","0"
"4835","2025-12-10","12:47:19 PM","400","0","400","400","0"
"4836","2025-12-10","1:33:19 PM","520","0","520","520","0"
"4837","2025-12-10","1:50:10 PM","1097","0","1097","1097","0"
"4838","2025-12-10","1:56:42 PM","300","0","300","300","0"
"4839","2025-12-10","2:29:42 PM","1550","0","1550","1550","0"
"4840","2025-12-10","3:04:57 PM","1555","0","1555","1555","0"
"4841","2025-12-10","3:10:51 PM","380","0","380","380","0"
"4842","2025-12-10","3:38:51 PM","130","0","130","130","0"
"4843","2025-12-10","4:16:26 PM","650","0","650","650","0"
"4844","2025-12-10","4:17:02 PM","979","0","979","979","0"
"4845","2025-12-10","4:29:00 PM","1240","0","1240","1240","0"
"4846","2025-12-10","4:55:43 PM","2168","0","2168","2168","0"
"4847","2025-12-10","5:05:09 PM","150","0","150","150","0"
"4848","2025-12-10","5:09:02 PM","100","0","100","100","0"
"4849","2025-12-10","6:01:11 PM","3780","0","3780","3780","0"
"4850","2025-12-10","6:14:38 PM","720","20","700","700","0"
"4851","2025-12-10","6:55:58 PM","2920","40","2880","2880","0"
"4852","2025-12-10","7:40:40 PM","1210","0","1210","1210","0"
"4853","2025-12-11","9:34:35 AM","2220","0","2220","2220","0"
"4854","2025-12-11","10:10:34 AM","430","0","430","430","0"
"4855","2025-12-11","10:37:51 AM","105","0","105","105","0"
"4856","2025-12-11","10:41:56 AM","810","0","810","810","0"
"4857","2025-12-11","10:56:59 AM","355","0","355","355","0"
"4858","2025-12-11","11:31:01 AM","1488","0","1488","1488","0"
"4859","2025-12-11","12:10:29 PM","170","0","170","170","0"
"4860","2025-12-11","12:18:07 PM","713","0","713","713","0"
"4861","2025-12-11","12:35:13 PM","590","0","590","590","0"
"4862","2025-12-11","1:09:42 PM","109","0","109","109","0"
"4863","2025-12-11","1:13:41 PM","3000","0","3000","3000","0"
"4864","2025-12-11","2:03:42 PM","250","0","250","250","0"
"4865","2025-12-11","2:48:37 PM","580","0","580","580","0"
"4866","2025-12-11","3:28:19 PM","380","0","380","380","0"
"4867","2025-12-11","3:35:25 PM","2075","25","2050","2050","0"
"4868","2025-12-11","3:36:26 PM","1000","0","1000","1000","0"
"4869","2025-12-11","3:41:56 PM","300","0","300","300","0"
"4870","2025-12-11","4:06:11 PM","830","0","830","830","0"
"4871","2025-12-11","4:14:30 PM","175","0","175","175","0"
"4872","2025-12-11","4:15:56 PM","146","0","146","146","0"
"4873","2025-12-11","4:21:20 PM","150","0","150","150","0"
"4874","2025-12-11","4:22:12 PM","2499","0","2499","2499","0"
"4875","2025-12-11","4:24:11 PM","280","0","280","280","0"
"4876","2025-12-11","4:42:58 PM","330","0","330","330","0"
"4877","2025-12-11","5:30:36 PM","4550","0","4550","4550","0"
"4878","2025-12-11","6:07:03 PM","690","0","690","690","0"
"4879","2025-12-11","6:09:17 PM","1020","0","1020","1020","0"
"4880","2025-12-11","6:50:13 PM","590","0","590","590","0"
"4881","2025-12-11","6:56:14 PM","870","0","870","870","0"
"4882","2025-12-11","7:17:11 PM","304","0","304","304","0"
"4883","2025-12-11","7:52:15 PM","300","0","300","300","0"
"4884","2025-12-12","10:12:20 AM","250","0","250","250","0"
"4885","2025-12-12","11:19:30 AM","3155","0","3155","3155","0"
"4886","2025-12-12","2:30:19 PM","1017","0","1017","1017","0"
"4887","2025-12-12","3:43:53 PM","1328","0","1328","1328","0"
"4888","2025-12-12","3:45:52 PM","845","0","845","845","0"
"4889","2025-12-12","4:21:33 PM","2000","0","2000","2000","0"
"4890","2025-12-12","4:26:34 PM","2489","0","2489","2489","0"
"4891","2025-12-12","4:28:30 PM","150","0","150","150","0"
"4892","2025-12-12","4:29:44 PM","140","0","140","140","0"
"4893","2025-12-12","4:37:39 PM","2920","0","2920","2920","0"
"4894","2025-12-12","4:47:26 PM","1486","0","1486","1486","0"
"4895","2025-12-12","5:04:21 PM","1510","0","1510","1510","0"
"4896","2025-12-12","5:15:03 PM","270","0","270","270","0"
"4897","2025-12-12","5:17:33 PM","1252","0","1252","1252","0"
"4898","2025-12-12","5:18:09 PM","150","0","150","150","0"
"4899","2025-12-12","5:21:07 PM","288","0","288","288","0"
"4900","2025-12-12","5:32:24 PM","1090","0","1090","0","0"
"4901","2025-12-12","5:36:09 PM","850","0","850","850","0"
"4902","2025-12-12","5:38:45 PM","50","0","50","50","0"
"4903","2025-12-12","5:50:57 PM","343","0","343","343","0"
"4904","2025-12-12","5:52:23 PM","50","0","50","50","0"
"4905","2025-12-12","5:53:41 PM","345","0","345","345","0"
"4906","2025-12-12","5:58:15 PM","400","0","400","400","0"
"4907","2025-12-12","6:08:50 PM","640","0","640","640","0"
"4908","2025-12-12","6:43:04 PM","1920","0","1920","1920","0"
"4909","2025-12-12","6:46:53 PM","120","0","120","120","0"
"4910","2025-12-12","7:18:51 PM","1669","0","1669","1669","0"
"4911","2025-12-12","7:32:50 PM","180","0","180","180","0"
"4912","2025-12-13","9:37:51 AM","210","0","210","210","0"
"4913","2025-12-13","9:51:19 AM","1370","0","1370","1370","0"
"4914","2025-12-13","10:35:20 AM","300","0","300","300","0"
"4915","2025-12-13","11:04:40 AM","1210","0","1210","1210","0"
"4916","2025-12-13","11:16:57 AM","100","0","100","100","0"
"4917","2025-12-13","11:39:21 AM","11759","0","11759","11759","0"
"4918","2025-12-13","11:57:46 AM","686","0","686","0","0"
"4919","2025-12-13","12:19:03 PM","1300","0","1300","1300","0"
"4920","2025-12-13","12:29:30 PM","1117","0","1117","1117","0"
"4921","2025-12-13","3:34:29 PM","8860","0","8860","8860","0"
"4922","2025-12-13","3:37:43 PM","350","0","350","0","0"
"4923","2025-12-13","3:46:50 PM","1600","0","1600","1600","0"
"4924","2025-12-13","3:48:18 PM","450","0","450","450","0"
"4925","2025-12-13","3:58:24 PM","350","0","350","350","0"
"4926","2025-12-13","4:12:44 PM","1010","0","1010","1010","0"
"4927","2025-12-13","4:14:31 PM","2500","0","2500","2500","0"
"4928","2025-12-13","4:15:39 PM","260","0","260","260","0"
"4929","2025-12-13","5:33:03 PM","1903","0","1903","1903","0"
"4930","2025-12-13","5:44:15 PM","2094","0","2094","2094","0"
"4931","2025-12-13","5:45:22 PM","200","0","200","200","0"
"4932","2025-12-13","6:08:57 PM","698","0","698","698","0"
"4933","2025-12-13","6:09:46 PM","652","0","652","652","0"
"4934","2025-12-13","6:13:12 PM","1270","0","1270","1270","0"
"4935","2025-12-13","6:32:59 PM","625","0","625","625","0"
"4936","2025-12-13","7:12:37 PM","1100","0","1100","1100","0"
"4937","2025-12-13","7:18:45 PM","522","0","522","522","0"
"4938","2025-12-13","7:23:53 PM","180","0","180","180","0"
"4939","2025-12-14","9:13:29 AM","200","0","200","200","0"
"4940","2025-12-14","10:28:05 AM","1510","0","1510","1510","0"
"4941","2025-12-14","10:32:04 AM","631","0","631","631","0"
"4942","2025-12-14","10:47:28 AM","150","0","150","150","0"
"4943","2025-12-14","10:50:52 AM","2703","0","2703","2703","0"
"4944","2025-12-14","10:58:03 AM","596","0","596","596","0"
"4945","2025-12-14","11:29:22 AM","156","0","156","156","0"
"4946","2025-12-14","11:50:14 AM","720","0","720","720","0"
"4947","2025-12-14","12:10:57 PM","300","0","300","300","0"
"4948","2025-12-14","12:23:40 PM","2030","0","2030","2030","0"
"4949","2025-12-14","12:58:46 PM","1190","0","1190","1190","0"
"4950","2025-12-14","1:40:04 PM","1570","0","1570","1570","0"
"4951","2025-12-14","2:46:39 PM","640","0","640","640","0"
"4952","2025-12-14","3:00:31 PM","2605","0","2605","2605","0"
"4953","2025-12-14","3:00:50 PM","205","0","205","205","0"
"4954","2025-12-14","3:13:37 PM","1140","0","1140","1140","0"
"4955","2025-12-14","3:14:22 PM","1343","3","1340","1340","0"
"4956","2025-12-14","4:08:15 PM","1690","0","1690","1690","0"
"4957","2025-12-14","4:25:55 PM","1451","0","1451","1451","0"
"4958","2025-12-14","4:51:31 PM","1267","0","1267","1267","0"
"4959","2025-12-14","5:56:59 PM","9049","0","9049","9049","0"
"4960","2025-12-14","6:11:40 PM","1430","0","1430","1430","0"
"4961","2025-12-14","6:22:16 PM","50","0","50","50","0"
"4962","2025-12-14","6:42:28 PM","1394","0","1394","1394","0"
"4963","2025-12-14","6:52:49 PM","360","0","360","360","0"
"4964","2025-12-14","7:00:29 PM","640","0","640","640","0"
"4965","2025-12-14","7:25:58 PM","1189","0","1189","1189","0"
"4966","2025-12-14","7:40:48 PM","310","0","310","310","0"
"4967","2025-12-15","1:14:25 PM","2867","0","2867","2867","0"
"4968","2025-12-15","2:24:16 PM","80","0","80","80","0"
"4969","2025-12-15","2:46:44 PM","575","0","575","575","0"
"4970","2025-12-15","3:08:02 PM","1520","0","1520","1520","0"
"4971","2025-12-15","3:21:38 PM","240","0","240","240","0"
"4972","2025-12-15","3:46:11 PM","410","0","410","410","0"
"4973","2025-12-15","4:49:21 PM","3295","0","3295","3295","0"
"4974","2025-12-15","6:20:34 PM","10499","0","10499","10499","0"
"4975","2025-12-15","6:52:23 PM","440","0","440","440","0"
"4976","2025-12-15","6:53:54 PM","480","0","480","480","0"
"4977","2025-12-16","10:46:13 AM","1420","0","1420","1420","0"
"4978","2025-12-16","11:21:28 AM","627","0","627","627","0"
"4979","2025-12-16","12:01:13 PM","1760","0","1760","1760","0"
"4980","2025-12-16","12:04:53 PM","2004","0","2004","2004","0"
"4981","2025-12-16","12:30:21 PM","50","0","50","50","0"
"4982","2025-12-16","12:34:06 PM","1095","0","1095","1095","0"
"4983","2025-12-16","1:10:43 PM","992","2","990","990","0"
"4984","2025-12-16","1:24:04 PM","620","0","620","620","0"
"4985","2025-12-16","2:03:20 PM","437","0","437","437","0"
"4986","2025-12-16","3:17:31 PM","1360","0","1360","1360","0"
"4987","2025-12-16","3:58:37 PM","2110","0","2110","2110","0"
"4988","2025-12-16","4:11:58 PM","240","0","240","240","0"
"4989","2025-12-16","4:46:19 PM","1400","0","1400","1400","0"
"4990","2025-12-16","5:06:13 PM","1445","0","1445","1445","0"
"4991","2025-12-16","5:21:32 PM","598","0","598","598","0"
"4992","2025-12-16","5:31:34 PM","749","0","749","749","0"
"4993","2025-12-16","6:36:27 PM","5909","0","5909","5909","0"
"4994","2025-12-16","7:12:12 PM","1440","0","1440","1440","0"
"4995","2025-12-16","7:15:56 PM","370","0","370","370","0"
"4996","2025-12-16","7:19:26 PM","600","0","600","600","0"
"4997","2025-12-16","7:22:52 PM","170","0","170","170","0"
"4998","2025-12-16","7:30:19 PM","220","0","220","220","0"
"4999","2025-12-17","1:00:24 PM","4905","0","4905","4905","0"
"5000","2025-12-17","1:08:43 PM","616","0","616","616","0"
"5001","2025-12-17","2:31:30 PM","329","0","329","329","0"
"5002","2025-12-17","3:00:09 PM","340","0","340","340","0"
"5003","2025-12-17","3:58:52 PM","730","0","730","730","0"
"5004","2025-12-17","4:01:18 PM","660","0","660","660","0"
"5005","2025-12-17","4:13:53 PM","110","0","110","110","0"
"5006","2025-12-17","4:25:31 PM","560","0","560","560","0"
"5007","2025-12-17","4:27:37 PM","465","0","465","465","0"
"5008","2025-12-17","4:43:41 PM","1253","0","1253","1253","0"
"5009","2025-12-17","4:48:44 PM","320","0","320","320","0"
"5010","2025-12-17","4:49:15 PM","100","0","100","100","0"
"5011","2025-12-17","5:19:27 PM","2625","0","2625","2625","0"
"5012","2025-12-17","5:32:40 PM","840","0","840","840","0"
"5013","2025-12-17","5:47:25 PM","487","0","487","487","0"
"5014","2025-12-17","5:50:23 PM","1450","0","1450","1450","0"
"5015","2025-12-17","6:05:01 PM","435","0","435","435","0"
"5016","2025-12-17","6:05:47 PM","390","0","390","390","0"
"5017","2025-12-17","7:07:09 PM","5361","0","5361","5361","0"
"5018","2025-12-17","7:11:07 PM","800","0","800","800","0"
"5019","2025-12-17","7:18:45 PM","90","0","90","90","0"
"5020","2025-12-17","7:50:37 PM","570","0","570","570","0"
"5021","2025-12-18","9:11:21 AM","50","0","50","50","0"
"5022","2025-12-18","10:42:57 AM","240","0","240","240","0"
"5023","2025-12-18","10:47:32 AM","663","0","0","0","0"
"5024","2025-12-18","11:09:37 AM","1538","0","1538","1538","0"
"5025","2025-12-18","12:12:10 PM","662","0","662","662","0"
"5026","2025-12-18","12:13:29 PM","510","0","510","510","0"
"5027","2025-12-18","1:25:40 PM","1665","0","1665","1665","0"
"5028","2025-12-18","2:29:58 PM","220","0","220","220","0"
"5029","2025-12-18","2:54:13 PM","200","0","200","200","0"
"5030","2025-12-18","2:56:45 PM","488","0","488","488","0"
"5031","2025-12-18","3:11:02 PM","1130","0","1130","1130","0"
"5032","2025-12-18","3:46:32 PM","450","0","450","450","0"
"5033","2025-12-18","4:54:03 PM","2350","0","2350","2350","0"
"5034","2025-12-18","5:44:22 PM","3386","0","3386","3386","0"
"5035","2025-12-18","6:41:32 PM","2460","0","2460","2460","0"
"5036","2025-12-18","7:12:33 PM","1590","0","1590","1590","0"
"5037","2025-12-18","7:37:04 PM","2300","0","2300","2300","0"
"5038","2025-12-19","12:32:21 PM","4230","0","4230","4230","0"
"5039","2025-12-19","3:50:46 PM","3420","0","3420","3420","0"
"5040","2025-12-19","3:52:41 PM","570","0","570","570","0"
"5041","2025-12-19","4:52:03 PM","2251","0","2251","2251","0"
"5042","2025-12-19","4:53:24 PM","320","0","320","320","0"
"5043","2025-12-19","6:10:34 PM","4822","0","4822","4822","0"
"5044","2025-12-19","6:33:24 PM","545","0","545","545","0"
"5045","2025-12-19","7:35:01 PM","3008","0","3008","3008","0"
"5046","2025-12-19","7:36:52 PM","550","0","550","550","0"
"5047","2025-12-19","8:08:25 PM","100","0","100","100","0"
"5048","2025-12-20","9:17:55 AM","1000","0","1000","1000","0"
"5049","2025-12-20","10:01:28 AM","574","0","574","574","0"
"5050","2025-12-20","10:46:25 AM","1457","0","1457","1457","0"
"5051","2025-12-20","11:09:39 AM","949","0","949","949","0"
"5052","2025-12-20","11:11:10 AM","740","0","740","740","0"
"5053","2025-12-20","12:12:59 PM","5850","0","5850","5850","0"
"5054","2025-12-20","1:09:18 PM","670","0","670","670","0"
"5055","2025-12-20","1:15:27 PM","1500","0","1500","1500","0"
"5056","2025-12-20","1:24:23 PM","590","0","590","590","0"
"5057","2025-12-20","1:24:58 PM","240","0","240","240","0"
"5058","2025-12-20","1:43:52 PM","10190","0","10190","10190","0"
"5059","2025-12-20","2:11:25 PM","20","0","20","20","0"
"5060","2025-12-20","2:12:24 PM","370","0","370","370","0"
"5061","2025-12-20","4:28:14 PM","3160","0","3160","3160","0"
"5062","2025-12-20","5:19:03 PM","2998","0","2998","2998","0"
"5063","2025-12-20","5:26:33 PM","1769","0","1769","1769","0"
"5064","2025-12-20","5:33:31 PM","910","0","910","910","0"
"5065","2025-12-20","5:35:39 PM","496","0","496","496","0"
"5066","2025-12-20","6:45:14 PM","3091","0","3091","3091","0"
"5067","2025-12-20","7:07:27 PM","2047","0","2047","2047","0"
"5068","2025-12-20","7:36:54 PM","700","0","700","700","0"
"5069","2025-12-20","7:39:41 PM","200","0","200","200","0"
"5070","2025-12-20","7:50:37 PM","50","0","50","50","0"
"5071","2025-12-21","10:19:15 AM","730","0","730","730","0"
"5072","2025-12-21","10:22:31 AM","1262","12","1250","1250","0"
"5073","2025-12-21","10:41:01 AM","840","0","840","840","0"
"5074","2025-12-21","10:53:33 AM","660","0","660","660","0"
"5075","2025-12-21","4:08:07 PM","5575","0","5575","5575","0"
"5076","2025-12-21","4:08:31 PM","10800","0","10800","10800","0"
"5077","2025-12-21","4:46:59 PM","700","0","700","700","0"
"5078","2025-12-21","4:47:13 PM","50","0","50","50","0"
"5079","2025-12-21","5:00:24 PM","1779","0","1779","1779","0"
"5080","2025-12-21","5:03:21 PM","1500","0","1500","1500","0"
"5081","2025-12-21","5:22:53 PM","734","0","734","734","0"
"5082","2025-12-21","5:28:20 PM","1310","10","1300","1300","0"
"5083","2025-12-21","5:43:43 PM","870","0","870","870","0"
"5084","2025-12-21","5:48:28 PM","2282","0","2282","2282","0"
"5085","2025-12-21","6:01:26 PM","760","0","760","760","0"
"5086","2025-12-21","6:12:59 PM","20","0","20","20","0"
"5087","2025-12-21","6:13:14 PM","130","0","130","130","0"
"5088","2025-12-21","6:36:20 PM","1260","0","1260","1260","0"
"5089","2025-12-21","6:39:15 PM","150","0","150","150","0"
"5090","2025-12-21","6:49:32 PM","260","0","260","260","0"
"5091","2025-12-21","7:05:06 PM","1280","0","1280","1280","0"
"5092","2025-12-21","7:09:31 PM","350","0","350","350","0"
"5093","2025-12-21","7:13:15 PM","750","0","750","750","0"
"5094","2025-12-21","7:55:54 PM","230","0","230","230","0"
"5095","2025-12-22","10:27:00 AM","1012","0","1012","1012","0"
"5096","2025-12-22","10:32:40 AM","1549","0","1549","1549","0"
"5097","2025-12-22","10:56:52 AM","1245","0","1245","1245","0"
"5098","2025-12-22","11:54:23 AM","830","0","830","830","0"
"5099","2025-12-22","3:20:24 PM","2215","0","2215","2215","0"
"5100","2025-12-22","4:33:06 PM","6189","0","6189","6189","0"
"5101","2025-12-22","5:05:05 PM","700","0","700","700","0"
"5102","2025-12-22","5:24:45 PM","1200","0","1200","1200","0"
"5103","2025-12-22","5:36:39 PM","730","0","730","730","0"
"5104","2025-12-22","5:37:20 PM","574","0","574","574","0"
"5105","2025-12-22","5:43:10 PM","4198","0","4198","4198","0"
"5106","2025-12-22","5:51:46 PM","1045","0","1045","1045","0"
"5107","2025-12-22","5:57:44 PM","2498","0","2498","2498","0"
"5108","2025-12-22","6:03:52 PM","711","0","711","711","0"
"5109","2025-12-22","6:04:20 PM","311","11","300","300","0"
"5110","2025-12-22","6:08:28 PM","100","0","100","100","0"
"5111","2025-12-22","6:17:15 PM","2280","0","2280","2280","0"
"5112","2025-12-22","6:40:28 PM","1780","0","1780","1780","0"
"5113","2025-12-22","6:45:04 PM","290","0","290","290","0"
"5114","2025-12-22","6:50:20 PM","120","0","120","120","0"
"5115","2025-12-22","6:59:33 PM","1160","0","1160","1160","0"
"5116","2025-12-22","7:02:10 PM","1100","0","1100","1100","0"
"5117","2025-12-22","7:18:46 PM","1670","0","1670","1670","0"
"5118","2025-12-22","7:27:51 PM","630","0","630","630","0"
"5119","2025-12-22","7:31:53 PM","3190","0","3190","3190","0"
"5120","2025-12-22","7:33:57 PM","1650","0","1650","1650","0"
"5121","2025-12-22","7:37:37 PM","250","0","250","250","0"
"5122","2025-12-22","8:05:10 PM","520","0","520","520","0"
"5123","2025-12-23","10:06:30 AM","430","0","430","430","0"
"5124","2025-12-23","10:35:35 AM","260","0","260","260","0"
"5125","2025-12-23","10:36:16 AM","1162","12","1150","1150","0"
"5126","2025-12-23","11:13:50 AM","1050","0","1050","1050","0"
"5127","2025-12-23","11:31:51 AM","930","0","930","930","0"
"5128","2025-12-23","11:50:04 AM","2278","0","2278","2278","0"
"5129","2025-12-23","12:10:56 PM","700","0","700","700","0"
"5130","2025-12-23","12:25:28 PM","2210","0","2210","0","0"
"5131","2025-12-23","1:14:51 PM","370","0","370","370","0"
"5132","2025-12-23","1:52:39 PM","120","0","120","120","0"
"5133","2025-12-23","2:01:48 PM","170","0","170","170","0"
"5134","2025-12-23","3:41:12 PM","379","0","379","379","0"
"5135","2025-12-23","6:40:53 PM","9229","0","9229","9229","0"
"5136","2025-12-23","7:03:01 PM","420","0","420","420","0"
"5137","2025-12-23","7:17:57 PM","1085","0","1085","1085","0"
"5138","2025-12-23","7:51:24 PM","1379","0","1379","1379","0"
"5139","2025-12-23","8:05:14 PM","890","0","890","890","0"
"5140","2025-12-23","8:06:24 PM","90","0","90","90","0"
"5141","2025-12-24","10:39:11 AM","800","0","800","800","0"
"5142","2025-12-24","11:12:32 AM","220","0","220","220","0"
"5143","2025-12-24","11:46:14 AM","100","0","100","100","0"
"5144","2025-12-24","12:12:27 PM","1326","26","1300","1300","0"
"5145","2025-12-24","3:16:56 PM","1330","0","1330","1330","0"
"5146","2025-12-24","3:52:33 PM","150","0","150","150","0"
"5147","2025-12-24","4:12:33 PM","1163","0","1163","1163","0"
"5148","2025-12-24","4:15:49 PM","1570","0","1570","1570","0"
"5149","2025-12-24","4:16:20 PM","273","3","270","270","0"
"5150","2025-12-24","5:31:28 PM","3433","0","3433","3433","0"
"5151","2025-12-24","5:53:44 PM","2870","0","2870","2870","0"
"5152","2025-12-24","6:36:24 PM","2395","0","2395","2395","0"
"5153","2025-12-24","6:39:44 PM","550","0","550","550","0"
"5154","2025-12-24","7:15:22 PM","1400","0","1400","1400","0"
"5155","2025-12-24","7:32:02 PM","4725","0","4725","4725","0"
"5156","2025-12-25","10:41:11 AM","1020","0","1020","1020","0"
"5157","2025-12-25","11:02:09 AM","1120","0","1120","1120","0"
"5158","2025-12-25","11:31:20 AM","1010","0","1010","1010","0"
"5159","2025-12-25","11:46:39 AM","1193","0","1193","1193","0"
"5160","2025-12-25","12:42:59 PM","1216","0","1216","1216","0"
"5161","2025-12-25","1:15:41 PM","1387","0","1387","1387","0"
"5162","2025-12-25","1:28:43 PM","701","0","701","701","0"
"5163","2025-12-25","4:24:38 PM","4367","0","4367","4367","0"
"5164","2025-12-25","4:44:06 PM","280","0","280","280","0"
"5165","2025-12-25","5:12:14 PM","5750","0","5750","5750","0"
"5166","2025-12-25","5:15:22 PM","100","0","100","100","0"
"5167","2025-12-25","5:18:04 PM","1796","46","1750","1750","0"
"5168","2025-12-25","5:19:11 PM","110","0","110","110","0"
"5169","2025-12-25","6:12:42 PM","2200","0","2200","2200","0"
"5170","2025-12-25","6:59:55 PM","3210","0","3210","3210","0"
"5171","2025-12-25","7:40:20 PM","976","0","976","976","0"
"5172","2025-12-25","7:59:36 PM","1410","0","1410","1410","0"
"5173","2025-12-25","8:14:58 PM","50","0","50","50","0"
"5174","2025-12-26","7:45:45 PM","661","0","661","661","0"
"5175","2025-12-26","7:58:49 PM","20094","0","20094","20094","0"
"5176","2025-12-27","8:55:35 AM","100","0","100","100","0"
"5177","2025-12-27","9:04:16 AM","100","0","100","100","0"
"5178","2025-12-27","9:12:05 AM","200","0","200","200","0"
"5179","2025-12-27","9:14:39 AM","2460","0","2460","2460","0"
"5180","2025-12-27","9:22:07 AM","320","0","320","320","0"
"5181","2025-12-27","9:54:22 AM","44","0","44","44","0"
"5182","2025-12-27","10:12:23 AM","600","0","600","600","0"
"5183","2025-12-27","10:19:59 AM","100","0","100","100","0"
"5184","2025-12-27","10:56:56 AM","810","0","810","810","0"
"5185","2025-12-27","11:00:23 AM","750","0","750","750","0"
"5186","2025-12-27","11:10:03 AM","389","0","389","389","0"
"5187","2025-12-27","11:28:46 AM","1130","0","1130","1130","0"
"5188","2025-12-27","12:08:02 PM","1495","0","1495","1495","0"
"5189","2025-12-27","12:41:08 PM","1090","0","1090","1090","0"
"5190","2025-12-27","2:00:56 PM","370","0","370","370","0"
"5191","2025-12-27","2:32:34 PM","1077","0","1077","1077","0"
"5192","2025-12-27","2:39:11 PM","300","0","300","300","0"
"5193","2025-12-27","6:38:31 PM","10865","0","10865","10865","0"
"5194","2025-12-27","7:50:19 PM","2000","0","2000","2000","0"
"5195","2025-12-27","7:58:06 PM","280","0","280","280","0"
"5196","2025-12-27","8:08:05 PM","740","0","740","740","0"
"5197","2025-12-28","8:25:00 AM","100","0","100","100","0"
"5198","2025-12-28","9:40:19 AM","199","0","199","199","0"
"5199","2025-12-28","10:42:53 AM","650","0","650","650","0"
"5200","2025-12-28","11:09:01 AM","1890","0","1890","1890","0"
"5201","2025-12-28","11:46:29 AM","230","0","230","230","0"
"5202","2025-12-28","11:50:19 AM","10203","0","10203","10203","0"
"5203","2025-12-28","12:15:24 PM","6754","0","6754","6754","0"
"5204","2025-12-28","12:25:37 PM","50","0","50","50","0"
"5205","2025-12-28","1:49:14 PM","4660","0","4660","4660","0"
"5206","2025-12-28","3:50:14 PM","2030","0","2030","2030","0"
"5207","2025-12-28","4:17:40 PM","1449","0","1449","1449","0"
"5208","2025-12-28","4:36:53 PM","2610","0","2610","2610","0"
"5209","2025-12-28","4:39:52 PM","246","0","246","246","0"
"5210","2025-12-28","4:42:13 PM","1400","0","1400","1400","0"
"5211","2025-12-28","5:23:38 PM","990","0","990","990","0"
"5212","2025-12-28","6:48:58 PM","3690","0","3690","3690","0"
"5213","2025-12-28","7:54:52 PM","290","0","290","290","0"
"5214","2025-12-31","6:31:12 PM","6532","0","6532","6532","0"
"5215","2025-12-31","6:48:25 PM","398","0","398","398","0"
"5216","2025-12-31","8:00:48 PM","920","0","920","920","0"
"5217","2026-01-01","9:13:36 PM","900","0","900","900","0"
"5218","2026-01-01","10:23:59 AM","160","0","160","160","0"
"5219","2026-01-01","11:10:06 AM","510","0","510","510","0"
"5220","2026-01-01","11:26:29 AM","744","0","744","744","0"
"5221","2026-01-01","12:27:17 PM","880","0","880","880","0"
"5222","2026-01-01","12:33:16 PM","680","0","680","680","0"
"5223","2026-01-01","1:41:20 PM","150","0","150","150","0"
"5224","2026-01-01","4:31:22 PM","3120","0","3120","3120","0"
"5225","2026-01-01","4:48:35 PM","418","0","418","418","0"
"5226","2026-01-01","5:11:02 PM","3417","0","3417","3417","0"
"5227","2026-01-01","5:57:26 PM","4530","0","4530","4530","0"
"5228","2026-01-01","6:15:21 PM","2140","0","2140","2140","0"
"5229","2026-01-01","7:15:29 PM","3880","50","3830","3830","0"
"5230","2026-01-01","7:19:00 PM","2992","0","2992","2992","0"
"5231","2026-01-01","7:23:55 PM","990","0","990","990","0"
"5232","2026-01-01","7:36:06 PM","420","0","420","420","0"
"5233","2026-01-01","7:39:30 PM","370","0","370","370","0"
"5234","2026-01-01","7:41:15 PM","198","0","198","198","0"
"5235","2026-01-01","7:41:32 PM","50","0","50","50","0"
"5236","2026-01-01","7:48:59 PM","750","0","750","750","0"
"5237","2026-01-02","8:38:10 AM","60","0","60","60","0"
"5238","2026-01-02","9:22:37 AM","520","0","520","520","0"
"5239","2026-01-02","9:44:58 AM","450","0","450","450","0"
"5240","2026-01-02","10:52:37 AM","97","0","97","97","0"
"5241","2026-01-02","11:27:38 AM","1020","0","1020","1020","0"
"5242","2026-01-02","12:20:11 PM","900","0","900","900","0"
"5243","2026-01-02","1:58:39 PM","2410","0","2410","2410","0"
"5244","2026-01-02","2:45:18 PM","600","0","600","600","0"
"5245","2026-01-02","3:24:16 PM","440","0","440","440","0"
"5246","2026-01-02","3:25:06 PM","763","10","753","753","0"
"5247","2026-01-02","3:48:56 PM","970","0","970","970","0"
"5248","2026-01-02","3:50:03 PM","325","0","325","325","0"
"5249","2026-01-02","3:56:36 PM","200","0","200","200","0"
"5250","2026-01-02","4:37:07 PM","3668","0","3668","3668","0"
"5251","2026-01-02","5:15:59 PM","1590","0","1590","1590","0"
"5252","2026-01-02","5:33:06 PM","320","0","320","320","0"
"5253","2026-01-02","5:39:45 PM","2590","0","2590","2590","0"
"5254","2026-01-02","5:42:20 PM","130","0","130","130","0"
"5255","2026-01-02","5:46:45 PM","100","0","100","100","0"
"5256","2026-01-02","5:50:38 PM","1020","0","1020","1020","0"
"5257","2026-01-02","5:56:57 PM","3397","0","3397","3397","0"
"5258","2026-01-02","5:58:37 PM","110","0","110","110","0"
"5259","2026-01-02","6:17:34 PM","700","0","700","700","0"
"5260","2026-01-02","6:18:14 PM","620","0","620","620","0"
"5261","2026-01-02","6:19:06 PM","150","0","150","150","0"
"5262","2026-01-02","6:25:02 PM","100","0","100","100","0"
"5263","2026-01-02","7:19:45 PM","1740","0","1740","1740","0"
"5264","2026-01-02","7:27:01 PM","370","0","370","370","0"
"5265","2026-01-02","7:29:09 PM","250","0","250","250","0"
"5266","2026-01-02","7:40:27 PM","250","0","250","250","0"
"5267","2026-01-02","7:53:26 PM","150","0","150","150","0"
"5268","2026-01-03","9:37:59 AM","270","0","270","270","0"
"5269","2026-01-03","10:19:09 AM","275","0","275","275","0"
"5270","2026-01-03","10:35:04 AM","1519","0","1519","1519","0"
"5271","2026-01-03","11:07:54 AM","850","0","850","850","0"
"5272","2026-01-03","5:16:51 PM","9545","0","9545","9545","0"
"5273","2026-01-03","5:20:04 PM","200","0","200","200","0"
"5274","2026-01-03","5:58:12 PM","1250","0","1250","1250","0"
"5275","2026-01-03","6:04:58 PM","1000","0","1000","1000","0"
"5276","2026-01-03","6:39:19 PM","1669","0","1669","1669","0"
"5277","2026-01-03","6:41:19 PM","150","0","150","150","0"
"5278","2026-01-03","6:57:42 PM","2280","0","2280","2280","0"
"5279","2026-01-03","7:17:15 PM","1130","0","1130","1130","0"
"5280","2026-01-03","7:40:15 PM","535","0","535","535","0"
"5281","2026-01-03","7:43:40 PM","130","0","130","130","0"
"5282","2026-01-03","8:08:36 PM","300","0","300","300","0"
"5283","2026-01-04","9:31:32 AM","580","0","580","580","0"
"5284","2026-01-04","10:41:16 AM","1350","0","1350","1350","0"
"5285","2026-01-04","10:45:04 AM","175","0","175","175","0"
"5286","2026-01-04","10:51:15 AM","210","0","210","210","0"
"5287","2026-01-04","1:02:44 PM","890","0","890","890","0"
"5288","2026-01-04","1:05:27 PM","500","0","500","500","0"
"5289","2026-01-04","1:33:56 PM","1980","0","1980","1980","0"
"5290","2026-01-04","1:58:55 PM","580","0","580","580","0"
"5291","2026-01-04","2:32:50 PM","400","0","400","400","0"
"5292","2026-01-04","3:31:03 PM","123","0","123","123","0"
"5293","2026-01-04","3:32:04 PM","1500","0","1500","1500","0"
"5294","2026-01-04","3:38:02 PM","1550","0","1550","1550","0"
"5295","2026-01-04","4:35:08 PM","230","0","230","230","0"
"5296","2026-01-04","4:48:20 PM","2240","0","2240","2240","0"
"5297","2026-01-04","5:08:11 PM","550","0","550","550","0"
"5298","2026-01-04","5:18:45 PM","1530","0","1530","1530","0"
"5299","2026-01-04","5:32:36 PM","369","0","369","369","0"
"5300","2026-01-04","6:29:03 PM","3305","0","3305","3305","0"
"5301","2026-01-04","7:58:10 PM","1815","0","1815","1815","0"
"5302","2026-01-04","7:58:53 PM","50","0","50","50","0"
"5303","2026-01-05","9:28:37 AM","820","0","820","820","0"
"5304","2026-01-05","10:06:38 AM","900","0","900","900","0"
"5305","2026-01-05","11:10:13 AM","450","0","450","450","0"
"5306","2026-01-05","11:29:53 AM","4500","0","4500","4500","0"
"5307","2026-01-05","11:52:15 AM","600","0","600","600","0"
"5308","2026-01-05","12:03:09 PM","710","0","710","710","0"
"5309","2026-01-05","12:09:43 PM","1900","0","1900","1900","0"
"5310","2026-01-05","12:47:42 PM","1670","0","1670","1670","0"
"5311","2026-01-05","2:10:00 PM","448","0","448","448","0"
"5312","2026-01-05","2:34:13 PM","570","0","570","570","0"
"5313","2026-01-05","2:35:37 PM","520","0","520","520","0"
"5314","2026-01-05","3:30:43 PM","570","0","570","570","0"
"5315","2026-01-05","4:19:04 PM","330","0","330","330","0"
"5316","2026-01-05","4:30:12 PM","590","0","590","590","0"
"5317","2026-01-05","8:05:23 PM","8831","0","8831","8831","0"
"5318","2026-01-06","11:04:27 AM","569","0","569","569","0"
"5319","2026-01-06","11:06:23 AM","550","0","550","550","0"
"5320","2026-01-06","1:16:08 PM","4550","0","4550","4550","0"
"5321","2026-01-06","1:42:36 PM","380","0","380","380","0"
"5322","2026-01-06","2:42:08 PM","1095","0","1095","1095","0"
"5323","2026-01-06","3:25:10 PM","818","0","818","818","0"
"5324","2026-01-06","4:15:27 PM","1040","0","1040","1040","0"
"5325","2026-01-06","4:40:59 PM","370","0","370","370","0"
"5326","2026-01-06","5:01:36 PM","950","0","950","950","0"
"5327","2026-01-06","5:03:51 PM","255","5","250","250","0"
"5328","2026-01-06","5:48:29 PM","2514","0","2514","2514","0"
"5329","2026-01-06","6:15:49 PM","1320","0","1320","1320","0"
"5330","2026-01-06","6:23:43 PM","200","0","200","200","0"
"5331","2026-01-06","6:31:56 PM","350","0","350","350","0"
"5332","2026-01-06","6:34:51 PM","750","0","750","750","0"
"5333","2026-01-06","6:53:30 PM","1810","0","1810","1810","0"
"5334","2026-01-06","7:56:32 PM","3990","0","3990","3990","0"
"5335","2026-01-07","9:34:58 AM","1095","0","1095","1095","0"
"5336","2026-01-07","10:24:14 AM","200","0","200","200","0"
"5337","2026-01-07","10:26:31 AM","687","0","687","687","0"
"5338","2026-01-07","11:32:46 AM","5163","0","5163","5163","0"
"5339","2026-01-07","12:20:44 PM","1517","0","1517","0","0"
"5340","2026-01-07","12:43:49 PM","1265","0","1265","1265","0"
"5341","2026-01-07","1:02:02 PM","298","0","298","298","0"
"5342","2026-01-07","2:08:07 PM","1465","0","1465","1465","0"
"5343","2026-01-07","3:55:25 PM","2449","0","2449","2449","0"
"5344","2026-01-07","4:51:39 PM","7565","0","7565","7565","0"
"5345","2026-01-07","5:03:08 PM","380","0","380","380","0"
"5346","2026-01-07","5:05:56 PM","1570","0","1570","1570","0"
"5347","2026-01-07","5:22:35 PM","130","0","130","130","0"
"5348","2026-01-07","5:52:02 PM","1580","0","1580","1580","0"
"5349","2026-01-07","7:46:43 PM","1802","0","1802","1802","0"
"5350","2026-01-08","10:36:02 AM","1400","0","1400","1400","0"
"5351","2026-01-08","11:21:29 AM","1440","0","1440","1440","0"
"5352","2026-01-08","11:42:38 AM","961","0","961","961","0"
"5353","2026-01-08","12:41:29 PM","1428","0","1428","1428","0"
"5354","2026-01-08","3:20:35 PM","1972","0","1972","1972","0"
"5355","2026-01-08","3:55:05 PM","2440","0","2440","2440","0"
"5356","2026-01-08","4:06:20 PM","1100","0","1100","1100","0"
"5357","2026-01-08","5:45:20 PM","4829","0","4829","4829","0"
"5358","2026-01-08","6:17:00 PM","2050","0","2050","2050","0"
"5359","2026-01-08","6:49:27 PM","1687","0","1687","1687","0"
"5360","2026-01-08","6:58:21 PM","1749","0","1749","1749","0"
"5361","2026-01-08","6:59:58 PM","1290","0","1290","1290","0"
"5362","2026-01-08","7:18:47 PM","50","0","50","50","0"
"5363","2026-01-09","9:32:01 AM","880","0","880","880","0"
"5364","2026-01-09","10:49:50 AM","2958","0","2958","2958","0"
"5365","2026-01-09","11:19:35 AM","110","0","110","110","0"
"5366","2026-01-09","11:22:55 AM","1019","0","1019","1019","0"
"5367","2026-01-09","11:48:19 AM","1827","0","1827","1827","0"
"5368","2026-01-09","11:52:09 AM","630","0","630","630","0"
"5369","2026-01-09","12:00:55 PM","50","0","50","50","0"
"5370","2026-01-09","12:11:50 PM","1340","0","1340","1340","0"
"5371","2026-01-09","4:07:40 PM","2020","0","2020","2020","0"
"5372","2026-01-09","4:25:35 PM","3130","0","3130","3130","0"
"5373","2026-01-09","4:35:19 PM","420","0","420","420","0"
"5374","2026-01-09","4:59:12 PM","1460","0","1460","1460","0"
"5375","2026-01-09","5:05:53 PM","2198","28","2170","2170","0"
"5376","2026-01-09","5:06:48 PM","35","0","35","35","0"
"5377","2026-01-09","5:26:06 PM","260","0","260","260","0"
"5378","2026-01-09","5:31:39 PM","1720","0","1720","1720","0"
"5379","2026-01-09","6:05:33 PM","1132","0","1132","1132","0"
"5380","2026-01-09","6:12:06 PM","3340","90","3250","3250","0"
"5381","2026-01-09","6:13:33 PM","804","0","804","804","0"
"5382","2026-01-09","6:40:41 PM","660","0","660","660","0"
"5383","2026-01-09","7:02:31 PM","315","0","315","315","0"
"5384","2026-01-09","7:05:49 PM","1870","0","1870","1870","0"
"5385","2026-01-09","7:11:59 PM","780","0","780","780","0"
"5386","2026-01-09","7:19:01 PM","995","0","995","995","0"
"5387","2026-01-09","7:20:05 PM","560","10","550","550","0"
"5388","2026-01-09","7:22:33 PM","2070","0","2070","2070","0"
"5389","2026-01-09","7:26:07 PM","250","0","250","250","0"
"5390","2026-01-09","7:42:57 PM","220","0","220","220","0"
"5391","2026-01-10","10:42:32 AM","950","0","950","950","0"
"5392","2026-01-10","11:05:34 AM","220","0","220","220","0"
"5393","2026-01-10","12:14:23 PM","1698","0","1698","1698","0"
"5394","2026-01-10","12:22:38 PM","340","0","340","340","0"
"5395","2026-01-10","1:46:34 PM","920","0","920","920","0"
"5396","2026-01-10","2:19:08 PM","858","0","858","858","0"
"5397","2026-01-10","2:54:08 PM","137","0","137","137","0"
"5398","2026-01-10","3:27:39 PM","900","0","900","900","0"
"5399","2026-01-10","3:45:36 PM","463","0","463","463","0"
"5400","2026-01-10","3:52:16 PM","600","0","600","600","0"
"5401","2026-01-10","4:11:50 PM","100","0","100","100","0"
"5402","2026-01-10","4:20:44 PM","900","0","900","900","0"
"5403","2026-01-10","4:26:27 PM","170","0","170","170","0"
"5404","2026-01-10","4:29:15 PM","20","0","20","20","0"
"5405","2026-01-10","4:45:03 PM","210","0","210","210","0"
"5406","2026-01-10","4:53:47 PM","750","0","750","750","0"
"5407","2026-01-10","5:23:15 PM","500","0","500","500","0"
"5408","2026-01-10","5:26:01 PM","250","0","250","250","0"
"5409","2026-01-10","5:37:38 PM","870","0","870","870","0"
"5410","2026-01-10","5:38:32 PM","50","0","50","50","0"
"5411","2026-01-10","5:57:30 PM","530","0","530","530","0"
"5412","2026-01-10","6:01:40 PM","110","0","110","110","0"
"5413","2026-01-10","6:07:35 PM","315","0","315","315","0"
"5414","2026-01-10","6:09:47 PM","250","0","250","250","0"
"5415","2026-01-10","6:11:15 PM","450","0","450","450","0"
"5416","2026-01-10","6:26:04 PM","630","0","630","630","0"
"5417","2026-01-10","6:47:46 PM","1314","0","1314","1314","0"
"5418","2026-01-10","7:17:38 PM","400","0","400","400","0"
"5419","2026-01-10","7:18:27 PM","613","13","600","600","0"
"5420","2026-01-10","7:19:06 PM","100","0","100","100","0"
"5421","2026-01-11","9:45:47 AM","803","0","803","803","0"
"5422","2026-01-11","10:23:23 AM","1300","0","1300","1300","0"
"5423","2026-01-11","2:36:19 PM","5470","0","5470","5470","0"
"5424","2026-01-11","3:37:59 PM","300","0","300","300","0"
"5425","2026-01-11","4:17:27 PM","1380","0","1380","1380","0"
"5426","2026-01-11","4:18:34 PM","2000","0","2000","2000","0"
"5427","2026-01-11","4:27:06 PM","592","2","590","590","0"
"5428","2026-01-11","5:07:45 PM","2250","0","2250","2250","0"
"5429","2026-01-11","5:09:37 PM","350","0","350","350","0"
"5430","2026-01-11","5:11:21 PM","40","0","40","40","0"
"5431","2026-01-11","5:16:17 PM","250","0","250","250","0"
"5432","2026-01-11","5:22:42 PM","890","0","890","890","0"
"5433","2026-01-11","5:31:55 PM","1447","0","1447","1447","0"
"5434","2026-01-11","5:36:26 PM","400","0","400","400","0"
"5435","2026-01-11","5:36:58 PM","50","0","50","50","0"
"5436","2026-01-11","5:38:58 PM","200","0","200","200","0"
"5437","2026-01-11","5:53:55 PM","3270","0","3270","3270","0"
"5438","2026-01-11","6:13:18 PM","3980","0","3980","3980","0"
"5439","2026-01-11","6:31:36 PM","1147","0","1147","1147","0"
"5440","2026-01-11","6:40:43 PM","398","0","398","398","0"
"5441","2026-01-11","6:42:42 PM","1200","0","1200","1200","0"
"5442","2026-01-11","6:45:49 PM","110","0","110","110","0"
"5443","2026-01-11","6:57:11 PM","563","0","563","563","0"
"5444","2026-01-11","7:35:37 PM","2800","0","2800","2800","0"
"5445","2026-01-11","7:43:44 PM","390","0","390","390","0"
"5446","2026-01-11","7:51:51 PM","100","0","100","100","0"
"5447","2026-01-11","7:54:08 PM","339","0","339","339","0"
"5448","2026-01-12","9:57:01 AM","495","0","495","495","0"
"5449","2026-01-12","10:00:52 AM","50","0","50","50","0"
"5450","2026-01-12","10:32:14 AM","500","0","500","500","0"
"5451","2026-01-12","10:42:18 AM","60","0","60","60","0"
"5452","2026-01-12","10:44:52 AM","174","0","174","174","0"
"5453","2026-01-12","12:44:23 PM","1522","0","1522","1522","0"
"5454","2026-01-12","12:45:18 PM","575","0","575","575","0"
"5455","2026-01-12","1:37:24 PM","750","0","750","750","0"
"5456","2026-01-12","1:51:45 PM","40","0","40","40","0"
"5457","2026-01-12","2:57:27 PM","2089","0","2089","2089","0"
"5458","2026-01-12","3:26:40 PM","1370","0","1370","1370","0"
"5459","2026-01-12","3:42:31 PM","915","0","915","915","0"
"5460","2026-01-12","3:48:11 PM","1126","0","1126","1126","0"
"5461","2026-01-12","3:49:26 PM","738","0","738","738","0"
"5462","2026-01-12","3:51:58 PM","470","0","470","470","0"
"5463","2026-01-12","4:24:06 PM","495","0","495","495","0"
"5464","2026-01-12","5:07:32 PM","300","0","300","300","0"
"5465","2026-01-12","5:15:10 PM","390","0","390","390","0"
"5466","2026-01-12","5:17:34 PM","270","0","270","270","0"
"5467","2026-01-12","5:47:39 PM","2300","0","2300","2300","0"
"5468","2026-01-12","5:59:47 PM","430","0","430","430","0"
"5469","2026-01-12","6:07:10 PM","286","0","286","286","0"
"5470","2026-01-12","6:14:29 PM","350","0","350","350","0"
"5471","2026-01-12","6:15:43 PM","170","0","170","170","0"
"5472","2026-01-12","6:23:29 PM","250","0","250","250","0"
"5473","2026-01-12","6:26:25 PM","2699","0","2699","2699","0"
"5474","2026-01-12","6:35:41 PM","846","0","846","846","0"
"5475","2026-01-12","6:58:00 PM","2606","0","2606","2606","0"
"5476","2026-01-12","7:05:25 PM","370","0","370","370","0"
"5477","2026-01-12","7:17:56 PM","128","0","128","128","0"
"5478","2026-01-12","7:46:00 PM","760","0","760","760","0"
"5479","2026-01-12","7:56:06 PM","890","0","890","890","0"
"5480","2026-01-13","10:07:26 AM","315","0","315","315","0"
"5481","2026-01-13","10:16:33 AM","3825","0","3825","3825","0"
"5482","2026-01-13","10:45:08 AM","1200","0","1200","1200","0"
"5483","2026-01-13","10:47:31 AM","100","0","100","100","0"
"5484","2026-01-13","12:47:43 PM","260","0","260","260","0"
"5485","2026-01-13","2:05:09 PM","3370","0","3370","3370","0"
"5486","2026-01-13","2:46:25 PM","2367","0","2367","2367","0"
"5487","2026-01-13","4:25:56 PM","3875","0","3875","3875","0"
"5488","2026-01-13","4:29:32 PM","60","0","60","60","0"
"5489","2026-01-13","5:25:49 PM","3276","0","3276","3276","0"
"5490","2026-01-13","5:40:07 PM","15","0","15","15","0"
"5491","2026-01-13","5:50:29 PM","1008","0","1008","1008","0"
"5492","2026-01-13","5:51:55 PM","350","0","350","350","0"
"5493","2026-01-13","6:18:45 PM","550","0","550","550","0"
"5494","2026-01-13","6:19:48 PM","673","0","673","673","0"
"5495","2026-01-13","6:43:09 PM","1145","0","1145","1145","0"
"5496","2026-01-13","6:50:49 PM","69","0","69","69","0"
"5497","2026-01-13","7:03:21 PM","760","0","760","760","0"
"5498","2026-01-13","7:05:55 PM","1050","0","1050","1050","0"
"5499","2026-01-13","7:50:05 PM","287","0","287","287","0"
"5500","2026-01-14","9:47:27 AM","170","0","170","170","0"
"5501","2026-01-14","10:31:04 AM","647","0","647","647","0"
"5502","2026-01-14","10:56:10 AM","872","0","872","872","0"
"5503","2026-01-14","11:24:39 AM","240","0","240","240","0"
"5504","2026-01-14","12:09:20 PM","533","0","533","533","0"
"5505","2026-01-14","12:52:20 PM","579","0","579","579","0"
"5506","2026-01-14","12:55:06 PM","148","0","148","148","0"
"5507","2026-01-14","1:26:39 PM","337","0","337","337","0"
"5508","2026-01-14","3:25:57 PM","1925","0","1925","1925","0"
"5509","2026-01-14","3:30:14 PM","340","0","340","340","0"
"5510","2026-01-14","3:39:36 PM","350","0","350","350","0"
"5511","2026-01-14","3:41:22 PM","764","14","750","750","0"
"5512","2026-01-14","3:59:35 PM","700","0","700","700","0"
"5513","2026-01-14","4:37:07 PM","1560","0","1560","1560","0"
"5514","2026-01-14","4:47:14 PM","910","0","910","910","0"
"5515","2026-01-14","4:48:15 PM","960","10","950","950","0"
"5516","2026-01-14","4:53:09 PM","850","0","850","850","0"
"5517","2026-01-14","4:56:59 PM","240","0","240","240","0"
"5518","2026-01-14","5:00:33 PM","352","0","0","0","0"
"5519","2026-01-14","5:38:09 PM","2038","0","2038","2038","0"
"5520","2026-01-14","5:50:25 PM","400","0","400","400","0"
"5521","2026-01-14","5:54:24 PM","50","0","50","50","0"
"5522","2026-01-14","5:55:04 PM","545","0","545","545","0"
"5523","2026-01-14","6:59:26 PM","3121","0","3121","3121","0"
"5524","2026-01-14","7:00:38 PM","600","0","600","600","0"
"5525","2026-01-14","7:07:30 PM","300","0","300","300","0"
"5526","2026-01-14","7:31:10 PM","1000","0","1000","1000","0"
"5527","2026-01-14","7:58:10 PM","70","0","70","70","0"
"5528","2026-01-15","10:16:39 AM","2895","0","2895","2895","0"
"5529","2026-01-15","10:17:58 AM","98","0","98","98","0"
"5530","2026-01-15","10:28:15 AM","550","0","550","550","0"
"5531","2026-01-15","10:46:09 AM","580","0","580","580","0"
"5532","2026-01-15","10:53:20 AM","500","0","500","500","0"
"5533","2026-01-15","11:37:36 AM","150","0","150","150","0"
"5534","2026-01-15","11:46:29 AM","790","0","790","790","0"
"5535","2026-01-15","11:50:25 AM","20","0","20","20","0"
"5536","2026-01-15","12:03:18 PM","80","0","80","80","0"
"5537","2026-01-15","1:09:55 PM","1366","0","1366","1366","0"
"5538","2026-01-15","2:14:28 PM","200","0","200","200","0"
"5539","2026-01-15","2:20:49 PM","706","0","706","706","0"
"5540","2026-01-15","3:20:14 PM","2900","0","2900","2900","0"
"5541","2026-01-15","3:39:17 PM","360","0","360","360","0"
"5542","2026-01-15","4:08:09 PM","1060","0","1060","1060","0"
"5543","2026-01-15","4:16:02 PM","750","0","750","750","0"
"5544","2026-01-15","4:38:51 PM","820","0","820","820","0"
"5545","2026-01-15","4:39:54 PM","200","0","200","200","0"
"5546","2026-01-15","4:45:05 PM","450","0","450","450","0"
"5547","2026-01-15","4:46:52 PM","140","0","140","140","0"
"5548","2026-01-15","5:10:21 PM","960","0","960","960","0"
"5549","2026-01-15","5:13:35 PM","330","0","330","330","0"
"5550","2026-01-15","5:23:49 PM","1370","0","1370","1370","0"
"5551","2026-01-15","5:27:46 PM","570","0","570","570","0"
"5552","2026-01-15","5:59:41 PM","1060","0","1060","1060","0"
"5553","2026-01-15","6:01:46 PM","930","30","900","900","0"
"5554","2026-01-15","6:25:55 PM","900","0","900","900","0"
"5555","2026-01-15","6:54:38 PM","1590","0","1590","1590","0"
"5556","2026-01-15","7:06:23 PM","50","0","50","50","0"
"5557","2026-01-15","7:07:13 PM","440","0","440","440","0"
"5558","2026-01-15","7:08:42 PM","45","0","45","45","0"
"5559","2026-01-15","7:44:19 PM","672","0","672","672","0"
"5560","2026-01-15","7:48:22 PM","100","0","100","100","0"
"5561","2026-01-16","10:26:10 AM","240","0","240","240","0"
"5562","2026-01-16","10:40:52 AM","738","0","738","738","0"
"5563","2026-01-16","10:47:21 AM","1020","0","1020","1020","0"
"5564","2026-01-16","10:50:19 AM","1860","0","1860","1860","0"
"5565","2026-01-16","10:53:32 AM","347","0","347","347","0"
"5566","2026-01-16","10:58:43 AM","100","0","100","100","0"
"5567","2026-01-16","11:05:12 AM","769","0","769","769","0"
"5568","2026-01-16","11:51:15 AM","150","0","150","150","0"
"5569","2026-01-16","11:54:25 AM","1080","0","1080","1080","0"
"5570","2026-01-16","12:43:28 PM","1157","0","1157","1157","0"
"5571","2026-01-16","12:44:13 PM","772","22","750","750","0"
"5572","2026-01-16","2:18:53 PM","100","0","100","100","0"
"5573","2026-01-16","2:23:01 PM","684","0","684","684","0"
"5574","2026-01-16","2:58:28 PM","576","0","576","576","0"
"5575","2026-01-16","3:19:46 PM","230","0","230","230","0"
"5576","2026-01-16","4:07:26 PM","4435","0","4435","4435","0"
"5577","2026-01-16","4:28:30 PM","500","0","500","500","0"
"5578","2026-01-16","4:28:58 PM","192","0","192","192","0"
"5579","2026-01-16","4:50:33 PM","1056","0","1056","1056","0"
"5580","2026-01-16","4:55:26 PM","555","0","555","555","0"
"5581","2026-01-16","4:59:12 PM","721","0","721","721","0"
"5582","2026-01-16","5:01:01 PM","140","0","140","140","0"
"5583","2026-01-16","5:01:59 PM","150","0","150","150","0"
"5584","2026-01-16","5:07:48 PM","80","0","80","80","0"
"5585","2026-01-16","5:14:28 PM","251","0","251","251","0"
"5586","2026-01-16","5:23:12 PM","403","0","403","403","0"
"5587","2026-01-16","5:24:06 PM","100","0","100","100","0"
"5588","2026-01-16","5:40:21 PM","477","0","477","477","0"
"5589","2026-01-16","5:43:51 PM","810","0","810","810","0"
"5590","2026-01-16","6:01:02 PM","510","0","510","510","0"
"5591","2026-01-16","6:01:51 PM","330","0","330","330","0"
"5592","2026-01-16","6:02:25 PM","650","0","650","650","0"
"5593","2026-01-16","6:06:33 PM","510","10","500","500","0"
"5594","2026-01-16","6:07:46 PM","320","0","320","320","0"
"5595","2026-01-16","6:12:11 PM","350","0","350","350","0"
"5596","2026-01-16","6:15:28 PM","676","0","676","676","0"
"5597","2026-01-16","6:16:02 PM","30","0","30","30","0"
"5598","2026-01-16","6:26:02 PM","1160","0","1160","1160","0"
"5599","2026-01-16","6:27:04 PM","200","0","200","200","0"
"5600","2026-01-16","6:37:27 PM","40","0","40","40","0"
"5601","2026-01-16","6:38:32 PM","80","0","80","80","0"
"5602","2026-01-16","6:39:29 PM","250","0","250","250","0"
"5603","2026-01-16","6:44:15 PM","200","0","200","200","0"
"5604","2026-01-16","6:55:08 PM","1560","0","1560","1560","0"
"5605","2026-01-16","7:06:22 PM","860","0","860","860","0"
"5606","2026-01-16","7:23:56 PM","300","0","300","300","0"
"5607","2026-01-17","10:13:47 AM","640","0","640","640","0"
"5608","2026-01-17","10:17:13 AM","1283","0","1283","1283","0"
"5609","2026-01-17","10:28:11 AM","235","0","235","235","0"
"5610","2026-01-17","11:04:14 AM","790","0","790","790","0"
"5611","2026-01-17","11:45:47 AM","2430","0","2430","2430","0"
"5612","2026-01-17","4:52:46 PM","13091","0","13091","13091","0"
"5613","2026-01-17","5:36:36 PM","690","0","690","690","0"
"5614","2026-01-17","5:52:04 PM","680","0","680","680","0"
"5615","2026-01-17","6:07:05 PM","930","0","930","930","0"
"5616","2026-01-17","6:20:10 PM","340","0","340","340","0"
"5617","2026-01-17","6:29:51 PM","1880","0","1880","1880","0"
"5618","2026-01-17","6:35:14 PM","890","0","890","890","0"
"5619","2026-01-17","6:59:01 PM","1540","0","1540","1540","0"
"5620","2026-01-17","6:59:53 PM","330","0","330","330","0"
"5621","2026-01-17","7:22:32 PM","1000","0","1000","1000","0"
"5622","2026-01-17","7:34:28 PM","100","0","100","100","0"
"5623","2026-01-17","7:35:03 PM","100","0","100","100","0"
"5624","2026-01-17","7:43:01 PM","150","0","150","150","0"
"5625","2026-01-18","9:57:02 AM","365","0","365","365","0"
"5626","2026-01-18","10:00:21 AM","700","0","700","700","0"
"5627","2026-01-18","10:43:49 AM","1650","0","1650","1650","0"
"5628","2026-01-18","11:08:14 AM","520","20","500","500","0"
"5629","2026-01-18","11:30:03 AM","985","0","985","985","0"
"5630","2026-01-18","12:10:56 PM","1600","0","1600","1600","0"
"5631","2026-01-18","12:17:52 PM","697","0","697","697","0"
"5632","2026-01-18","12:26:42 PM","500","0","500","500","0"
"5633","2026-01-18","12:41:42 PM","998","0","998","998","0"
"5634","2026-01-18","3:03:53 PM","2280","0","2280","2280","0"
"5635","2026-01-18","3:54:32 PM","1650","0","1650","1650","0"
"5636","2026-01-18","3:58:20 PM","850","0","850","850","0"
"5637","2026-01-18","4:04:43 PM","850","0","850","850","0"
"5638","2026-01-18","4:55:49 PM","4710","0","4710","4710","0"
"5639","2026-01-18","5:04:08 PM","200","0","200","200","0"
"5640","2026-01-18","5:59:51 PM","2140","0","2140","2140","0"
"5641","2026-01-18","6:03:45 PM","730","0","730","730","0"
"5642","2026-01-18","6:10:56 PM","150","0","150","150","0"
"5643","2026-01-18","6:43:00 PM","2156","0","2156","2156","0"
"5644","2026-01-18","6:50:14 PM","1129","0","1129","1129","0"
"5645","2026-01-18","7:07:39 PM","730","0","730","730","0"
"5646","2026-01-18","7:10:39 PM","50","0","50","50","0"
"5647","2026-01-18","7:15:36 PM","1550","0","1550","1550","0"
"5648","2026-01-18","7:37:15 PM","1500","0","1500","1500","0"
"5649","2026-01-19","9:41:49 AM","146","0","146","146","0"
"5650","2026-01-19","9:54:40 AM","630","0","630","630","0"
"5651","2026-01-19","10:15:02 AM","150","0","150","150","0"
"5652","2026-01-19","10:23:42 AM","390","0","390","390","0"
"5653","2026-01-19","10:33:39 AM","200","0","200","200","0"
"5654","2026-01-19","11:13:23 AM","1250","0","1250","1250","0"
"5655","2026-01-19","11:51:26 AM","1070","0","1070","1070","0"
"5656","2026-01-19","12:11:01 PM","1640","0","1640","1640","0"
"5657","2026-01-19","12:27:38 PM","585","0","585","585","0"
"5658","2026-01-19","1:09:22 PM","131","0","131","131","0"
"5659","2026-01-19","1:58:27 PM","875","25","850","850","0"
"5660","2026-01-19","2:14:56 PM","1500","0","1500","1500","0"
"5661","2026-01-19","2:31:21 PM","280","0","280","280","0"
"5662","2026-01-19","2:31:51 PM","625","0","625","625","0"
"5663","2026-01-19","2:47:21 PM","658","0","658","658","0"
"5664","2026-01-19","3:08:55 PM","700","0","700","700","0"
"5665","2026-01-19","4:46:45 PM","2320","0","2320","2320","0"
"5666","2026-01-19","4:52:10 PM","950","0","950","950","0"
"5667","2026-01-19","5:14:50 PM","910","0","910","910","0"
"5668","2026-01-19","5:19:17 PM","1100","0","1100","1100","0"
"5669","2026-01-19","5:23:00 PM","348","0","348","348","0"
"5670","2026-01-19","5:27:40 PM","310","0","310","310","0"
"5671","2026-01-19","5:30:44 PM","1008","0","1008","1008","0"
"5672","2026-01-19","5:40:25 PM","1305","0","1305","1305","0"
"5673","2026-01-19","5:53:18 PM","215","0","215","215","0"
"5674","2026-01-19","5:54:59 PM","830","0","830","830","0"
"5675","2026-01-19","5:56:00 PM","720","0","720","720","0"
"5676","2026-01-19","6:35:41 PM","4318","0","4318","4318","0"
"5677","2026-01-19","6:37:40 PM","1070","0","1070","1070","0"
"5678","2026-01-19","7:00:53 PM","1270","0","1270","1270","0"
"5679","2026-01-19","8:04:05 PM","1340","0","1340","1340","0"
"5680","2026-01-20","11:31:46 AM","1464","0","1464","1464","0"
"5681","2026-01-20","11:43:21 AM","130","0","130","130","0"
"5682","2026-01-20","1:19:55 PM","1324","0","1324","1324","0"
"5683","2026-01-20","3:42:31 PM","1960","0","1960","1960","0"
"5684","2026-01-20","4:26:33 PM","1740","0","1740","1740","0"
"5685","2026-01-20","5:20:06 PM","3188","0","3188","3188","0"
"5686","2026-01-20","6:09:26 PM","4978","0","4978","4978","0"
"5687","2026-01-20","6:18:08 PM","50","0","50","50","0"
"5688","2026-01-20","6:19:18 PM","390","0","390","390","0"
"5689","2026-01-20","6:50:02 PM","320","0","320","320","0"
"5690","2026-01-20","7:07:47 PM","3040","0","3040","3040","0"
"5691","2026-01-20","7:16:35 PM","200","0","200","200","0"
"5692","2026-01-20","7:21:59 PM","1000","0","1000","1000","0"
"5693","2026-01-20","7:51:34 PM","470","0","470","470","0"
"5694","2026-01-21","9:38:25 AM","400","0","400","400","0"
"5695","2026-01-21","11:21:02 AM","1866","0","1866","1866","0"
"5696","2026-01-21","11:42:31 AM","1088","0","1088","1088","0"
"5697","2026-01-21","11:52:50 AM","400","0","400","400","0"
"5698","2026-01-21","12:07:28 PM","758","0","758","758","0"
"5699","2026-01-21","12:07:49 PM","110","0","110","110","0"
"5700","2026-01-21","2:04:19 PM","1617","0","1617","1617","0"
"5701","2026-01-21","2:37:45 PM","2450","0","2450","2450","0"
"5702","2026-01-21","3:43:33 PM","1159","0","1159","1159","0"
"5703","2026-01-21","4:45:45 PM","1500","0","1500","1500","0"
"5704","2026-01-21","4:55:28 PM","440","0","440","440","0"
"5705","2026-01-21","5:00:11 PM","1450","0","1450","1450","0"
"5706","2026-01-21","5:00:37 PM","300","0","300","300","0"
"5707","2026-01-21","5:07:15 PM","210","0","210","210","0"
"5708","2026-01-21","5:39:29 PM","1360","0","1360","1360","0"
"5709","2026-01-21","5:45:54 PM","1740","0","1740","1740","0"
"5710","2026-01-21","5:52:36 PM","1110","0","1110","1110","0"
"5711","2026-01-21","5:56:12 PM","1160","0","1160","1160","0"
"5712","2026-01-21","6:21:53 PM","150","0","150","150","0"
"5713","2026-01-21","6:23:36 PM","550","0","550","550","0"
"5714","2026-01-21","7:19:58 PM","2160","0","2160","2160","0"
"5715","2026-01-21","7:36:45 PM","1840","0","1840","1840","0"
"5716","2026-01-21","7:42:34 PM","40","0","40","40","0"
"5717","2026-01-22","9:28:02 AM","550","0","550","550","0"
"5718","2026-01-22","10:30:55 AM","1050","0","1050","1050","0"
"5719","2026-01-22","11:30:54 AM","600","0","600","600","0"
"5720","2026-01-22","11:56:26 AM","217","0","217","217","0"
"5721","2026-01-22","12:03:05 PM","180","0","180","180","0"
"5722","2026-01-22","1:32:26 PM","2545","0","2545","2545","0"
"5723","2026-01-22","2:26:17 PM","665","0","665","665","0"
"5724","2026-01-22","2:52:39 PM","1373","0","1373","1373","0"
"5725","2026-01-22","3:49:46 PM","3260","0","3260","3260","0"
"5726","2026-01-22","4:15:25 PM","380","0","380","380","0"
"5727","2026-01-22","4:29:23 PM","550","0","550","550","0"
"5728","2026-01-22","4:33:41 PM","190","0","190","190","0"
"5729","2026-01-22","4:47:37 PM","610","0","610","610","0"
"5730","2026-01-22","5:07:25 PM","1650","0","1650","1650","0"
"5731","2026-01-22","5:08:18 PM","92","0","92","92","0"
"5732","2026-01-22","5:44:47 PM","220","0","220","220","0"
"5733","2026-01-22","5:53:45 PM","350","0","350","350","0"
"5734","2026-01-22","6:31:48 PM","1690","0","1690","1690","0"
"5735","2026-01-22","7:10:34 PM","180","0","180","180","0"
"5736","2026-01-22","7:16:26 PM","580","0","580","580","0"
"5737","2026-01-22","7:32:10 PM","1450","0","1450","1450","0"
"5738","2026-01-22","7:52:03 PM","250","0","250","250","0"
"5739","2026-01-22","8:04:28 PM","130","0","130","130","0"
"5740","2026-01-23","9:56:15 AM","840","0","840","840","0"
"5741","2026-01-23","10:59:16 AM","80","0","80","80","0"
"5742","2026-01-23","11:08:50 AM","1580","0","1580","1580","0"
"5743","2026-01-23","11:28:37 AM","350","0","350","350","0"
"5744","2026-01-23","11:54:22 AM","300","0","300","300","0"
"5745","2026-01-23","12:26:17 PM","150","0","150","150","0"
"5746","2026-01-23","12:27:25 PM","1060","0","1060","1060","0"
"5747","2026-01-23","2:05:40 PM","1500","0","1500","1500","0"
"5748","2026-01-23","3:05:36 PM","513","0","513","513","0"
"5749","2026-01-23","3:16:01 PM","1255","0","1255","1255","0"
"5750","2026-01-23","3:21:23 PM","1000","0","1000","1000","0"
"5751","2026-01-23","3:23:07 PM","838","0","838","838","0"
"5752","2026-01-23","3:25:16 PM","340","0","340","340","0"
"5753","2026-01-23","3:36:21 PM","1628","0","1628","1628","0"
"5754","2026-01-23","3:50:51 PM","487","0","487","487","0"
"5755","2026-01-23","4:18:13 PM","100","0","100","100","0"
"5756","2026-01-23","4:31:14 PM","537","0","537","537","0"
"5757","2026-01-23","4:32:06 PM","1545","0","1545","1545","0"
"5758","2026-01-23","4:37:20 PM","600","0","600","600","0"
"5759","2026-01-23","4:39:49 PM","100","0","100","100","0"
"5760","2026-01-23","5:01:26 PM","294","0","294","294","0"
"5761","2026-01-23","5:19:47 PM","480","0","480","480","0"
"5762","2026-01-23","5:38:20 PM","970","0","970","970","0"
"5763","2026-01-23","5:54:13 PM","1050","0","1050","1050","0"
"5764","2026-01-23","5:59:19 PM","1310","0","1310","1310","0"
"5765","2026-01-23","6:22:08 PM","698","0","698","698","0"
"5766","2026-01-23","6:23:01 PM","100","0","100","100","0"
"5767","2026-01-23","6:30:13 PM","1486","0","1486","1486","0"
"5768","2026-01-23","6:33:51 PM","90","0","90","90","0"
"5769","2026-01-23","7:01:32 PM","420","0","420","420","0"
"5770","2026-01-23","7:10:36 PM","499","0","499","499","0"
"5771","2026-01-23","7:19:56 PM","200","0","200","200","0"
"5772","2026-01-23","7:29:10 PM","390","0","390","390","0"
"5773","2026-01-23","7:36:30 PM","217","0","217","217","0"
"5774","2026-01-23","7:41:04 PM","1050","0","1050","1050","0"
"5775","2026-01-23","7:44:27 PM","480","0","480","480","0"
"5776","2026-01-24","10:22:29 AM","1230","0","1230","1230","0"
"5777","2026-01-24","10:47:16 AM","550","0","550","550","0"
"5778","2026-01-24","11:05:57 AM","734","34","700","700","0"
"5779","2026-01-24","11:19:39 AM","1360","0","1360","1360","0"
"5780","2026-01-24","11:42:52 AM","1111","0","1111","1111","0"
"5781","2026-01-24","11:48:28 AM","2460","0","2460","2460","0"
"5782","2026-01-24","11:52:36 AM","170","0","170","170","0"
"5783","2026-01-24","11:55:54 AM","250","0","250","250","0"
"5784","2026-01-24","12:10:53 PM","270","0","270","270","0"
"5785","2026-01-24","12:15:27 PM","150","0","150","150","0"
"5786","2026-01-24","1:35:55 PM","1670","0","1670","1670","0"
"5787","2026-01-24","1:42:39 PM","150","0","150","150","0"
"5788","2026-01-24","2:05:50 PM","100","0","100","100","0"
"5789","2026-01-24","3:04:48 PM","450","0","450","450","0"
"5790","2026-01-24","3:34:49 PM","1164","0","1164","1164","0"
"5791","2026-01-24","4:18:23 PM","830","0","830","830","0"
"5792","2026-01-24","4:23:32 PM","20","0","20","20","0"
"5793","2026-01-24","4:26:16 PM","350","0","350","350","0"
"5794","2026-01-24","4:35:08 PM","1400","0","0","0","0"
"5795","2026-01-24","5:23:14 PM","4560","0","4560","4560","0"
"5796","2026-01-24","5:49:55 PM","3079","0","3079","3079","0"
"5797","2026-01-24","5:50:54 PM","300","0","300","300","0"
"5798","2026-01-24","5:52:18 PM","40","0","40","40","0"
"5799","2026-01-24","6:03:48 PM","510","0","510","510","0"
"5800","2026-01-24","6:05:01 PM","960","0","960","960","0"
"5801","2026-01-24","6:06:20 PM","100","0","100","100","0"
"5802","2026-01-24","6:15:03 PM","1250","0","1250","1250","0"
"5803","2026-01-24","6:28:43 PM","450","0","450","450","0"
"5804","2026-01-24","6:29:43 PM","660","0","660","660","0"
"5805","2026-01-24","6:38:07 PM","849","0","0","0","0"
"5806","2026-01-24","6:41:50 PM","770","0","770","770","0"
"5807","2026-01-24","6:57:46 PM","2059","0","2059","2059","0"
"5808","2026-01-24","8:00:05 PM","1305","0","1305","1305","0"
"5809","2026-01-25","10:48:35 AM","1262","0","1262","1262","0"
"5810","2026-01-25","10:54:57 AM","350","0","350","350","0"
"5811","2026-01-25","10:55:27 AM","461","11","450","450","0"
"5812","2026-01-25","3:22:25 PM","5220","0","5220","5220","0"
"5813","2026-01-25","4:29:43 PM","1817","0","1817","1817","0"
"5814","2026-01-25","4:53:11 PM","3258","0","3258","3258","0"
"5815","2026-01-25","5:09:37 PM","2270","0","2270","2270","0"
"5816","2026-01-25","5:10:56 PM","650","0","650","650","0"
"5817","2026-01-25","5:47:52 PM","2683","0","2683","2683","0"
"5818","2026-01-25","6:01:25 PM","1625","0","1625","1625","0"
"5819","2026-01-25","6:05:35 PM","2330","60","2270","2270","0"
"5820","2026-01-25","6:12:51 PM","300","0","300","300","0"
"5821","2026-01-25","6:14:50 PM","600","0","600","600","0"
"5822","2026-01-25","6:29:38 PM","400","0","400","400","0"
"5823","2026-01-25","6:53:52 PM","290","0","290","290","0"
"5824","2026-01-25","7:07:45 PM","1080","0","1080","1080","0"
"5825","2026-01-25","7:08:56 PM","400","0","400","400","0"
"5826","2026-01-25","7:24:56 PM","775","0","775","775","0"
"5827","2026-01-25","7:25:55 PM","650","0","650","650","0"
"5828","2026-01-25","7:36:37 PM","100","0","100","100","0"
"5829","2026-01-25","7:37:27 PM","170","0","170","170","0"
"5830","2026-01-26","10:17:18 AM","490","0","490","490","0"
"5831","2026-01-26","11:14:20 AM","800","0","800","800","0"
"5832","2026-01-26","11:16:36 AM","1138","38","1100","1100","0"
"5833","2026-01-26","11:22:21 AM","420","0","420","420","0"
"5834","2026-01-26","11:36:17 AM","1660","0","1660","1660","0"
"5835","2026-01-26","11:58:45 AM","760","0","760","760","0"
"5836","2026-01-26","12:27:56 PM","280","0","280","280","0"
"5837","2026-01-26","1:22:35 PM","958","0","958","958","0"
"5838","2026-01-26","2:12:24 PM","400","0","400","400","0"
"5839","2026-01-26","2:12:49 PM","740","0","740","740","0"
"5840","2026-01-26","2:18:51 PM","140","0","140","140","0"
"5841","2026-01-26","3:29:56 PM","730","0","730","730","0"
"5842","2026-01-26","4:00:43 PM","230","0","230","230","0"
"5843","2026-01-26","4:02:00 PM","1317","17","1300","1300","0"
"5844","2026-01-26","4:14:31 PM","397","0","397","397","0"
"5845","2026-01-26","4:18:11 PM","500","0","500","500","0"
"5846","2026-01-26","4:23:58 PM","136","0","136","136","0"
"5847","2026-01-26","4:59:42 PM","1910","0","1910","1910","0"
"5848","2026-01-26","5:01:43 PM","158","0","158","158","0"
"5849","2026-01-26","5:18:26 PM","530","0","530","530","0"
"5850","2026-01-26","6:02:56 PM","4030","0","4030","4030","0"
"5851","2026-01-26","6:18:49 PM","570","0","570","570","0"
"5852","2026-01-26","6:19:56 PM","200","0","200","200","0"
"5853","2026-01-26","6:35:54 PM","1620","0","1620","1620","0"
"5854","2026-01-26","6:37:18 PM","611","11","600","600","0"
"5855","2026-01-26","6:38:11 PM","290","0","290","290","0"
"5856","2026-01-26","6:40:06 PM","900","0","900","900","0"
"5857","2026-01-26","7:14:20 PM","3290","0","3290","3290","0"
"5858","2026-01-26","7:49:13 PM","1170","0","1170","1170","0"
"5859","2026-01-27","9:20:14 AM","1021","21","1000","1000","0"
"5860","2026-01-27","10:21:25 AM","1410","0","1410","1410","0"
"5861","2026-01-27","11:02:36 AM","565","0","565","565","0"
"5862","2026-01-27","11:20:54 AM","50","0","50","50","0"
"5863","2026-01-27","11:46:59 AM","910","0","910","910","0"
"5864","2026-01-27","11:54:08 AM","78","0","78","78","0"
"5865","2026-01-27","1:06:15 PM","666","0","666","666","0"
"5866","2026-01-27","2:10:40 PM","300","0","300","300","0"
"5867","2026-01-27","2:53:59 PM","1170","0","1170","1170","0"
"5868","2026-01-27","2:56:33 PM","900","0","900","900","0"
"5869","2026-01-27","4:43:53 PM","840","0","840","840","0"
"5870","2026-01-27","5:05:57 PM","1570","0","1570","1570","0"
"5871","2026-01-27","5:22:25 PM","550","0","550","550","0"
"5872","2026-01-27","5:46:58 PM","1970","0","1970","1970","0"
"5873","2026-01-27","5:54:25 PM","80","0","80","80","0"
"5874","2026-01-27","6:02:48 PM","2473","0","2473","2473","0"
"5875","2026-01-27","6:03:28 PM","438","0","438","438","0"
"5876","2026-01-27","6:23:44 PM","391","0","391","391","0"
"5877","2026-01-27","6:25:05 PM","500","0","500","500","0"
"5878","2026-01-27","6:51:56 PM","669","0","669","669","0"
"5879","2026-01-27","6:52:58 PM","1500","0","1500","1500","0"
"5880","2026-01-27","7:02:05 PM","670","0","670","670","0"
"5881","2026-01-27","7:32:35 PM","2967","0","2967","2967","0"
"5882","2026-01-27","7:48:15 PM","630","0","630","630","0"
"5883","2026-01-28","10:02:06 AM","970","0","970","970","0"
"5884","2026-01-28","10:18:35 AM","3900","0","3900","3900","0"
"5885","2026-01-28","11:03:19 AM","344","0","344","344","0"
"5886","2026-01-28","11:03:46 AM","535","0","535","535","0"
"5887","2026-01-28","11:10:19 AM","150","0","150","150","0"
"5888","2026-01-28","11:20:06 AM","1786","0","1786","1786","0"
"5889","2026-01-28","11:23:24 AM","1200","0","1200","1200","0"
"5890","2026-01-28","11:45:30 AM","395","0","395","395","0"
"5891","2026-01-28","1:13:35 PM","1470","0","1470","1470","0"
"5892","2026-01-28","1:30:45 PM","2400","0","2400","2400","0"
"5893","2026-01-28","1:35:59 PM","340","0","340","340","0"
"5894","2026-01-28","2:57:04 PM","1915","0","1915","1915","0"
"5895","2026-01-28","4:41:28 PM","1591","0","1591","1591","0"
"5896","2026-01-28","4:48:23 PM","50","0","50","50","0"
"5897","2026-01-28","5:02:26 PM","1460","0","1460","1460","0"
"5898","2026-01-28","5:07:55 PM","1010","0","1010","1010","0"
"5899","2026-01-28","5:37:07 PM","2660","0","2660","2660","0"
"5900","2026-01-28","5:38:32 PM","600","0","600","600","0"
"5901","2026-01-28","5:44:32 PM","600","0","600","600","0"
"5902","2026-01-28","6:12:31 PM","2080","0","2080","2080","0"
"5903","2026-01-28","6:23:48 PM","1108","0","1108","1108","0"
"5904","2026-01-28","6:33:25 PM","150","0","150","150","0"
"5905","2026-01-28","6:40:10 PM","1950","0","1950","1950","0"
"5906","2026-01-28","7:00:43 PM","288","0","288","288","0"
"5907","2026-01-28","7:05:58 PM","570","0","570","570","0"
"5908","2026-01-28","8:03:37 PM","1170","0","1170","1170","0"
"5909","2026-01-29","12:38:16 PM","1810","0","1810","1810","0"
"5910","2026-01-29","1:34:31 PM","1472","0","1472","1472","0"
"5911","2026-01-29","2:47:51 PM","770","0","770","770","0"
"5912","2026-01-29","3:15:00 PM","370","0","370","370","0"
"5913","2026-01-29","4:02:09 PM","1537","0","1537","1537","0"
"5914","2026-01-29","4:10:58 PM","680","30","650","650","0"
"5915","2026-01-29","5:53:37 PM","2480","0","2480","2480","0"
"5916","2026-01-29","8:11:54 PM","4110","0","4110","4110","0"
"5917","2026-01-30","9:21:55 AM","480","0","480","480","0"
"5918","2026-01-30","9:34:27 AM","300","0","300","300","0"
"5919","2026-01-30","10:46:41 AM","627","0","627","627","0"
"5920","2026-01-30","10:56:53 AM","450","0","450","450","0"
"5921","2026-01-30","11:16:11 AM","180","0","180","180","0"
"5922","2026-01-30","11:40:11 AM","1395","0","1395","1395","0"
"5923","2026-01-30","12:00:44 PM","970","0","970","970","0"
"5924","2026-01-30","12:15:35 PM","495","0","495","495","0"
"5925","2026-01-30","1:49:22 PM","450","0","450","450","0"
"5926","2026-01-30","1:50:31 PM","411","0","411","411","0"
"5927","2026-01-30","2:33:23 PM","1995","0","1995","1995","0"
"5928","2026-01-30","2:40:15 PM","1138","0","1138","1138","0"
"5929","2026-01-30","2:53:30 PM","800","0","800","800","0"
"5930","2026-01-30","2:54:33 PM","1000","0","1000","1000","0"
"5931","2026-01-30","4:31:35 PM","1851","0","1851","1851","0"
"5932","2026-01-30","4:34:24 PM","1835","0","1835","1835","0"
"5933","2026-01-30","5:14:06 PM","690","0","690","690","0"
"5934","2026-01-30","5:40:02 PM","5068","0","5068","5068","0"
"5935","2026-01-30","5:40:39 PM","90","0","90","90","0"
"5936","2026-01-30","5:45:07 PM","1270","20","1250","1250","0"
"5937","2026-01-30","6:09:05 PM","1490","0","1490","1490","0"
"5938","2026-01-30","6:16:28 PM","2970","0","2970","2970","0"
"5939","2026-01-30","6:26:19 PM","680","0","680","680","0"
"5940","2026-01-30","6:26:54 PM","50","0","50","50","0"
"5941","2026-01-30","6:29:40 PM","1040","40","1000","1000","0"
"5942","2026-01-30","6:34:54 PM","4290","0","4290","4290","0"
"5943","2026-01-30","6:36:22 PM","550","0","550","550","0"
"5944","2026-01-30","6:46:03 PM","1390","0","1390","1390","0"
"5945","2026-01-30","7:19:31 PM","4555","0","4555","4555","0"
"5946","2026-01-30","7:22:33 PM","550","0","550","550","0"
"5947","2026-01-30","7:50:43 PM","1430","0","1430","1430","0"
"5948","2026-01-30","7:51:10 PM","150","0","150","150","0"
"5949","2026-01-30","7:59:27 PM","500","0","500","500","0"
"5950","2026-01-31","9:56:32 AM","620","0","620","620","0"
"5951","2026-01-31","11:22:33 AM","634","0","634","634","0"
"5952","2026-01-31","11:42:09 AM","670","0","670","670","0"
"5953","2026-01-31","11:43:00 AM","1160","0","1160","1160","0"
"5954","2026-01-31","12:18:30 PM","675","0","675","675","0"
"5955","2026-01-31","12:29:48 PM","200","0","200","200","0"
"5956","2026-01-31","1:11:09 PM","700","0","700","700","0"
"5957","2026-01-31","3:02:46 PM","4560","0","4560","4560","0"
"5958","2026-01-31","4:24:48 PM","1500","0","1500","1500","0"
"5959","2026-01-31","4:31:56 PM","200","0","200","200","0"
"5960","2026-01-31","4:45:22 PM","670","0","670","670","0"
"5961","2026-01-31","5:00:04 PM","290","0","290","290","0"
"5962","2026-01-31","5:24:36 PM","638","0","638","638","0"
"5963","2026-01-31","5:26:00 PM","120","0","120","120","0"
"5964","2026-01-31","5:46:26 PM","1398","0","1398","1398","0"
"5965","2026-01-31","5:50:43 PM","1048","0","1048","1048","0"
"5966","2026-01-31","6:01:29 PM","680","0","680","680","0"
"5967","2026-01-31","6:10:43 PM","510","0","510","510","0"
"5968","2026-01-31","6:22:31 PM","1000","0","1000","1000","0"
"5969","2026-01-31","6:51:18 PM","1538","0","1538","1538","0"
"5970","2026-01-31","7:00:02 PM","20","0","20","20","0"
"5971","2026-01-31","7:04:08 PM","150","0","150","150","0"
"5972","2026-01-31","7:42:04 PM","280","0","280","280","0"
"5973","2026-02-01","10:09:15 AM","2226","0","2226","2226","0"
"5974","2026-02-01","10:19:16 AM","1243","0","1243","1243","0"
"5975","2026-02-01","10:26:53 AM","1170","70","1100","1100","0"
"5976","2026-02-01","11:12:32 AM","823","0","823","823","0"
"5977","2026-02-01","11:32:44 AM","2258","0","2258","2258","0"
"5978","2026-02-01","11:39:16 AM","637","0","637","637","0"
"5979","2026-02-01","11:55:48 AM","700","0","700","700","0"
"5980","2026-02-01","12:31:35 PM","80","0","80","80","0"
"5981","2026-02-01","12:33:24 PM","710","10","700","700","0"
"5982","2026-02-01","1:01:22 PM","100","0","100","100","0"
"5983","2026-02-01","1:04:07 PM","1324","0","1324","1324","0"
"5984","2026-02-01","1:14:09 PM","270","0","270","270","0"
"5985","2026-02-01","1:49:39 PM","1068","0","1068","1068","0"
"5986","2026-02-01","2:28:24 PM","200","0","200","200","0"
"5987","2026-02-01","4:11:05 PM","510","0","510","510","0"
"5988","2026-02-01","4:50:14 PM","250","0","0","0","0"
"5989","2026-02-01","5:48:14 PM","3800","0","3800","3800","0"
"5990","2026-02-01","6:06:21 PM","1000","0","1000","1000","0"
"5991","2026-02-01","6:09:04 PM","1499","0","1499","1499","0"
"5992","2026-02-01","6:11:03 PM","150","0","150","150","0"
"5993","2026-02-01","6:18:59 PM","80","0","80","80","0"
"5994","2026-02-01","6:31:14 PM","320","0","320","320","0"
"5995","2026-02-01","6:57:29 PM","2880","0","2880","2880","0"
"5996","2026-02-01","7:12:18 PM","500","0","500","500","0"
"5997","2026-02-01","7:34:11 PM","235","0","235","235","0"
"5998","2026-02-01","7:35:28 PM","415","15","400","400","0"
"5999","2026-02-01","8:02:16 PM","170","0","170","170","0"
"6000","2026-02-01","8:10:01 PM","318","0","318","318","0"
"6001","2026-02-01","8:11:40 PM","50","0","50","50","0"
"6002","2026-02-02","9:55:55 AM","160","0","160","160","0"
"6003","2026-02-02","11:08:59 AM","530","0","530","530","0"
"6004","2026-02-02","11:13:30 AM","570","0","570","570","0"
"6005","2026-02-02","11:38:42 AM","220","0","220","220","0"
"6006","2026-02-02","11:47:06 AM","130","0","130","130","0"
"6007","2026-02-02","12:07:25 PM","240","0","240","240","0"
"6008","2026-02-02","12:46:50 PM","1561","0","1561","1561","0"
"6009","2026-02-02","1:26:27 PM","580","0","580","580","0"
"6010","2026-02-02","1:27:45 PM","905","0","905","905","0"
"6011","2026-02-02","2:12:09 PM","3150","0","3150","3150","0"
"6012","2026-02-02","2:41:58 PM","1060","0","1060","1060","0"
"6013","2026-02-02","3:37:32 PM","1040","0","1040","1040","0"
"6014","2026-02-02","4:16:12 PM","630","0","630","630","0"
"6015","2026-02-02","4:20:32 PM","98","0","98","98","0"
"6016","2026-02-02","4:37:37 PM","1500","0","1500","1500","0"
"6017","2026-02-02","4:45:31 PM","150","0","150","150","0"
"6018","2026-02-02","4:58:34 PM","1485","0","1485","1485","0"
"6019","2026-02-02","5:25:39 PM","1300","0","1300","1300","0"
"6020","2026-02-02","5:35:14 PM","850","0","850","850","0"
"6021","2026-02-02","5:40:16 PM","239","0","239","239","0"
"6022","2026-02-02","5:58:51 PM","918","0","918","918","0"
"6023","2026-02-02","6:19:03 PM","1560","0","1560","1560","0"
"6024","2026-02-02","6:28:04 PM","350","0","350","350","0"
"6025","2026-02-02","6:59:54 PM","528","0","528","528","0"
"6026","2026-02-02","7:22:56 PM","297","0","297","297","0"
"6027","2026-02-02","7:28:33 PM","2050","0","2050","2050","0"
"6028","2026-02-02","7:38:31 PM","70","0","70","70","0"
"6029","2026-02-02","7:48:13 PM","440","0","440","440","0"
"6030","2026-02-02","7:51:53 PM","561","0","561","561","0"
"6031","2026-02-03","10:30:43 AM","810","0","810","810","0"
"6032","2026-02-03","10:38:24 AM","356","0","356","356","0"
"6033","2026-02-03","12:27:04 PM","2329","0","2329","2329","0"
"6034","2026-02-03","12:36:07 PM","50","0","50","50","0"
"6035","2026-02-03","12:38:04 PM","1180","0","1180","1180","0"
"6036","2026-02-03","12:56:31 PM","2530","0","2530","2530","0"
"6037","2026-02-03","12:58:23 PM","190","0","190","190","0"
"6038","2026-02-03","1:16:36 PM","250","0","250","250","0"
"6039","2026-02-03","1:34:46 PM","745","0","745","745","0"
"6040","2026-02-03","1:38:29 PM","200","0","200","200","0"
"6041","2026-02-03","2:22:06 PM","440","0","440","440","0"
"6042","2026-02-03","3:03:08 PM","300","0","300","300","0"
"6043","2026-02-03","4:03:36 PM","238","0","238","238","0"
"6044","2026-02-03","4:06:44 PM","1000","0","1000","1000","0"
"6045","2026-02-03","4:13:05 PM","300","0","300","300","0"
"6046","2026-02-03","4:19:44 PM","480","0","480","480","0"
"6047","2026-02-03","4:29:11 PM","800","0","800","800","0"
"6048","2026-02-03","4:49:24 PM","1010","0","1010","1010","0"
"6049","2026-02-03","5:02:09 PM","540","0","540","540","0"
"6050","2026-02-03","5:27:48 PM","420","0","420","420","0"
"6051","2026-02-03","5:34:36 PM","330","0","330","330","0"
"6052","2026-02-03","5:42:30 PM","50","0","50","50","0"
"6053","2026-02-03","5:52:23 PM","450","0","450","450","0"
"6054","2026-02-03","5:58:02 PM","524","0","524","524","0"
"6055","2026-02-03","6:00:21 PM","139","0","139","139","0"
"6056","2026-02-03","6:15:02 PM","248","0","248","248","0"
"6057","2026-02-03","6:25:34 PM","200","0","200","200","0"
"6058","2026-02-03","6:40:35 PM","720","0","720","720","0"
"6059","2026-02-03","6:41:07 PM","70","0","70","70","0"
"6060","2026-02-03","6:51:08 PM","1340","0","1340","1340","0"
"6061","2026-02-03","6:59:59 PM","300","0","300","300","0"
"6062","2026-02-03","7:08:10 PM","700","0","700","700","0"
"6063","2026-02-03","7:17:41 PM","180","0","180","180","0"
"6064","2026-02-03","7:19:10 PM","460","0","460","460","0"
"6065","2026-02-03","7:25:22 PM","363","0","363","363","0"
"6066","2026-02-03","7:39:52 PM","310","0","310","310","0"
"6067","2026-02-03","8:05:33 PM","1060","0","1060","1060","0"
"6068","2026-02-03","8:09:36 PM","240","0","240","240","0"
"6069","2026-02-03","8:10:14 PM","750","0","750","750","0"
"6070","2026-02-04","10:22:34 AM","280","0","280","280","0"
"6071","2026-02-04","10:24:21 AM","120","0","120","120","0"
"6072","2026-02-04","11:10:36 AM","244","0","244","244","0"
"6073","2026-02-04","11:41:01 AM","989","0","989","989","0"
"6074","2026-02-04","11:43:50 AM","350","0","350","350","0"
"6075","2026-02-04","11:45:28 AM","15","0","15","15","0"
"6076","2026-02-04","11:48:12 AM","1500","0","1500","1500","0"
"6077","2026-02-04","11:49:00 AM","1279","0","1279","1279","0"
"6078","2026-02-04","12:51:20 PM","2531","0","2531","2531","0"
"6079","2026-02-04","1:07:35 PM","200","0","200","200","0"
"6080","2026-02-04","2:17:11 PM","1450","0","1450","1450","0"
"6081","2026-02-04","3:31:27 PM","1391","0","1391","1391","0"
"6082","2026-02-04","4:00:59 PM","710","0","710","710","0"
"6083","2026-02-04","4:17:26 PM","230","0","230","230","0"
"6084","2026-02-04","4:20:59 PM","100","0","100","100","0"
"6085","2026-02-04","4:41:46 PM","380","0","380","380","0"
"6086","2026-02-04","5:50:54 PM","3322","0","3322","3322","0"
"6087","2026-02-04","5:58:33 PM","180","0","180","180","0"
"6088","2026-02-04","6:04:01 PM","580","0","580","580","0"
"6089","2026-02-04","6:04:59 PM","220","20","200","200","0"
"6090","2026-02-04","6:09:13 PM","600","0","600","600","0"
"6091","2026-02-04","6:58:13 PM","1476","0","1476","1476","0"
"6092","2026-02-04","7:22:23 PM","2617","0","2617","2617","0"
"6093","2026-02-04","7:23:45 PM","1184","0","1184","1184","0"
"6094","2026-02-04","7:40:15 PM","351","0","351","351","0"
"6095","2026-02-04","7:43:39 PM","850","0","850","850","0"
"6096","2026-02-04","7:51:43 PM","190","0","190","190","0"
"6097","2026-02-05","9:01:11 AM","100","0","100","100","0"
"6098","2026-02-05","9:36:43 AM","880","0","880","880","0"
"6099","2026-02-05","9:37:57 AM","1120","20","1100","1100","0"
"6100","2026-02-05","9:54:58 AM","40","0","40","40","0"
"6101","2026-02-05","9:55:36 AM","818","18","800","800","0"
"6102","2026-02-05","10:37:28 AM","1146","0","1146","1146","0"
"6103","2026-02-05","10:41:37 AM","120","0","120","120","0"
"6104","2026-02-05","11:11:53 AM","920","0","920","920","0"
"6105","2026-02-05","11:18:55 AM","314","0","314","314","0"
"6106","2026-02-05","11:30:04 AM","250","0","250","250","0"
"6107","2026-02-05","11:55:25 AM","466","0","466","466","0"
"6108","2026-02-05","1:09:03 PM","897","0","897","897","0"
"6109","2026-02-05","1:43:39 PM","600","0","600","600","0"
"6110","2026-02-05","2:54:29 PM","2810","0","2810","2810","0"
"6111","2026-02-05","4:08:17 PM","1570","0","1570","1570","0"
"6112","2026-02-05","4:15:07 PM","681","0","681","681","0"
"6113","2026-02-05","4:40:46 PM","390","0","390","390","0"
"6114","2026-02-05","4:44:32 PM","500","0","500","500","0"
"6115","2026-02-05","5:16:12 PM","418","0","418","418","0"
"6116","2026-02-05","5:22:17 PM","2220","0","2220","2220","0"
"6117","2026-02-05","5:23:13 PM","50","0","50","50","0"
"6118","2026-02-05","5:31:51 PM","330","0","330","330","0"
"6119","2026-02-05","5:35:45 PM","528","0","528","528","0"
"6120","2026-02-05","5:50:20 PM","486","0","486","486","0"
"6121","2026-02-05","6:09:37 PM","699","0","699","699","0"
"6122","2026-02-05","6:17:30 PM","200","0","0","0","0"
"6123","2026-02-05","6:36:25 PM","950","0","950","950","0"
"6124","2026-02-05","6:53:20 PM","570","0","570","570","0"
"6125","2026-02-05","6:57:42 PM","280","0","280","280","0"
"6126","2026-02-05","7:08:58 PM","920","0","920","920","0"
"6127","2026-02-05","7:12:05 PM","850","0","850","850","0"
"6128","2026-02-05","7:14:54 PM","660","0","660","660","0"
"6129","2026-02-05","7:17:23 PM","70","0","70","70","0"
"6130","2026-02-05","7:18:25 PM","360","0","360","360","0"
"6131","2026-02-05","7:36:00 PM","150","0","150","150","0"
"6132","2026-02-06","10:03:10 AM","2658","8","2650","2650","0"
"6133","2026-02-06","10:06:53 AM","1700","0","1700","1700","0"
"6134","2026-02-06","10:13:33 AM","1580","0","1580","1580","0"
"6135","2026-02-06","10:43:09 AM","350","0","350","350","0"
"6136","2026-02-06","10:47:55 AM","200","0","200","200","0"
"6137","2026-02-06","2:31:18 PM","855","0","855","855","0"
"6138","2026-02-06","2:38:48 PM","140","0","140","140","0"
"6139","2026-02-06","3:11:54 PM","750","0","750","750","0"
"6140","2026-02-06","3:17:19 PM","1175","0","1175","1175","0"
"6141","2026-02-06","3:19:27 PM","1964","50","1914","1914","0"
"6142","2026-02-06","3:21:46 PM","500","0","500","500","0"
"6143","2026-02-06","3:27:31 PM","200","0","200","200","0"
"6144","2026-02-06","3:29:23 PM","592","0","592","592","0"
"6145","2026-02-06","3:53:33 PM","1670","20","1650","1650","0"
"6146","2026-02-06","4:03:28 PM","1148","0","1148","1148","0"
"6147","2026-02-06","4:36:57 PM","1769","0","1769","1769","0"
"6148","2026-02-06","5:02:16 PM","996","0","996","996","0"
"6149","2026-02-06","6:54:55 PM","4878","0","4878","4878","0"
"6150","2026-02-06","7:00:56 PM","34","0","34","34","0"
"6151","2026-02-06","7:03:17 PM","140","0","140","140","0"
"6152","2026-02-06","7:09:44 PM","1610","0","1610","1610","0"
"6153","2026-02-06","7:22:04 PM","150","0","150","150","0"
"6154","2026-02-06","7:25:31 PM","286","0","286","286","0"
"6155","2026-02-06","7:49:50 PM","506","0","506","506","0"
"6156","2026-02-06","7:50:50 PM","200","0","200","200","0"
"6157","2026-02-06","7:53:42 PM","840","0","840","840","0"
"6158","2026-02-06","7:56:41 PM","140","0","140","140","0"
"6159","2026-02-07","8:48:17 AM","250","0","250","250","0"
"6160","2026-02-07","9:49:41 AM","449","0","449","449","0"
"6161","2026-02-07","10:27:52 AM","628","0","628","628","0"
"6162","2026-02-07","10:58:48 AM","401","0","401","401","0"
"6163","2026-02-07","11:05:01 AM","2000","0","2000","2000","0"
"6164","2026-02-07","11:38:02 AM","1477","0","1477","1477","0"
"6165","2026-02-07","11:46:11 AM","400","0","400","400","0"
"6166","2026-02-07","11:47:35 AM","143","0","143","143","0"
"6167","2026-02-07","11:58:24 AM","900","0","900","900","0"
"6168","2026-02-07","12:26:44 PM","429","0","429","429","0"
"6169","2026-02-07","12:51:37 PM","450","0","450","450","0"
"6170","2026-02-07","1:06:38 PM","850","0","850","850","0"
"6171","2026-02-07","12:11:16 AM","1201","0","1201","1201","0"
"6172","2026-02-07","12:17:04 AM","850","0","850","850","0"
"6173","2026-02-07","1:52:26 AM","186","0","186","186","0"
"6174","2026-02-07","2:15:43 AM","1040","0","1040","1040","0"
"6175","2026-02-07","2:30:44 AM","705","0","705","705","0"
"6176","2026-02-07","2:35:14 AM","200","0","200","200","0"
"6177","2026-02-07","2:37:48 AM","548","0","548","548","0"
"6178","2026-02-07","2:47:18 AM","1040","0","1040","1040","0"
"6179","2026-02-07","3:13:24 AM","847","0","847","847","0"
"6180","2026-02-07","3:31:47 AM","1670","0","1670","1670","0"
"6181","2026-02-07","4:12:24 AM","2109","0","2109","2109","0"
"6182","2026-02-07","4:26:35 AM","1500","0","1500","1500","0"
"6183","2026-02-07","4:33:59 AM","870","0","870","870","0"
"6184","2026-02-07","4:46:29 AM","635","0","635","635","0"
"6185","2026-02-07","4:52:56 AM","1270","0","1270","1270","0"
"6186","2026-02-07","5:18:04 AM","1372","0","1372","1372","0"
"6187","2026-02-07","5:22:00 AM","1818","18","1800","1800","0"
"6188","2026-02-07","5:30:14 AM","1330","0","1330","1330","0"
"6189","2026-02-07","5:31:31 AM","940","0","940","940","0"
"6190","2026-02-07","5:34:28 AM","350","0","350","350","0"
"6191","2026-02-07","5:37:07 AM","800","0","800","800","0"
"6192","2026-02-07","5:38:15 AM","305","5","300","300","0"
"6193","2026-02-07","5:39:15 AM","100","0","100","100","0"
"6194","2026-02-07","5:39:37 AM","200","0","200","200","0"
"6195","2026-02-07","5:39:56 AM","200","0","200","200","0"
"6196","2026-02-07","5:49:41 AM","400","0","400","400","0"
"6197","2026-02-07","5:53:04 AM","1548","0","1548","1548","0"
"6198","2026-02-07","6:24:35 AM","660","0","660","660","0"
"6199","2026-02-07","7:08:38 AM","1745","0","1745","1745","0"
"6200","2026-02-07","7:14:46 AM","430","0","430","430","0"
"6201","2026-02-08","3:38:21 AM","616","0","616","616","0"
"6202","2026-02-08","3:52:40 AM","835","0","835","835","0"
"6203","2026-02-08","3:54:13 AM","270","0","270","270","0"
"6204","2026-02-08","4:16:17 AM","840","0","840","840","0"
"6205","2026-02-08","4:38:32 AM","640","0","640","640","0"
"6206","2026-02-08","4:39:36 AM","957","7","950","950","0"
"6207","2026-02-08","4:43:25 AM","450","0","450","450","0"
"6208","2026-02-08","4:55:17 AM","580","0","580","580","0"
"6209","2026-02-08","5:03:14 AM","236","0","236","236","0"
"6210","2026-02-08","5:11:19 AM","720","0","720","720","0"
"6211","2026-02-08","5:15:40 AM","1510","0","1510","1510","0"
"6212","2026-02-08","5:23:29 AM","1575","0","1575","1575","0"
"6213","2026-02-08","5:24:07 AM","690","0","690","690","0"
"6214","2026-02-08","5:26:40 AM","50","0","50","50","0"
"6215","2026-02-08","5:51:34 AM","1100","0","1100","1100","0"
"6216","2026-02-08","5:52:20 AM","945","0","945","945","0"
"6217","2026-02-08","6:50:55 AM","1500","0","1500","1500","0"
"6218","2026-02-08","6:51:38 AM","100","0","100","100","0"
"6219","2026-02-08","8:37:00 PM","410","0","410","410","0"
"6220","2026-02-08","8:48:09 PM","200","0","200","200","0"
"6221","2026-02-09","11:21:28 AM","1029","0","1029","1029","0"
"6222","2026-02-09","12:24:31 PM","1030","0","1030","1030","0"
"6223","2026-02-09","1:22:18 PM","250","0","250","250","0"
"6224","2026-02-09","1:22:46 PM","268","0","268","268","0"
"6225","2026-02-09","1:29:23 PM","250","0","250","250","0"
"6226","2026-02-09","1:54:55 PM","439","0","439","439","0"
"6227","2026-02-09","2:12:19 PM","390","0","390","390","0"
"6228","2026-02-09","2:33:08 PM","1459","0","1459","1459","0"
"6229","2026-02-09","2:35:52 PM","1104","0","1104","1104","0"
"6230","2026-02-09","3:02:26 PM","450","0","450","450","0"
"6231","2026-02-09","3:57:30 PM","1191","0","1191","1191","0"
"6232","2026-02-09","4:00:36 PM","1935","35","1900","1900","0"
"6233","2026-02-09","4:41:11 PM","315","0","315","315","0"
"6234","2026-02-09","5:08:33 PM","1340","0","1340","1340","0"
"6235","2026-02-09","5:10:56 PM","20","0","20","20","0"
"6236","2026-02-09","5:12:34 PM","220","0","220","220","0"
"6237","2026-02-09","5:21:46 PM","993","13","980","980","0"
"6238","2026-02-09","5:26:56 PM","1200","0","1200","1200","0"
"6239","2026-02-09","5:30:49 PM","225","0","225","225","0"
"6240","2026-02-09","5:39:51 PM","2500","0","2500","2500","0"
"6241","2026-02-09","5:41:24 PM","1200","0","1200","1200","0"
"6242","2026-02-09","5:43:12 PM","400","0","400","400","0"
"6243","2026-02-09","5:51:42 PM","960","0","960","960","0"
"6244","2026-02-09","6:02:56 PM","2894","0","2894","2894","0"
"6245","2026-02-09","6:03:35 PM","130","0","130","130","0"
"6246","2026-02-09","6:30:45 PM","809","0","809","809","0"
"6247","2026-02-09","6:39:54 PM","290","0","290","290","0"
"6248","2026-02-09","6:56:00 PM","120","0","120","120","0"
"6249","2026-02-09","6:59:04 PM","868","0","868","868","0"
"6250","2026-02-09","7:18:32 PM","2170","0","2170","2170","0"
"6251","2026-02-09","7:53:37 PM","1433","0","1433","1433","0"
"6252","2026-02-09","7:54:27 PM","90","0","90","90","0"
"6253","2026-02-09","7:56:12 PM","100","0","100","100","0"
"6254","2026-02-10","9:22:44 AM","260","0","260","260","0"
"6255","2026-02-10","10:37:19 AM","1300","0","1300","1300","0"
"6256","2026-02-10","10:45:08 AM","920","0","920","920","0"
"6257","2026-02-10","10:53:44 AM","820","0","820","820","0"
"6258","2026-02-10","11:25:37 AM","50","0","50","50","0"
"6259","2026-02-10","11:39:22 AM","280","0","280","280","0"
"6260","2026-02-10","11:50:21 AM","2350","0","2350","2350","0"
"6261","2026-02-10","11:53:36 AM","50","0","50","50","0"
"6262","2026-02-10","12:06:20 PM","550","0","550","550","0"
"6263","2026-02-10","12:08:00 PM","540","0","540","540","0"
"6264","2026-02-10","12:20:53 PM","618","0","618","618","0"
"6265","2026-02-10","2:44:56 PM","940","0","940","940","0"
"6266","2026-02-10","3:19:27 PM","840","0","840","840","0"
"6267","2026-02-10","3:59:30 PM","350","0","350","350","0"
"6268","2026-02-10","4:21:48 PM","509","0","509","509","0"
"6269","2026-02-10","4:52:44 PM","297","0","297","297","0"
"6270","2026-02-10","5:09:39 PM","950","0","950","950","0"
"6271","2026-02-10","5:32:21 PM","1788","0","1788","1788","0"
"6272","2026-02-10","5:50:00 PM","650","0","650","650","0"
"6273","2026-02-10","6:28:39 PM","1185","0","1185","1185","0"
"6274","2026-02-10","6:47:29 PM","450","0","450","450","0"
"6275","2026-02-10","6:59:45 PM","2055","0","2055","2055","0"
"6276","2026-02-10","7:13:56 PM","1170","0","1170","1170","0"
"6277","2026-02-10","7:28:03 PM","1760","0","1760","1760","0"
"6278","2026-02-10","7:38:15 PM","600","0","600","600","0"
"6279","2026-02-10","7:44:56 PM","100","0","100","100","0"
"6280","2026-02-10","7:54:07 PM","195","0","195","195","0"
"6281","2026-02-10","7:59:24 PM","300","0","300","300","0"
"6282","2026-02-11","9:09:50 AM","50","0","50","50","0"
"6283","2026-02-11","9:35:49 AM","675","0","675","675","0"
"6284","2026-02-11","10:27:58 AM","1150","0","1150","1150","0"
"6285","2026-02-11","10:30:38 AM","500","0","500","500","0"
"6286","2026-02-11","10:56:45 AM","627","0","627","627","0"
"6287","2026-02-11","11:08:12 AM","636","0","636","636","0"
"6288","2026-02-11","11:24:54 AM","480","0","480","480","0"
"6289","2026-02-11","11:51:37 AM","520","0","520","520","0"
"6290","2026-02-11","12:27:57 PM","910","0","910","910","0"
"6291","2026-02-11","1:58:26 PM","568","0","568","568","0"
"6292","2026-02-11","2:48:14 PM","2200","0","2200","2200","0"
"6293","2026-02-11","3:04:16 PM","267","0","267","267","0"
"6294","2026-02-11","3:35:31 PM","959","0","959","959","0"
"6295","2026-02-11","3:42:52 PM","1350","0","1350","1350","0"
"6296","2026-02-11","3:44:18 PM","1600","0","1600","1600","0"
"6297","2026-02-11","4:11:28 PM","1900","0","1900","1900","0"
"6298","2026-02-11","4:19:56 PM","350","0","350","350","0"
"6299","2026-02-11","4:23:23 PM","690","0","690","690","0"
"6300","2026-02-11","5:06:16 PM","345","0","345","345","0"
"6301","2026-02-11","5:06:33 PM","260","0","260","260","0"
"6302","2026-02-11","5:17:25 PM","1730","0","1730","1730","0"
"6303","2026-02-11","5:17:37 PM","20","0","20","20","0"
"6304","2026-02-11","5:29:14 PM","488","0","488","488","0"
"6305","2026-02-11","5:41:52 PM","974","0","974","974","0"
"6306","2026-02-11","5:45:30 PM","2400","0","2400","2400","0"
"6307","2026-02-11","5:47:35 PM","50","0","50","50","0"
"6308","2026-02-11","6:08:19 PM","1357","0","1357","1357","0"
"6309","2026-02-11","6:13:52 PM","594","0","594","594","0"
"6310","2026-02-11","6:31:18 PM","818","0","818","818","0"
"6311","2026-02-11","6:34:05 PM","2700","0","2700","2700","0"
"6312","2026-02-11","6:39:04 PM","408","0","408","408","0"
"6313","2026-02-11","6:41:21 PM","84","0","84","84","0"
"6314","2026-02-11","6:44:01 PM","930","0","930","930","0"
"6315","2026-02-11","6:57:46 PM","1300","0","1300","1300","0"
"6316","2026-02-11","6:58:02 PM","60","0","60","60","0"
"6317","2026-02-11","7:00:20 PM","200","0","200","200","0"
"6318","2026-02-11","7:08:18 PM","400","0","400","400","0"
"6319","2026-02-11","7:13:45 PM","670","0","670","670","0"
"6320","2026-02-11","7:18:09 PM","130","0","130","130","0"
"6321","2026-02-11","7:40:07 PM","278","0","278","278","0"
"6322","2026-02-11","7:49:04 PM","300","0","300","300","0"
"6323","2026-02-12","9:13:51 AM","320","0","320","320","0"
"6324","2026-02-12","9:59:19 AM","642","0","642","642","0"
"6325","2026-02-12","10:13:55 AM","2090","0","2090","2090","0"
"6326","2026-02-12","10:48:03 AM","410","0","410","410","0"
"6327","2026-02-12","10:51:13 AM","1120","0","1120","1120","0"
"6328","2026-02-12","10:52:26 AM","450","0","450","450","0"
"6329","2026-02-12","12:23:00 PM","2382","0","2382","2382","0"
"6330","2026-02-11","12:15:38 AM","720","0","720","720","0"
"6331","2026-02-12","1:02:59 AM","870","0","870","870","0"
"6332","2026-02-12","1:22:25 AM","1020","0","1020","1020","0"
"6333","2026-02-12","2:35:49 AM","668","0","668","668","0"
"6334","2026-02-12","3:12:31 AM","1810","0","1810","1810","0"
"6335","2026-02-12","3:30:52 AM","1100","0","1100","1100","0"
"6336","2026-02-12","3:36:23 AM","280","0","280","280","0"
"6337","2026-02-12","3:57:51 AM","200","0","200","200","0"
"6338","2026-02-12","4:09:27 AM","1035","0","1035","1035","0"
"6339","2026-02-12","4:26:32 AM","1779","0","1779","1779","0"
"6340","2026-02-12","4:28:40 AM","360","10","350","350","0"
"6341","2026-02-12","4:30:20 AM","357","0","357","357","0"
"6342","2026-02-12","4:37:09 AM","290","0","290","290","0"
"6343","2026-02-12","4:42:11 AM","250","0","250","250","0"
"6344","2026-02-12","4:56:57 AM","1545","0","1545","1545","0"
"6345","2026-02-12","4:58:04 AM","280","0","280","280","0"
"6346","2026-02-12","5:08:02 AM","170","0","170","170","0"
"6347","2026-02-12","5:15:12 AM","450","0","450","450","0"
"6348","2026-02-12","5:17:46 AM","320","0","320","320","0"
"6349","2026-02-12","5:25:19 AM","1080","0","1080","1080","0"
"6350","2026-02-12","5:31:22 AM","800","0","800","800","0"
"6351","2026-02-12","5:41:31 AM","100","0","100","100","0"
"6352","2026-02-12","5:45:21 AM","780","0","780","780","0"
"6353","2026-02-12","5:51:40 AM","1040","0","1040","1040","0"
"6354","2026-02-12","5:58:42 AM","925","0","925","925","0"
"6355","2026-02-12","6:00:21 AM","570","20","550","550","0"
"6356","2026-02-12","6:07:21 AM","810","0","810","810","0"
"6357","2026-02-12","6:16:36 AM","1300","0","1300","1300","0"
"6358","2026-02-12","6:18:00 AM","199","0","199","199","0"
"6359","2026-02-12","6:45:30 AM","1430","0","1430","1430","0"
"6360","2026-02-12","6:52:19 AM","360","0","360","360","0"
"6361","2026-02-12","9:45:01 PM","1540","0","1540","1540","0"
"6362","2026-02-12","10:44:44 PM","3854","0","3854","3854","0"
"6363","2026-02-12","10:48:26 PM","285","0","285","285","0"
"6364","2026-02-12","10:51:09 PM","250","0","250","250","0"
"6365","2026-02-13","12:03:54 PM","470","0","470","470","0"
"6366","2026-02-13","12:08:53 PM","150","0","150","150","0"
"6367","2026-02-13","12:13:15 PM","586","0","586","586","0"
"6368","2026-02-13","3:40:32 PM","560","0","560","560","0"
"6369","2026-02-13","3:57:02 PM","297","0","297","297","0"
"6370","2026-02-13","4:04:54 PM","290","0","290","290","0"
"6371","2026-02-13","4:21:57 PM","1383","0","1383","1383","0"
"6372","2026-02-13","4:43:59 PM","136","0","136","136","0"
"6373","2026-02-13","4:50:05 PM","220","0","220","220","0"
"6374","2026-02-13","4:57:43 PM","200","0","200","200","0"
"6375","2026-02-13","4:58:11 PM","267","0","267","267","0"
"6376","2026-02-13","5:00:43 PM","1320","0","1320","1320","0"
"6377","2026-02-13","5:04:48 PM","240","0","240","240","0"
"6378","2026-02-13","5:21:40 PM","730","0","730","730","0"
"6379","2026-02-13","5:37:44 PM","2180","0","2180","2180","0"
"6380","2026-02-13","5:45:40 PM","570","0","570","570","0"
"6381","2026-02-13","5:47:40 PM","164","0","164","164","0"
"6382","2026-02-13","5:56:41 PM","90","0","90","90","0"
"6383","2026-02-13","6:09:48 PM","1140","0","1140","1140","0"
"6384","2026-02-13","6:15:40 PM","380","0","380","380","0"
"6385","2026-02-13","6:20:01 PM","300","0","300","300","0"
"6386","2026-02-13","6:32:28 PM","1110","0","1110","1110","0"
"6387","2026-02-13","6:39:19 PM","1510","0","1510","1510","0"
"6388","2026-02-13","6:48:17 PM","320","0","320","320","0"
"6389","2026-02-13","6:53:37 PM","430","0","430","430","0"
"6390","2026-02-13","6:57:02 PM","569","0","569","569","0"
"6391","2026-02-13","6:57:36 PM","198","0","198","198","0"
"6392","2026-02-13","7:00:53 PM","698","0","698","698","0"
"6393","2026-02-13","7:04:42 PM","200","0","200","200","0"
"6394","2026-02-13","7:08:53 PM","1390","0","1390","1390","0"
"6395","2026-02-13","7:27:06 PM","950","0","950","950","0"
"6396","2026-02-13","7:27:32 PM","900","0","900","900","0"
"6397","2026-02-13","7:36:12 PM","3558","0","3558","3558","0"
"6398","2026-02-13","7:45:38 PM","380","0","380","380","0"
"6399","2026-02-13","7:52:51 PM","413","0","413","413","0"
"6400","2026-02-13","7:54:51 PM","400","0","400","400","0"
"6401","2026-02-13","7:55:31 PM","750","0","750","750","0"
"6402","2026-02-13","8:02:35 PM","50","0","50","50","0"
"6403","2026-02-14","9:45:01 AM","550","0","550","550","0"
"6404","2026-02-14","10:26:59 AM","1380","0","1380","1380","0"
"6405","2026-02-14","11:01:23 AM","1615","0","1615","1615","0"
"6406","2026-02-14","11:07:07 AM","50","0","50","50","0"
"6407","2026-02-14","11:12:18 AM","40","0","40","40","0"
"6408","2026-02-14","12:10:04 PM","2380","0","2380","2380","0"
"6409","2026-02-14","12:22:47 PM","1000","0","1000","1000","0"
"6410","2026-02-14","12:35:48 PM","180","0","180","180","0"
"6411","2026-02-14","12:52:51 PM","194","0","194","194","0"
"6412","2026-02-14","1:02:12 PM","180","0","180","180","0"
"6413","2026-02-14","2:37:02 PM","571","0","571","571","0"
"6414","2026-02-14","3:20:02 PM","537","0","537","537","0"
"6415","2026-02-14","3:21:22 PM","490","0","490","490","0"
"6416","2026-02-14","4:18:20 PM","1935","0","1935","1935","0"
"6417","2026-02-14","4:46:00 PM","250","0","250","250","0"
"6418","2026-02-14","4:46:37 PM","275","0","275","275","0"
"6419","2026-02-14","5:08:25 PM","1504","0","1504","1504","0"
"6420","2026-02-14","5:13:50 PM","290","0","290","290","0"
"6421","2026-02-14","5:19:32 PM","93","0","93","93","0"
"6422","2026-02-14","5:53:29 PM","630","0","630","630","0"
"6423","2026-02-14","6:08:45 PM","50","0","50","50","0"
"6424","2026-02-14","6:10:39 PM","817","0","817","817","0"
"6425","2026-02-14","6:12:46 PM","320","0","320","320","0"
"6426","2026-02-14","6:24:18 PM","500","0","500","500","0"
"6427","2026-02-14","6:26:01 PM","170","0","170","170","0"
"6428","2026-02-14","6:32:35 PM","580","0","580","580","0"
"6429","2026-02-14","6:40:17 PM","780","0","780","780","0"
"6430","2026-02-14","6:53:06 PM","1495","0","1495","1495","0"
"6431","2026-02-14","7:15:01 PM","690","0","690","690","0"
"6432","2026-02-14","7:47:04 PM","1275","0","1275","1275","0"
"6433","2026-02-15","9:52:33 AM","420","0","420","420","0"
"6434","2026-02-15","10:26:52 AM","619","0","619","619","0"
"6435","2026-02-15","11:01:36 AM","200","0","200","200","0"
"6436","2026-02-15","2:07:24 PM","5505","0","5505","5505","0"
"6437","2026-02-15","2:44:56 PM","50","0","50","50","0"
"6438","2026-02-15","2:58:13 PM","270","0","270","270","0"
"6439","2026-02-15","3:15:58 PM","140","0","140","140","0"
"6440","2026-02-15","3:34:29 PM","445","0","445","445","0"
"6441","2026-02-15","6:28:58 PM","3718","0","3718","3718","0"
"6442","2026-02-15","6:44:55 PM","4150","0","4150","4150","0"
"6443","2026-02-15","7:51:15 PM","3301","0","3301","3301","0"
"6444","2026-02-15","7:53:13 PM","200","0","200","200","0"
"6445","2026-02-15","7:55:08 PM","50","0","50","50","0"
"6446","2026-02-15","8:12:27 PM","100","0","100","100","0"
"6447","2026-02-15","8:14:23 PM","1090","0","1090","1090","0"
"6448","2026-02-16","9:12:55 AM","590","0","590","590","0"
"6449","2026-02-16","9:39:24 AM","970","0","970","970","0"
"6450","2026-02-16","9:41:41 AM","770","0","770","770","0"
"6451","2026-02-16","10:02:19 AM","370","0","370","370","0"
"6452","2026-02-16","10:04:23 AM","580","0","580","580","0"
"6453","2026-02-16","10:10:29 AM","460","0","460","460","0"
"6454","2026-02-16","10:50:15 AM","330","0","330","330","0"
"6455","2026-02-16","11:10:30 AM","390","0","390","390","0"
"6456","2026-02-16","11:13:16 AM","2843","43","2800","2800","0"
"6457","2026-02-16","11:29:48 AM","110","0","110","110","0"
"6458","2026-02-16","12:21:28 PM","780","0","780","780","0"
"6459","2026-02-16","12:41:16 PM","50","0","50","50","0"
"6460","2026-02-16","12:46:39 PM","1190","0","1190","1190","0"
"6461","2026-02-16","1:31:09 PM","400","0","400","400","0"
"6462","2026-02-16","1:47:34 PM","430","0","430","430","0"
"6463","2026-02-16","3:00:54 PM","785","0","785","785","0"
"6464","2026-02-16","3:09:52 PM","160","0","160","160","0"
"6465","2026-02-16","3:26:42 PM","217","0","217","217","0"
"6466","2026-02-16","4:05:39 PM","270","0","270","270","0"
"6467","2026-02-16","5:17:46 PM","5110","0","5110","5110","0"
"6468","2026-02-16","5:21:03 PM","900","0","900","900","0"
"6469","2026-02-16","8:29:33 PM","7570","0","7570","7570","0"
"6470","2026-02-17","9:04:22 AM","750","0","750","750","0"
"6471","2026-02-17","9:18:23 AM","2615","0","2615","2615","0"
"6472","2026-02-17","10:16:19 AM","95","0","95","95","0"
"6473","2026-02-17","10:17:39 AM","594","0","594","594","0"
"6474","2026-02-17","10:28:55 AM","1065","15","1050","1050","0"
"6475","2026-02-17","10:40:57 AM","40","0","40","40","0"
"6476","2026-02-17","11:28:52 AM","1359","0","1359","1359","0"
"6477","2026-02-17","11:58:56 AM","180","0","180","180","0"
"6478","2026-02-17","11:59:28 AM","618","18","600","600","0"
"6479","2026-02-17","12:21:13 PM","2660","0","2660","2660","0"
"6480","2026-02-17","12:49:59 PM","50","0","50","50","0"
"6481","2026-02-17","1:06:43 PM","480","0","480","480","0"
"6482","2026-02-17","1:48:56 PM","1100","0","1100","1100","0"
"6483","2026-02-17","1:52:53 PM","250","0","250","250","0"
"6484","2026-02-17","2:43:08 PM","350","0","350","350","0"
"6485","2026-02-17","3:02:23 PM","770","0","770","770","0"
"6486","2026-02-17","3:18:57 PM","600","0","600","600","0"
"6487","2026-02-17","3:28:05 PM","859","0","859","859","0"
"6488","2026-02-17","3:50:48 PM","150","0","150","150","0"
"6489","2026-02-17","3:54:28 PM","80","0","80","80","0"
"6490","2026-02-17","4:55:59 PM","2470","0","2470","2470","0"
"6491","2026-02-17","6:34:26 PM","5171","0","5171","5171","0"
"6492","2026-02-17","6:35:36 PM","500","0","500","500","0"
"6493","2026-02-17","6:47:46 PM","390","0","390","390","0"
"6494","2026-02-17","6:58:32 PM","230","0","230","230","0"
"6495","2026-02-17","7:18:05 PM","730","0","730","730","0"
"6496","2026-02-17","7:32:23 PM","2450","0","2450","2450","0"
"6497","2026-02-17","7:33:18 PM","900","0","900","900","0"
"6498","2026-02-17","7:35:15 PM","100","0","0","0","0"
"6499","2026-02-17","7:39:11 PM","49","0","49","49","0"
"6500","2026-02-17","8:15:05 PM","1212","0","1212","1212","0"
"6501","2026-02-18","9:18:49 AM","1160","10","1150","1150","0"
"6502","2026-02-18","9:58:41 AM","510","0","510","510","0"
"6503","2026-02-18","9:59:09 AM","99","0","99","99","0"
"6504","2026-02-18","10:36:59 AM","835","0","835","835","0"
"6505","2026-02-18","10:46:17 AM","75","0","75","75","0"
"6506","2026-02-18","10:53:22 AM","504","4","500","500","0"
"6507","2026-02-18","11:18:11 AM","500","0","500","500","0"
"6508","2026-02-18","5:00:32 PM","7950","0","7950","7950","0"
"6509","2026-02-18","5:02:33 PM","1550","0","1550","1550","0"
"6510","2026-02-18","5:42:39 PM","2910","0","2910","2910","0"
"6511","2026-02-18","5:45:30 PM","1070","20","1050","1050","0"
"6512","2026-02-18","6:01:08 PM","1330","0","1330","1330","0"
"6513","2026-02-18","6:17:41 PM","590","0","590","590","0"
"6514","2026-02-18","6:48:25 PM","4205","0","4205","4205","0"
"6515","2026-02-18","6:58:06 PM","565","0","565","565","0"
"6516","2026-02-18","8:22:34 PM","2189","0","2189","2189","0"
"6517","2026-02-19","11:52:57 AM","1139","0","1139","1139","0"
"6518","2026-02-19","12:27:36 PM","607","0","607","607","0"
"6519","2026-02-19","12:47:31 PM","1420","0","1420","1420","0"
"6520","2026-02-19","1:05:53 PM","330","0","330","330","0"
"6521","2026-02-19","2:30:20 PM","1000","0","1000","1000","0"
"6522","2026-02-19","2:42:40 PM","440","0","440","440","0"
"6523","2026-02-19","3:03:10 PM","246","0","246","246","0"
"6524","2026-02-19","3:13:21 PM","405","0","405","405","0"
"6525","2026-02-19","3:37:39 PM","3000","0","3000","3000","0"
"6526","2026-02-19","3:45:28 PM","280","0","280","280","0"
"6527","2026-02-19","4:10:13 PM","660","0","660","660","0"
"6528","2026-02-19","4:50:10 PM","1075","0","1075","1075","0"
"6529","2026-02-19","5:02:22 PM","478","0","478","478","0"
"6530","2026-02-19","5:13:31 PM","1550","0","1550","1550","0"
"6531","2026-02-19","5:20:19 PM","195","0","195","195","0"
"6532","2026-02-19","5:23:40 PM","575","0","575","575","0"
"6533","2026-02-19","5:26:49 PM","560","0","560","560","0"
"6534","2026-02-19","5:32:09 PM","920","0","920","920","0"
"6535","2026-02-19","7:09:02 PM","2419","0","2419","2419","0"
"6536","2026-02-19","8:26:36 PM","1970","0","1970","1970","0"
"6537","2026-02-19","8:46:28 PM","768","18","750","750","0"
"6538","2026-02-19","8:48:59 PM","880","0","880","880","0"
"6539","2026-02-19","8:49:29 PM","20","0","20","20","0"
"6540","2026-02-20","10:31:35 AM","630","0","630","630","0"
"6541","2026-02-20","10:41:26 AM","1050","50","1000","1000","0"
"6542","2026-02-20","10:52:53 AM","1810","0","1810","1810","0"
"6543","2026-02-20","1:26:29 PM","280","0","280","280","0"
"6544","2026-02-20","1:39:28 PM","360","0","360","360","0"
"6545","2026-02-20","1:48:48 PM","190","0","190","190","0"
"6546","2026-02-20","2:45:32 PM","440","0","440","440","0"
"6547","2026-02-20","2:47:28 PM","581","1","580","580","0"
"6548","2026-02-20","2:57:14 PM","770","0","770","770","0"
"6549","2026-02-20","3:45:57 PM","2656","0","2656","2656","0"
"6550","2026-02-20","4:07:17 PM","180","0","180","180","0"
"6551","2026-02-20","5:00:06 PM","4380","0","4380","4380","0"
"6552","2026-02-20","5:04:41 PM","130","0","130","130","0"
"6553","2026-02-20","5:09:08 PM","140","0","140","140","0"
"6554","2026-02-20","5:35:54 PM","2310","0","2310","2310","0"
"6555","2026-02-20","5:39:02 PM","1080","0","1080","1080","0"
"6556","2026-02-20","5:40:16 PM","900","0","900","900","0"
"6557","2026-02-20","5:41:53 PM","232","0","232","232","0"
"6558","2026-02-20","5:43:53 PM","704","0","704","704","0"
"6559","2026-02-20","6:51:43 PM","1398","0","1398","1398","0"
"6560","2026-02-20","7:01:30 PM","1235","0","1235","1235","0"
"6561","2026-02-20","7:31:06 PM","1415","0","1415","1415","0"
"6562","2026-02-20","7:52:01 PM","190","0","190","190","0"
"6563","2026-02-20","9:27:06 PM","1630","0","1630","1630","0"
"6564","2026-02-21","10:11:41 AM","930","0","930","930","0"
"6565","2026-02-21","10:20:15 AM","350","0","350","350","0"
"6566","2026-02-21","10:38:08 AM","1034","34","1000","1000","0"
"6567","2026-02-21","10:51:39 AM","700","0","700","700","0"
"6568","2026-02-21","12:00:25 PM","1688","0","1688","1688","0"
"6569","2026-02-21","12:13:01 PM","590","0","590","590","0"
"6570","2026-02-21","12:33:45 PM","350","0","350","350","0"
"6571","2026-02-21","12:34:26 PM","2950","0","2950","2950","0"
"6572","2026-02-21","1:02:00 PM","880","0","880","880","0"
"6573","2026-02-21","2:20:19 PM","990","0","990","990","0"
"6574","2026-02-21","2:35:01 PM","650","0","650","650","0"
"6575","2026-02-21","2:42:42 PM","980","0","980","980","0"
"6576","2026-02-21","3:18:57 PM","1100","0","1100","1100","0"
"6577","2026-02-21","3:22:44 PM","245","0","245","245","0"
"6578","2026-02-21","3:44:36 PM","2120","0","2120","2120","0"
"6579","2026-02-21","4:07:49 PM","750","0","750","750","0"
"6580","2026-02-21","4:14:31 PM","1150","0","1150","1150","0"
"6581","2026-02-21","4:51:27 PM","1260","0","1260","1260","0"
"6582","2026-02-21","5:46:04 PM","3825","0","3825","3825","0"
"6583","2026-02-21","6:35:44 PM","180","0","180","180","0"
"6584","2026-02-21","6:39:00 PM","10","0","10","10","0"
"6585","2026-02-21","6:46:04 PM","690","0","690","690","0"
"6586","2026-02-21","6:49:26 PM","219","0","219","219","0"
"6587","2026-02-21","6:56:11 PM","1290","0","1290","1290","0"
"6588","2026-02-21","7:00:25 PM","240","0","240","240","0"
"6589","2026-02-21","8:19:22 PM","6160","0","6160","6160","0"
"6590","2026-02-21","8:20:41 PM","400","0","400","400","0"
"6591","2026-02-21","8:24:26 PM","170","0","170","170","0"
"6592","2026-02-21","8:44:24 PM","420","0","420","420","0"
"6593","2026-02-21","8:44:58 PM","120","0","120","120","0"
"6594","2026-02-22","10:00:44 AM","445","0","445","445","0"
"6595","2026-02-22","10:21:54 AM","800","0","800","800","0"
"6596","2026-02-22","10:32:27 AM","147","0","147","147","0"
"6597","2026-02-22","10:35:57 AM","1739","0","1739","1739","0"
"6598","2026-02-22","10:54:32 AM","650","0","650","650","0"
"6599","2026-02-22","11:12:53 AM","1150","0","1150","1150","0"
"6600","2026-02-22","11:15:57 AM","250","0","250","250","0"
"6601","2026-02-22","11:52:18 AM","445","0","445","445","0"
"6602","2026-02-22","12:34:21 PM","420","0","420","420","0"
"6603","2026-02-22","12:40:14 PM","230","0","230","230","0"
"6604","2026-02-22","12:45:21 PM","1190","0","1190","1190","0"
"6605","2026-02-22","5:26:49 PM","10790","0","10790","10790","0"
"6606","2026-02-22","5:51:44 PM","770","0","770","770","0"
"6607","2026-02-22","5:52:12 PM","199","0","199","199","0"
"6608","2026-02-22","6:31:11 PM","540","0","540","540","0"
"6609","2026-02-22","6:32:54 PM","250","0","250","250","0"
"6610","2026-02-22","7:43:10 PM","1250","0","1250","1250","0"
"6611","2026-02-22","8:31:21 PM","4080","0","4080","4080","0"
"6612","2026-02-22","8:33:07 PM","290","0","290","290","0"
"6613","2026-02-22","8:40:56 PM","250","0","250","250","0"
"6614","2026-02-22","8:42:55 PM","420","0","420","420","0"
"6615","2026-02-22","8:51:09 PM","280","0","280","280","0"
"6616","2026-02-22","8:53:03 PM","250","0","250","250","0"
"6617","2026-02-23","10:31:13 AM","2355","0","2355","2355","0"
"6618","2026-02-23","11:22:00 AM","1320","0","1320","1320","0"
"6619","2026-02-23","11:28:51 AM","1801","0","1801","1801","0"
"6620","2026-02-23","11:42:51 AM","580","0","580","580","0"
"6621","2026-02-23","12:53:27 PM","1011","0","1011","1011","0"
"6622","2026-02-23","1:00:51 PM","390","0","390","390","0"
"6623","2026-02-23","1:45:55 PM","330","0","330","330","0"
"6624","2026-02-23","3:29:33 PM","708","0","708","708","0"
"6625","2026-02-23","4:02:21 PM","2330","0","2330","2330","0"
"6626","2026-02-23","4:13:47 PM","4780","0","4780","4780","0"
"6627","2026-02-23","4:22:49 PM","989","0","989","989","0"
"6628","2026-02-23","4:31:26 PM","1050","0","1050","1050","0"
"6629","2026-02-23","4:34:20 PM","200","0","200","200","0"
"6630","2026-02-23","4:44:11 PM","1459","59","1400","1400","0"
"6631","2026-02-23","4:53:56 PM","436","0","436","436","0"
"6632","2026-02-23","4:59:26 PM","730","0","730","730","0"
"6633","2026-02-23","5:01:25 PM","740","0","740","740","0"
"6634","2026-02-23","5:13:38 PM","829","0","829","829","0"
"6635","2026-02-23","5:25:50 PM","2000","0","2000","2000","0"
"6636","2026-02-23","5:27:44 PM","245","0","245","245","0"
"6637","2026-02-23","5:39:05 PM","850","0","850","850","0"
"6638","2026-02-23","6:58:42 PM","1057","0","1057","1057","0"
"6639","2026-02-23","7:06:38 PM","1000","0","1000","1000","0"
"6640","2026-02-23","7:08:00 PM","200","0","200","200","0"
"6641","2026-02-23","7:21:00 PM","665","0","665","665","0"
"6642","2026-02-23","7:31:59 PM","380","0","380","380","0"
"6643","2026-02-23","7:33:36 PM","300","0","300","300","0"
"6644","2026-02-23","7:55:06 PM","575","0","575","575","0"
"6645","2026-02-23","7:56:14 PM","300","0","300","300","0"
"6646","2026-02-23","8:05:22 PM","340","0","340","340","0"
"6647","2026-02-23","8:27:42 PM","148","0","148","148","0"
"6648","2026-02-23","8:29:41 PM","50","0","50","50","0"
"6649","2026-02-23","8:50:18 PM","2208","0","2208","2208","0"
"6650","2026-02-23","8:52:45 PM","290","0","290","290","0"
"6651","2026-02-23","8:55:40 PM","50","0","50","50","0"
"6652","2026-02-23","8:58:39 PM","50","0","50","50","0"
"6653","2026-02-23","9:49:15 AM","210","10","200","200","0"
"6654","2026-02-24","10:44:45 AM","395","0","395","395","0"
"6655","2026-02-24","11:46:27 AM","130","0","130","130","0"
"6656","2026-02-24","11:48:38 AM","1485","0","1485","1485","0"
"6657","2026-02-24","1:37:17 PM","5518","0","5518","5518","0"
"6658","2026-02-24","1:38:10 PM","1500","0","1500","1500","0"
"6659","2026-02-24","2:07:31 PM","470","0","470","470","0"
"6660","2026-02-24","2:40:12 PM","2630","0","2630","2630","0"
"6661","2026-02-24","3:57:07 PM","4212","0","4212","4212","0"
"6662","2026-02-24","4:01:50 PM","1710","0","1710","1710","0"
"6663","2026-02-24","4:39:52 PM","380","0","380","380","0"
"6664","2026-02-24","4:43:24 PM","420","0","420","420","0"
"6665","2026-02-24","4:52:26 PM","581","10","571","571","0"
"6666","2026-02-24","5:01:40 PM","50","0","50","50","0"
"6667","2026-02-24","5:13:11 PM","1230","0","1230","1230","0"
"6668","2026-02-24","5:47:47 PM","560","0","560","560","0"
"6669","2026-02-24","6:31:45 PM","250","0","250","250","0"
"6670","2026-02-24","6:47:57 PM","150","0","150","150","0"
"6671","2026-02-24","6:48:41 PM","200","0","200","200","0"
"6672","2026-02-24","6:50:39 PM","920","20","900","900","0"
"6673","2026-02-24","7:30:50 PM","1196","0","1196","1196","0"
"6674","2026-02-24","7:37:19 PM","929","0","929","929","0"
"6675","2026-02-24","7:44:04 PM","260","0","260","260","0"
"6676","2026-02-24","7:53:30 PM","580","0","580","580","0"
"6677","2026-02-24","8:08:47 PM","790","0","790","790","0"
"6678","2026-02-24","8:14:13 PM","60","0","60","60","0"
"6679","2026-02-24","8:20:28 PM","300","0","300","300","0"
"6680","2026-02-24","8:38:14 PM","90","0","90","90","0"
"6681","2026-02-24","8:41:42 PM","50","0","50","50","0"
"6682","2026-02-25","10:12:14 AM","350","0","350","350","0"
"6683","2026-02-25","10:29:16 AM","1000","0","1000","1000","0"
"6684","2026-02-25","11:33:13 AM","100","0","100","100","0"
"6685","2026-02-25","11:56:15 AM","980","0","980","980","0"
"6686","2026-02-25","11:57:48 AM","1010","10","1000","1000","0"
"6687","2026-02-25","12:28:57 PM","3520","0","3520","3520","0"
"6688","2026-02-25","12:36:14 PM","196","0","196","196","0"
"6689","2026-02-25","12:40:15 PM","950","0","950","950","0"
"6690","2026-02-25","1:00:13 PM","858","0","858","858","0"
"6691","2026-02-25","1:30:03 PM","170","0","170","170","0"
"6692","2026-02-25","1:53:31 PM","564","0","564","564","0"
"6693","2026-02-25","2:01:23 PM","359","0","359","359","0"
"6694","2026-02-25","2:07:32 PM","100","0","100","100","0"
"6695","2026-02-25","2:15:40 PM","650","0","650","650","0"
"6696","2026-02-25","2:19:53 PM","180","0","180","180","0"
"6697","2026-02-25","2:22:52 PM","500","0","500","500","0"
"6698","2026-02-25","2:36:41 PM","1050","0","1050","1050","0"
"6699","2026-02-25","2:53:47 PM","700","0","700","700","0"
"6700","2026-02-25","3:04:56 PM","1444","0","1444","1444","0"
"6701","2026-02-25","3:06:11 PM","199","0","199","199","0"
"6702","2026-02-25","3:15:08 PM","740","0","740","740","0"
"6703","2026-02-25","3:19:22 PM","590","0","590","590","0"
"6704","2026-02-25","3:25:43 PM","180","0","180","180","0"
"6705","2026-02-25","3:37:33 PM","750","0","750","750","0"
"6706","2026-02-25","4:05:28 PM","1330","0","1330","1330","0"
"6707","2026-02-25","4:44:18 PM","1470","0","1470","1470","0"
"6708","2026-02-25","4:46:07 PM","350","0","350","350","0"
"6709","2026-02-25","5:17:06 PM","2944","0","2944","2944","0"
"6710","2026-02-25","5:22:52 PM","1400","0","1400","1400","0"
"6711","2026-02-25","5:23:32 PM","310","10","300","300","0"
"6712","2026-02-25","5:25:35 PM","430","0","430","430","0"
"6713","2026-02-25","5:34:54 PM","120","0","120","120","0"
"6714","2026-02-25","5:35:29 PM","400","0","400","400","0"
"6715","2026-02-25","5:36:01 PM","96","0","96","96","0"
"6716","2026-02-25","5:39:34 PM","180","0","180","180","0"
"6717","2026-02-25","5:47:23 PM","316","0","316","316","0"
"6718","2026-02-25","6:48:55 PM","998","0","998","998","0"
"6719","2026-02-25","6:49:56 PM","69","0","69","69","0"
"6720","2026-02-25","6:55:39 PM","670","0","670","670","0"
"6721","2026-02-25","7:08:10 PM","1600","0","1600","1600","0"
"6722","2026-02-25","7:09:19 PM","1150","0","1150","1150","0"
"6723","2026-02-25","7:25:39 PM","820","0","820","820","0"
"6724","2026-02-25","8:18:01 PM","2285","0","2285","2285","0"
"6725","2026-02-25","8:23:03 PM","770","0","770","770","0"
"6726","2026-02-25","8:27:03 PM","616","27","589","589","0"
"6727","2026-02-25","8:36:47 PM","290","0","290","290","0"
"6728","2026-02-25","8:53:11 PM","2008","0","2008","2008","0"
"6729","2026-02-25","8:54:21 PM","460","0","460","460","0"
"6730","2026-02-26","12:02:04 PM","1466","0","1466","1466","0"
"6731","2026-02-26","1:03:16 PM","550","0","550","550","0"
"6732","2026-02-26","1:51:58 PM","140","0","140","140","0"
"6733","2026-02-26","1:59:35 PM","550","0","550","550","0"
"6734","2026-02-26","2:01:07 PM","350","0","350","350","0"
"6735","2026-02-26","2:02:34 PM","300","0","300","300","0"
"6736","2026-02-26","2:15:34 PM","407","0","407","407","0"
"6737","2026-02-26","2:46:42 PM","169","0","169","169","0"
"6738","2026-02-26","2:48:06 PM","790","0","790","790","0"
"6739","2026-02-26","3:14:27 PM","360","0","360","360","0"
"6740","2026-02-26","3:15:06 PM","3000","0","3000","3000","0"
"6741","2026-02-26","3:20:53 PM","523","0","523","523","0"
"6742","2026-02-26","3:23:09 PM","200","0","200","200","0"
"6743","2026-02-26","3:27:28 PM","190","0","190","190","0"
"6744","2026-02-26","3:58:24 PM","1228","0","1228","1228","0"
"6745","2026-02-26","4:38:41 PM","1860","0","1860","1860","0"
"6746","2026-02-26","4:40:31 PM","550","0","550","550","0"
"6747","2026-02-26","4:51:41 PM","1778","0","1778","1778","0"
"6748","2026-02-26","4:54:14 PM","150","0","150","150","0"
"6749","2026-02-26","4:55:38 PM","340","0","340","340","0"
"6750","2026-02-26","4:57:55 PM","1050","0","1050","1050","0"
"6751","2026-02-26","5:23:44 PM","1600","0","1600","1600","0"
"6752","2026-02-26","5:27:34 PM","300","0","300","300","0"
"6753","2026-02-26","5:35:20 PM","1010","0","1010","1010","0"
"6754","2026-02-26","5:42:54 PM","208","0","208","208","0"
"6755","2026-02-26","5:46:43 PM","64","0","0","0","0"
"6756","2026-02-26","5:50:45 PM","400","0","400","400","0"
"6757","2026-02-26","6:45:19 PM","610","0","610","610","0"
"6758","2026-02-26","7:01:45 PM","220","0","220","220","0"
"6759","2026-02-26","7:30:47 PM","1445","0","1445","1445","0"
"6760","2026-02-26","8:08:01 PM","3770","0","3770","3770","0"
"6761","2026-02-26","8:18:34 PM","425","0","425","425","0"
"6762","2026-02-26","8:24:19 PM","1060","60","1000","1000","0"
"6763","2026-02-27","10:19:19 AM","500","0","500","500","0"
"6764","2026-02-27","10:28:24 AM","390","0","390","390","0"
"6765","2026-02-27","10:34:30 AM","150","0","150","150","0"
"6766","2026-02-27","10:48:21 AM","600","0","600","600","0"
"6767","2026-02-27","11:12:57 AM","390","0","390","390","0"
"6768","2026-02-27","11:35:42 AM","1160","10","1150","1150","0"
"6769","2026-02-27","11:42:11 AM","320","0","320","320","0"
"6770","2026-02-27","11:44:14 AM","50","0","50","50","0"
"6771","2026-02-27","11:47:16 AM","50","0","50","50","0"
"6772","2026-02-27","11:56:14 AM","180","0","180","180","0"
"6773","2026-02-27","12:01:29 PM","320","0","320","320","0"
"6774","2026-02-27","12:03:55 PM","701","0","701","701","0"
"6775","2026-02-27","12:12:14 PM","570","0","570","570","0"
"6776","2026-02-27","1:37:18 PM","2643","0","2643","2643","0"
"6777","2026-02-27","2:05:17 PM","600","0","600","600","0"
"6778","2026-02-27","2:37:15 PM","100","0","100","100","0"
"6779","2026-02-27","3:20:09 PM","670","0","670","670","0"
"6780","2026-02-27","4:25:15 PM","920","0","920","920","0"
"6781","2026-02-27","4:29:31 PM","1037","15","1022","1022","0"
"6782","2026-02-27","4:33:13 PM","200","0","200","200","0"
"6783","2026-02-27","5:03:04 PM","1650","0","1650","1650","0"
"6784","2026-02-27","5:06:01 PM","669","10","659","659","0"
"6785","2026-02-27","5:22:15 PM","1160","0","1160","1160","0"
"6786","2026-02-27","6:39:56 PM","1880","0","1880","1880","0"
"6787","2026-02-27","6:44:22 PM","369","0","369","369","0"
"6788","2026-02-27","6:51:15 PM","100","0","100","100","0"
"6789","2026-02-27","7:02:50 PM","100","0","100","100","0"
"6790","2026-02-27","7:39:34 PM","1417","0","1417","1417","0"
"6791","2026-02-27","8:01:01 PM","1050","0","1050","1050","0"
"6792","2026-02-27","8:22:55 PM","910","0","910","910","0"
"6793","2026-02-27","8:24:51 PM","170","0","170","170","0"
"6794","2026-02-27","8:37:13 PM","600","0","600","600","0"
"6795","2026-02-27","8:41:20 PM","1300","0","1300","1300","0"
"6796","2026-02-27","8:43:13 PM","914","14","900","900","0"
"6797","2026-02-27","8:56:04 PM","390","0","390","390","0"
"6798","2026-02-28","9:40:26 AM","289","0","289","289","0"
"6799","2026-02-28","10:23:51 AM","342","0","342","342","0"
"6800","2026-02-28","2:03:23 PM","1685","0","1685","1685","0"
"6801","2026-02-28","2:42:30 PM","910","0","910","910","0"
"6802","2026-02-28","2:47:34 PM","290","0","290","290","0"
"6803","2026-02-28","2:50:30 PM","49","0","49","49","0"
"6804","2026-02-28","3:26:23 PM","616","0","616","616","0"
"6805","2026-02-28","3:56:30 PM","250","0","250","250","0"
"6806","2026-02-28","3:57:37 PM","1000","0","1000","1000","0"
"6807","2026-02-28","4:27:04 PM","367","0","367","367","0"
"6808","2026-02-28","4:30:33 PM","950","0","950","950","0"
"6809","2026-02-28","4:42:50 PM","292","0","292","292","0"
"6810","2026-02-28","4:49:43 PM","298","0","298","298","0"
"6811","2026-02-28","5:09:08 PM","1180","0","1180","1180","0"
"6812","2026-02-28","5:22:42 PM","430","0","430","430","0"
"6813","2026-02-28","5:38:55 PM","150","0","150","150","0"
"6814","2026-02-28","5:46:32 PM","740","0","740","740","0"
"6815","2026-02-28","7:03:06 PM","770","0","770","770","0"
"6816","2026-02-28","7:22:41 PM","330","0","330","330","0"
"6817","2026-02-28","7:26:29 PM","740","0","740","740","0"
"6818","2026-02-28","7:27:13 PM","1500","0","1500","1500","0"
"6819","2026-02-28","7:34:50 PM","240","0","240","240","0"
"6820","2026-02-28","8:00:47 PM","1878","0","1878","1878","0"
"6821","2026-02-28","8:18:28 PM","420","0","420","420","0"
"6822","2026-02-28","8:23:13 PM","145","0","145","145","0"
"6823","2026-02-28","8:28:06 PM","157","0","157","157","0"
"6824","2026-03-01","9:25:31 AM","350","0","350","350","0"
"6825","2026-03-01","10:06:23 AM","730","0","730","730","0"
"6826","2026-03-01","10:18:31 AM","1100","0","1100","1100","0"
"6827","2026-03-01","12:13:08 PM","2490","0","2490","2490","0"
"6828","2026-03-01","12:45:59 PM","120","0","120","120","0"
"6829","2026-03-01","2:05:40 PM","420","0","420","420","0"
"6830","2026-03-01","2:40:34 PM","279","0","279","279","0"
"6831","2026-03-01","3:15:54 PM","1489","0","1489","1489","0"
"6832","2026-03-01","3:36:24 PM","720","0","720","720","0"
"6833","2026-03-01","3:43:00 PM","640","0","640","640","0"
"6834","2026-03-01","4:02:43 PM","240","0","240","240","0"
"6835","2026-03-01","4:19:12 PM","530","0","530","530","0"
"6836","2026-03-01","4:31:20 PM","1080","0","1080","1080","0"
"6837","2026-03-01","4:35:05 PM","470","0","470","470","0"
"6838","2026-03-01","4:39:27 PM","1236","0","1236","1236","0"
"6839","2026-03-01","4:41:50 PM","310","0","310","310","0"
"6840","2026-03-01","4:44:05 PM","480","0","480","480","0"
"6841","2026-03-01","4:58:42 PM","148","0","148","148","0"
"6842","2026-03-01","5:05:58 PM","480","0","480","480","0"
"6843","2026-03-01","5:10:40 PM","400","0","400","400","0"
"6844","2026-03-01","5:19:45 PM","1382","0","1382","1382","0"
"6845","2026-03-01","5:21:40 PM","950","0","950","950","0"
"6846","2026-03-01","6:47:14 PM","80","0","80","80","0"
"6847","2026-03-01","6:55:30 PM","318","0","318","318","0"
"6848","2026-03-01","7:07:15 PM","450","0","450","450","0"
"6849","2026-03-01","7:08:16 PM","250","0","250","250","0"
"6850","2026-03-01","7:11:51 PM","930","0","930","930","0"
"6851","2026-03-01","7:30:53 PM","630","0","630","630","0"
"6852","2026-03-01","7:45:01 PM","475","0","475","475","0"
"6853","2026-03-01","8:00:03 PM","1016","0","1016","1016","0"
"6854","2026-03-01","8:03:47 PM","480","0","480","480","0"
"6855","2026-03-01","8:24:05 PM","290","0","290","290","0"
"6856","2026-03-01","8:49:44 PM","147","0","147","147","0"
"6857","2026-03-02","9:20:17 AM","802","2","800","800","0"
"6858","2026-03-02","10:01:04 AM","1505","15","1490","1490","0"
"6859","2026-03-02","10:29:34 AM","98","0","98","98","0"
"6860","2026-03-02","10:47:31 AM","2000","0","2000","2000","0"
"6861","2026-03-02","10:59:58 AM","500","0","500","500","0"
"6862","2026-03-02","11:02:07 AM","239","0","239","239","0"
"6863","2026-03-02","11:51:37 AM","1150","0","1150","1150","0"
"6864","2026-03-02","12:18:46 PM","1330","0","1330","1330","0"
"6865","2026-03-02","12:20:51 PM","400","0","400","400","0"
"6866","2026-03-02","12:24:36 PM","180","0","180","180","0"
"6867","2026-03-02","12:35:45 PM","40","0","40","40","0"
"6868","2026-03-02","12:41:12 PM","300","0","300","300","0"
"6869","2026-03-02","12:45:06 PM","727","0","727","727","0"
"6870","2026-03-02","12:57:48 PM","146","0","146","146","0"
"6871","2026-03-02","12:58:25 PM","1073","0","1073","1073","0"
"6872","2026-03-02","2:07:36 PM","580","0","580","580","0"
"6873","2026-03-02","2:11:40 PM","90","0","90","90","0"
"6874","2026-03-02","2:22:34 PM","150","0","150","150","0"
"6875","2026-03-02","2:40:37 PM","100","0","100","100","0"
"6876","2026-03-02","2:49:49 PM","300","0","300","300","0"
"6877","2026-03-02","2:50:30 PM","120","0","120","120","0"
"6878","2026-03-02","4:05:00 PM","3338","0","3338","3338","0"
"6879","2026-03-02","4:18:37 PM","1105","0","1105","1105","0"
"6880","2026-03-02","4:42:38 PM","200","0","200","200","0"
"6881","2026-03-02","4:53:07 PM","1010","0","1010","1010","0"
"6882","2026-03-02","5:10:16 PM","780","0","780","780","0"
"6883","2026-03-02","5:50:14 PM","1850","0","1850","1850","0"
"6884","2026-03-02","6:38:03 PM","300","0","300","300","0"
"6885","2026-03-02","6:50:10 PM","718","0","718","718","0"
"6886","2026-03-02","7:00:45 PM","580","0","580","580","0"
"6887","2026-03-02","7:13:29 PM","750","0","750","750","0"
"6888","2026-03-02","7:15:45 PM","300","0","300","300","0"
"6889","2026-03-02","7:22:22 PM","630","0","630","630","0"
"6890","2026-03-02","7:40:29 PM","1070","0","1070","1070","0"
"6891","2026-03-02","8:30:05 PM","3329","0","3329","3329","0"
"6892","2026-03-02","8:36:07 PM","650","0","650","650","0"
"6893","2026-03-02","9:02:33 PM","540","0","540","540","0"
"6894","2026-03-03","10:00:14 AM","860","10","850","850","0"
"6895","2026-03-03","10:57:45 AM","348","0","348","348","0"
"6896","2026-03-03","11:23:45 AM","390","0","390","390","0"
"6897","2026-03-03","11:29:17 AM","100","0","100","100","0"
"6898","2026-03-03","11:56:10 AM","356","0","356","356","0"
"6899","2026-03-03","12:15:54 PM","500","0","500","500","0"
"6900","2026-03-03","12:25:39 PM","180","0","180","180","0"
"6901","2026-03-03","1:01:03 PM","600","0","600","600","0"
"6902","2026-03-03","1:38:55 PM","349","0","349","349","0"
"6903","2026-03-03","2:40:31 PM","710","0","710","710","0"
"6904","2026-03-03","2:47:28 PM","140","0","140","140","0"
"6905","2026-03-03","2:47:53 PM","800","0","800","800","0"
"6906","2026-03-03","3:05:16 PM","200","0","200","200","0"
"6907","2026-03-03","3:10:02 PM","1990","0","1990","1990","0"
"6908","2026-03-03","3:16:41 PM","810","0","810","810","0"
"6909","2026-03-03","3:35:25 PM","280","0","280","280","0"
"6910","2026-03-03","3:39:32 PM","450","0","450","450","0"
"6911","2026-03-03","3:43:42 PM","400","0","400","400","0"
"6912","2026-03-03","3:46:55 PM","435","0","435","435","0"
"6913","2026-03-03","4:14:32 PM","770","0","770","770","0"
"6914","2026-03-03","4:19:48 PM","190","0","190","190","0"
"6915","2026-03-03","4:21:25 PM","150","0","150","150","0"
"6916","2026-03-03","4:24:04 PM","200","0","200","200","0"
"6917","2026-03-03","4:28:20 PM","3080","0","3080","3080","0"
"6918","2026-03-03","5:02:29 PM","804","0","804","804","0"
"6919","2026-03-03","5:04:29 PM","190","0","190","190","0"
"6920","2026-03-03","5:18:13 PM","1930","0","1930","1930","0"
"6921","2026-03-03","5:25:49 PM","900","0","900","900","0"
"6922","2026-03-03","5:31:44 PM","140","0","140","140","0"
"6923","2026-03-03","5:34:18 PM","200","0","200","200","0"
"6924","2026-03-03","5:34:59 PM","196","0","196","196","0"
"6925","2026-03-03","5:42:35 PM","70","0","70","70","0"
"6926","2026-03-03","6:53:14 PM","582","0","582","582","0"
"6927","2026-03-03","6:58:54 PM","300","0","300","300","0"
"6928","2026-03-03","7:11:05 PM","390","0","390","390","0"
"6929","2026-03-03","7:17:05 PM","168","0","168","168","0"
"6930","2026-03-03","7:37:46 PM","780","0","780","780","0"
"6931","2026-03-03","7:50:43 PM","610","0","610","610","0"
"6932","2026-03-03","7:51:39 PM","170","0","170","170","0"
"6933","2026-03-03","7:53:11 PM","180","0","180","180","0"
"6934","2026-03-03","8:00:34 PM","850","0","850","850","0"
"6935","2026-03-03","8:03:10 PM","270","0","270","270","0"
"6936","2026-03-03","8:03:39 PM","20","0","20","20","0"
"6937","2026-03-03","8:46:17 PM","1510","0","1510","1510","0"
"6938","2026-03-04","3:49:22 PM","8819","0","8819","8819","0"
"6939","2026-03-04","3:51:30 PM","420","20","400","400","0"
"6940","2026-03-04","5:03:06 PM","2920","0","2920","2920","0"
"6941","2026-03-04","5:32:49 PM","3430","0","3430","3430","0"
"6942","2026-03-04","5:47:19 PM","1930","0","1930","1930","0"
"6943","2026-03-04","7:01:07 PM","630","0","630","630","0"
"6944","2026-03-04","7:02:14 PM","50","0","50","50","0"
"6945","2026-03-04","7:13:22 PM","139","0","139","139","0"
"6946","2026-03-04","7:20:30 PM","1788","0","1788","1788","0"
"6947","2026-03-04","7:28:58 PM","134","0","134","134","0"
"6948","2026-03-04","7:36:58 PM","900","0","900","900","0"
"6949","2026-03-04","7:52:35 PM","950","0","950","950","0"
"6950","2026-03-04","7:57:12 PM","170","0","170","170","0"
"6951","2026-03-04","8:16:15 PM","1999","0","1999","1999","0"
"6952","2026-03-04","8:24:28 PM","676","0","676","676","0"
"6953","2026-03-04","8:31:05 PM","660","0","660","660","0"
"6954","2026-03-04","8:31:43 PM","275","5","270","270","0"
"6955","2026-03-04","8:32:30 PM","50","0","50","50","0"
"6956","2026-03-04","8:39:58 PM","199","0","199","199","0"
"6957","2026-03-05","9:38:19 AM","450","0","450","450","0"
"6958","2026-03-05","9:39:45 AM","500","0","500","500","0"
"6959","2026-03-05","10:19:31 AM","700","0","700","700","0"
"6960","2026-03-05","10:33:58 AM","800","0","800","800","0"
"6961","2026-03-05","11:14:48 AM","1840","0","1840","1840","0"
"6962","2026-03-05","11:23:02 AM","670","0","670","670","0"
"6963","2026-03-05","11:31:35 AM","200","0","200","200","0"
"6964","2026-03-05","11:58:06 AM","3000","0","3000","3000","0"
"6965","2026-03-05","2:31:36 PM","1860","0","1860","1860","0"
"6966","2026-03-05","2:34:34 PM","1050","0","1050","1050","0"
"6967","2026-03-05","2:39:10 PM","700","50","650","650","0"
"6968","2026-03-05","2:56:43 PM","470","0","470","470","0"
"6969","2026-03-05","2:57:24 PM","1400","0","1400","1400","0"
"6970","2026-03-05","3:05:35 PM","330","0","330","330","0"
"6971","2026-03-05","3:06:50 PM","540","0","540","540","0"
"6972","2026-03-05","3:44:11 PM","1335","0","1335","1335","0"
"6973","2026-03-05","4:10:40 PM","610","0","610","610","0"
"6974","2026-03-05","5:16:16 PM","1958","0","1958","1958","0"
"6975","2026-03-05","5:18:52 PM","500","0","500","500","0"
"6976","2026-03-05","5:28:42 PM","812","0","812","812","0"
"6977","2026-03-05","5:30:39 PM","520","0","520","520","0"
"6978","2026-03-05","5:33:33 PM","390","0","390","390","0"
"6979","2026-03-05","6:43:38 PM","2470","0","2470","2470","0"
"6980","2026-03-05","6:47:52 PM","140","0","140","140","0"
"6981","2026-03-05","6:52:36 PM","214","0","214","214","0"
"6982","2026-03-05","7:01:23 PM","550","0","550","550","0"
"6983","2026-03-05","7:08:07 PM","625","0","625","625","0"
"6984","2026-03-05","8:27:52 PM","9715","0","9715","9715","0"
"6985","2026-03-05","8:28:17 PM","50","0","50","50","0"
"6986","2026-03-05","8:35:49 PM","170","0","170","170","0"
"6987","2026-03-05","8:44:49 PM","350","0","350","350","0"
"6988","2026-03-05","8:45:50 PM","170","0","170","170","0"
"6989","2026-03-05","9:15:36 PM","800","0","800","800","0"
"6990","2026-03-06","9:54:43 AM","240","0","240","240","0"
"6991","2026-03-06","9:57:43 AM","280","0","280","280","0"
"6992","2026-03-06","10:50:05 AM","1942","0","1942","1942","0"
"6993","2026-03-06","11:06:21 AM","150","0","150","150","0"
"6994","2026-03-06","11:43:02 AM","779","0","779","779","0"
"6995","2026-03-06","12:13:47 PM","560","0","560","560","0"
"6996","2026-03-06","12:15:56 PM","1623","23","1600","1600","0"
"6997","2026-03-06","12:27:25 PM","137","0","137","137","0"
"6998","2026-03-06","12:37:19 PM","1140","0","1140","1140","0"
"6999","2026-03-06","12:44:37 PM","700","0","700","700","0"
"7000","2026-03-06","1:46:06 PM","2050","0","2050","2050","0"
"7001","2026-03-06","2:22:13 PM","250","0","250","250","0"
"7002","2026-03-06","4:19:43 PM","1719","0","1719","1719","0"
"7003","2026-03-06","4:57:55 PM","2490","0","2490","2490","0"
"7004","2026-03-06","5:04:28 PM","900","0","900","900","0"
"7005","2026-03-06","5:30:18 PM","1560","0","1560","1560","0"
"7006","2026-03-06","5:35:06 PM","335","0","335","335","0"
"7007","2026-03-06","5:48:10 PM","3430","0","3430","3430","0"
"7008","2026-03-06","5:53:13 PM","830","0","830","830","0"
"7009","2026-03-06","6:58:44 PM","655","0","655","655","0"
"7010","2026-03-06","6:59:59 PM","300","0","300","300","0"
"7011","2026-03-06","7:27:51 PM","845","0","845","845","0"
"7012","2026-03-06","7:31:57 PM","670","0","670","670","0"
"7013","2026-03-06","7:41:05 PM","170","0","170","170","0"
"7014","2026-03-06","7:42:59 PM","100","0","100","100","0"
"7015","2026-03-06","7:44:00 PM","400","0","400","400","0"
"7016","2026-03-06","8:01:18 PM","250","0","250","250","0"
"7017","2026-03-06","8:27:47 PM","729","0","729","729","0"
"7018","2026-03-06","8:33:13 PM","730","0","730","730","0"
"7019","2026-03-06","8:33:37 PM","775","0","775","775","0"
"7020","2026-03-07","10:34:48 AM","2250","0","2250","2250","0"
"7021","2026-03-07","11:36:10 AM","3695","0","3695","3695","0"
"7022","2026-03-07","1:06:24 PM","1824","0","1824","1824","0"
"7023","2026-03-07","2:11:21 PM","660","0","660","660","0"
"7024","2026-03-07","2:18:09 PM","478","0","478","478","0"
"7025","2026-03-07","2:20:21 PM","1000","0","1000","1000","0"
"7026","2026-03-07","2:34:29 PM","350","0","350","350","0"
"7027","2026-03-07","2:57:26 PM","1830","0","1830","1830","0"
"7028","2026-03-07","3:02:26 PM","350","0","350","350","0"
"7029","2026-03-07","3:03:47 PM","240","0","240","240","0"
"7030","2026-03-07","3:09:05 PM","230","0","230","230","0"
"7031","2026-03-07","3:16:10 PM","3450","0","3450","3450","0"
"7032","2026-03-07","3:21:03 PM","1005","0","1005","1005","0"
"7033","2026-03-07","3:27:25 PM","832","0","832","832","0"
"7034","2026-03-07","3:28:01 PM","50","0","50","50","0"
"7035","2026-03-07","3:31:31 PM","320","0","320","320","0"
"7036","2026-03-07","3:37:20 PM","1009","0","1009","1009","0"
"7037","2026-03-07","3:43:46 PM","220","0","220","220","0"
"7038","2026-03-07","3:48:05 PM","200","0","200","200","0"
"7039","2026-03-07","3:53:16 PM","300","0","300","300","0"
"7040","2026-03-07","3:54:54 PM","140","0","140","140","0"
"7041","2026-03-07","4:19:56 PM","328","0","328","328","0"
"7042","2026-03-07","4:21:09 PM","845","0","845","845","0"
"7043","2026-03-07","4:23:43 PM","1100","0","1100","1100","0"
"7044","2026-03-07","5:10:03 PM","343","0","343","343","0"
"7045","2026-03-07","5:19:18 PM","500","0","500","500","0"
"7046","2026-03-07","5:21:41 PM","1000","0","1000","1000","0"
"7047","2026-03-07","5:30:47 PM","150","0","150","150","0"
"7048","2026-03-07","5:35:47 PM","2445","0","2445","2445","0"
"7049","2026-03-07","5:41:54 PM","330","0","330","330","0"
"7050","2026-03-07","5:47:08 PM","330","0","330","330","0"
"7051","2026-03-07","5:52:00 PM","1098","0","1098","1098","0"
"7052","2026-03-07","5:53:27 PM","750","0","750","750","0"
"7053","2026-03-07","7:26:10 PM","2438","0","2438","2438","0"
"7054","2026-03-07","7:27:34 PM","400","0","400","400","0"
"7055","2026-03-07","8:10:39 PM","1860","0","1860","1860","0"
"7056","2026-03-07","8:27:19 PM","380","0","380","380","0"
"7057","2026-03-07","8:56:26 PM","1190","0","1190","1190","0"
"7058","2026-03-08","8:59:24 AM","495","0","495","495","0"
"7059","2026-03-08","10:47:57 AM","1844","0","1844","1844","0"
"7060","2026-03-08","5:33:14 PM","15680","0","15680","15680","0"
"7061","2026-03-08","5:33:34 PM","50","0","50","50","0"
"7062","2026-03-08","5:42:11 PM","50","0","50","50","0"
"7063","2026-03-08","5:51:29 PM","750","0","750","750","0"
"7064","2026-03-08","5:56:03 PM","290","0","290","290","0"
"7065","2026-03-08","6:44:41 PM","100","0","100","100","0"
"7066","2026-03-08","7:01:01 PM","720","0","720","720","0"
"7067","2026-03-08","7:14:39 PM","903","0","903","903","0"
"7068","2026-03-08","7:20:06 PM","180","0","180","180","0"
"7069","2026-03-08","7:38:46 PM","400","0","400","400","0"
"7070","2026-03-08","7:43:21 PM","850","0","850","850","0"
"7071","2026-03-08","7:50:48 PM","279","0","279","279","0"
"7072","2026-03-08","8:17:07 PM","750","0","750","750","0"
"7073","2026-03-08","8:21:25 PM","666","16","650","650","0"
"7074","2026-03-08","8:24:50 PM","1250","0","1250","1250","0"
"7075","2026-03-08","8:28:01 PM","160","0","160","160","0"
"7076","2026-03-08","8:30:30 PM","2000","0","2000","2000","0"
"7077","2026-03-08","8:30:52 PM","800","0","800","800","0"
"7078","2026-03-08","8:33:39 PM","1575","0","1575","1575","0"
"7079","2026-03-08","8:44:51 PM","269","0","269","269","0"
"7080","2026-03-09","9:59:01 AM","1369","0","1369","1369","0"
"7081","2026-03-09","10:14:45 AM","3350","0","3350","3350","0"
"7082","2026-03-09","10:17:29 AM","800","0","800","800","0"
"7083","2026-03-09","10:22:37 AM","495","5","490","490","0"
"7084","2026-03-09","10:26:05 AM","250","0","250","250","0"
"7085","2026-03-09","10:29:33 AM","300","0","300","300","0"
"7086","2026-03-09","11:10:36 AM","40","0","40","40","0"
"7087","2026-03-09","11:28:32 AM","500","0","500","500","0"
"7088","2026-03-09","1:01:48 PM","1040","0","1040","1040","0"
"7089","2026-03-09","1:45:25 PM","775","0","775","775","0"
"7090","2026-03-09","2:05:13 PM","500","0","500","500","0"
"7091","2026-03-09","2:17:38 PM","650","0","650","650","0"
"7092","2026-03-09","3:28:40 PM","1366","0","1366","1366","0"
"7093","2026-03-09","3:33:04 PM","200","0","200","200","0"
"7094","2026-03-09","4:01:21 PM","590","0","590","590","0"
"7095","2026-03-09","4:17:40 PM","480","0","480","480","0"
"7096","2026-03-09","5:25:36 PM","3677","0","3677","3677","0"
"7097","2026-03-09","5:32:50 PM","1109","0","1109","1109","0"
"7098","2026-03-09","5:47:10 PM","250","0","250","250","0"
"7099","2026-03-09","5:54:51 PM","207","0","207","207","0"
"7100","2026-03-09","6:45:20 PM","425","0","425","425","0"
"7101","2026-03-09","7:05:54 PM","1180","0","1180","1180","0"
"7102","2026-03-09","7:53:54 PM","5535","0","5535","5535","0"
"7103","2026-03-09","7:59:12 PM","340","0","340","340","0"
"7104","2026-03-09","8:06:40 PM","100","0","100","100","0"
"7105","2026-03-09","8:09:39 PM","1830","0","1830","1830","0"
"7106","2026-03-09","8:40:52 PM","925","0","925","925","0"
"7107","2026-03-10","10:53:12 AM","1034","0","1034","1034","0"
"7108","2026-03-10","11:10:10 AM","387","0","387","387","0"
"7109","2026-03-10","11:11:58 AM","270","0","270","270","0"
"7110","2026-03-10","11:35:17 AM","645","0","645","645","0"
"7111","2026-03-10","11:56:28 AM","310","0","310","310","0"
"7112","2026-03-10","12:29:59 PM","1100","0","1100","1100","0"
"7113","2026-03-10","12:35:31 PM","580","0","580","580","0"
"7114","2026-03-10","12:40:42 PM","200","0","200","200","0"
"7115","2026-03-10","12:45:49 PM","330","0","330","330","0"
"7116","2026-03-10","1:48:23 PM","60","0","60","60","0"
"7117","2026-03-10","1:52:40 PM","240","0","240","240","0"
"7118","2026-03-10","2:14:12 PM","550","0","550","550","0"
"7119","2026-03-10","3:02:23 PM","160","0","160","160","0"
"7120","2026-03-10","3:05:34 PM","1140","40","1100","1100","0"
"7121","2026-03-10","3:29:01 PM","1770","0","1770","1770","0"
"7122","2026-03-10","4:02:38 PM","1510","0","1510","1510","0"
"7123","2026-03-10","4:04:55 PM","1548","48","1500","1500","0"
"7124","2026-03-10","4:13:10 PM","1200","0","1200","1200","0"
"7125","2026-03-10","4:22:00 PM","427","0","427","427","0"
"7126","2026-03-10","4:37:11 PM","402","0","402","402","0"
"7127","2026-03-10","5:05:28 PM","820","0","820","820","0"
"7128","2026-03-10","5:35:48 PM","805","0","805","805","0"
"7129","2026-03-10","5:54:17 PM","2468","0","2468","2468","0"
"7130","2026-03-10","6:58:18 PM","1580","0","1580","1580","0"
"7131","2026-03-10","7:03:30 PM","198","0","198","198","0"
"7132","2026-03-10","7:03:56 PM","288","0","288","288","0"
"7133","2026-03-10","7:21:24 PM","900","0","900","900","0"
"7134","2026-03-10","7:22:37 PM","520","0","520","520","0"
"7135","2026-03-10","7:48:44 PM","2230","0","2230","2230","0"
"7136","2026-03-10","8:20:15 PM","1291","0","1291","1291","0"
"7137","2026-03-10","8:29:35 PM","1225","0","1225","1225","0"
"7138","2026-03-11","1:48:13 PM","1649","0","1649","1649","0"
"7139","2026-03-11","2:42:58 PM","1500","0","1500","1500","0"
"7140","2026-03-11","3:27:18 PM","1190","0","1190","1190","0"
"7141","2026-03-11","3:32:27 PM","200","0","200","200","0"
"7142","2026-03-11","3:34:42 PM","1408","8","1400","1400","0"
"7143","2026-03-11","3:35:44 PM","420","20","400","400","0"
"7144","2026-03-11","3:37:59 PM","280","0","280","280","0"
"7145","2026-03-11","3:47:43 PM","350","0","350","350","0"
"7146","2026-03-11","3:53:49 PM","2380","0","2380","2380","0"
"7147","2026-03-11","4:11:44 PM","702","0","702","702","0"
"7148","2026-03-11","4:42:00 PM","670","0","670","670","0"
"7149","2026-03-11","4:44:39 PM","200","0","200","200","0"
"7150","2026-03-11","5:02:00 PM","350","0","350","350","0"
"7151","2026-03-11","5:15:01 PM","690","0","690","690","0"
"7152","2026-03-11","5:44:04 PM","550","0","550","550","0"
"7153","2026-03-11","5:45:38 PM","150","0","150","150","0"
"7154","2026-03-11","6:04:48 PM","1490","0","1490","1490","0"
"7155","2026-03-11","7:11:56 PM","150","0","150","150","0"
"7156","2026-03-11","7:25:28 PM","601","0","601","601","0"
"7157","2026-03-11","7:31:35 PM","320","0","320","320","0"
"7158","2026-03-11","7:33:12 PM","510","10","500","500","0"
"7159","2026-03-11","7:34:14 PM","200","0","200","200","0"
"7160","2026-03-11","8:17:50 PM","250","0","250","250","0"
"7161","2026-03-11","8:51:02 PM","942","0","942","942","0"
"7162","2026-03-12","11:15:39 AM","1800","0","1800","1800","0"
"7163","2026-03-12","11:28:52 AM","700","0","700","700","0"
"7164","2026-03-12","11:42:58 AM","200","0","200","200","0"
"7165","2026-03-12","11:52:40 AM","390","0","390","390","0"
"7166","2026-03-12","11:53:23 AM","1290","0","1290","1290","0"
"7167","2026-03-12","12:03:44 PM","725","0","725","725","0"
"7168","2026-03-12","12:37:20 PM","90","0","90","90","0"
"7169","2026-03-12","12:41:01 PM","460","10","450","450","0"
"7170","2026-03-12","12:44:16 PM","200","0","200","200","0"
"7171","2026-03-12","1:54:10 PM","900","0","900","900","0"
"7172","2026-03-12","2:02:22 PM","700","0","700","700","0"
"7173","2026-03-12","2:29:22 PM","1110","0","1110","1110","0"
"7174","2026-03-12","4:01:16 PM","2858","0","2858","2858","0"
"7175","2026-03-12","4:10:18 PM","1840","0","1840","1840","0"
"7176","2026-03-12","5:30:32 PM","1550","0","1550","1550","0"
"7177","2026-03-12","5:36:36 PM","840","0","840","840","0"
"7178","2026-03-12","5:41:37 PM","700","0","700","700","0"
"7179","2026-03-12","5:42:36 PM","130","0","130","130","0"
"7180","2026-03-12","5:53:22 PM","450","0","450","450","0"
"7181","2026-03-12","5:53:51 PM","417","0","417","417","0"
"7182","2026-03-12","6:00:43 PM","225","0","225","225","0"
"7183","2026-03-12","6:03:11 PM","928","0","928","928","0"
"7184","2026-03-12","7:04:52 PM","1187","0","1187","1187","0"
"7185","2026-03-12","7:26:06 PM","1025","0","1025","1025","0"
"7186","2026-03-12","7:27:42 PM","440","0","440","440","0"
"7187","2026-03-12","7:29:03 PM","400","0","400","400","0"
"7188","2026-03-12","7:30:48 PM","440","0","440","440","0"
"7189","2026-03-12","7:31:06 PM","230","0","230","230","0"
"7190","2026-03-12","7:45:50 PM","325","0","325","325","0"
"7191","2026-03-12","7:55:13 PM","250","0","250","250","0"
"7192","2026-03-12","8:08:24 PM","1880","40","1840","1840","0"
"7193","2026-03-12","8:23:01 PM","120","0","120","120","0"
"7194","2026-03-12","8:29:08 PM","570","0","570","570","0"
"7195","2026-03-12","8:31:09 PM","220","0","220","220","0"
"7196","2026-03-12","8:35:32 PM","65","0","65","65","0"
"7197","2026-03-12","9:00:13 PM","470","0","470","470","0"
"7198","2026-03-12","9:02:51 PM","350","0","350","350","0"
"7199","2026-03-13","9:42:34 AM","1770","20","1750","1750","0"
"7200","2026-03-13","10:30:23 AM","350","0","350","350","0"
"7201","2026-03-13","10:41:52 AM","140","0","140","140","0"
"7202","2026-03-13","10:57:21 AM","900","0","900","900","0"
"7203","2026-03-13","11:21:41 AM","1150","0","1150","1150","0"
"7204","2026-03-13","11:25:05 AM","428","0","428","428","0"
"7205","2026-03-13","11:30:09 AM","1250","0","1250","1250","0"
"7206","2026-03-13","12:06:35 PM","770","0","770","770","0"
"7207","2026-03-13","12:21:30 PM","840","0","840","840","0"
"7208","2026-03-13","12:22:01 PM","900","0","900","900","0"
"7209","2026-03-13","12:28:02 PM","6510","0","6510","6510","0"
"7210","2026-03-13","1:52:16 PM","840","0","840","840","0"
"7211","2026-03-13","1:58:26 PM","200","0","200","200","0"
"7212","2026-03-13","2:06:33 PM","100","0","100","100","0"
"7213","2026-03-13","3:54:14 PM","3840","0","3840","3840","0"
"7214","2026-03-13","4:06:49 PM","1384","0","1384","1384","0"
"7215","2026-03-13","4:12:32 PM","100","0","100","100","0"
"7216","2026-03-13","4:58:51 PM","2810","0","2810","2810","0"
"7217","2026-03-13","5:59:31 PM","2220","0","2220","2220","0"
"7218","2026-03-13","6:07:56 PM","450","0","450","450","0"
"7219","2026-03-13","7:48:18 PM","3160","0","3160","3160","0"
"7220","2026-03-13","8:02:38 PM","1520","0","1520","1520","0"
"7221","2026-03-13","8:04:11 PM","517","0","517","517","0"
"7222","2026-03-13","8:21:27 PM","3851","0","3851","3851","0"
"7223","2026-03-13","8:34:09 PM","1730","0","1730","1730","0"
"7224","2026-03-14","9:22:40 AM","230","0","230","230","0"
"7225","2026-03-14","11:49:32 AM","180","0","180","180","0"
"7226","2026-03-14","12:34:42 PM","300","0","300","300","0"
"7227","2026-03-14","5:38:00 PM","8193","0","8193","8193","0"
"7228","2026-03-14","6:04:03 PM","2399","0","2399","2399","0"
"7229","2026-03-14","6:49:46 PM","380","0","380","380","0"
"7230","2026-03-14","7:02:07 PM","1390","0","1390","1390","0"
"7231","2026-03-14","7:02:27 PM","100","0","100","100","0"
"7232","2026-03-14","7:35:30 PM","2955","0","2955","2955","0"
"7233","2026-03-14","7:44:21 PM","280","0","280","280","0"
"7234","2026-03-14","8:09:07 PM","400","0","400","400","0"
"7235","2026-03-14","8:09:48 PM","50","0","50","50","0"
"7236","2026-03-14","8:40:28 PM","993","0","993","993","0"
"7237","2026-03-14","9:06:43 PM","900","0","900","900","0"
"7238","2026-03-14","9:09:49 PM","1420","20","1400","1400","0"
"7239","2026-03-14","9:12:23 PM","450","0","450","450","0"
"7240","2026-03-14","9:24:28 PM","240","0","240","240","0"
"7241","2026-03-15","9:46:17 AM","500","0","500","500","0"
"7242","2026-03-15","10:44:27 AM","675","0","675","675","0"
"7243","2026-03-15","11:26:45 AM","130","0","130","130","0"
"7244","2026-03-15","11:37:30 AM","64","0","64","64","0"
"7245","2026-03-15","11:54:37 AM","100","0","100","100","0"
"7246","2026-03-15","11:56:46 AM","1048","0","1048","1048","0"
"7247","2026-03-15","12:17:15 PM","587","0","587","587","0"
"7248","2026-03-15","12:18:19 PM","189","0","189","189","0"
"7249","2026-03-15","12:23:57 PM","1247","0","1247","1247","0"
"7250","2026-03-15","1:02:19 PM","1549","0","1549","1549","0"
"7251","2026-03-15","2:06:30 PM","275","0","275","275","0"
"7252","2026-03-15","2:11:08 PM","420","0","420","420","0"
"7253","2026-03-15","2:15:31 PM","270","0","270","270","0"
"7254","2026-03-15","3:57:12 PM","1890","0","1890","1890","0"
"7255","2026-03-15","4:13:08 PM","50","0","50","50","0"
"7256","2026-03-15","4:15:26 PM","2146","46","2100","2100","0"
"7257","2026-03-15","4:20:36 PM","450","0","450","450","0"
"7258","2026-03-15","4:38:38 PM","130","0","130","130","0"
"7259","2026-03-15","4:39:07 PM","1200","0","1200","1200","0"
"7260","2026-03-15","4:43:56 PM","540","0","540","540","0"
"7261","2026-03-15","4:53:43 PM","250","0","250","250","0"
"7262","2026-03-15","5:27:31 PM","600","0","600","600","0"
"7263","2026-03-15","5:32:40 PM","283","0","283","283","0"
"7264","2026-03-15","5:49:25 PM","470","0","470","470","0"
"7265","2026-03-15","5:49:51 PM","1428","28","1400","1400","0"
"7266","2026-03-15","7:18:51 PM","2240","0","2240","2240","0"
"7267","2026-03-15","7:24:56 PM","150","0","150","150","0"
"7268","2026-03-15","7:25:25 PM","150","0","150","150","0"
"7269","2026-03-15","7:39:52 PM","1880","0","1880","1880","0"
"7270","2026-03-15","7:53:05 PM","1182","0","1182","1182","0"
"7271","2026-03-15","8:18:08 PM","470","0","470","470","0"
"7272","2026-03-15","8:20:37 PM","600","0","600","600","0"
"7273","2026-03-15","8:23:41 PM","250","0","250","250","0"
"7274","2026-03-15","8:23:54 PM","130","0","130","130","0"
"7275","2026-03-16","10:20:56 AM","220","0","220","220","0"
"7276","2026-03-16","10:45:38 AM","200","0","200","200","0"
"7277","2026-03-16","11:29:04 AM","639","0","639","639","0"
"7278","2026-03-16","11:30:15 AM","920","0","920","920","0"
"7279","2026-03-16","11:50:39 AM","170","0","170","170","0"
"7280","2026-03-16","11:53:43 AM","147","0","147","147","0"
"7281","2026-03-16","12:00:29 PM","330","0","330","330","0"
"7282","2026-03-16","1:35:38 PM","1840","0","1840","1840","0"
"7283","2026-03-16","1:55:38 PM","500","0","500","500","0"
"7284","2026-03-16","3:34:19 PM","3140","0","3140","3140","0"
"7285","2026-03-16","3:34:45 PM","100","0","100","100","0"
"7286","2026-03-16","4:09:54 PM","2380","0","2380","2380","0"
"7287","2026-03-16","4:47:52 PM","1645","0","1645","1645","0"
"7288","2026-03-16","4:49:57 PM","100","0","100","100","0"
"7289","2026-03-16","5:20:27 PM","810","0","810","810","0"
"7290","2026-03-16","5:21:54 PM","90","0","90","90","0"
"7291","2026-03-16","5:26:59 PM","370","0","370","370","0"
"7292","2026-03-16","5:40:38 PM","2305","0","2305","2305","0"
"7293","2026-03-16","5:44:05 PM","726","0","726","726","0"
"7294","2026-03-16","5:46:47 PM","696","0","696","696","0"
"7295","2026-03-16","6:09:44 PM","570","0","570","570","0"
"7296","2026-03-16","6:14:25 PM","1700","0","1700","1700","0"
"7297","2026-03-16","7:21:44 PM","2020","0","2020","2020","0"
"7298","2026-03-16","7:29:52 PM","190","0","190","190","0"
"7299","2026-03-16","7:45:29 PM","330","0","330","330","0"
"7300","2026-03-16","7:49:29 PM","40","0","40","40","0"
"7301","2026-03-16","7:53:31 PM","702","2","700","700","0"
"7302","2026-03-16","8:00:32 PM","727","0","727","727","0"
"7303","2026-03-16","8:06:50 PM","22","0","22","22","0"
"7304","2026-03-16","8:17:48 PM","280","0","280","280","0"
"7305","2026-03-16","8:20:57 PM","258","0","258","258","0"
"7306","2026-03-16","8:25:55 PM","146","0","146","146","0"
"7307","2026-03-16","8:42:09 PM","150","0","150","150","0"
"7308","2026-03-16","8:49:09 PM","2015","15","2000","2000","0"
"7309","2026-03-16","8:51:14 PM","200","0","200","200","0"
"7310","2026-03-16","9:14:47 PM","1070","0","1070","1070","0"
"7311","2026-03-16","9:16:19 PM","120","0","120","120","0"
"7312","2026-03-17","9:56:46 AM","587","0","587","587","0"
"7313","2026-03-17","10:13:12 AM","430","0","430","430","0"
"7314","2026-03-17","10:59:39 AM","2472","0","2472","2472","0"
"7315","2026-03-17","12:11:08 PM","568","0","568","568","0"
"7316","2026-03-17","12:26:34 PM","194","0","194","194","0"
"7317","2026-03-17","12:34:43 PM","332","0","332","332","0"
"7318","2026-03-17","12:48:21 PM","2010","0","2010","2010","0"
"7319","2026-03-17","12:55:48 PM","216","0","216","216","0"
"7320","2026-03-17","1:03:30 PM","1920","0","1920","1920","0"
"7321","2026-03-17","1:12:17 PM","500","0","500","500","0"
"7322","2026-03-17","1:14:44 PM","60","0","60","60","0"
"7323","2026-03-17","2:06:52 PM","1400","0","1400","1400","0"
"7324","2026-03-17","2:07:30 PM","100","0","100","100","0"
"7325","2026-03-17","2:44:19 PM","595","0","595","595","0"
"7326","2026-03-17","2:44:50 PM","500","0","500","500","0"
"7327","2026-03-17","2:58:24 PM","1150","0","1150","1150","0"
"7328","2026-03-17","3:22:40 PM","200","0","200","200","0"
"7329","2026-03-17","3:24:18 PM","220","0","220","220","0"
"7330","2026-03-17","3:31:08 PM","850","0","850","850","0"
"7331","2026-03-17","3:35:11 PM","470","0","470","470","0"
"7332","2026-03-17","4:02:59 PM","1630","0","1630","1630","0"
"7333","2026-03-17","4:15:30 PM","595","0","595","595","0"
"7334","2026-03-17","4:15:57 PM","338","0","338","338","0"
"7335","2026-03-17","4:23:42 PM","300","0","300","300","0"
"7336","2026-03-17","4:37:07 PM","290","0","290","290","0"
"7337","2026-03-17","4:43:41 PM","960","0","960","960","0"
"7338","2026-03-17","4:50:08 PM","100","0","100","100","0"
"7339","2026-03-17","4:52:14 PM","1322","22","1300","1300","0"
"7340","2026-03-17","4:53:53 PM","80","0","80","80","0"
"7341","2026-03-17","4:57:03 PM","326","6","320","320","0"
"7342","2026-03-17","5:04:06 PM","999","0","999","999","0"
"7343","2026-03-17","5:13:31 PM","50","0","50","50","0"
"7344","2026-03-17","5:23:59 PM","1130","0","1130","1130","0"
"7345","2026-03-17","5:26:36 PM","1378","0","1378","1378","0"
"7346","2026-03-17","5:32:32 PM","1130","0","1130","1130","0"
"7347","2026-03-17","5:36:25 PM","580","0","580","580","0"
"7348","2026-03-17","5:53:16 PM","520","0","520","520","0"
"7349","2026-03-17","7:05:41 PM","518","0","518","518","0"
"7350","2026-03-17","7:10:50 PM","350","0","350","350","0"
"7351","2026-03-17","7:26:20 PM","300","0","300","300","0"
"7352","2026-03-17","7:35:04 PM","1122","0","1122","1122","0"
"7353","2026-03-17","7:35:43 PM","750","0","750","750","0"
"7354","2026-03-17","7:36:13 PM","50","0","50","50","0"
"7355","2026-03-17","7:40:01 PM","100","0","100","100","0"
"7356","2026-03-17","7:52:53 PM","182","0","182","182","0"
"7357","2026-03-17","7:57:48 PM","220","0","220","220","0"
"7358","2026-03-17","8:20:59 PM","210","0","210","210","0"
"7359","2026-03-17","8:22:04 PM","440","0","440","440","0"
"7360","2026-03-17","8:34:23 PM","480","0","480","480","0"
"7361","2026-03-17","8:56:23 PM","752","0","752","752","0"
"7362","2026-03-18","9:43:49 AM","750","0","750","750","0"
"7363","2026-03-18","9:50:17 AM","1200","0","1200","1200","0"
"7364","2026-03-18","10:06:41 AM","540","0","540","540","0"
"7365","2026-03-18","3:51:15 PM","15235","0","15235","15235","0"
"7366","2026-03-18","4:22:04 PM","296","0","296","296","0"
"7367","2026-03-18","4:24:53 PM","1016","0","1016","1016","0"
"7368","2026-03-18","4:27:08 PM","130","0","130","130","0"
"7369","2026-03-18","4:28:35 PM","25","0","25","25","0"
"7370","2026-03-18","4:41:30 PM","2030","0","2030","2030","0"
"7371","2026-03-18","4:44:40 PM","200","0","200","200","0"
"7372","2026-03-18","4:59:10 PM","405","0","405","405","0"
"7373","2026-03-18","5:16:38 PM","1070","0","1070","1070","0"
"7374","2026-03-18","5:21:33 PM","430","0","430","430","0"
"7375","2026-03-18","5:30:21 PM","70","0","70","70","0"
"7376","2026-03-18","5:36:27 PM","425","0","425","425","0"
"7377","2026-03-18","5:37:53 PM","428","0","428","428","0"
"7378","2026-03-18","5:42:29 PM","119","0","119","119","0"
"7379","2026-03-18","5:58:26 PM","1725","0","1725","1725","0"
"7380","2026-03-18","6:00:25 PM","850","0","850","850","0"
"7381","2026-03-18","7:09:18 PM","490","0","490","490","0"
"7382","2026-03-18","7:17:32 PM","350","0","350","350","0"
"7383","2026-03-18","7:21:20 PM","320","0","320","320","0"
"7384","2026-03-18","7:33:34 PM","230","0","230","230","0"
"7385","2026-03-18","7:49:55 PM","2380","0","2380","2380","0"
"7386","2026-03-18","7:50:11 PM","50","0","50","50","0"
"7387","2026-03-18","7:53:14 PM","470","0","470","470","0"
"7388","2026-03-18","7:59:46 PM","700","0","700","700","0"
"7389","2026-03-18","8:09:36 PM","370","0","370","370","0"
"7390","2026-03-18","8:38:31 PM","270","0","270","270","0"
"7391","2026-03-18","9:06:26 PM","130","0","130","130","0"
"7392","2026-03-19","9:13:33 AM","114","0","114","114","0"
"7393","2026-03-19","9:46:16 AM","570","0","570","570","0"
"7394","2026-03-19","11:18:14 AM","1131","0","1131","1131","0"
"7395","2026-03-19","11:20:15 AM","430","0","430","430","0"
"7396","2026-03-19","11:22:54 AM","120","0","120","120","0"
"7397","2026-03-19","11:46:35 AM","1450","0","1450","1450","0"
"7398","2026-03-19","12:01:30 PM","1017","0","1017","1017","0"
"7399","2026-03-19","12:33:45 PM","2107","0","2107","2107","0"
"7400","2026-03-19","12:47:00 PM","415","0","415","415","0"
"7401","2026-03-19","12:56:06 PM","350","0","350","350","0"
"7402","2026-03-19","1:49:05 PM","616","0","616","616","0"
"7403","2026-03-19","2:35:37 PM","310","0","310","310","0"
"7404","2026-03-19","2:36:12 PM","116","0","116","116","0"
"7405","2026-03-19","3:09:03 PM","545","0","545","545","0"
"7406","2026-03-19","3:10:40 PM","250","0","250","250","0"
"7407","2026-03-19","3:22:32 PM","220","0","220","220","0"
"7408","2026-03-19","4:27:57 PM","1820","0","1820","1820","0"
"7409","2026-03-19","4:44:36 PM","260","0","260","260","0"
"7410","2026-03-19","4:46:27 PM","200","0","200","200","0"
"7411","2026-03-19","4:57:09 PM","1509","0","1509","1509","0"
"7412","2026-03-19","5:06:37 PM","150","0","150","150","0"
"7413","2026-03-19","5:15:10 PM","100","0","100","100","0"
"7414","2026-03-19","5:17:38 PM","344","0","344","344","0"
"7415","2026-03-19","5:19:32 PM","40","0","40","40","0"
"7416","2026-03-19","5:26:58 PM","220","0","220","220","0"
"7417","2026-03-19","5:34:40 PM","750","0","750","750","0"
"7418","2026-03-19","5:48:34 PM","5500","0","5500","5500","0"
"7419","2026-03-19","5:49:35 PM","200","0","200","200","0"
"7420","2026-03-19","5:53:05 PM","400","0","400","400","0"
"7421","2026-03-19","5:59:01 PM","370","0","370","370","0"
"7422","2026-03-19","6:57:57 PM","1127","0","1127","1127","0"
"7423","2026-03-19","7:15:57 PM","1960","0","1960","1960","0"
"7424","2026-03-19","7:38:48 PM","577","0","577","577","0"
"7425","2026-03-19","7:43:47 PM","750","0","750","750","0"
"7426","2026-03-19","8:24:31 PM","1612","0","1612","1612","0"
"7427","2026-03-19","8:33:25 PM","240","0","240","240","0"
"7428","2026-03-19","8:43:56 PM","750","0","750","750","0"
"7429","2026-03-19","8:46:59 PM","385","0","385","385","0"
"7430","2026-03-19","9:02:04 PM","640","0","640","640","0"
"7431","2026-03-19","9:15:55 PM","347","0","347","347","0"
"7432","2026-03-19","9:18:24 PM","555","5","550","550","0"
"7433","2026-03-19","9:25:38 PM","527","0","527","527","0"
"7434","2026-03-19","9:26:03 PM","50","0","50","50","0"
"7435","2026-03-19","9:46:14 PM","682","0","682","682","0"
"7436","2026-03-19","10:12:19 PM","558","0","558","558","0"
"7437","2026-03-19","10:16:17 PM","800","0","800","800","0"
"7438","2026-03-20","10:07:09 AM","361","0","361","361","0"
"7439","2026-03-20","10:23:30 AM","1056","0","1056","1056","0"
"7440","2026-03-20","10:30:37 AM","570","0","570","570","0"
"7441","2026-03-20","10:37:22 AM","1980","0","1980","1980","0"
"7442","2026-03-20","10:41:04 AM","1457","0","1457","1457","0"
"7443","2026-03-20","10:45:38 AM","290","0","290","290","0"
"7444","2026-03-20","10:55:23 AM","1150","0","1150","1150","0"
"7445","2026-03-20","11:24:29 AM","392","0","392","392","0"
"7446","2026-03-20","11:56:19 AM","1230","0","1230","1230","0"
"7447","2026-03-20","12:03:53 PM","550","0","550","550","0"
"7448","2026-03-20","12:13:38 PM","409","0","409","409","0"
"7449","2026-03-20","12:14:32 PM","417","0","417","417","0"
"7450","2026-03-20","1:18:39 PM","940","0","940","940","0"
"7451","2026-03-20","2:00:14 PM","550","0","550","550","0"
"7452","2026-03-20","2:15:30 PM","140","0","140","140","0"
"7453","2026-03-20","3:33:29 PM","5521","0","5521","5521","0"
"7454","2026-03-20","3:33:49 PM","671","0","671","671","0"
"7455","2026-03-20","3:34:22 PM","255","0","255","255","0"
"7456","2026-03-20","3:40:18 PM","550","0","550","550","0"
"7457","2026-03-20","3:52:06 PM","360","0","360","360","0"
"7458","2026-03-20","4:08:43 PM","520","0","520","520","0"
"7459","2026-03-20","4:27:52 PM","3730","0","3730","3730","0"
"7460","2026-03-20","4:38:41 PM","587","0","587","587","0"
"7461","2026-03-20","4:45:40 PM","50","0","50","50","0"
"7462","2026-03-20","5:19:23 PM","820","0","820","820","0"
"7463","2026-03-20","5:50:55 PM","1380","0","1380","1380","0"
"7464","2026-03-20","7:07:47 PM","790","0","790","790","0"
"7465","2026-03-20","7:09:00 PM","1000","0","1000","1000","0"
"7466","2026-03-20","7:17:52 PM","432","0","432","432","0"
"7467","2026-03-20","7:36:31 PM","1520","0","1520","1520","0"
"7468","2026-03-20","7:40:30 PM","750","0","750","750","0"
"7469","2026-03-20","7:50:01 PM","493","0","493","493","0"
"7470","2026-03-20","7:53:55 PM","350","0","350","350","0"
"7471","2026-03-20","8:03:16 PM","480","0","480","480","0"
"7472","2026-03-20","8:08:20 PM","1300","0","1300","1300","0"
"7473","2026-03-20","8:13:04 PM","2000","0","2000","2000","0"
"7474","2026-03-20","8:23:10 PM","650","0","650","650","0"
"7475","2026-03-20","8:46:24 PM","906","0","906","906","0"
"7476","2026-03-20","8:57:01 PM","470","0","470","470","0"
"7477","2026-03-21","10:22:28 AM","580","0","580","580","0"
"7478","2026-03-21","10:24:31 AM","50","0","50","50","0"
"7479","2026-03-21","11:17:25 AM","610","0","610","610","0"
"7480","2026-03-21","2:26:15 PM","410","0","410","410","0"
"7481","2026-03-21","2:36:23 PM","700","0","700","700","0"
"7482","2026-03-21","4:28:40 PM","1838","0","1838","1838","0"
"7483","2026-03-21","4:45:58 PM","660","0","660","660","0"
"7484","2026-03-21","5:56:26 PM","2936","0","2936","2936","0"
"7485","2026-03-21","6:10:48 PM","2786","0","2786","2786","0"
"7486","2026-03-21","6:11:39 PM","514","0","514","514","0"
"7487","2026-03-21","6:25:38 PM","280","0","280","280","0"
"7488","2026-03-21","6:28:13 PM","450","0","450","450","0"
"7489","2026-03-21","6:40:45 PM","350","0","350","350","0"
"7490","2026-03-21","7:21:09 PM","100","0","100","100","0"
"7491","2026-03-21","7:32:57 PM","900","0","900","900","0"
"7492","2026-03-21","7:46:54 PM","2273","0","2273","2273","0"
"7493","2026-03-21","7:48:16 PM","80","0","80","80","0"
"7494","2026-03-21","7:51:02 PM","230","0","230","230","0"
"7495","2026-03-21","7:54:13 PM","396","0","396","396","0"
"7496","2026-03-21","7:57:13 PM","98","0","98","98","0"
"7497","2026-03-21","8:01:39 PM","240","0","240","240","0"
"7498","2026-03-21","8:03:34 PM","915","15","900","900","0"
"7499","2026-03-21","8:04:56 PM","560","0","560","560","0"
"7500","2026-03-21","8:09:40 PM","380","0","380","380","0"
"7501","2026-03-21","8:11:00 PM","520","0","520","520","0"
"7502","2026-03-21","8:16:04 PM","220","0","220","220","0"
"7503","2026-03-21","8:29:32 PM","260","0","260","260","0"
"7504","2026-03-21","8:39:08 PM","170","0","170","170","0"
"7505","2026-03-21","8:39:57 PM","120","0","120","120","0"
"7506","2026-03-21","8:42:37 PM","67","0","67","67","0"
"7507","2026-03-22","9:40:47 AM","519","0","519","519","0"
"7508","2026-03-22","9:45:29 AM","50","0","50","50","0"
"7509","2026-03-22","10:20:22 AM","2530","0","2530","2530","0"
"7510","2026-03-22","11:03:10 AM","285","0","285","285","0"
"7511","2026-03-22","11:19:17 AM","500","0","500","500","0"
"7512","2026-03-22","11:23:54 AM","595","0","595","595","0"
"7513","2026-03-22","11:41:38 AM","1370","0","1370","1370","0"
"7514","2026-03-22","11:57:25 AM","110","0","110","110","0"
"7515","2026-03-22","12:36:45 PM","1486","0","1486","1486","0"
"7516","2026-03-22","12:43:27 PM","50","0","50","50","0"
"7517","2026-03-22","12:59:59 PM","320","0","320","320","0"
"7518","2026-03-22","2:49:07 PM","36","0","36","36","0"
"7519","2026-03-22","2:49:47 PM","845","0","845","845","0"
"7520","2026-03-22","3:02:33 PM","460","0","460","460","0"
"7521","2026-03-22","3:17:23 PM","560","0","560","560","0"
"7522","2026-03-22","4:06:18 PM","447","0","447","447","0"
"7523","2026-03-22","4:13:01 PM","287","0","287","287","0"
"7524","2026-03-22","4:16:09 PM","820","0","820","820","0"
"7525","2026-03-22","4:32:03 PM","230","0","230","230","0"
"7526","2026-03-22","4:36:13 PM","160","0","160","160","0"
"7527","2026-03-22","5:04:57 PM","1968","0","1968","1968","0"
"7528","2026-03-22","5:28:17 PM","2160","0","2160","2160","0"
"7529","2026-03-22","5:36:00 PM","2040","0","2040","2040","0"
"7530","2026-03-22","5:56:24 PM","2119","0","2119","2119","0"
"7531","2026-03-22","6:01:44 PM","1500","0","1500","1500","0"
"7532","2026-03-22","6:15:25 PM","1750","0","1750","1750","0"
"7533","2026-03-22","6:22:07 PM","350","0","350","350","0"
"7534","2026-03-22","6:31:18 PM","650","0","650","650","0"
"7535","2026-03-22","6:56:12 PM","1514","0","1514","1514","0"
"7536","2026-03-22","7:03:32 PM","540","0","540","540","0"
"7537","2026-03-22","7:04:23 PM","875","0","875","875","0"
"7538","2026-03-22","7:16:52 PM","1869","0","1869","1869","0"
"7539","2026-03-22","7:19:52 PM","420","0","420","420","0"
"7540","2026-03-22","7:23:46 PM","350","0","350","350","0"
"7541","2026-03-22","7:43:36 PM","350","0","350","350","0"
"7542","2026-03-22","7:52:29 PM","440","0","440","440","0"
"7543","2026-03-22","7:56:44 PM","370","0","370","370","0"
"7544","2026-03-22","8:01:23 PM","547","0","547","547","0"
"7545","2026-03-22","8:04:22 PM","280","0","280","280","0"
"7546","2026-03-22","8:07:37 PM","690","0","690","690","0"
"7547","2026-03-22","8:17:32 PM","2775","0","2775","2775","0"
"7548","2026-03-22","8:28:05 PM","740","0","740","740","0"
"7549","2026-03-22","8:45:36 PM","618","0","618","618","0"
"7550","2026-03-22","8:47:06 PM","300","0","300","300","0"
"7551","2026-03-22","9:00:35 PM","882","0","882","882","0"
"7552","2026-03-22","9:09:49 PM","750","0","750","750","0"
"7553","2026-03-22","9:18:11 PM","45","0","45","45","0"
"7554","2026-03-22","9:34:31 PM","835","0","835","835","0"
"7555","2026-03-23","9:21:46 AM","800","0","800","800","0"
"7556","2026-03-23","9:38:40 AM","470","0","470","470","0"
"7557","2026-03-23","9:43:51 AM","500","0","500","500","0"
"7558","2026-03-23","9:59:42 AM","540","0","540","540","0"
"7559","2026-03-23","1:23:59 PM","2430","0","2430","2430","0"
"7560","2026-03-23","1:28:06 PM","780","0","780","780","0"
"7561","2026-03-23","5:53:09 PM","6438","0","6438","6438","0"
"7562","2026-03-23","6:22:04 PM","2800","0","2800","2800","0"
"7563","2026-03-23","6:32:57 PM","1234","0","1234","1234","0"
"7564","2026-03-23","6:37:37 PM","50","0","50","50","0"
"7565","2026-03-23","6:55:13 PM","2001","0","2001","2001","0"
"7566","2026-03-23","7:13:33 PM","140","0","140","140","0"
"7567","2026-03-23","7:15:15 PM","600","0","600","600","0"
"7568","2026-03-23","7:15:52 PM","750","0","750","750","0"
"7569","2026-03-23","7:19:58 PM","1750","0","1750","1750","0"
"7570","2026-03-23","7:35:27 PM","1343","0","1343","1343","0"
"7571","2026-03-23","7:50:21 PM","655","0","655","655","0"
"7572","2026-03-23","8:18:49 PM","750","0","750","750","0"
"7573","2026-03-23","8:38:13 PM","1640","0","1640","1640","0"
"7574","2026-03-24","9:04:33 AM","300","0","300","300","0"
"7575","2026-03-24","9:11:50 AM","1275","0","1275","1275","0"
"7576","2026-03-24","9:12:52 AM","2750","0","2750","2750","0"
"7577","2026-03-24","9:42:34 AM","680","0","680","680","0"
"7578","2026-03-24","9:45:23 AM","250","0","250","250","0"
"7579","2026-03-24","9:53:34 AM","36","0","36","36","0"
"7580","2026-03-24","10:30:49 AM","1945","0","1945","1945","0"
"7581","2026-03-24","10:52:45 AM","190","0","190","190","0"
"7582","2026-03-24","11:29:58 AM","670","0","670","670","0"
"7583","2026-03-24","11:34:10 AM","1150","0","1150","1150","0"
"7584","2026-03-24","12:39:03 PM","3930","0","3930","3930","0"
"7585","2026-03-24","12:46:55 PM","2158","0","2158","2158","0"
"7586","2026-03-24","1:51:16 PM","2080","0","2080","2080","0"
"7587","2026-03-24","2:25:54 PM","1408","0","1408","1408","0"
"7588","2026-03-24","2:29:27 PM","910","0","910","910","0"
"7589","2026-03-24","2:49:28 PM","790","0","790","790","0"
"7590","2026-03-24","3:34:31 PM","210","0","210","210","0"
"7591","2026-03-24","5:29:10 PM","3480","0","3480","3480","0"
"7592","2026-03-24","6:26:43 PM","3460","0","3460","3460","0"
"7593","2026-03-24","6:43:17 PM","120","0","120","120","0"
"7594","2026-03-24","6:50:03 PM","190","0","190","190","0"
"7595","2026-03-24","7:19:00 PM","1960","0","1960","1960","0"
"7596","2026-03-24","7:33:04 PM","2539","0","2539","2539","0"
"7597","2026-03-24","7:40:55 PM","440","0","440","440","0"
"7598","2026-03-24","7:41:45 PM","200","0","200","200","0"
"7599","2026-03-24","7:49:56 PM","430","0","430","430","0"
"7600","2026-03-24","8:21:52 PM","755","0","755","755","0"
"7601","2026-03-24","9:12:02 PM","750","0","750","750","0"
"7602","2026-03-25","9:53:45 AM","1378","0","1378","1378","0"
"7603","2026-03-25","9:54:16 AM","1055","5","1050","1050","0"
"7604","2026-03-25","9:56:14 AM","1610","0","1610","1610","0"
"7605","2026-03-25","9:58:44 AM","1110","10","1100","1100","0"
"7606","2026-03-25","10:26:49 AM","288","0","288","288","0"
"7607","2026-03-25","10:34:16 AM","1100","50","1050","1050","0"
"7608","2026-03-25","10:37:19 AM","50","0","50","50","0"
"7609","2026-03-25","10:38:48 AM","559","0","559","559","0"
"7610","2026-03-25","10:52:07 AM","800","0","800","800","0"
"7611","2026-03-25","11:05:13 AM","100","0","100","100","0"
"7612","2026-03-25","11:19:48 AM","170","0","170","170","0"
"7613","2026-03-25","11:21:42 AM","564","14","550","550","0"
"7614","2026-03-25","11:25:55 AM","2850","0","2850","2850","0"
"7615","2026-03-25","11:27:45 AM","1094","0","1094","1094","0"
"7616","2026-03-25","11:51:03 AM","200","0","200","200","0"
"7617","2026-03-25","12:16:40 PM","75","0","75","75","0"
"7618","2026-03-25","12:22:10 PM","250","0","250","250","0"
"7619","2026-03-25","1:33:31 PM","50","0","50","50","0"
"7620","2026-03-25","3:38:11 PM","805","0","805","805","0"
"7621","2026-03-25","3:39:15 PM","1233","0","1233","1233","0"
"7622","2026-03-25","3:41:32 PM","499","0","499","499","0"
"7623","2026-03-25","3:43:42 PM","1230","0","1230","1230","0"
"7624","2026-03-25","3:44:11 PM","75","0","75","75","0"
"7625","2026-03-25","5:12:16 PM","2990","0","2990","2990","0"
"7626","2026-03-25","5:20:32 PM","170","0","170","170","0"
"7627","2026-03-25","5:35:40 PM","3510","0","3510","3510","0"
"7628","2026-03-25","5:40:56 PM","845","0","845","845","0"
"7629","2026-03-25","6:36:41 PM","5895","0","5895","5895","0"
"7630","2026-03-25","6:42:47 PM","1480","0","1480","1480","0"
"7631","2026-03-25","7:41:01 PM","2870","0","2870","2870","0"
"7632","2026-03-25","7:59:24 PM","2350","0","2350","2350","0"
"7633","2026-03-25","8:46:10 PM","2700","0","2700","2700","0"
"7634","2026-03-25","8:48:48 PM","400","0","400","400","0"
"7635","2026-03-25","8:49:30 PM","100","0","100","100","0"
"7636","2026-03-25","8:51:24 PM","432","2","430","430","0"
"7637","2026-03-26","9:20:58 AM","700","0","700","700","0"
"7638","2026-03-26","9:30:00 AM","740","0","740","740","0"
"7639","2026-03-26","9:44:12 AM","40","0","40","40","0"
"7640","2026-03-26","10:09:27 AM","3110","0","3110","3110","0"
"7641","2026-03-26","10:32:41 AM","770","0","770","770","0"
"7642","2026-03-26","11:20:57 AM","678","0","678","678","0"
"7643","2026-03-26","11:23:00 AM","815","5","810","810","0"
"7644","2026-03-26","11:31:17 AM","2750","0","2750","2750","0"
"7645","2026-03-26","11:31:42 AM","426","0","426","426","0"
"7646","2026-03-26","11:52:05 AM","1480","0","1480","1480","0"
"7647","2026-03-26","11:53:34 AM","150","0","150","150","0"
"7648","2026-03-26","12:01:14 PM","280","0","280","280","0"
"7649","2026-03-26","12:03:02 PM","50","0","50","50","0"
"7650","2026-03-26","12:25:29 PM","710","0","710","710","0"
"7651","2026-03-26","12:26:04 PM","350","0","350","350","0"
"7652","2026-03-26","12:28:08 PM","130","0","130","130","0"
"7653","2026-03-26","1:02:18 PM","1766","0","1766","1766","0"
"7654","2026-03-26","1:35:46 PM","620","0","620","620","0"
"7655","2026-03-26","1:45:41 PM","667","0","667","667","0"
"7656","2026-03-26","1:49:04 PM","100","0","100","100","0"
"7657","2026-03-26","2:00:53 PM","258","0","258","258","0"
"7658","2026-03-26","2:09:46 PM","848","0","848","848","0"
"7659","2026-03-26","2:22:50 PM","223","0","223","223","0"
"7660","2026-03-26","2:50:09 PM","390","0","390","390","0"
"7661","2026-03-26","3:38:50 PM","420","0","420","420","0"
"7662","2026-03-26","3:58:41 PM","1156","0","1156","1156","0"
"7663","2026-03-26","5:09:05 PM","2100","0","2100","2100","0"
"7664","2026-03-26","5:52:48 PM","3200","0","3200","3200","0"
"7665","2026-03-26","6:18:53 PM","1040","0","1040","1040","0"
"7666","2026-03-26","6:30:14 PM","560","0","0","0","0"
"7667","2026-03-26","6:36:06 PM","530","0","530","530","0"
"7668","2026-03-26","6:41:04 PM","196","0","196","196","0"
"7669","2026-03-26","6:44:01 PM","550","0","550","550","0"
"7670","2026-03-26","6:46:34 PM","1280","0","1280","1280","0"
"7671","2026-03-26","7:21:24 PM","2021","0","2021","2021","0"
"7672","2026-03-26","7:29:28 PM","550","0","550","550","0"
"7673","2026-03-26","8:20:56 PM","2130","0","2130","2130","0"
"7674","2026-03-26","9:01:40 PM","2295","0","2295","2295","0"
"7675","2026-03-26","9:13:49 PM","460","0","460","460","0"
"7676","2026-03-26","9:17:25 PM","150","0","150","150","0"
"7677","2026-03-26","9:37:45 PM","190","0","190","190","0"
"7678","2026-03-27","9:23:26 AM","1245","0","1245","1245","0"
"7679","2026-03-27","9:49:00 AM","2250","0","2250","2250","0"
"7680","2026-03-27","10:07:05 AM","900","0","900","900","0"
"7681","2026-03-27","10:10:54 AM","1570","0","1570","1570","0"
"7682","2026-03-27","10:28:23 AM","3838","0","3838","3838","0"
"7683","2026-03-27","10:30:48 AM","480","0","480","480","0"
"7684","2026-03-27","10:40:35 AM","1100","0","1100","1100","0"
"7685","2026-03-27","11:01:53 AM","390","0","390","390","0"
"7686","2026-03-27","11:06:53 AM","875","0","875","875","0"
"7687","2026-03-27","11:16:47 AM","160","0","160","160","0"
"7688","2026-03-27","11:23:40 AM","800","0","800","800","0"
"7689","2026-03-27","11:25:19 AM","595","0","595","595","0"
"7690","2026-03-27","11:46:07 AM","560","0","560","560","0"
"7691","2026-03-27","11:51:31 AM","370","0","370","370","0"
"7692","2026-03-27","12:14:42 PM","300","0","300","300","0"
"7693","2026-03-27","2:09:22 PM","270","0","270","270","0"
"7694","2026-03-27","3:24:45 PM","1236","0","1236","1236","0"
"7695","2026-03-27","4:47:48 PM","2793","0","2793","2793","0"
"7696","2026-03-27","5:37:10 PM","1455","0","1455","1455","0"
"7697","2026-03-27","6:14:23 PM","1810","0","1810","1810","0"
"7698","2026-03-27","6:15:04 PM","1535","35","1500","1500","0"
"7699","2026-03-27","6:29:41 PM","150","0","150","150","0"
"7700","2026-03-27","6:47:09 PM","1690","0","1690","1690","0"
"7701","2026-03-27","7:08:23 PM","145","0","145","145","0"
"7702","2026-03-27","7:12:59 PM","497","0","497","497","0"
"7703","2026-03-27","7:43:36 PM","1597","0","1597","1597","0"
"7704","2026-03-27","7:45:00 PM","1714","14","1700","1700","0"
"7705","2026-03-27","7:48:30 PM","150","0","150","150","0"
"7706","2026-03-27","8:00:05 PM","705","0","705","705","0"
"7707","2026-03-27","8:01:24 PM","340","0","340","340","0"
"7708","2026-03-27","8:02:49 PM","550","0","550","550","0"
"7709","2026-03-27","8:15:51 PM","515","0","515","515","0"
"7710","2026-03-27","8:16:19 PM","290","0","290","290","0"
"7711","2026-03-27","8:22:13 PM","356","0","356","356","0"
"7712","2026-03-27","8:40:04 PM","500","0","500","500","0"
"7713","2026-03-28","8:38:27 AM","250","0","250","250","0"
"7714","2026-03-28","9:59:03 AM","590","0","590","590","0"
"7715","2026-03-28","10:15:16 AM","940","0","940","940","0"
"7716","2026-03-28","2:10:43 PM","3375","0","3375","3375","0"
"7717","2026-03-28","2:57:02 PM","950","0","950","950","0"
"7718","2026-03-28","3:05:02 PM","866","0","866","866","0"
"7719","2026-03-28","3:08:39 PM","1305","5","1300","1300","0"
"7720","2026-03-28","5:58:32 PM","8007","0","8007","8007","0"
"7721","2026-03-28","7:12:15 PM","3528","0","3528","3528","0"
"7722","2026-03-28","7:16:45 PM","990","0","990","990","0"
"7723","2026-03-28","7:17:21 PM","837","0","837","837","0"
"7724","2026-03-28","7:29:27 PM","820","0","820","820","0"
"7725","2026-03-28","7:30:20 PM","60","0","60","60","0"
"7726","2026-03-28","7:31:20 PM","1500","0","1500","1500","0"
"7727","2026-03-28","8:08:07 PM","1480","0","1480","1480","0"
"7728","2026-03-28","8:20:14 PM","1020","0","1020","1020","0"
"7729","2026-03-28","8:40:16 PM","820","0","820","820","0"
"7730","2026-03-29","9:11:33 AM","680","0","680","680","0"
"7731","2026-03-29","9:33:48 AM","494","4","490","490","0"
"7732","2026-03-29","10:02:44 AM","1840","0","1840","1840","0"
"7733","2026-03-29","10:03:53 AM","830","0","830","830","0"
"7734","2026-03-29","10:44:41 AM","730","0","730","730","0"
"7735","2026-03-29","2:32:16 PM","5270","0","5270","5270","0"
"7736","2026-03-29","2:53:39 PM","1280","0","1280","1280","0"
"7737","2026-03-29","4:37:34 PM","2280","0","2280","2280","0"
"7738","2026-03-29","5:09:25 PM","8180","0","8180","8180","0"
"7739","2026-03-29","5:57:55 PM","1392","0","1392","1392","0"
"7740","2026-03-29","6:03:44 PM","60","0","60","60","0"
"7741","2026-03-29","6:07:47 PM","650","0","650","650","0"
"7742","2026-03-29","6:36:55 PM","2519","0","2519","2519","0"
"7743","2026-03-29","7:32:08 PM","2869","0","2869","2869","0"
"7744","2026-03-29","7:48:40 PM","1350","0","1350","1350","0"
"7745","2026-03-29","8:56:31 PM","1270","0","1270","1270","0"
"7746","2026-03-30","10:54:51 AM","1364","0","1364","1364","0"
"7747","2026-03-30","11:10:11 AM","150","0","150","150","0"
"7748","2026-03-30","11:16:58 AM","835","0","835","835","0"
"7749","2026-03-30","12:47:56 PM","2739","0","2739","2739","0"
"7750","2026-03-30","12:59:15 PM","860","0","860","860","0"
"7751","2026-03-30","3:05:28 PM","3005","0","3005","3005","0"
"7752","2026-03-30","3:45:15 PM","530","0","530","530","0"
"7753","2026-03-30","6:00:12 PM","2081","0","2081","2081","0"
"7754","2026-03-30","6:30:15 PM","470","0","470","470","0"
"7755","2026-03-30","6:32:25 PM","180","0","180","180","0"
"7756","2026-03-30","6:46:38 PM","860","0","860","860","0"
"7757","2026-03-30","7:23:54 PM","2308","0","2308","2308","0"
"7758","2026-03-30","7:39:05 PM","1400","0","1400","1400","0"
"7759","2026-03-30","8:06:24 PM","1660","0","1660","1660","0"
"7760","2026-03-30","8:15:53 PM","845","0","845","845","0"
"7761","2026-03-30","8:16:25 PM","50","0","50","50","0"
"7762","2026-03-31","8:59:14 AM","830","0","830","0","0"
"7763","2026-03-31","10:22:22 AM","2020","0","2020","2020","0"
"7764","2026-03-31","10:37:40 AM","75","0","75","75","0"
"7765","2026-03-31","12:02:54 PM","695","0","695","695","0"
"7766","2026-03-31","12:30:21 PM","780","0","780","780","0"
"7767","2026-03-31","12:41:43 PM","600","0","600","600","0"
"7768","2026-03-31","1:09:31 PM","515","0","515","515","0"
"7769","2026-03-31","1:43:48 PM","100","0","100","100","0"
"7770","2026-03-31","1:56:16 PM","1600","0","1600","1600","0"
"7771","2026-03-31","2:27:51 PM","1690","0","1690","1690","0"
"7772","2026-03-31","5:04:52 PM","1840","0","1840","1840","0"
"7773","2026-03-31","5:23:22 PM","3710","0","3710","3710","0"
"7774","2026-03-31","5:44:33 PM","707","0","707","707","0"
"7775","2026-03-31","5:46:05 PM","620","20","600","600","0"
"7776","2026-03-31","6:36:12 PM","1960","0","1960","1960","0"
"7777","2026-03-31","6:56:44 PM","2160","0","2160","2160","0"
"7778","2026-03-31","7:25:55 PM","2441","0","2441","2441","0"
"7779","2026-03-31","7:52:15 PM","220","0","220","220","0"
"7780","2026-03-31","8:40:38 PM","1830","0","1830","1830","0"
"7781","2026-03-31","8:44:55 PM","1200","0","1200","1200","0"
"7782","2026-03-31","8:58:58 PM","550","0","550","550","0"
"7783","2026-03-31","9:01:31 PM","150","0","150","150","0"
"7784","2026-04-01","9:49:24 AM","1119","0","1119","1119","0"
"7785","2026-04-01","10:49:13 AM","2190","0","2190","2190","0"
"7786","2026-04-01","10:50:27 AM","1086","0","1086","1086","0"
"7787","2026-04-01","10:58:41 AM","1202","0","1202","1202","0"
"7788","2026-04-01","11:28:09 AM","3450","0","3450","3450","0"
"7789","2026-04-01","12:18:55 PM","3026","0","3026","3026","0"
"7790","2026-04-01","12:22:35 PM","645","0","645","645","0"
"7791","2026-04-01","12:52:50 PM","1884","0","1884","1884","0"
"7792","2026-04-01","12:53:54 PM","39","0","39","39","0"
"7793","2026-04-01","3:04:17 PM","1173","0","1173","1173","0"
"7794","2026-04-01","5:35:41 PM","4275","0","4275","4275","0"
"7795","2026-04-01","6:03:58 PM","3462","62","3400","3400","0"
"7796","2026-04-01","6:11:42 PM","578","0","578","578","0"
"7797","2026-04-01","6:52:45 PM","420","0","420","420","0"
"7798","2026-04-01","7:18:56 PM","1660","0","1660","1660","0"
"7799","2026-04-01","7:23:14 PM","760","0","760","760","0"
"7800","2026-04-01","7:23:56 PM","760","0","760","760","0"
"7801","2026-04-01","7:25:58 PM","99","0","99","99","0"
"7802","2026-04-01","7:59:57 PM","1550","0","1550","1550","0"
"7803","2026-04-01","8:00:55 PM","225","5","220","220","0"
"7804","2026-04-01","8:04:45 PM","20","0","20","20","0"
"7805","2026-04-01","8:56:34 PM","3530","0","3530","3530","0"
"7806","2026-04-02","9:54:56 AM","550","0","550","550","0"
"7807","2026-04-02","9:59:24 AM","1537","0","1537","1537","0"
"7808","2026-04-02","10:15:41 AM","200","0","200","200","0"
"7809","2026-04-02","11:38:10 AM","1870","0","1870","1870","0"
"7810","2026-04-02","11:52:51 AM","500","0","500","500","0"
"7811","2026-04-02","12:32:03 PM","1570","0","1570","1570","0"
"7812","2026-04-02","12:36:11 PM","2597","0","2597","2597","0"
"7813","2026-04-02","12:37:49 PM","686","0","686","686","0"
"7814","2026-04-02","1:06:35 PM","200","0","200","200","0"
"7815","2026-04-02","1:56:17 PM","450","0","450","450","0"
"7816","2026-04-02","2:15:09 PM","435","0","435","435","0"
"7817","2026-04-02","2:48:15 PM","848","0","848","848","0"
"7818","2026-04-02","4:25:13 PM","1210","0","1210","1210","0"
"7819","2026-04-02","4:49:34 PM","2530","30","2500","2500","0"
"7820","2026-04-02","6:04:53 PM","4994","0","4994","4994","0"
"7821","2026-04-02","6:10:28 PM","890","0","890","890","0"
"7822","2026-04-02","6:27:01 PM","1880","0","1880","1880","0"
"7823","2026-04-02","6:29:03 PM","640","0","640","640","0"
"7824","2026-04-02","6:54:05 PM","2585","0","2585","2585","0"
"7825","2026-04-02","7:25:09 PM","3882","0","3882","3882","0"
"7826","2026-04-02","8:05:03 PM","2049","0","2049","2049","0"
"7827","2026-04-02","8:31:31 PM","2100","0","2100","2100","0"
"7828","2026-04-02","8:51:49 PM","874","0","874","874","0"
"7829","2026-04-02","8:54:04 PM","75","0","75","75","0"
"7830","2026-04-03","9:33:36 AM","950","0","950","950","0"
"7831","2026-04-03","10:01:25 AM","1650","0","1650","1650","0"
"7832","2026-04-03","10:15:12 AM","650","0","650","650","0"
"7833","2026-04-03","12:00:49 PM","1507","0","1507","1507","0"
"7834","2026-04-03","2:27:16 PM","2788","0","2788","2788","0"
"7835","2026-04-03","2:36:47 PM","170","0","170","170","0"
"7836","2026-04-03","2:39:55 PM","987","87","900","900","0"
"7837","2026-04-03","2:41:15 PM","340","20","320","320","0"
"7838","2026-04-03","2:42:17 PM","1108","108","1000","1000","0"
"7839","2026-04-03","2:43:22 PM","340","20","320","320","0"
"7840","2026-04-03","3:14:07 PM","659","0","659","659","0"
"7841","2026-04-03","3:15:46 PM","880","80","800","800","0"
"7842","2026-04-03","3:17:40 PM","370","0","370","370","0"
"7843","2026-04-03","3:31:32 PM","910","0","910","910","0"
"7844","2026-04-03","4:00:22 PM","1809","0","1809","1809","0"
"7845","2026-04-03","4:19:29 PM","1480","0","1480","1480","0"
"7846","2026-04-03","5:22:59 PM","1210","0","1210","1210","0"
"7847","2026-04-03","5:24:31 PM","3940","140","3800","3800","0"
"7848","2026-04-03","5:33:29 PM","50","0","50","50","0"
"7849","2026-04-03","5:45:46 PM","950","0","950","950","0"
"7850","2026-04-03","5:50:30 PM","50","0","50","50","0"
"7851","2026-04-03","5:53:02 PM","380","0","380","380","0"
"7852","2026-04-03","6:02:18 PM","150","0","150","150","0"
"7853","2026-04-03","6:05:47 PM","1000","0","1000","1000","0"
"7854","2026-04-03","6:07:28 PM","670","0","670","670","0"
"7855","2026-04-03","6:15:04 PM","795","0","795","795","0"
"7856","2026-04-03","6:40:56 PM","2024","0","2024","2024","0"
"7857","2026-04-03","6:41:39 PM","120","0","120","120","0"
"7858","2026-04-03","6:53:17 PM","1745","0","1745","1745","0"
"7859","2026-04-03","6:56:43 PM","2352","0","2352","2352","0"
"7860","2026-04-03","6:58:49 PM","80","0","80","80","0"
"7861","2026-04-03","6:59:54 PM","790","0","790","790","0"
"7862","2026-04-03","7:01:43 PM","848","0","848","848","0"
"7863","2026-04-03","7:06:35 PM","2249","0","2249","2249","0"
"7864","2026-04-03","7:19:13 PM","3855","0","3855","3855","0"
"7865","2026-04-03","7:21:43 PM","280","0","280","280","0"
"7866","2026-04-03","7:24:15 PM","2200","0","2200","2200","0"
"7867","2026-04-03","7:31:48 PM","559","0","559","559","0"
"7868","2026-04-03","7:36:13 PM","2998","0","2998","2998","0"
"7869","2026-04-03","7:36:59 PM","500","0","500","500","0"
"7870","2026-04-03","7:48:48 PM","50","0","50","50","0"
"7871","2026-04-03","8:18:30 PM","679","0","679","679","0"
"7872","2026-04-03","8:38:38 PM","130","0","130","130","0"
"7873","2026-04-03","8:41:42 PM","640","0","640","640","0"
"7874","2026-04-04","9:08:38 AM","1055","0","1055","1055","0"
"7875","2026-04-04","10:48:07 AM","1920","0","1920","1920","0"
"7876","2026-04-04","11:36:07 AM","250","0","250","250","0"
"7877","2026-04-04","11:38:18 AM","1991","0","1991","1991","0"
"7878","2026-04-04","12:14:43 PM","1100","0","1100","1100","0"
"7879","2026-04-04","12:24:47 PM","990","0","990","990","0"
"7880","2026-04-04","2:45:12 PM","1780","0","1780","1780","0"
"7881","2026-04-04","2:50:47 PM","900","0","900","900","0"
"7882","2026-04-04","2:57:33 PM","600","0","600","600","0"
"7883","2026-04-04","6:21:52 PM","9125","0","9125","9125","0"
"7884","2026-04-04","6:30:26 PM","600","0","600","600","0"
"7885","2026-04-04","6:52:53 PM","460","0","460","460","0"
"7886","2026-04-04","9:01:26 PM","9570","0","9570","9570","0"
"7887","2026-04-05","8:49:42 AM","400","0","400","400","0"
"7888","2026-04-05","10:40:25 AM","2347","0","2347","2347","0"
"7889","2026-04-05","10:47:01 AM","750","0","750","750","0"
"7890","2026-04-05","1:39:52 PM","3341","0","3341","3341","0"
"7891","2026-04-05","1:40:19 PM","800","0","800","800","0"
"7892","2026-04-05","4:14:20 PM","1543","0","1543","1543","0"
"7893","2026-04-05","4:45:09 PM","440","0","440","440","0"
"7894","2026-04-05","4:54:41 PM","1000","0","1000","1000","0"
"7895","2026-04-05","5:11:44 PM","800","0","800","800","0"
"7896","2026-04-05","5:24:52 PM","900","0","900","900","0"
"7897","2026-04-05","5:44:01 PM","1406","0","1406","1406","0"
"7898","2026-04-05","5:55:09 PM","930","0","930","930","0"
"7899","2026-04-05","5:55:41 PM","850","0","850","850","0"
"7900","2026-04-05","5:58:03 PM","417","0","417","417","0"
"7901","2026-04-05","6:03:40 PM","700","0","700","700","0"
"7902","2026-04-05","6:04:49 PM","1200","0","1200","1200","0"
"7903","2026-04-05","6:21:50 PM","1490","0","1490","1490","0"
"7904","2026-04-05","6:24:40 PM","697","0","697","697","0"
"7905","2026-04-05","6:24:58 PM","280","0","280","280","0"
"7906","2026-04-05","6:33:47 PM","659","0","659","659","0"
"7907","2026-04-05","6:38:09 PM","400","0","400","400","0"
"7908","2026-04-05","7:10:54 PM","1608","0","1608","1608","0"
"7909","2026-04-05","7:19:54 PM","298","0","298","298","0"
"7910","2026-04-05","8:17:26 PM","3689","0","3689","3689","0"
"7911","2026-04-05","8:21:42 PM","49","0","49","49","0"
"7912","2026-04-05","8:23:18 PM","539","0","539","539","0"
"7913","2026-04-05","9:03:51 PM","1280","0","1280","1280","0"
"7914","2026-04-06","9:45:00 AM","2400","0","2400","2400","0"
"7915","2026-04-06","10:21:31 AM","965","0","965","965","0"
"7916","2026-04-06","10:39:44 AM","530","0","530","530","0"
"7917","2026-04-06","10:54:15 AM","50","0","50","50","0"
"7918","2026-04-06","10:55:05 AM","1537","0","1537","1537","0"
"7919","2026-04-06","10:56:38 AM","100","0","100","100","0"
"7920","2026-04-06","11:26:20 AM","1730","0","1730","1730","0"
"7921","2026-04-06","11:34:54 AM","340","0","340","340","0"
"7922","2026-04-06","1:38:24 PM","5916","0","5916","5916","0"
"7923","2026-04-06","3:12:13 PM","1420","0","1420","1420","0"
"7924","2026-04-06","5:48:45 PM","2440","0","2440","2440","0"
"7925","2026-04-06","5:50:35 PM","260","10","250","250","0"
"7926","2026-04-06","6:40:32 PM","1070","0","1070","1070","0"
"7927","2026-04-06","7:13:15 PM","1444","0","1444","1444","0"
"7928","2026-04-06","7:19:27 PM","520","0","520","520","0"
"7929","2026-04-06","7:22:09 PM","920","0","920","920","0"
"7930","2026-04-06","7:43:37 PM","1785","0","1785","1785","0"
"7931","2026-04-06","7:46:22 PM","650","0","650","650","0"
"7932","2026-04-06","7:48:31 PM","290","0","290","290","0"
"7933","2026-04-06","7:51:43 PM","150","0","150","150","0"
"7934","2026-04-06","7:52:23 PM","370","0","370","370","0"
"7935","2026-04-06","8:00:10 PM","305","0","305","305","0"
"7936","2026-04-06","8:07:30 PM","630","0","630","630","0"
"7937","2026-04-06","8:08:55 PM","930","0","930","930","0"
"7938","2026-04-06","8:17:44 PM","960","10","950","950","0"
"7939","2026-04-06","8:19:14 PM","340","0","340","340","0"
"7940","2026-04-06","9:05:36 PM","1455","0","1455","1455","0"
"7941","2026-04-06","9:08:27 PM","100","0","100","100","0"
"7942","2026-04-06","9:31:35 PM","124","0","124","124","0"
"7943","2026-04-06","10:01:12 PM","2200","0","2200","2200","0"
"7944","2026-04-06","10:03:04 PM","85","0","85","85","0"
"7945","2026-04-07","11:36:27 AM","1429","0","1429","1429","0"
"7946","2026-04-07","1:11:30 PM","1072","0","1072","1072","0"
"7947","2026-04-07","2:04:05 PM","390","0","390","390","0"
"7948","2026-04-07","2:12:50 PM","580","0","580","580","0"
"7949","2026-04-07","2:55:26 PM","450","0","450","450","0"
"7950","2026-04-07","6:29:08 PM","2110","0","2110","2110","0"
"7951","2026-04-07","7:31:56 PM","7950","0","7950","7950","0"
"7952","2026-04-07","8:13:11 PM","860","0","860","860","0"
"7953","2026-04-07","9:12:48 PM","2370","0","2370","2370","0"
"7954","2026-04-07","9:32:59 PM","900","0","900","900","0"
"7955","2026-04-07","9:34:32 PM","430","0","430","430","0"
"7956","2026-04-08","9:51:13 AM","950","0","950","950","0"
"7957","2026-04-08","11:10:19 AM","1330","0","1330","1330","0"
"7958","2026-04-08","11:22:39 AM","460","0","460","460","0"
"7959","2026-04-08","11:48:34 AM","1005","0","1005","1005","0"
"7960","2026-04-08","11:51:23 AM","1599","0","1599","1599","0"
"7961","2026-04-08","12:36:10 PM","845","0","845","845","0"
"7962","2026-04-08","12:48:28 PM","1205","0","1205","1205","0"
"7963","2026-04-08","1:12:18 PM","434","0","434","434","0"
"7964","2026-04-08","1:47:04 PM","1430","0","1430","1430","0"
"7965","2026-04-08","1:52:36 PM","750","0","750","750","0"
"7966","2026-04-08","2:18:33 PM","700","0","700","700","0"
"7967","2026-04-08","2:59:27 PM","1158","0","1158","1158","0"
"7968","2026-04-08","4:55:19 PM","2740","0","2740","2740","0"
"7969","2026-04-08","5:15:56 PM","820","0","820","820","0"
"7970","2026-04-08","5:24:37 PM","1500","0","1500","1500","0"
"7971","2026-04-08","6:03:39 PM","950","0","950","950","0"
"7972","2026-04-08","7:24:57 PM","1640","0","1640","1640","0"
"7973","2026-04-08","7:36:06 PM","393","0","393","393","0"
"7974","2026-04-08","7:36:48 PM","550","0","550","550","0"
"7975","2026-04-08","8:09:05 PM","950","0","950","950","0"
"7976","2026-04-08","8:10:09 PM","700","0","700","700","0"
"7977","2026-04-08","8:19:15 PM","1543","0","1543","1543","0"
"7978","2026-04-08","8:36:26 PM","719","0","719","719","0"
"7979","2026-04-08","8:46:49 PM","25","0","25","25","0"
"7980","2026-04-08","9:28:21 PM","2486","0","2486","2486","0"
"7981","2026-04-08","9:55:44 PM","220","0","220","220","0"
"7982","2026-04-08","10:00:56 PM","490","0","490","490","0"
"7983","2026-04-08","10:02:05 PM","50","0","50","50","0"
"7984","2026-04-08","10:18:59 PM","700","0","700","700","0"
"7985","2026-04-09","9:36:54 AM","960","0","960","960","0"
"7986","2026-04-09","11:03:34 AM","400","0","400","400","0"
"7987","2026-04-09","11:14:58 AM","2527","0","2527","2527","0"
"7988","2026-04-09","11:29:49 AM","338","0","338","338","0"
"7989","2026-04-09","11:42:03 AM","320","0","320","320","0"
"7990","2026-04-09","11:45:12 AM","200","0","200","200","0"
"7991","2026-04-09","11:46:43 AM","440","0","440","440","0"
"7992","2026-04-09","12:06:21 PM","1864","0","1864","1864","0"
"7993","2026-04-09","12:25:17 PM","430","0","430","430","0"
"7994","2026-04-09","12:47:18 PM","795","0","795","795","0"
"7995","2026-04-09","1:32:25 PM","470","0","470","470","0"
"7996","2026-04-09","1:38:29 PM","1333","0","1333","1333","0"
"7997","2026-04-09","2:47:38 PM","465","0","465","465","0"
"7998","2026-04-09","3:31:28 PM","250","0","250","250","0"
"7999","2026-04-09","5:08:25 PM","3330","0","3330","3330","0"
"8000","2026-04-09","5:48:20 PM","1905","0","1905","1905","0"
"8001","2026-04-09","7:10:14 PM","3998","0","3998","3998","0"
"8002","2026-04-09","7:11:23 PM","1050","0","1050","1050","0"
"8003","2026-04-09","7:18:17 PM","150","0","150","150","0"
"8004","2026-04-09","7:19:50 PM","980","30","950","950","0"
"8005","2026-04-09","7:45:01 PM","1180","0","1180","1180","0"
"8006","2026-04-09","7:58:19 PM","880","0","880","880","0"
"8007","2026-04-09","7:59:39 PM","920","0","920","920","0"
"8008","2026-04-09","8:28:01 PM","3590","0","3590","3590","0"
"8009","2026-04-09","8:41:52 PM","960","0","960","960","0"
"8010","2026-04-09","9:05:07 PM","970","0","970","970","0"
"8011","2026-04-09","9:56:49 PM","470","0","470","470","0"
"8012","2026-04-09","9:57:54 PM","100","0","100","100","0"
"8013","2026-04-10","12:07:27 PM","2103","0","2103","2103","0"
"8014","2026-04-10","12:20:58 PM","1076","0","1076","1076","0"
"8015","2026-04-10","12:25:58 PM","110","0","110","110","0"
"8016","2026-04-10","12:45:09 PM","560","0","560","560","0"
"8017","2026-04-10","12:47:01 PM","290","0","290","290","0"
"8018","2026-04-10","1:12:02 PM","1010","0","1010","1010","0"
"8019","2026-04-10","3:47:35 PM","900","0","900","900","0"
"8020","2026-04-10","4:02:32 PM","535","0","535","535","0"
"8021","2026-04-10","5:00:04 PM","2340","0","2340","2340","0"
"8022","2026-04-10","5:06:53 PM","1170","0","1170","1170","0"
"8023","2026-04-10","7:31:45 PM","4820","0","4820","4820","0"
"8024","2026-04-10","8:01:58 PM","2470","0","2470","2470","0"
"8025","2026-04-10","8:17:09 PM","2210","0","2210","2210","0"
"8026","2026-04-10","8:18:15 PM","1620","20","1600","1600","0"
"8027","2026-04-10","8:22:32 PM","535","0","535","535","0"
"8028","2026-04-10","8:23:31 PM","1740","0","1740","1740","0"
"8029","2026-04-10","9:13:55 PM","3520","0","3520","3520","0"
"8030","2026-04-10","9:16:10 PM","847","0","847","847","0"
"8031","2026-04-10","9:24:47 PM","800","0","800","800","0"
"8032","2026-04-10","9:38:07 PM","1520","0","1520","1520","0"
"8033","2026-04-10","9:54:33 PM","170","0","170","170","0"
"8034","2026-04-10","9:25:51 AM","600","0","600","600","0"
"8035","2026-04-11","10:07:40 AM","1424","0","1424","1424","0"
"8036","2026-04-11","10:24:31 AM","710","0","710","710","0"
"8037","2026-04-11","10:54:05 AM","210","0","210","210","0"
"8038","2026-04-11","11:26:18 AM","722","0","722","722","0"
"8039","2026-04-11","3:48:50 PM","5772","0","5772","5772","0"
"8040","2026-04-11","4:06:53 PM","607","0","607","607","0"
"8041","2026-04-11","4:14:08 PM","996","46","950","950","0"
"8042","2026-04-11","4:15:06 PM","715","0","715","715","0"
"8043","2026-04-11","4:51:52 PM","1820","0","1820","1820","0"
"8044","2026-04-11","6:14:06 PM","2379","0","2379","2379","0"
"8045","2026-04-11","6:48:35 PM","200","0","200","200","0"
"8046","2026-04-11","6:49:29 PM","1728","78","1650","1650","0"
"8047","2026-04-11","7:51:22 PM","1800","0","1800","1800","0"
"8048","2026-04-11","8:39:47 PM","7152","0","7152","7152","0"
"8049","2026-04-11","9:26:34 PM","2349","0","2349","2349","0"
"8050","2026-04-11","10:38:45 PM","1620","0","1620","1620","0"
"8051","2026-04-12","9:53:18 AM","192","2","190","190","0"
"8052","2026-04-12","9:58:22 AM","200","0","200","200","0"
"8053","2026-04-12","11:17:36 AM","405","0","405","405","0"
"8054","2026-04-12","12:09:17 PM","648","0","648","648","0"
"8055","2026-04-12","12:20:17 PM","90","0","90","90","0"
"8056","2026-04-12","1:05:53 PM","630","0","630","630","0"
"8057","2026-04-12","1:17:03 PM","650","0","650","650","0"
"8058","2026-04-12","1:30:18 PM","947","0","947","947","0"
"8059","2026-04-12","2:04:48 PM","436","0","436","436","0"
"8060","2026-04-12","6:28:15 PM","8936","0","8936","8936","0"
"8061","2026-04-12","8:15:27 PM","4580","0","4580","4580","0"
"8062","2026-04-12","8:20:02 PM","1700","0","1700","1700","0"
"8063","2026-04-12","8:23:15 PM","36","0","36","36","0"
"8064","2026-04-12","8:24:18 PM","102","0","102","102","0"
"8065","2026-04-12","8:52:15 PM","1930","0","1930","1930","0"
"8066","2026-04-12","9:09:22 PM","1370","0","1370","1370","0"
"8067","2026-04-12","9:16:28 PM","400","0","400","400","0"
"8068","2026-04-12","9:56:48 PM","2139","0","2139","2139","0"
"8069","2026-04-13","11:02:44 AM","970","0","970","970","0"
"8070","2026-04-13","11:40:50 AM","2285","0","2285","2285","0"
"8071","2026-04-13","11:43:13 AM","490","0","490","490","0"
"8072","2026-04-13","12:35:35 PM","2294","0","2294","2294","0"
"8073","2026-04-13","1:11:02 PM","1710","0","1710","1710","0"
"8074","2026-04-13","1:52:28 PM","2504","0","2504","2504","0"
"8075","2026-04-13","3:13:42 PM","1240","0","1240","1240","0"
"8076","2026-04-13","3:56:53 PM","679","0","679","679","0"
"8077","2026-04-13","7:45:30 PM","3239","0","3239","3239","0"
"8078","2026-04-13","8:24:45 PM","2490","0","2490","2490","0"
"8079","2026-04-13","9:18:23 PM","1760","0","1760","1760","0"
"8080","2026-04-13","9:35:23 PM","2040","0","2040","2040","0"
"8081","2026-04-13","9:48:37 PM","1228","0","1228","1228","0"
"8082","2026-04-14","12:01:26 PM","2027","0","2027","2027","0"
"8083","2026-04-14","12:28:10 PM","200","0","200","200","0"
"8084","2026-04-14","12:39:52 PM","484","0","484","484","0"
"8085","2026-04-14","1:22:48 PM","320","0","320","320","0"
"8086","2026-04-14","1:55:59 PM","1537","0","1537","1537","0"
"8087","2026-04-14","6:46:16 PM","280","0","280","280","0"
"8088","2026-04-14","7:42:05 PM","3780","0","3780","3780","0"
"8089","2026-04-14","7:43:44 PM","730","0","730","730","0"
"8090","2026-04-14","8:19:06 PM","2220","0","2220","2220","0"
"8091","2026-04-14","8:22:06 PM","1150","50","1100","1100","0"
"8092","2026-04-14","8:27:12 PM","1250","0","1250","1250","0"
"8093","2026-04-14","8:57:58 PM","1726","0","1726","1726","0"
"8094","2026-04-14","9:09:56 PM","2103","33","2070","2070","0"
"8095","2026-04-14","9:16:58 PM","30","0","30","30","0"
"8096","2026-04-14","9:18:01 PM","820","0","820","820","0"
"8097","2026-04-14","9:31:03 PM","930","0","930","930","0"
"8098","2026-04-14","9:33:49 PM","286","0","286","286","0"
"8099","2026-04-14","9:59:17 PM","1630","0","1630","1630","0"
"8100","2026-04-15","9:06:08 AM","1960","0","1960","1960","0"
"8101","2026-04-15","9:21:47 AM","170","0","170","170","0"
"8102","2026-04-15","9:26:13 AM","300","0","300","300","0"
"8103","2026-04-15","10:29:28 AM","335","0","335","335","0"
"8104","2026-04-15","10:37:25 AM","540","0","540","540","0"
"8105","2026-04-15","2:57:36 PM","5155","0","5155","5155","0"
"8106","2026-04-15","5:02:12 PM","980","0","980","980","0"
"8107","2026-04-15","5:04:22 PM","417","0","417","417","0"
"8108","2026-04-15","5:44:05 PM","1065","0","1065","1065","0"
"8109","2026-04-15","6:02:29 PM","2378","0","2378","2378","0"
"8110","2026-04-15","7:15:08 PM","2049","0","2049","2049","0"
"8111","2026-04-15","7:18:46 PM","400","0","400","400","0"
"8112","2026-04-15","7:20:24 PM","730","0","730","730","0"
"8113","2026-04-15","7:23:55 PM","1050","0","1050","1050","0"
"8114","2026-04-15","7:41:24 PM","910","0","910","910","0"
"8115","2026-04-15","7:43:05 PM","2364","14","2350","2350","0"
"8116","2026-04-15","8:44:57 PM","6461","0","6461","6461","0"
"8117","2026-04-15","8:45:45 PM","110","0","110","110","0"
"8118","2026-04-15","9:20:55 PM","3431","0","3431","3431","0"
"8119","2026-04-15","9:55:32 PM","1187","0","1187","1187","0"
"8120","2026-04-15","10:07:44 PM","350","0","350","350","0"
"8121","2026-04-16","10:15:37 AM","1760","0","1760","1760","0"
"8122","2026-04-16","11:23:16 AM","1760","0","1760","1760","0"
"8123","2026-04-16","11:49:15 AM","645","0","645","645","0"
"8124","2026-04-16","11:53:41 AM","822","0","822","822","0"
"8125","2026-04-16","1:13:52 PM","1251","0","1251","1251","0"
"8126","2026-04-16","1:16:55 PM","150","0","150","150","0"
"8127","2026-04-16","2:10:19 PM","1040","0","1040","1040","0"
"8128","2026-04-16","3:40:29 PM","2440","0","2440","2440","0"
"8129","2026-04-16","3:41:18 PM","294","0","294","294","0"
"8130","2026-04-16","3:47:02 PM","295","0","295","295","0"
"8131","2026-04-16","4:09:32 PM","565","0","565","565","0"
"8132","2026-04-16","5:23:20 PM","1675","0","1675","1675","0"
"8133","2026-04-16","7:05:31 PM","3239","0","3239","3239","0"
"8134","2026-04-16","7:15:54 PM","745","0","745","745","0"
"8135","2026-04-16","7:23:35 PM","1045","0","1045","1045","0"
"8136","2026-04-16","7:50:52 PM","1080","0","1080","1080","0"
"8137","2026-04-16","8:04:49 PM","1490","0","1490","1490","0"
"8138","2026-04-16","8:39:02 PM","3657","0","3657","3657","0"
"8139","2026-04-16","8:43:01 PM","200","0","200","200","0"
"8140","2026-04-16","8:44:07 PM","60","0","60","60","0"
"8141","2026-04-16","9:00:49 PM","180","0","180","180","0"
"8142","2026-04-16","9:05:16 PM","1350","0","1350","1350","0"
"8143","2026-04-16","9:10:34 PM","50","0","50","50","0"
"8144","2026-04-16","10:00:44 PM","1380","0","1380","1380","0"
"8145","2026-04-17","11:31:41 AM","4412","0","4412","4412","0"
"8146","2026-04-17","11:51:40 AM","1890","0","1890","1890","0"
"8147","2026-04-17","12:32:01 PM","529","0","529","529","0"
"8148","2026-04-17","12:32:49 PM","540","0","540","540","0"
"8149","2026-04-17","6:57:40 PM","4784","0","4784","4784","0"
"8150","2026-04-17","7:53:54 PM","5686","0","5686","5686","0"
"8151","2026-04-17","8:04:04 PM","2960","0","2960","2960","0"
"8152","2026-04-17","8:34:16 PM","4214","0","4214","4214","0"
"8153","2026-04-17","9:50:28 PM","2890","0","2890","2890","0"
"8154","2026-04-18","10:17:38 AM","1770","0","1770","1770","0"
"8155","2026-04-18","11:33:07 AM","2020","0","2020","2020","0"
"8156","2026-04-18","12:22:53 PM","3021","0","3021","3021","0"
"8157","2026-04-18","2:34:35 PM","3260","0","3260","3260","0"
"8158","2026-04-18","3:26:40 PM","469","0","469","469","0"
"8159","2026-04-18","5:34:28 PM","2660","0","2660","2660","0"
"8160","2026-04-18","6:09:32 PM","970","0","970","970","0"
"8161","2026-04-18","6:25:29 PM","487","0","487","487","0"
"8162","2026-04-18","6:26:49 PM","380","0","380","380","0"
"8163","2026-04-18","6:40:49 PM","480","0","480","480","0"
"8164","2026-04-18","7:12:45 PM","290","0","290","290","0"
"8165","2026-04-18","7:14:29 PM","670","0","670","670","0"
"8166","2026-04-18","8:37:07 PM","7637","0","7637","7637","0"
"8167","2026-04-18","10:33:18 PM","3360","0","3360","3360","0"
"8168","2026-04-19","9:26:52 AM","80","0","80","80","0"
"8169","2026-04-19","9:53:41 AM","50","0","50","50","0"
"8170","2026-04-19","9:57:35 AM","2515","15","2500","2500","0"
"8171","2026-04-19","10:53:13 AM","780","0","780","780","0"
"8172","2026-04-19","10:55:04 AM","1110","0","1110","1110","0"
"8173","2026-04-19","10:55:48 AM","200","0","200","200","0"
"8174","2026-04-19","11:39:06 AM","900","0","900","900","0"
"8175","2026-04-19","1:04:35 PM","1400","0","1400","1400","0"
"8176","2026-04-19","8:52:41 PM","12992","20","12972","12972","0"
"8177","2026-04-19","8:54:05 PM","869","0","869","869","0"
"8178","2026-04-19","8:55:15 PM","820","20","800","800","0"
"8179","2026-04-19","9:47:27 PM","3550","0","3550","3550","0"
"8180","2026-04-19","9:58:09 PM","230","0","230","230","0"
"8181","2026-04-20","12:08:36 PM","3490","0","3490","3490","0"
"8182","2026-04-20","12:09:29 PM","248","0","248","248","0"
"8183","2026-04-20","12:11:47 PM","185","0","185","185","0"
"8184","2026-04-20","6:40:06 PM","4950","0","4950","4950","0"
"8185","2026-04-20","7:42:08 PM","1400","0","1400","1400","0"
"8186","2026-04-20","7:56:12 PM","410","0","410","410","0"
"8187","2026-04-20","7:57:35 PM","1640","0","1640","1640","0"
"8188","2026-04-20","9:42:40 PM","3550","0","3550","3550","0"
"8189","2026-04-20","9:48:00 PM","1400","0","1400","1400","0"
"8190","2026-04-20","9:57:00 PM","450","0","450","450","0"
"8191","2026-04-20","10:00:56 PM","270","0","270","270","0"
"8192","2026-04-21","10:23:09 AM","678","0","678","678","0"
"8193","2026-04-21","11:52:12 AM","1010","0","1010","1010","0"
"8194","2026-04-21","12:01:17 PM","4144","244","3900","3900","0"
"8195","2026-04-21","12:27:20 PM","560","0","560","560","0"
"8196","2026-04-21","1:40:28 PM","4146","0","4146","4146","0"
"8197","2026-04-21","5:55:40 PM","1150","0","1150","1150","0"
"8198","2026-04-21","5:58:17 PM","50","0","50","50","0"
"8199","2026-04-21","5:58:35 PM","100","0","100","100","0"
"8200","2026-04-21","6:08:33 PM","250","0","250","250","0"
"8201","2026-04-21","7:12:08 PM","2556","0","2556","2556","0"
"8202","2026-04-21","7:46:05 PM","1570","0","1570","1570","0"
"8203","2026-04-21","7:51:49 PM","1000","0","1000","1000","0"
"8204","2026-04-21","8:31:33 PM","2495","0","2495","2495","0"
"8205","2026-04-21","8:46:10 PM","1099","0","1099","1099","0"
"8206","2026-04-21","9:29:35 PM","1019","0","1019","1019","0"
"8207","2026-04-21","9:58:19 PM","2142","0","2142","2142","0"
"8208","2026-04-21","10:09:13 PM","200","0","200","200","0"
"8209","2026-04-22","11:13:17 AM","1350","0","1350","1350","0"
"8210","2026-04-22","12:15:42 PM","860","0","860","860","0"
"8211","2026-04-22","3:15:04 PM","4790","0","4790","4790","0"
"8212","2026-04-22","3:15:46 PM","990","0","990","990","0"
"8213","2026-04-22","6:49:05 PM","1349","0","1349","1349","0"
"8214","2026-04-22","7:59:14 PM","2003","0","2003","2003","0"
"8215","2026-04-22","8:33:29 PM","1920","0","1920","1920","0"
"8216","2026-04-22","9:01:54 PM","2140","0","2140","2140","0"
"8217","2026-04-22","9:34:37 PM","150","0","150","150","0"
"8218","2026-04-22","9:36:54 PM","1280","0","1280","1280","0"
"8219","2026-04-22","9:45:24 PM","370","0","370","370","0"
"8220","2026-04-22","10:36:00 PM","1544","0","1544","1544","0"
"8221","2026-04-23","12:34:39 PM","3339","0","3339","3339","0"
"8222","2026-04-23","12:36:54 PM","1050","50","1000","1000","0"
"8223","2026-04-23","12:51:40 PM","500","0","500","500","0"
"8224","2026-04-23","12:52:05 PM","20","0","20","20","0"
"8225","2026-04-23","1:13:20 PM","360","0","360","360","0"
"8226","2026-04-23","4:01:48 PM","4710","0","4710","4710","0"
"8227","2026-04-23","7:28:31 PM","4380","0","4380","4380","0"
"8228","2026-04-23","8:42:02 PM","3815","0","3815","3815","0"
"8229","2026-04-23","8:47:08 PM","380","0","380","380","0"
"8230","2026-04-23","10:17:04 PM","2760","0","2760","2760","0"
"8231","2026-04-24","10:17:55 AM","1980","0","1980","1980","0"
"8232","2026-04-24","10:54:32 AM","2905","0","2905","2905","0"
"8233","2026-04-24","11:21:17 AM","1895","0","1895","1895","0"
"8234","2026-04-24","11:22:02 AM","750","0","750","750","0"
"8235","2026-04-24","11:24:24 AM","1150","0","1150","1150","0"
"8236","2026-04-24","11:29:20 AM","1000","0","1000","1000","0"
"8237","2026-04-24","11:52:33 AM","650","0","650","650","0"
"8238","2026-04-24","12:49:09 PM","710","0","710","710","0"
"8239","2026-04-24","4:00:05 PM","992","0","992","992","0"
"8240","2026-04-24","4:03:13 PM","450","0","450","450","0"
"8241","2026-04-24","4:37:34 PM","1390","0","1390","1390","0"
"8242","2026-04-24","4:39:08 PM","680","0","680","680","0"
"8243","2026-04-24","4:41:34 PM","943","0","943","943","0"
"8244","2026-04-24","4:42:32 PM","130","0","130","130","0"
"8245","2026-04-24","5:48:24 PM","1490","0","1490","1490","0"
"8246","2026-04-24","5:49:07 PM","740","0","740","740","0"
"8247","2026-04-24","6:31:28 PM","2815","0","2815","2815","0"
"8248","2026-04-24","7:07:28 PM","1057","0","1057","1057","0"
"8249","2026-04-24","7:36:03 PM","2145","0","2145","2145","0"
"8250","2026-04-24","7:52:13 PM","470","0","470","470","0"
"8251","2026-04-24","8:48:54 PM","6109","0","6109","6109","0"
"8252","2026-04-24","8:51:25 PM","420","20","400","400","0"
"8253","2026-04-24","9:00:33 PM","1396","0","1396","1396","0"
"8254","2026-04-24","9:14:30 PM","990","0","990","990","0"
"8255","2026-04-24","9:48:24 PM","1460","0","1460","1460","0"
"8256","2026-04-24","9:26:37 AM","750","0","750","750","0"
"8257","2026-04-25","10:32:29 AM","520","0","520","520","0"
"8258","2026-04-25","11:50:12 AM","3334","0","3334","3334","0"
"8259","2026-04-25","12:46:14 PM","2792","0","2792","2792","0"
"8260","2026-04-25","3:33:21 PM","3716","0","3716","3716","0"
"8261","2026-04-25","6:09:51 PM","2230","0","2230","2230","0"
"8262","2026-04-25","6:44:27 PM","2912","0","2912","2912","0"
"8263","2026-04-25","7:57:23 PM","3310","0","3310","3310","0"
"8264","2026-04-25","8:07:24 PM","950","0","950","950","0"
"8265","2026-04-25","8:21:41 PM","430","0","430","430","0"
"8266","2026-04-25","8:24:46 PM","430","0","430","430","0"
"8267","2026-04-25","9:11:28 PM","2390","0","2390","2390","0"
"8268","2026-04-25","9:12:35 PM","300","0","300","300","0"
"8269","2026-04-25","9:48:00 PM","1360","0","1360","1360","0"
"8270","2026-04-25","10:07:39 PM","230","0","230","230","0"
"8271","2026-04-25","10:24:44 PM","100","0","100","100","0"
"8272","2026-04-26","10:14:41 AM","1200","0","1200","1200","0"
"8273","2026-04-26","6:27:46 PM","11271","0","11271","11271","0"
"8274","2026-04-26","7:10:44 PM","630","0","630","630","0"
"8275","2026-04-26","7:19:56 PM","240","0","240","240","0"
"8276","2026-04-26","8:30:10 PM","2690","0","2690","2690","0"
"8277","2026-04-26","8:57:16 PM","1210","0","1210","1210","0"
"8278","2026-04-26","9:12:04 PM","2396","0","2396","2396","0"
"8279","2026-04-26","9:32:42 PM","320","0","320","320","0"
"8280","2026-04-26","9:13:47 AM","1275","0","1275","1275","0"
"8281","2026-04-27","9:14:09 AM","110","0","110","110","0"
"8282","2026-04-27","11:30:24 AM","1352","0","1352","1352","0"
"8283","2026-04-27","11:37:45 AM","705","0","705","705","0"
"8284","2026-04-27","1:15:42 PM","2101","0","2101","2101","0"
"8285","2026-04-27","1:59:22 PM","1040","0","1040","1040","0"
"8286","2026-04-27","5:03:21 PM","1790","0","1790","1790","0"
"8287","2026-04-27","7:04:36 PM","2036","0","2036","2036","0"
"8288","2026-04-27","7:11:08 PM","756","0","756","756","0"
"8289","2026-04-27","7:23:31 PM","1640","0","1640","1640","0"
"8290","2026-04-27","8:06:35 PM","2975","0","2975","2975","0"
"8291","2026-04-27","8:11:24 PM","685","0","685","685","0"
"8292","2026-04-27","8:45:08 PM","2092","0","2092","2092","0"
"8293","2026-04-27","9:22:15 PM","1075","0","1075","1075","0"
"8294","2026-04-27","9:42:29 PM","2002","0","2002","2002","0"
"8295","2026-04-27","10:00:55 PM","1592","0","1592","1592","0"
"8296","2026-04-28","1:18:20 PM","2670","0","2670","2670","0"
"8297","2026-04-28","3:41:04 PM","1047","0","1047","1047","0"
"8298","2026-04-28","6:13:37 PM","2630","0","2630","2630","0"
"8299","2026-04-28","7:47:51 PM","2761","0","2761","2761","0"
"8300","2026-04-28","7:50:59 PM","1580","0","1580","1580","0"
"8301","2026-04-28","8:09:33 PM","1360","0","1360","1360","0"
"8302","2026-04-28","8:10:43 PM","40","0","40","40","0"
"8303","2026-04-28","8:31:08 PM","1945","0","1945","1945","0"
"8304","2026-04-28","9:02:55 PM","1745","0","1745","1745","0"
"8305","2026-04-28","9:50:25 PM","2305","0","2305","2305","0"
"8306","2026-04-28","9:53:03 PM","1710","10","1700","1700","0"
"8307","2026-04-28","9:54:22 PM","25","0","25","25","0"
"8308","2026-04-28","9:57:54 PM","1400","0","1400","1400","0"
"8309","2026-04-28","10:20:53 PM","200","0","200","200","0"
"8310","2026-04-29","12:00:27 PM","3945","10","3935","3935","0"
"8311","2026-04-29","12:23:46 PM","4415","0","4415","4415","0"
"8312","2026-04-29","12:29:38 PM","200","0","200","200","0"
"8313","2026-04-29","2:42:58 PM","1850","0","1850","1850","0"
"8314","2026-04-29","4:48:26 PM","150","0","150","150","0"
"8315","2026-04-29","5:06:51 PM","2025","0","2025","2025","0"
"8316","2026-04-29","5:22:56 PM","440","0","440","440","0"
"8317","2026-04-29","7:12:26 PM","1911","0","1911","1911","0"
"8318","2026-04-29","7:23:16 PM","60","0","60","60","0"
"8319","2026-04-29","8:29:05 PM","1070","0","1070","1070","0"
"8320","2026-04-29","8:57:03 PM","665","0","665","665","0"
"8321","2026-04-29","9:05:21 PM","510","0","510","510","0"
"8322","2026-04-29","9:50:56 PM","1440","0","1440","1440","0"
"8323","2026-04-29","10:02:09 PM","692","0","692","692","0"
"8324","2026-04-29","10:06:42 PM","3300","0","3300","3300","0"
"8325","2026-04-30","9:37:59 AM","212","0","212","212","0"
"8326","2026-04-30","9:41:53 AM","1270","0","1270","1270","0"
"8327","2026-04-30","11:24:56 AM","2545","0","2545","2545","0"
"8328","2026-04-30","11:34:46 AM","50","0","50","50","0"
"8329","2026-04-30","11:49:40 AM","587","0","587","587","0"
"8330","2026-04-30","12:37:15 PM","2160","0","2160","2160","0"
"8331","2026-04-30","1:48:45 PM","1105","0","1105","1105","0"
"8332","2026-04-30","1:53:47 PM","80","0","80","80","0"
"8333","2026-04-30","3:33:23 PM","2835","0","2835","2835","0"
"8334","2026-04-30","5:49:06 PM","435","0","435","435","0"
"8335","2026-04-30","6:50:53 PM","1790","0","1790","1790","0"
"8336","2026-04-30","7:57:07 PM","3020","0","3020","3020","0"
"8337","2026-04-30","8:03:05 PM","1614","0","0","0","0"
"8338","2026-04-30","8:11:56 PM","888","0","888","888","0"
"8339","2026-04-30","8:44:32 PM","4492","0","0","0","0"
"8340","2026-04-30","8:55:37 PM","765","0","0","0","0"
"8341","2026-04-30","9:03:42 PM","290","0","290","290","0"
"8342","2026-04-30","9:17:55 PM","1120","0","1120","1120","0"
"8343","2026-04-30","9:39:53 PM","1039","0","1039","1039","0"
"8344","2026-04-30","9:53:01 PM","50","0","50","50","0"
"8345","2026-04-30","9:58:12 PM","300","0","300","300","0"
"8346","2026-04-30","10:04:44 PM","350","0","350","350","0"
"8347","2026-04-30","10:09:24 PM","388","0","388","388","0"
"8348","2026-05-01","9:08:38 AM","1020","0","1020","1020","0"
"8349","2026-05-01","9:20:33 AM","1334","0","1334","1334","0"
"8350","2026-05-01","9:23:27 AM","1288","0","1288","1288","0"
"8351","2026-05-01","9:56:22 AM","540","0","540","540","0"
"8352","2026-05-01","10:12:52 AM","250","0","250","250","0"
"8353","2026-05-01","10:42:02 AM","390","0","390","390","0"
"8354","2026-05-01","11:26:49 AM","902","0","0","0","0"
"8355","2026-05-01","12:12:00 PM","500","0","0","0","0"
"8356","2026-05-01","12:12:58 PM","760","0","760","760","0"
"8357","2026-05-01","12:23:20 PM","1795","0","1795","1795","0"
"8358","2026-05-01","12:28:52 PM","2000","0","2000","2000","0"
"8359","2026-05-01","5:09:21 PM","1724","0","1724","1724","0"
"8360","2026-05-01","6:21:39 PM","221","0","221","221","0"
"8361","2026-05-01","7:00:17 PM","350","0","350","350","0"
"8362","2026-05-01","7:09:10 PM","270","0","270","270","0"
"8363","2026-05-01","7:15:46 PM","680","0","680","680","0"
"8364","2026-05-01","7:21:22 PM","160","0","160","160","0"
"8365","2026-05-01","7:58:09 PM","2306","0","2306","2306","0"
"8366","2026-05-01","8:41:00 PM","2020","0","2020","2020","0"
"8367","2026-05-01","8:42:22 PM","2028","28","2000","2000","0"
"8368","2026-05-01","8:50:20 PM","270","0","270","270","0"
"8369","2026-05-01","10:25:10 PM","4001","0","4001","4001","0"
"8370","2026-05-01","10:27:25 PM","470","0","470","470","0"
"8371","2026-05-02","9:16:28 AM","1547","0","1547","1547","0"
"8372","2026-05-02","10:52:43 AM","595","0","595","595","0"
"8373","2026-05-02","11:31:14 AM","2245","0","2245","2245","0"
"8374","2026-05-02","11:51:44 AM","310","0","310","310","0"
"8375","2026-05-02","1:24:30 PM","2446","0","2446","2446","0"
"8376","2026-05-02","1:30:42 PM","1600","0","1600","1600","0"
"8377","2026-05-02","1:58:10 PM","960","0","960","960","0"
"8378","2026-05-02","5:33:43 PM","3290","0","3290","3290","0"
"8379","2026-05-02","7:08:21 PM","1755","0","1755","1755","0"
"8380","2026-05-02","7:09:32 PM","590","0","590","590","0"
"8381","2026-05-02","7:11:08 PM","620","0","620","620","0"
"8382","2026-05-02","7:14:05 PM","635","0","635","635","0"
"8383","2026-05-02","7:34:33 PM","256","0","256","256","0"
"8384","2026-05-02","7:39:40 PM","1055","0","1055","1055","0"
"8385","2026-05-02","7:41:24 PM","100","0","0","0","0"
"8386","2026-05-02","8:05:17 PM","1190","0","1190","1190","0"
"8387","2026-05-02","8:22:06 PM","1100","0","1100","1100","0"
"8388","2026-05-02","8:23:28 PM","600","0","600","600","0"
"8389","2026-05-02","8:35:03 PM","900","0","900","900","0"
"8390","2026-05-02","8:43:49 PM","848","0","848","848","0"
"8391","2026-05-02","9:10:26 PM","1770","0","1770","1770","0"
"8392","2026-05-02","9:18:46 PM","790","0","790","790","0"
"8393","2026-05-02","9:19:24 PM","770","0","770","770","0"
"8394","2026-05-02","10:23:08 PM","2680","0","2680","2680","0"
"8395","2026-05-03","9:44:00 AM","90","0","90","90","0"
"8396","2026-05-03","9:58:32 AM","1660","0","1660","1660","0"
"8397","2026-05-03","10:31:14 AM","2490","0","2490","2490","0"
"8398","2026-05-03","11:35:21 AM","4481","0","4481","4481","0"
"8399","2026-05-03","11:36:58 AM","1000","0","1000","1000","0"
"8400","2026-05-03","12:28:22 PM","1267","0","1267","1267","0"
"8401","2026-05-03","12:44:48 PM","790","0","790","790","0"
"8402","2026-05-03","6:04:24 PM","4210","0","4210","4210","0"
"8403","2026-05-03","6:36:44 PM","2447","0","2447","2447","0"
"8404","2026-05-03","7:04:20 PM","1040","0","1040","1040","0"
"8405","2026-05-03","7:22:45 PM","2900","0","2900","2900","0"
"8406","2026-05-03","8:13:26 PM","1939","0","1939","1939","0"
"8407","2026-05-03","8:31:36 PM","1740","0","1740","1740","0"
"8408","2026-05-03","9:09:10 PM","1806","0","1806","1806","0"
"8409","2026-05-03","9:25:26 PM","875","0","875","875","0"
"8410","2026-05-03","9:27:14 PM","1439","0","1439","1439","0"
"8411","2026-05-03","9:29:04 PM","220","0","220","220","0"
"8412","2026-05-03","10:09:22 PM","1160","0","1160","1160","0"
"8413","2026-05-04","9:48:40 AM","130","0","130","130","0"
"8414","2026-05-04","10:23:29 AM","1759","0","1759","1759","0"
"8415","2026-05-04","10:43:23 AM","380","0","380","380","0"
"8416","2026-05-04","12:01:20 PM","2027","0","2027","2027","0"
"8417","2026-05-04","12:12:53 PM","1028","0","1028","1028","0"
"8418","2026-05-04","1:08:14 PM","1656","0","1656","1656","0"
"8419","2026-05-04","1:32:32 PM","560","0","560","560","0"
"8420","2026-05-04","1:49:30 PM","960","0","960","960","0"
"8421","2026-05-04","1:55:25 PM","1570","0","1570","1570","0"
"8422","2026-05-04","2:00:49 PM","1210","0","1210","1210","0"
"8423","2026-05-04","2:50:42 PM","1283","0","1283","1283","0"
"8424","2026-05-04","2:58:50 PM","1104","54","1050","1050","0"
"8425","2026-05-04","2:59:26 PM","240","0","240","240","0"
"8426","2026-05-04","5:26:28 PM","1000","0","1000","1000","0"
"8427","2026-05-04","7:00:01 PM","1380","0","1380","1380","0"
"8428","2026-05-04","7:22:58 PM","234","0","234","234","0"
"8429","2026-05-04","7:41:57 PM","710","0","710","710","0"
"8430","2026-05-04","8:00:36 PM","3240","0","3240","3240","0"
"8431","2026-05-04","8:10:57 PM","490","0","490","490","0"
"8432","2026-05-04","8:25:58 PM","650","0","650","650","0"
"8433","2026-05-04","8:27:30 PM","1051","1","1050","1050","0"
"8434","2026-05-04","8:33:28 PM","540","0","540","540","0"
"8435","2026-05-04","9:17:07 PM","2347","0","2347","2347","0"
"8436","2026-05-04","9:43:54 PM","5190","0","5190","5190","0"
"8437","2026-05-04","9:46:23 PM","190","0","190","190","0"
"8438","2026-05-04","10:01:23 PM","1015","15","1000","1000","0"
"8439","2026-05-05","9:09:28 AM","1494","0","1494","1494","0"
"8440","2026-05-05","9:19:20 AM","550","0","550","550","0"
"8441","2026-05-05","9:20:36 AM","295","0","295","295","0"
"8442","2026-05-05","9:59:39 AM","300","0","300","300","0"
"8443","2026-05-05","11:46:45 AM","5750","0","5750","5750","0"
"8444","2026-05-05","12:28:12 PM","1340","0","1340","1340","0"
"8445","2026-05-05","12:37:21 PM","40","0","40","40","0"
"8446","2026-05-05","12:53:51 PM","1090","0","1090","1090","0"
"8447","2026-05-05","12:58:01 PM","675","0","675","675","0"
"8448","2026-05-05","7:09:46 PM","2040","0","2040","2040","0"
"8449","2026-05-05","7:19:57 PM","530","0","530","530","0"
"8450","2026-05-05","7:54:40 PM","4819","0","4819","4819","0"
"8451","2026-05-05","8:04:04 PM","2380","0","2380","2380","0"
"8452","2026-05-05","8:10:33 PM","2690","0","2690","2690","0"
"8453","2026-05-05","8:40:12 PM","1130","0","1130","1130","0"
"8454","2026-05-05","8:49:37 PM","1370","0","1370","1370","0"
"8455","2026-05-05","8:53:37 PM","620","0","620","620","0"
"8456","2026-05-05","9:16:54 PM","1350","0","1350","1350","0"
"8457","2026-05-05","9:29:04 PM","1980","0","1980","1980","0"
"8458","2026-05-05","9:50:10 PM","730","0","730","730","0"
"8459","2026-05-05","9:58:08 PM","437","0","437","437","0"
"8460","2026-05-05","10:19:53 PM","1645","0","1645","1645","0"
"8461","2026-05-06","10:10:54 AM","480","0","480","480","0"
"8462","2026-05-06","12:16:53 PM","9571","0","9571","9571","0"
"8463","2026-05-06","12:38:35 PM","360","0","360","360","0"
"8464","2026-05-06","3:29:46 PM","2839","0","2839","2839","0"
"8465","2026-05-06","5:58:46 PM","775","0","775","775","0"
"8466","2026-05-06","7:16:10 PM","681","0","681","681","0"
"8467","2026-05-06","7:35:41 PM","1160","0","1160","1160","0"
"8468","2026-05-06","7:53:36 PM","3515","0","3515","3515","0"
"8469","2026-05-06","7:55:30 PM","125","0","125","125","0"
"8470","2026-05-06","8:08:24 PM","309","0","309","309","0"
"8471","2026-05-06","8:34:01 PM","2535","0","2535","2535","0"
"8472","2026-05-06","8:41:14 PM","1020","0","1020","1020","0"
"8473","2026-05-06","9:26:21 PM","1576","0","1576","1576","0"
"8474","2026-05-06","9:58:00 PM","2082","0","2082","2082","0"
"8475","2026-05-06","9:20:02 AM","872","0","872","872","0"
"8476","2026-05-07","9:39:55 AM","670","20","650","650","0"
"8477","2026-05-07","11:43:19 AM","1041","0","1041","1041","0"
"8478","2026-05-07","11:59:27 AM","170","0","170","170","0"
"8479","2026-05-07","12:10:31 PM","405","5","400","400","0"
"8480","2026-05-07","12:39:26 PM","440","0","440","440","0"
"8481","2026-05-07","1:23:37 PM","1344","0","1344","1344","0"
"8482","2026-05-07","6:23:15 PM","3570","0","3570","3570","0"
"8483","2026-05-07","6:31:20 PM","580","0","580","580","0"
"8484","2026-05-07","6:32:43 PM","95","0","95","95","0"
"8485","2026-05-07","6:37:08 PM","750","0","750","750","0"
"8486","2026-05-07","7:28:21 PM","1644","0","1644","1644","0"
"8487","2026-05-07","8:02:00 PM","2150","0","2150","2150","0"
"8488","2026-05-07","8:14:47 PM","630","0","630","630","0"
"8489","2026-05-07","8:19:10 PM","600","0","600","600","0"
"8490","2026-05-07","8:33:25 PM","350","0","350","350","0"
"8491","2026-05-07","8:34:22 PM","355","5","350","350","0"
"8492","2026-05-07","8:36:39 PM","280","0","280","280","0"
"8493","2026-05-07","9:38:27 PM","2938","0","2938","2938","0"
"8494","2026-05-07","9:39:19 PM","50","0","50","50","0"
"8495","2026-05-07","10:01:50 PM","860","0","860","860","0"
"8496","2026-05-08","9:29:29 AM","355","0","355","355","0"
"8497","2026-05-08","10:36:45 AM","3289","0","3289","3289","0"
"8498","2026-05-08","10:41:38 AM","1699","0","1699","1699","0"
"8499","2026-05-08","10:42:42 AM","433","3","430","430","0"
"8500","2026-05-08","12:17:26 PM","7801","0","7801","7801","0"
"8501","2026-05-08","12:37:32 PM","1185","0","1185","1185","0"
"8502","2026-05-08","1:02:58 PM","700","0","700","700","0"
"8503","2026-05-08","1:05:18 PM","350","0","350","350","0"
"8504","2026-05-08","3:52:01 PM","20","0","20","20","0"
"8505","2026-05-08","5:52:05 PM","1082","0","1082","1082","0"
"8506","2026-05-08","5:52:23 PM","350","0","350","350","0"
"8507","2026-05-08","9:13:15 PM","9740","0","9740","9740","0"
"8508","2026-05-08","9:16:18 PM","950","0","950","950","0"
"8509","2026-05-08","9:30:37 PM","550","0","550","550","0"
"8510","2026-05-08","10:13:50 PM","4199","0","4199","4199","0"
"8511","2026-05-08","10:15:54 PM","600","0","600","600","0"
"8512","2026-05-08","10:16:48 PM","1252","5","1247","1247","0"
"8513","2026-05-08","11:01:06 PM","1400","0","1400","1400","0"
"8514","2026-05-09","11:03:01 AM","320","0","320","320","0"
"8515","2026-05-09","11:03:58 AM","648","0","648","648","0"
"8516","2026-05-09","12:43:44 PM","2342","0","2342","2342","0"
"8517","2026-05-09","3:57:57 PM","3398","0","3398","3398","0"
"8518","2026-05-09","5:09:03 PM","1099","0","1099","1099","0"
"8519","2026-05-09","6:07:23 PM","943","0","943","943","0"
"8520","2026-05-09","7:31:37 PM","340","0","340","340","0"
"8521","2026-05-09","7:35:25 PM","653","3","650","650","0"
"8522","2026-05-09","7:37:35 PM","400","0","400","400","0"
"8523","2026-05-09","8:01:37 PM","2280","0","2280","2280","0"
"8524","2026-05-09","8:02:07 PM","9","0","9","9","0"
"8525","2026-05-09","8:45:59 PM","2195","0","2195","2195","0"
"8526","2026-05-09","9:05:43 PM","1236","0","1236","1236","0"
"8527","2026-05-09","9:13:00 PM","610","0","610","610","0"
"8528","2026-05-09","9:14:02 PM","270","0","270","270","0"
"8529","2026-05-09","9:38:25 PM","250","0","250","250","0"
"8530","2026-05-09","9:44:23 PM","50","0","50","50","0"
"8531","2026-05-09","9:49:32 PM","40","0","40","40","0"
"8532","2026-05-09","10:04:32 PM","160","0","160","160","0"
"8533","2026-05-10","9:36:02 AM","150","0","150","150","0"
"8534","2026-05-10","11:04:02 AM","3089","0","3089","3089","0"
"8535","2026-05-10","11:33:26 AM","1120","0","1120","1120","0"
"8536","2026-05-10","1:16:51 PM","1675","0","1675","1675","0"
"8537","2026-05-10","10:21:53 PM","13576","0","13576","13576","0"
"8538","2026-05-11","2:12:17 PM","9550","0","9550","9550","0"
"8539","2026-05-11","5:33:08 PM","6140","0","6140","6140","0"
"8540","2026-05-11","5:54:07 PM","960","0","960","960","0"
"8541","2026-05-11","6:28:57 PM","630","0","630","630","0"
"8542","2026-05-11","6:31:31 PM","1200","0","1200","1200","0"
"8543","2026-05-11","6:33:14 PM","190","0","190","190","0"
"8544","2026-05-11","7:21:47 PM","2015","5","2010","2010","0"
"8545","2026-05-11","8:11:37 PM","4443","0","4443","4443","0"
"8546","2026-05-11","8:18:33 PM","50","0","50","50","0"
"8547","2026-05-11","9:44:43 PM","6110","0","6110","6110","0"
"8548","2026-05-12","11:16:49 AM","3400","0","3400","3400","0"
"8549","2026-05-12","12:13:17 PM","620","0","620","620","0"
"8550","2026-05-12","12:42:07 PM","4600","0","4600","4600","0"
"8551","2026-05-12","1:33:26 PM","845","0","845","845","0"
"8552","2026-05-12","1:53:09 PM","330","0","330","330","0"
"8553","2026-05-12","3:47:25 PM","816","0","816","816","0"
"8554","2026-05-12","6:57:51 PM","2189","0","2189","2189","0"
"8555","2026-05-12","8:11:57 PM","1535","0","1535","1535","0"
"8556","2026-05-12","8:13:37 PM","2005","105","1900","1900","0"
"8557","2026-05-12","8:17:23 PM","260","0","260","260","0"
"8558","2026-05-12","8:23:52 PM","520","0","520","520","0"
"8559","2026-05-12","8:53:06 PM","1590","0","1590","1590","0"
"8560","2026-05-12","9:40:46 PM","1816","0","1816","1816","0"
"8561","2026-05-12","10:03:07 PM","430","0","430","430","0"
"8562","2026-05-12","10:07:56 PM","50","0","50","50","0"
"8563","2026-05-13","9:23:13 AM","990","0","990","990","0"
"8564","2026-05-13","10:11:52 AM","586","0","586","586","0"
"8565","2026-05-13","10:15:19 AM","300","0","300","300","0"
"8566","2026-05-13","2:51:48 PM","4210","0","4210","4210","0"
"8567","2026-05-13","4:49:55 PM","727","0","727","727","0"
"8568","2026-05-13","6:47:14 PM","1737","0","1737","1737","0"
"8569","2026-05-13","8:17:53 PM","4255","0","4255","4255","0"
"8570","2026-05-13","8:24:28 PM","920","0","920","920","0"
"8571","2026-05-13","8:24:55 PM","100","0","100","100","0"
"8572","2026-05-13","8:30:08 PM","245","0","245","245","0"
"8573","2026-05-13","8:46:40 PM","2210","0","2210","2210","0"
"8574","2026-05-13","8:48:30 PM","950","0","950","950","0"
"8575","2026-05-13","8:51:39 PM","90","0","90","90","0"
"8576","2026-05-13","8:52:16 PM","523","0","523","523","0"
"8577","2026-05-13","8:55:57 PM","340","0","340","340","0"
"8578","2026-05-13","8:58:32 PM","290","0","290","290","0"
"8579","2026-05-13","8:59:52 PM","638","0","638","638","0"
"8580","2026-05-13","9:17:33 PM","2010","0","2010","2010","0"
"8581","2026-05-13","9:38:46 PM","610","0","610","610","0"
"8582","2026-05-13","9:50:23 PM","1230","0","1230","1230","0"
"8583","2026-05-13","9:51:12 PM","390","0","390","390","0"
"8584","2026-05-13","9:52:07 PM","50","0","50","50","0"
"8585","2026-05-13","9:57:10 PM","1410","10","1400","1400","0"
"8586","2026-05-13","10:38:28 PM","1180","0","1180","1180","0"
"8587","2026-05-14","11:29:53 AM","3166","0","3166","3166","0"
"8588","2026-05-14","11:52:17 AM","1040","0","1040","1040","0"
"8589","2026-05-14","1:31:08 PM","2670","0","2670","2670","0"
"8590","2026-05-14","1:32:24 PM","810","10","800","800","0"
"8591","2026-05-14","2:05:22 PM","14190","0","14190","14190","0"
"8592","2026-05-14","3:25:31 PM","560","0","560","560","0"
"8593","2026-05-14","5:30:08 PM","1154","0","1154","1154","0"
"8594","2026-05-14","6:02:30 PM","104","0","104","104","0"
"8595","2026-05-14","6:14:56 PM","930","0","930","930","0"
"8596","2026-05-14","6:19:28 PM","600","0","600","600","0"
"8597","2026-05-14","7:01:04 PM","2860","0","2860","2860","0"
"8598","2026-05-14","8:04:19 PM","1935","0","1935","1935","0"
"8599","2026-05-14","8:13:46 PM","980","0","980","980","0"
"8600","2026-05-14","8:14:26 PM","586","0","586","586","0"
"8601","2026-05-14","8:19:04 PM","1550","0","1550","1550","0"
"8602","2026-05-14","9:10:27 PM","2800","0","2800","2800","0"
"8603","2026-05-14","9:34:29 PM","1070","0","1070","1070","0"
"8604","2026-05-14","9:35:00 PM","410","10","400","400","0"
"8605","2026-05-14","10:02:13 PM","690","0","690","690","0"
"8606","2026-05-15","9:22:26 AM","510","10","500","500","0"
"8607","2026-05-15","9:24:39 AM","671","1","670","670","0"
"8608","2026-05-15","10:28:45 AM","650","0","650","650","0"
"8609","2026-05-15","10:35:16 AM","500","0","500","500","0"
"8610","2026-05-15","10:36:39 AM","700","0","700","700","0"
"8611","2026-05-15","10:55:29 AM","576","0","576","576","0"
"8612","2026-05-15","11:22:36 AM","750","0","750","750","0"
"8613","2026-05-15","12:35:59 PM","2984","0","2984","2984","0"
"8614","2026-05-15","12:40:01 PM","3100","0","3100","3100","0"
"8615","2026-05-15","12:43:38 PM","100","0","100","100","0"
"8616","2026-05-15","12:49:34 PM","590","0","590","590","0"
"8617","2026-05-15","1:03:24 PM","300","0","300","300","0"
"8618","2026-05-15","6:15:43 PM","1220","0","1220","1220","0"
"8619","2026-05-15","6:38:03 PM","1090","0","0","0","0"
"8620","2026-05-15","6:38:50 PM","310","10","300","300","0"
"8621","2026-05-15","6:46:54 PM","335","0","335","335","0"
"8622","2026-05-15","7:17:05 PM","1910","0","1910","1910","0"
"8623","2026-05-15","7:25:21 PM","220","0","220","220","0"
"8624","2026-05-15","7:26:10 PM","750","0","750","750","0"
"8625","2026-05-15","8:13:26 PM","2620","0","2620","2620","0"
"8626","2026-05-15","8:14:04 PM","298","0","298","298","0"
"8627","2026-05-15","9:42:54 PM","7828","0","7828","7828","0"
"8628","2026-05-15","8:49:49 AM","98","0","98","98","0"
"8629","2026-05-16","10:11:18 AM","130","0","130","130","0"
"8630","2026-05-16","10:57:55 AM","895","0","895","895","0"
"8631","2026-05-16","12:13:05 PM","1676","0","1676","1676","0"
"8632","2026-05-16","1:05:35 PM","956","0","956","956","0"
"8633","2026-05-16","1:11:57 PM","170","0","170","170","0"
"8634","2026-05-16","1:25:43 PM","330","0","330","330","0"
"8635","2026-05-16","2:14:27 PM","1320","0","1320","1320","0"
"8636","2026-05-16","2:17:48 PM","530","30","500","500","0"
"8637","2026-05-16","7:28:28 PM","4120","0","4120","4120","0"
"8638","2026-05-16","7:29:39 PM","1180","80","1100","1100","0"
"8639","2026-05-16","8:19:01 PM","3580","0","3580","3580","0"
"8640","2026-05-16","8:26:42 PM","660","0","660","660","0"
"8641","2026-05-16","8:27:24 PM","600","0","600","600","0"
"8642","2026-05-16","9:04:45 PM","2073","0","2073","2073","0"
"8643","2026-05-16","9:17:40 PM","200","0","200","200","0"
"8644","2026-05-16","9:32:09 PM","250","0","250","250","0"
"8645","2026-05-16","9:33:08 PM","315","0","315","315","0"
"8646","2026-05-16","9:53:05 PM","50","0","50","50","0"
"8647","2026-05-16","10:30:50 PM","800","0","800","800","0"
"8648","2026-05-17","9:34:46 AM","1196","0","1196","1196","0"
"8649","2026-05-17","10:09:30 AM","1150","0","1150","1150","0"
"8650","2026-05-17","10:10:16 AM","260","10","250","250","0"
"8651","2026-05-17","10:11:11 AM","940","0","940","940","0"
"8652","2026-05-17","11:16:09 AM","2324","0","0","0","0"
"8653","2026-05-17","3:11:08 PM","6636","10","6626","6626","0"
"8654","2026-05-17","3:38:06 PM","1120","0","1120","1120","0"
"8655","2026-05-17","6:54:20 PM","719","0","719","719","0"
"8656","2026-05-17","7:15:48 PM","544","0","0","0","0"
"8657","2026-05-17","8:45:39 PM","5041","0","5041","5041","0"
"8658","2026-05-17","9:10:25 PM","3204","0","3204","3204","0"
"8659","2026-05-17","9:10:56 PM","30","0","30","30","0"
"8660","2026-05-17","9:11:39 PM","140","0","140","140","0"
"8661","2026-05-17","9:58:47 PM","1542","0","1542","1542","0"
"8662","2026-05-17","10:15:32 PM","148","0","148","148","0"
"8663","2026-05-18","12:06:56 PM","2080","0","2080","2080","0"
"8664","2026-05-18","12:10:11 PM","500","0","500","500","0"
"8665","2026-05-18","12:24:18 PM","430","0","430","430","0"
"8666","2026-05-18","1:32:51 PM","2170","0","2170","2170","0"
"8667","2026-05-18","1:50:56 PM","300","0","300","300","0"
"8668","2026-05-18","6:03:09 PM","449","0","449","449","0"
"8669","2026-05-18","6:47:06 PM","880","0","880","880","0"
"8670","2026-05-18","7:33:43 PM","1811","0","1811","1811","0"
"8671","2026-05-18","8:02:02 PM","570","0","570","570","0"
"8672","2026-05-18","8:25:56 PM","1680","0","1680","1680","0"
"8673","2026-05-18","8:35:39 PM","360","0","360","360","0"
"8674","2026-05-18","8:37:36 PM","200","0","200","200","0"
"8675","2026-05-18","8:38:36 PM","4210","10","4200","4200","0"
"8676","2026-05-18","8:45:10 PM","230","0","230","230","0"
"8677","2026-05-18","8:45:58 PM","280","0","280","280","0"
"8678","2026-05-18","9:59:18 PM","2808","0","2808","2808","0"
"8679","2026-05-18","10:09:30 PM","635","5","630","630","0"
"8680","2026-05-18","10:29:32 PM","950","0","950","950","0"
"8681","2026-05-19","9:13:21 AM","1149","0","1149","1149","0"
"8682","2026-05-19","9:24:32 AM","120","0","120","120","0"
"8683","2026-05-19","10:43:37 AM","1230","0","1230","1230","0"
"8684","2026-05-19","10:44:30 AM","60","0","60","60","0"
"8685","2026-05-19","10:48:49 AM","572","0","0","0","0"
"8686","2026-05-19","10:53:45 AM","280","0","280","280","0"
"8687","2026-05-19","11:53:43 AM","780","0","780","780","0"
"8688","2026-05-19","11:54:14 AM","735","35","700","700","0"
"8689","2026-05-19","12:11:07 PM","200","0","0","0","0"
"8690","2026-05-19","12:23:18 PM","662","0","0","0","0"
"8691","2026-05-19","12:53:05 PM","1200","0","1200","1200","0"
"8692","2026-05-19","1:28:18 PM","1700","0","1700","1700","0"
"8693","2026-05-19","1:28:48 PM","1220","0","1220","1220","0"
"8694","2026-05-19","5:06:24 PM","3835","0","3835","3835","0"
"8695","2026-05-19","7:26:09 PM","1530","0","1530","1530","0"
"8696","2026-05-19","7:39:57 PM","1780","0","1780","1780","0"
"8697","2026-05-19","7:46:30 PM","1800","0","1800","1800","0"
"8698","2026-05-19","7:48:56 PM","600","0","600","600","0"
"8699","2026-05-19","8:07:32 PM","980","0","980","980","0"
"8700","2026-05-19","8:31:58 PM","3407","0","3407","3407","0"
"8701","2026-05-19","8:40:03 PM","1397","0","1397","1397","0"
"8702","2026-05-19","8:51:06 PM","1491","0","1491","1491","0"
"8703","2026-05-19","8:54:24 PM","570","0","570","570","0"
"8704","2026-05-19","9:07:22 PM","770","0","770","770","0"
"8705","2026-05-19","9:17:03 PM","1386","0","1386","1386","0"
"8706","2026-05-19","9:29:39 PM","140","0","140","140","0"
"8707","2026-05-19","9:43:01 PM","278","0","278","278","0"
"8708","2026-05-19","10:13:02 PM","945","0","945","945","0"
"8709","2026-05-19","10:20:56 PM","495","0","495","495","0"
"8710","2026-05-20","9:25:27 AM","750","0","750","750","0"
"8711","2026-05-20","10:21:19 AM","227","0","227","227","0"
"8712","2026-05-20","10:54:23 AM","1380","0","1380","1380","0"
"8713","2026-05-20","11:56:35 AM","1230","0","1230","1230","0"
"8714","2026-05-20","11:59:48 AM","2738","0","2738","2738","0"
"8715","2026-05-20","12:27:37 PM","1325","0","1325","1325","0"
"8716","2026-05-20","12:38:55 PM","1140","0","1140","1140","0"
"8717","2026-05-20","12:39:28 PM","525","25","500","500","0"
"8718","2026-05-20","12:40:15 PM","550","0","550","550","0"
"8719","2026-05-20","1:20:01 PM","1588","0","1588","1588","0"
"8720","2026-05-20","1:21:01 PM","1200","0","1200","1200","0"
"8721","2026-05-20","1:22:17 PM","350","0","350","350","0"
"8722","2026-05-20","1:23:34 PM","699","0","699","699","0"
"8723","2026-05-20","2:50:15 PM","150","0","150","150","0"
"8724","2026-05-20","6:41:40 PM","1495","0","1495","1495","0"
"8725","2026-05-20","7:05:45 PM","620","0","620","620","0"
"8726","2026-05-20","7:39:41 PM","1295","0","1295","1295","0"
"8727","2026-05-20","7:40:54 PM","315","15","300","300","0"
"8728","2026-05-20","8:48:17 PM","1269","0","1269","1269","0"
"8729","2026-05-20","8:51:18 PM","495","0","495","495","0"
"8730","2026-05-20","8:54:37 PM","988","0","988","988","0"
"8731","2026-05-20","8:54:49 PM","100","0","100","100","0"
"8732","2026-05-20","8:55:36 PM","275","0","275","275","0"
"8733","2026-05-20","8:57:01 PM","510","0","510","510","0"
"8734","2026-05-20","9:03:57 PM","290","0","290","290","0"
"8735","2026-05-20","9:55:13 PM","1675","0","1675","1675","0"
"8736","2026-05-20","10:25:38 PM","511","0","511","511","0"
"8737","2026-05-21","1:25:09 PM","9959","0","9959","9959","0"
"8738","2026-05-21","1:31:39 PM","500","0","500","500","0"
"8739","2026-05-21","5:09:51 PM","880","0","880","880","0"
"8740","2026-05-21","7:12:24 PM","3407","0","3407","3407","0"
"8741","2026-05-21","7:49:42 PM","893","0","893","893","0"
"8742","2026-05-21","7:58:00 PM","775","0","775","775","0"
"8743","2026-05-21","8:22:46 PM","1245","0","1245","1245","0"
"8744","2026-05-21","8:43:53 PM","1540","0","1540","1540","0"
"8745","2026-05-21","8:45:44 PM","200","0","200","200","0"
"8746","2026-05-21","9:45:55 PM","2107","0","2107","2107","0"
"8747","2026-05-22","10:55:50 AM","4062","0","4062","4062","0"
"8748","2026-05-22","10:57:17 AM","1280","0","1280","1280","0"
"8749","2026-05-22","11:20:49 AM","1650","0","1650","1650","0"
"8750","2026-05-22","6:01:11 PM","1606","0","1606","1606","0"
"8751","2026-05-22","7:18:20 PM","2662","0","2662","2662","0"
"8752","2026-05-22","8:08:26 PM","6450","0","6450","6450","0"
"8753","2026-05-22","8:29:14 PM","527","0","527","527","0"
"8754","2026-05-22","8:45:25 PM","365","0","365","365","0"
"8755","2026-05-22","9:05:22 PM","1650","0","1650","1650","0"
"8756","2026-05-22","9:09:33 PM","2212","0","2212","2212","0"
"8757","2026-05-22","9:22:26 PM","2098","0","2098","2098","0"
"8758","2026-05-22","9:23:11 PM","175","0","175","175","0"
"8759","2026-05-22","9:32:28 PM","822","0","822","822","0"
"8760","2026-05-22","9:44:16 PM","3590","0","3590","3590","0"
"8761","2026-05-22","9:54:17 PM","1275","0","1275","1275","0"
"8762","2026-05-22","9:56:20 PM","350","0","350","350","0"
"8763","2026-05-22","9:58:45 PM","125","0","125","125","0"
"8764","2026-05-22","10:22:44 PM","100","0","100","100","0"
"8765","2026-05-22","10:26:36 PM","355","0","355","355","0"
"8766","2026-05-23","9:40:05 AM","868","0","868","868","0"
"8767","2026-05-23","9:56:46 AM","250","0","250","250","0"
"8768","2026-05-23","10:23:41 AM","798","0","798","798","0"
"8769","2026-05-23","11:25:50 AM","1487","0","1487","1487","0"
"8770","2026-05-23","11:57:31 AM","770","0","770","770","0"
"8771","2026-05-23","1:24:29 PM","2570","0","2570","2570","0"
"8772","2026-05-23","1:30:23 PM","1470","0","1470","1470","0"
"8773","2026-05-23","1:33:31 PM","320","0","320","320","0"
"8774","2026-05-23","1:55:10 PM","250","0","250","250","0"
"8775","2026-05-23","5:59:19 PM","4165","0","4165","4165","0"
"8776","2026-05-23","6:31:21 PM","980","0","980","980","0"
"8777","2026-05-23","7:18:49 PM","190","0","190","190","0"
"8778","2026-05-23","7:32:47 PM","777","0","777","777","0"
"8779","2026-05-23","8:05:22 PM","1410","0","1410","1410","0"
"8780","2026-05-23","9:09:07 PM","3492","0","3492","3492","0"
"8781","2026-05-23","9:20:01 PM","1420","0","1420","1420","0"
"8782","2026-05-23","9:39:50 PM","2899","0","2899","2899","0"
"8783","2026-05-23","10:08:48 PM","1084","0","1084","1084","0"
"8784","2026-05-23","10:21:50 PM","755","0","755","755","0"
"8785","2026-05-23","10:23:08 PM","142","0","142","142","0"
"8786","2026-05-24","9:42:02 AM","1039","0","1039","1039","0"
"8787","2026-05-24","10:10:28 AM","382","0","382","382","0"
"8788","2026-05-24","10:40:34 AM","1454","0","1454","1454","0"
"8789","2026-05-24","10:41:21 AM","200","0","200","200","0"
"8790","2026-05-24","11:17:42 AM","420","0","420","420","0"
"8791","2026-05-24","11:22:30 AM","200","0","200","200","0"
"8792","2026-05-24","12:00:29 PM","1210","0","1210","1210","0"
"8793","2026-05-24","12:03:46 PM","385","10","375","375","0"
"8794","2026-05-24","12:08:12 PM","700","0","700","700","0"
"8795","2026-05-24","12:09:17 PM","520","20","500","500","0"
"8796","2026-05-24","12:10:48 PM","390","0","390","390","0"
"8797","2026-05-24","12:41:44 PM","650","0","650","650","0"
"8798","2026-05-24","1:41:48 PM","2318","0","2318","2318","0"
"8799","2026-05-24","4:08:58 PM","2245","0","2245","2245","0"
"8800","2026-05-24","6:57:58 PM","4441","0","4441","4441","0"
"8801","2026-05-24","7:42:03 PM","2168","0","2168","2168","0"
"8802","2026-05-24","8:05:32 PM","1080","0","1080","1080","0"
"8803","2026-05-24","8:11:49 PM","1200","0","1200","1200","0"
"8804","2026-05-24","8:21:58 PM","200","0","200","200","0"
"8805","2026-05-24","9:18:45 PM","4206","0","4206","4206","0"
"8806","2026-05-24","9:28:00 PM","269","0","269","269","0"
"8807","2026-05-24","9:29:28 PM","465","15","450","450","0"
"8808","2026-05-24","9:44:52 PM","180","0","180","180","0"
"8809","2026-05-24","9:56:35 PM","1580","0","1580","1580","0"
"8810","2026-05-24","10:30:04 PM","1069","0","1069","1069","0"
"8811","2026-05-24","10:53:18 PM","230","0","230","230","0"
"8812","2026-05-25","10:09:52 AM","4279","0","4279","4279","0"
"8813","2026-05-25","11:20:51 AM","825","0","825","825","0"
"8814","2026-05-25","11:22:59 AM","490","0","490","490","0"
"8815","2026-05-25","11:43:48 AM","330","0","330","330","0"
"8816","2026-05-25","4:29:10 PM","13507","0","13507","13507","0"
"8817","2026-05-25","5:32:08 PM","1140","0","1140","1140","0"
"8818","2026-05-25","7:09:58 PM","2790","0","2790","2790","0"
"8819","2026-05-25","7:43:43 PM","2773","0","2773","2773","0"
"8820","2026-05-25","8:00:39 PM","1930","0","1930","1930","0"
"8821","2026-05-25","8:08:39 PM","260","10","250","250","0"
"8822","2026-05-25","8:16:45 PM","788","0","788","788","0"
"8823","2026-05-25","8:42:12 PM","668","0","668","668","0"
"8824","2026-05-25","8:43:06 PM","400","0","400","400","0"
"8825","2026-05-25","9:02:42 PM","1230","0","1230","1230","0"
"8826","2026-05-25","9:08:20 PM","1580","0","1580","1580","0"
"8827","2026-05-25","9:16:59 PM","135","0","135","135","0"
"8828","2026-05-25","9:29:38 PM","2092","0","2092","2092","0"
"8829","2026-05-25","9:33:36 PM","355","0","355","355","0"
"8830","2026-05-25","9:42:07 PM","182","0","182","182","0"
"8831","2026-05-25","9:48:18 PM","1200","0","1200","1200","0"
"8832","2026-05-25","9:56:46 PM","2223","0","2223","2223","0"
"8833","2026-05-25","10:16:52 PM","860","0","860","860","0"
"8834","2026-05-26","9:39:59 AM","780","0","780","780","0"
"8835","2026-05-26","9:53:42 AM","900","0","900","900","0"
"8836","2026-05-26","9:56:31 AM","350","0","350","350","0"
"8837","2026-05-26","12:25:32 PM","6379","0","6379","6379","0"
"8838","2026-05-26","12:31:02 PM","1695","0","1695","1695","0"
"8839","2026-05-26","12:39:04 PM","1000","0","1000","1000","0"
"8840","2026-05-26","1:02:08 PM","790","0","790","790","0"
"8841","2026-05-26","1:34:50 PM","3200","0","3200","3200","0"
"8842","2026-05-26","2:54:59 PM","3070","0","3070","3070","0"
"8843","2026-05-26","5:29:46 PM","890","0","890","890","0"
"8844","2026-05-26","5:47:17 PM","530","0","530","530","0"
"8845","2026-05-26","6:39:02 PM","2938","0","2938","2938","0"
"8846","2026-05-26","6:46:43 PM","160","0","160","160","0"
"8847","2026-05-26","6:58:18 PM","2089","0","2089","2089","0"
"8848","2026-05-26","7:03:56 PM","280","0","280","280","0"
"8849","2026-05-26","7:11:27 PM","1165","0","1165","1165","0"
"8850","2026-05-26","7:38:42 PM","698","0","698","698","0"
"8851","2026-05-26","8:04:48 PM","450","0","450","450","0"
"8852","2026-05-26","8:05:39 PM","1610","0","1610","1610","0"
"8853","2026-05-26","8:19:18 PM","1940","0","1940","1940","0"
"8854","2026-05-26","8:23:54 PM","280","0","280","280","0"
"8855","2026-05-26","8:29:09 PM","610","0","610","610","0"
"8856","2026-05-26","8:59:52 PM","1465","0","1465","1465","0"
"8857","2026-05-26","9:05:43 PM","235","0","235","235","0"
"8858","2026-05-26","9:12:48 PM","2220","0","2220","2220","0"
"8859","2026-05-26","9:22:02 PM","2900","0","2900","2900","0"
"8860","2026-05-26","9:23:07 PM","829","0","829","829","0"
"8861","2026-05-26","9:48:01 PM","420","0","420","420","0"
"8862","2026-05-26","9:58:18 PM","860","0","860","860","0"
"8863","2026-05-26","10:05:56 PM","630","0","630","630","0"
"8864","2026-05-26","10:09:04 PM","150","0","150","150","0"
"8865","2026-05-26","10:11:04 PM","150","0","150","150","0"
"8866","2026-05-26","10:13:33 PM","1099","0","1099","1099","0"
"8867","2026-05-26","10:33:31 PM","1478","0","1478","1478","0"
"8868","2026-05-27","5:14:48 PM","459","0","459","459","0"
"8869","2026-05-27","5:49:04 PM","504","0","504","504","0"
"8870","2026-05-27","6:49:46 PM","2250","0","2250","2250","0"
"8871","2026-05-27","7:28:07 PM","700","0","700","700","0"
"8872","2026-05-27","7:46:34 PM","575","0","575","575","0"
"8873","2026-05-27","8:06:17 PM","3807","0","3807","3807","0"
"8874","2026-05-27","8:24:23 PM","700","0","700","700","0"
"8875","2026-05-27","8:41:13 PM","890","0","890","890","0"
"8876","2026-05-27","8:54:24 PM","1194","0","1194","1194","0"
"8877","2026-05-27","8:55:44 PM","40","0","40","40","0"
"8878","2026-05-27","9:13:39 PM","921","0","921","921","0"
"8879","2026-05-27","9:26:37 PM","360","0","360","360","0"
"8880","2026-05-27","9:51:56 PM","965","0","965","965","0"
"8881","2026-05-27","9:53:06 PM","296","0","296","296","0"
"8882","2026-05-28","9:48:58 AM","550","0","550","550","0"
"8883","2026-05-28","9:49:54 AM","640","0","640","640","0"
"8884","2026-05-28","10:12:32 AM","512","0","512","512","0"
"8885","2026-05-28","10:26:47 AM","350","0","350","350","0"
"8886","2026-05-28","11:16:22 AM","2097","0","2097","2097","0"
"8887","2026-05-28","12:32:01 PM","2508","0","2508","2508","0"
"8888","2026-05-28","1:08:47 PM","1870","0","1870","1870","0"
"8889","2026-05-28","1:54:00 PM","3126","0","3126","3126","0"
"8890","2026-05-28","5:24:29 PM","735","0","735","735","0"
"8891","2026-05-28","5:48:53 PM","1546","0","1546","1546","0"
"8892","2026-05-28","6:36:39 PM","1599","0","1599","1599","0"
"8893","2026-05-28","7:05:49 PM","1576","0","1576","1576","0"
"8894","2026-05-28","7:15:23 PM","180","0","180","180","0"
"8895","2026-05-28","7:31:02 PM","1220","0","1220","1220","0"
"8896","2026-05-28","7:36:06 PM","1005","0","1005","1005","0"
"8897","2026-05-28","8:13:37 PM","2415","0","2415","2415","0"
"8898","2026-05-28","8:29:48 PM","1536","0","1536","1536","0"
"8899","2026-05-28","8:31:32 PM","235","0","235","235","0"
"8900","2026-05-28","8:53:10 PM","1370","0","1370","1370","0"
"8901","2026-05-28","9:01:31 PM","1155","0","1155","1155","0"
"8902","2026-05-28","9:23:21 PM","1690","0","1690","1690","0"
"8903","2026-05-28","9:32:57 PM","220","0","220","220","0"
"8904","2026-05-28","9:45:13 PM","800","0","800","800","0"
"8905","2026-05-28","9:51:39 PM","725","0","725","725","0"
"8906","2026-05-28","10:01:27 PM","655","0","655","655","0"
"8907","2026-05-28","10:29:36 PM","658","0","658","658","0"
"8908","2026-05-28","11:06:10 PM","320","0","320","320","0"
"8909","2026-05-29","9:33:54 AM","194","0","194","194","0"
"8910","2026-05-29","9:36:18 AM","892","2","890","890","0"
"8911","2026-05-29","10:27:17 AM","985","0","985","985","0"
"8912","2026-05-29","10:48:33 AM","1392","0","1392","1392","0"
"8913","2026-05-29","11:37:05 AM","340","0","340","340","0"
"8914","2026-05-29","11:42:54 AM","50","0","50","50","0"
"8915","2026-05-29","11:48:27 AM","1505","0","1505","1505","0"
"8916","2026-05-29","12:15:04 PM","130","0","130","130","0"
"8917","2026-05-29","12:26:04 PM","300","0","300","300","0"
"8918","2026-05-29","3:47:52 PM","430","0","430","430","0"
"8919","2026-05-29","4:00:21 PM","750","0","750","750","0"
"8920","2026-05-29","6:51:43 PM","874","0","874","874","0"
"8921","2026-05-29","7:08:49 PM","530","0","530","530","0"
"8922","2026-05-29","7:44:51 PM","1085","0","1085","1085","0"
"8923","2026-05-29","7:56:29 PM","843","0","843","843","0"
"8924","2026-05-29","8:05:16 PM","530","0","530","530","0"
"8925","2026-05-29","8:09:02 PM","1010","10","1000","1000","0"
"8926","2026-05-29","8:10:47 PM","80","0","80","80","0"
"8927","2026-05-29","8:26:55 PM","946","0","946","946","0"
"8928","2026-05-29","8:40:41 PM","1440","0","1440","1440","0"
"8929","2026-05-29","8:46:40 PM","804","0","804","804","0"
"8930","2026-05-29","8:47:33 PM","680","0","680","680","0"
"8931","2026-05-29","9:05:31 PM","1418","0","1418","1418","0"
"8932","2026-05-29","9:10:22 PM","829","0","829","829","0"
"8933","2026-05-29","9:17:35 PM","790","0","790","790","0"
"8934","2026-05-29","9:34:49 PM","580","0","580","580","0"
"8935","2026-05-29","9:42:18 PM","250","0","250","250","0"
"8936","2026-05-29","9:50:19 PM","2370","0","2370","2370","0"
"8937","2026-05-29","9:55:32 PM","595","0","595","595","0"
"8938","2026-05-29","9:59:00 PM","200","0","200","200","0"
"8939","2026-05-29","10:14:47 PM","90","0","90","90","0"
"8940","2026-05-30","9:07:40 AM","415","0","415","415","0"
"8941","2026-05-30","9:16:22 AM","320","0","320","320","0"
"8942","2026-05-30","9:56:54 AM","125","0","125","125","0"
"8943","2026-05-30","10:15:13 AM","480","0","480","480","0"
"8944","2026-05-30","10:17:12 AM","250","0","250","250","0"
"8945","2026-05-30","10:48:41 AM","734","0","734","734","0"
"8946","2026-05-30","11:21:17 AM","1571","0","1571","1571","0"
"8947","2026-05-30","11:36:04 AM","837","0","837","837","0"
"8948","2026-05-30","12:13:05 PM","1863","0","1863","1863","0"
"8949","2026-05-30","12:32:46 PM","150","0","150","150","0"
"8950","2026-05-30","12:43:48 PM","500","0","500","500","0"
"8951","2026-05-30","12:50:54 PM","950","0","950","950","0"
"8952","2026-05-30","1:00:38 PM","1020","0","1020","1020","0"
"8953","2026-05-30","1:16:18 PM","459","0","459","459","0"
"8954","2026-05-30","1:24:09 PM","90","0","90","90","0"
"8955","2026-05-30","1:33:47 PM","200","0","200","200","0"
"8956","2026-05-30","5:00:12 PM","1840","0","1840","1840","0"
"8957","2026-05-30","5:25:56 PM","772","0","772","772","0"
"8958","2026-05-30","7:39:08 PM","6470","0","6470","6470","0"
"8959","2026-05-30","7:43:48 PM","1790","0","1790","1790","0"
"8960","2026-05-30","8:37:37 PM","867","0","867","867","0"
"8961","2026-05-30","8:48:15 PM","1749","0","1749","1749","0"
"8962","2026-05-30","8:56:59 PM","1853","0","1853","1853","0"
"8963","2026-05-30","9:04:06 PM","850","0","850","850","0"
"8964","2026-05-30","9:21:17 PM","1308","0","1308","1308","0"
"8965","2026-05-30","9:47:52 PM","2012","0","2012","2012","0"
"8966","2026-05-30","9:49:29 PM","440","0","440","440","0"
"8967","2026-05-30","9:52:24 PM","150","0","150","150","0"
"8968","2026-05-30","9:55:17 PM","323","0","323","323","0"
"8969","2026-05-30","10:03:19 PM","720","0","720","720","0"
"8970","2026-05-30","10:42:58 PM","1020","0","1020","1020","0"
"8971","2026-05-31","10:03:14 AM","330","0","330","330","0"
"8972","2026-05-31","10:27:16 AM","1580","0","1580","1580","0"
"8973","2026-05-31","10:49:19 AM","270","0","270","270","0"
"8974","2026-05-31","12:00:13 PM","3806","0","3806","3806","0"
"8975","2026-05-31","12:02:43 PM","75","0","75","75","0"
"8976","2026-05-31","1:23:22 PM","3177","0","3177","3177","0"
"8977","2026-05-31","1:24:03 PM","300","0","300","300","0"
"8978","2026-05-31","2:30:31 PM","3199","0","3199","3199","0"
"8979","2026-05-31","4:35:27 PM","50","0","50","50","0"
"8980","2026-05-31","4:40:54 PM","490","0","490","490","0"
"8981","2026-05-31","5:28:14 PM","1050","0","1050","1050","0"
"8982","2026-05-31","6:55:46 PM","515","0","515","515","0"
"8983","2026-05-31","7:39:48 PM","3642","0","3642","3642","0"
"8984","2026-05-31","7:46:24 PM","1030","0","1030","1030","0"
"8985","2026-05-31","7:53:15 PM","600","0","600","600","0"
"8986","2026-05-31","8:01:43 PM","650","0","650","650","0"
"8987","2026-05-31","8:05:16 PM","830","0","830","830","0"
"8988","2026-05-31","8:10:40 PM","1068","18","1050","1050","0"
"8989","2026-05-31","8:32:50 PM","1025","0","1025","1025","0"
"8990","2026-05-31","8:33:25 PM","180","0","180","180","0"
"8991","2026-05-31","8:34:54 PM","4200","0","4200","4200","0"
"8992","2026-05-31","8:51:05 PM","2082","0","2082","2082","0"
"8993","2026-05-31","8:59:07 PM","2060","0","2060","2060","0"
"8994","2026-05-31","9:03:53 PM","100","0","100","100","0"
"8995","2026-05-31","9:06:23 PM","3284","4","3280","3280","0"
"8996","2026-05-31","9:22:23 PM","550","0","550","550","0"
"8997","2026-05-31","9:33:54 PM","1480","0","1480","1480","0"
"8998","2026-05-31","9:44:32 PM","2373","0","2373","2373","0"
"8999","2026-05-31","10:25:41 PM","3180","0","3180","3180","0"
"9000","2026-05-31","10:29:33 PM","170","0","170","170","0"
"9001","2026-05-31","10:30:09 PM","395","0","395","395","0"
"9002","2026-05-31","10:35:41 PM","190","0","190","190","0"
"9003","2026-05-31","10:40:35 PM","587","0","587","587","0"
"9004","2026-05-31","11:04:19 PM","355","0","355","355","0"
"9005","2026-06-01","9:30:28 AM","20","0","20","20","0"
"9006","2026-06-01","9:48:32 AM","752","0","752","752","0"
"9007","2026-06-01","10:03:36 AM","320","0","320","320","0"
"9008","2026-06-01","10:07:06 AM","3100","0","3100","3100","0"
"9009","2026-06-01","10:28:38 AM","1147","0","1147","1147","0"
"9010","2026-06-01","10:34:48 AM","350","0","350","350","0"
"9011","2026-06-01","11:05:07 AM","354","0","354","354","0"
"9012","2026-06-01","11:58:07 AM","225","0","225","225","0"
"9013","2026-06-01","2:36:19 PM","6287","0","6287","6287","0"
"9014","2026-06-01","5:01:29 PM","360","0","360","360","0"
"9015","2026-06-01","7:24:40 PM","3370","0","3370","3370","0"
"9016","2026-06-01","7:42:28 PM","1810","0","1810","1810","0"
"9017","2026-06-01","7:50:05 PM","895","0","895","895","0"
"9018","2026-06-01","8:12:24 PM","1973","0","1973","1973","0"
"9019","2026-06-01","8:19:47 PM","1332","0","1332","1332","0"
"9020","2026-06-01","8:40:21 PM","1943","3","1940","1940","0"
"9021","2026-06-01","8:53:58 PM","600","0","600","600","0"
"9022","2026-06-01","9:13:42 PM","3654","0","3654","3654","0"
"9023","2026-06-01","9:22:07 PM","170","0","170","170","0"
"9024","2026-06-01","9:32:32 PM","470","0","470","470","0"
"9025","2026-06-01","9:34:13 PM","170","0","170","170","0"
"9026","2026-06-01","9:40:24 PM","620","0","620","620","0"
"9027","2026-06-01","9:50:04 PM","1170","0","1170","1170","0"
"9028","2026-06-01","9:50:49 PM","230","0","230","230","0"
"9029","2026-06-01","10:21:22 PM","616","0","616","616","0"
"9030","2026-06-02","9:37:33 AM","80","0","80","80","0"
"9031","2026-06-02","9:52:56 AM","1064","0","1064","1064","0"
"9032","2026-06-02","12:31:08 PM","3934","0","3934","3934","0"
"9033","2026-06-02","12:31:35 PM","300","0","300","300","0"
"9034","2026-06-02","12:49:20 PM","950","0","950","950","0"
"9035","2026-06-02","1:32:09 PM","2090","0","2090","2090","0"
"9036","2026-06-02","1:57:52 PM","50","0","50","50","0"
"9037","2026-06-02","1:58:15 PM","290","0","290","290","0"
"9038","2026-06-02","2:35:00 PM","2500","0","2500","2500","0"
"9039","2026-06-02","7:05:34 PM","3593","0","3593","3593","0"
"9040","2026-06-02","7:35:04 PM","270","0","270","270","0"
"9041","2026-06-02","7:36:35 PM","1060","0","1060","1060","0"
"9042","2026-06-02","8:11:21 PM","3060","0","3060","3060","0"
"9043","2026-06-02","8:12:55 PM","1910","10","1900","1900","0"
"9044","2026-06-02","8:42:14 PM","670","0","670","670","0"
"9045","2026-06-02","8:43:28 PM","2498","0","2498","2498","0"
"9046","2026-06-02","9:01:14 PM","500","0","500","500","0"
"9047","2026-06-02","9:18:10 PM","1171","0","1171","1171","0"
"9048","2026-06-02","9:21:42 PM","560","10","550","550","0"
"9049","2026-06-02","9:25:06 PM","100","0","100","100","0"
"9050","2026-06-02","9:31:05 PM","970","0","970","970","0"
"9051","2026-06-02","9:32:38 PM","850","0","850","850","0"
"9052","2026-06-02","9:35:35 PM","100","0","100","100","0"
"9053","2026-06-02","9:41:08 PM","90","0","90","90","0"
"9054","2026-06-02","9:42:00 PM","330","0","330","330","0"
"9055","2026-06-02","9:47:29 PM","620","0","620","620","0"
"9056","2026-06-02","10:18:05 PM","655","0","655","655","0"
"9057","2026-06-03","9:32:22 AM","460","0","460","460","0"
"9058","2026-06-03","10:35:20 AM","3138","0","3138","3138","0"
"9059","2026-06-03","11:16:11 AM","1536","0","1536","1536","0"
"9060","2026-06-03","11:23:08 AM","946","0","946","946","0"
"9061","2026-06-03","11:26:00 AM","450","0","450","450","0"
"9062","2026-06-03","11:55:54 AM","1237","0","1237","1237","0"
"9063","2026-06-03","11:57:01 AM","810","10","800","800","0"
"9064","2026-06-03","12:01:02 PM","98","0","98","98","0"
"9065","2026-06-03","12:04:30 PM","754","0","754","754","0"
"9066","2026-06-03","12:05:45 PM","780","0","780","780","0"
"9067","2026-06-03","12:13:43 PM","1260","0","1260","1260","0"
"9068","2026-06-03","12:30:44 PM","160","0","160","160","0"
"9069","2026-06-03","1:15:15 PM","1243","0","1243","1243","0"
"9070","2026-06-03","1:37:00 PM","1540","0","1540","1540","0"
"9071","2026-06-03","2:26:56 PM","150","0","150","150","0"
"9072","2026-06-03","2:27:53 PM","50","0","50","50","0"
"9073","2026-06-03","6:50:59 PM","3185","0","3185","3185","0"
"9074","2026-06-03","7:29:58 PM","940","0","940","940","0"
"9075","2026-06-03","7:52:55 PM","2230","0","2230","2230","0"
"9076","2026-06-03","8:08:39 PM","170","0","170","170","0"
"9077","2026-06-03","8:09:30 PM","960","0","960","960","0"
"9078","2026-06-03","8:33:57 PM","1610","0","1610","1610","0"
"9079","2026-06-03","9:09:21 PM","550","0","550","550","0"
"9080","2026-06-03","9:29:50 PM","1850","0","1850","1850","0"
"9081","2026-06-03","9:35:52 PM","790","0","790","790","0"
"9082","2026-06-03","9:43:49 PM","245","0","245","245","0"
"9083","2026-06-03","9:45:44 PM","240","0","240","240","0"
"9084","2026-06-03","9:51:30 PM","450","0","450","450","0"
"9085","2026-06-03","10:13:14 PM","1260","0","1260","1260","0"
"9086","2026-06-03","10:21:36 PM","990","0","990","990","0"
"9087","2026-06-03","10:31:52 PM","640","0","640","640","0"
"9088","2026-06-04","10:50:16 AM","680","0","680","680","0"
"9089","2026-06-04","10:52:01 AM","550","0","550","550","0"
"9090","2026-06-04","11:03:34 AM","1130","0","1130","1130","0"
"9091","2026-06-04","11:36:36 AM","1271","0","1271","1271","0"
"9092","2026-06-04","11:59:56 AM","1390","0","1390","1390","0"
"9093","2026-06-04","12:11:09 PM","100","0","100","100","0"
"9094","2026-06-04","12:13:43 PM","570","0","570","570","0"
"9095","2026-06-04","3:39:33 PM","3629","0","3629","3629","0"
"9096","2026-06-04","6:01:58 PM","780","0","780","780","0"
"9097","2026-06-04","7:08:54 PM","1590","0","1590","1590","0"
"9098","2026-06-04","7:53:13 PM","1580","0","1580","1580","0"
"9099","2026-06-04","8:06:33 PM","1050","0","1050","1050","0"
"9100","2026-06-04","8:22:47 PM","1180","0","1180","1180","0"
"9101","2026-06-04","8:45:29 PM","3160","0","3160","3160","0"
"9102","2026-06-04","9:11:48 PM","796","0","796","796","0"
"9103","2026-06-04","9:20:48 PM","150","0","150","150","0"
"9104","2026-06-04","9:25:02 PM","1899","0","1899","1899","0"
"9105","2026-06-04","10:13:25 PM","968","0","968","968","0"
"9106","2026-06-05","10:46:31 AM","1120","0","1120","1120","0"
"9107","2026-06-05","11:31:08 AM","703","0","703","703","0"
"9108","2026-06-05","11:50:41 AM","1780","20","1760","1760","0"
"9109","2026-06-05","12:17:37 PM","828","0","828","828","0"
"9110","2026-06-05","4:55:16 PM","188","0","188","188","0"
"9111","2026-06-05","6:34:41 PM","2495","0","2495","2495","0"
"9112","2026-06-05","7:46:41 PM","1732","0","1732","1732","0"
"9113","2026-06-05","8:20:17 PM","2420","0","2420","2420","0"
"9114","2026-06-05","8:20:46 PM","180","0","180","180","0"
"9115","2026-06-05","9:39:28 PM","6473","0","6473","6473","0"
"9116","2026-06-05","9:42:53 PM","560","0","560","560","0"
"9117","2026-06-05","10:10:52 PM","1700","0","1700","1700","0"
"9118","2026-06-05","10:19:20 PM","900","0","900","900","0"
"9119","2026-06-05","10:19:58 PM","820","0","820","820","0"
"9120","2026-06-05","10:24:53 PM","2545","0","2545","2545","0"
"9121","2026-06-05","11:29:08 PM","820","0","820","820","0"
"9122","2026-06-06","9:42:34 AM","650","0","650","650","0"
"9123","2026-06-06","9:58:51 AM","200","0","200","200","0"
"9124","2026-06-06","9:59:24 AM","370","0","370","370","0"
"9125","2026-06-06","10:00:17 AM","1300","0","1300","1300","0"
"9126","2026-06-06","10:28:13 AM","1260","0","1260","1260","0"
"9127","2026-06-06","11:50:29 AM","2336","0","2336","2336","0"
"9128","2026-06-06","11:51:59 AM","861","11","850","850","0"
"9129","2026-06-06","12:42:57 PM","2008","0","2008","2008","0"
"9130","2026-06-06","12:54:05 PM","1220","0","1220","1220","0"
"9131","2026-06-06","12:55:02 PM","450","0","450","450","0"
"9132","2026-06-06","3:12:53 PM","910","0","910","910","0"
"9133","2026-06-06","3:16:27 PM","710","10","700","700","0"
"9134","2026-06-06","4:47:33 PM","555","0","555","555","0"
"9135","2026-06-06","7:19:43 PM","6035","0","6035","6035","0"
"9136","2026-06-06","7:25:53 PM","174","0","174","174","0"
"9137","2026-06-06","8:04:03 PM","2375","0","2375","2375","0"
"9138","2026-06-06","8:06:21 PM","395","0","395","395","0"
"9139","2026-06-06","8:11:42 PM","180","0","180","180","0"
"9140","2026-06-06","8:48:07 PM","1610","0","1610","1610","0"
"9141","2026-06-06","8:49:21 PM","175","0","175","175","0"
"9142","2026-06-06","9:11:29 PM","1130","0","1130","1130","0"
"9143","2026-06-06","9:17:51 PM","2090","0","2090","2090","0"
"9144","2026-06-06","9:42:34 PM","870","0","870","870","0"
"9145","2026-06-06","10:00:59 PM","1180","0","1180","1180","0"
"9146","2026-06-06","10:04:14 PM","200","0","200","200","0"
"9147","2026-06-06","10:33:04 PM","1365","0","1365","1365","0"
"9148","2026-06-06","10:34:09 PM","1060","10","1050","1050","0"
"9149","2026-06-06","10:40:03 PM","530","0","530","530","0"
"9150","2026-06-06","11:24:28 PM","1160","0","1160","1160","0"
"9151","2026-06-07","10:09:13 AM","397","0","397","397","0"
"9152","2026-06-07","10:23:19 AM","170","0","170","170","0"
"9153","2026-06-07","11:01:42 AM","989","0","989","989","0"
"9154","2026-06-07","11:03:13 AM","246","0","246","246","0"
"9155","2026-06-07","11:41:25 AM","727","0","727","727","0"
"9156","2026-06-07","11:57:36 AM","570","0","570","570","0"
"9157","2026-06-07","12:04:01 PM","215","0","215","215","0"
"9158","2026-06-07","12:08:18 PM","290","0","290","290","0"
"9159","2026-06-07","12:42:40 PM","1215","0","1215","1215","0"
"9160","2026-06-07","12:53:58 PM","310","0","310","310","0"
"9161","2026-06-07","1:53:21 PM","680","0","680","680","0"
"9162","2026-06-07","2:36:44 PM","360","10","350","350","0"
"9163","2026-06-07","6:21:11 PM","495","0","495","495","0"
"9164","2026-06-07","6:28:15 PM","570","0","570","570","0"
"9165","2026-06-07","7:18:20 PM","400","0","400","400","0"
"9166","2026-06-07","7:25:32 PM","2460","0","2460","2460","0"
"9167","2026-06-07","7:54:25 PM","3068","0","3068","3068","0"
"9168","2026-06-07","7:56:25 PM","430","0","430","430","0"
"9169","2026-06-07","7:59:00 PM","1600","0","1600","1600","0"
"9170","2026-06-07","8:06:53 PM","624","0","624","624","0"
"9171","2026-06-07","8:10:04 PM","200","0","200","200","0"
"9172","2026-06-07","8:16:24 PM","902","0","902","902","0"
"9173","2026-06-07","8:17:45 PM","25","0","25","25","0"
"9174","2026-06-07","8:58:32 PM","2586","6","2580","2580","0"
"9175","2026-06-07","9:03:26 PM","475","0","475","475","0"
"9176","2026-06-07","9:07:36 PM","840","0","840","840","0"
"9177","2026-06-07","9:30:27 PM","3460","0","3460","3460","0"
"9178","2026-06-07","9:31:50 PM","20","0","20","20","0"
"9179","2026-06-07","9:32:28 PM","1468","0","1468","1468","0"
"9180","2026-06-07","9:36:38 PM","610","0","610","610","0"
"9181","2026-06-07","9:42:02 PM","330","0","330","330","0"
"9182","2026-06-07","10:39:01 PM","738","0","738","738","0"
"9183","2026-06-08","10:48:42 AM","979","0","979","979","0"
"9184","2026-06-08","11:05:50 AM","1400","0","1400","1400","0"
"9185","2026-06-08","12:24:50 PM","1595","0","1595","1595","0"
"9186","2026-06-08","12:52:14 PM","995","0","995","995","0"
"9187","2026-06-08","1:06:26 PM","1023","0","1023","1023","0"
"9188","2026-06-08","1:46:05 PM","110","0","110","110","0"
"9189","2026-06-08","2:04:25 PM","201","0","201","201","0"
"9190","2026-06-08","4:49:22 PM","2550","0","2550","2550","0"
"9191","2026-06-08","5:23:10 PM","1520","0","1520","1520","0"
"9192","2026-06-08","5:54:03 PM","1040","0","1040","1040","0"
"9193","2026-06-08","5:56:36 PM","540","0","540","540","0"
"9194","2026-06-08","7:08:17 PM","780","0","780","780","0"
"9195","2026-06-08","8:00:29 PM","2302","0","2302","2302","0"
"9196","2026-06-08","8:02:12 PM","980","300","680","680","0"
"9197","2026-06-08","8:10:15 PM","50","0","50","50","0"
"9198","2026-06-08","8:11:31 PM","1100","0","1100","1100","0"
"9199","2026-06-08","8:21:38 PM","2190","0","2190","2190","0"
"9200","2026-06-08","8:31:05 PM","100","0","100","100","0"
"9201","2026-06-08","9:10:58 PM","4175","0","4175","4175","0"
"9202","2026-06-08","9:19:55 PM","1030","0","1030","1030","0"
"9203","2026-06-08","9:22:40 PM","1556","6","1550","1550","0"
"9204","2026-06-08","9:51:53 PM","6370","0","6370","6370","0"
"9205","2026-06-08","10:07:53 PM","880","0","880","880","0"
"9206","2026-06-08","10:09:55 PM","320","0","320","320","0"
"9207","2026-06-08","10:20:46 PM","640","0","640","640","0"
"9208","2026-06-08","10:39:01 PM","1010","0","1010","1010","0"
"9209","2026-06-08","10:40:18 PM","687","0","687","687","0"
"9210","2026-06-08","10:41:17 PM","25","0","25","25","0"
"9211","2026-06-09","11:12:40 AM","3565","0","3565","3565","0"
"9212","2026-06-09","11:26:30 AM","420","0","420","420","0"
"9213","2026-06-09","11:48:21 AM","1242","5","1237","1237","0"
"9214","2026-06-09","12:10:32 PM","110","0","110","110","0"
"9215","2026-06-09","12:12:43 PM","1136","0","1136","1136","0"
"9216","2026-06-09","12:14:48 PM","1751","0","1751","1751","0"
"9217","2026-06-09","1:06:39 PM","1000","0","1000","1000","0"
"9218","2026-06-09","1:45:38 PM","2979","0","2979","2979","0"
"9219","2026-06-09","5:33:04 PM","1020","0","1020","1020","0"
"9220","2026-06-09","5:56:10 PM","30","0","30","30","0"
"9221","2026-06-09","6:29:00 PM","195","0","195","195","0"
"9222","2026-06-09","7:30:09 PM","300","0","300","300","0"
"9223","2026-06-09","8:03:46 PM","1180","0","1180","1180","0"
"9224","2026-06-09","8:19:42 PM","2100","0","2100","2100","0"
"9225","2026-06-09","8:25:52 PM","1868","0","1868","1868","0"
"9226","2026-06-09","8:46:20 PM","1298","0","1298","1298","0"
"9227","2026-06-09","9:09:43 PM","687","0","687","687","0"
"9228","2026-06-09","9:19:56 PM","900","0","900","900","0"
"9229","2026-06-09","9:25:32 PM","1350","0","1350","1350","0"
"9230","2026-06-09","9:26:59 PM","570","0","570","570","0"
"9231","2026-06-09","9:27:44 PM","400","0","400","400","0"
"9232","2026-06-09","9:29:25 PM","350","0","350","350","0"
"9233","2026-06-09","9:32:51 PM","150","0","150","150","0"
"9234","2026-06-09","9:42:19 PM","570","0","570","570","0"
"9235","2026-06-09","9:56:52 PM","1525","0","1525","1525","0"
"9236","2026-06-09","10:06:30 PM","280","0","280","280","0"
"9237","2026-06-09","10:30:05 PM","488","0","488","488","0"
"9238","2026-06-10","1:44:09 PM","4022","0","4022","4022","0"
"9239","2026-06-10","1:50:56 PM","240","0","240","240","0"
"9240","2026-06-10","5:20:27 PM","1160","0","1160","1160","0"
"9241","2026-06-10","6:50:22 PM","980","0","980","980","0"
"9242","2026-06-10","7:48:15 PM","450","0","450","450","0"
"9243","2026-06-10","7:53:10 PM","760","10","750","750","0"
"9244","2026-06-10","8:13:03 PM","430","0","430","430","0"
"9245","2026-06-10","8:20:17 PM","750","0","750","750","0"
"9246","2026-06-10","8:48:16 PM","600","0","600","600","0"
"9247","2026-06-10","9:03:36 PM","1156","0","1156","1156","0"
"9248","2026-06-10","9:11:32 PM","230","0","230","230","0"
"9249","2026-06-10","9:55:02 PM","2350","0","2350","2350","0"
"9250","2026-06-10","10:00:21 PM","1160","0","1160","1160","0"
"9251","2026-06-10","10:18:18 PM","890","0","890","890","0"
"9252","2026-06-10","10:19:55 PM","350","0","350","350","0"
"9253","2026-06-10","10:22:36 PM","310","0","310","310","0"
"9254","2026-06-10","10:33:05 PM","110","0","110","110","0"
"9255","2026-06-10","10:59:23 PM","1560","0","1560","1560","0"
"9256","2026-06-11","10:30:51 AM","910","0","910","910","0"
"9257","2026-06-11","10:31:42 AM","709","0","709","709","0"
"9258","2026-06-11","11:16:26 AM","920","0","920","920","0"
"9259","2026-06-11","11:19:19 AM","249","0","249","249","0"
"9260","2026-06-11","11:33:18 AM","820","0","820","820","0"
"9261","2026-06-11","11:33:35 AM","130","0","130","130","0"
"9262","2026-06-11","12:02:35 PM","550","0","550","550","0"
"9263","2026-06-11","12:09:23 PM","260","0","260","260","0"
"9264","2026-06-11","12:11:22 PM","1230","0","1230","1230","0"
"9265","2026-06-11","12:19:46 PM","560","0","560","560","0"
"9266","2026-06-11","1:22:52 PM","4760","0","4760","4760","0"
"9267","2026-06-11","1:59:38 PM","220","0","220","220","0"
"9268","2026-06-11","6:30:28 PM","1446","0","1446","1446","0"
"9269","2026-06-11","6:59:26 PM","870","0","870","870","0"
"9270","2026-06-11","7:00:16 PM","750","0","750","750","0"
"9271","2026-06-11","7:25:26 PM","1583","0","1583","1583","0"
"9272","2026-06-11","8:06:59 PM","670","0","670","670","0"
"9273","2026-06-11","8:17:37 PM","496","0","496","496","0"
"9274","2026-06-11","8:28:42 PM","1030","0","1030","1030","0"
"9275","2026-06-11","9:43:56 PM","5651","0","5651","5651","0"
"9276","2026-06-11","9:55:49 PM","1160","10","1150","1150","0"
"9277","2026-06-11","10:08:48 PM","1350","0","1350","1350","0"
"9278","2026-06-11","10:40:32 PM","2163","0","2163","2163","0"
"9279","2026-06-12","10:36:43 AM","2010","0","2010","2010","0"
"9280","2026-06-12","11:30:03 AM","2795","0","2795","2795","0"
"9281","2026-06-12","11:45:36 AM","1200","0","1200","1200","0"
"9282","2026-06-12","11:53:29 AM","250","0","250","250","0"
"9283","2026-06-12","12:46:13 PM","1520","0","1520","1520","0"
"9284","2026-06-12","12:53:08 PM","1220","20","1200","1200","0"
"9285","2026-06-12","5:14:49 PM","860","0","860","860","0"
"9286","2026-06-12","7:08:58 PM","3416","0","3416","3416","0"
"9287","2026-06-12","7:50:03 PM","1701","0","1701","1701","0"
"9288","2026-06-12","11:04:44 PM","12635","0","12635","12635","0"
"9289","2026-06-13","10:04:07 AM","1600","0","1600","1600","0"
"9290","2026-06-13","10:42:39 AM","4586","0","4586","4586","0"
"9291","2026-06-13","11:30:00 AM","1470","0","1470","1470","0"
"9292","2026-06-13","1:07:48 PM","5948","0","5948","5948","0"
"9293","2026-06-13","1:09:03 PM","150","0","150","150","0"
"9294","2026-06-13","1:09:51 PM","90","0","90","90","0"
"9295","2026-06-13","2:48:15 PM","420","0","420","420","0"
"9296","2026-06-13","6:16:13 PM","2040","0","2040","2040","0"
"9297","2026-06-13","7:39:57 PM","3725","0","3725","3725","0"
"9298","2026-06-13","7:41:33 PM","250","0","250","250","0"
"9299","2026-06-13","8:08:28 PM","2860","0","2860","2860","0"
"9300","2026-06-13","8:17:59 PM","40","0","40","40","0"
"9301","2026-06-13","8:19:28 PM","590","0","590","590","0"
"9302","2026-06-13","8:59:01 PM","790","0","790","790","0"
"9303","2026-06-13","9:45:40 PM","5100","0","5100","5100","0"
"9304","2026-06-13","9:59:36 PM","895","0","895","895","0"
"9305","2026-06-13","10:31:41 PM","760","0","760","760","0"
"9306","2026-06-14","9:41:14 AM","1040","0","1040","1040","0"
"9307","2026-06-14","9:47:35 AM","590","0","590","590","0"
"9308","2026-06-14","10:36:13 AM","450","0","450","450","0"
"9309","2026-06-14","12:09:24 PM","1240","0","1240","1240","0"
"9310","2026-06-14","2:00:21 PM","3540","0","3540","3540","0"
"9311","2026-06-14","6:14:17 PM","2434","0","2434","2434","0"
"9312","2026-06-14","6:17:50 PM","1120","0","1120","1120","0"
"9313","2026-06-14","6:19:00 PM","10","0","10","10","0"
"9314","2026-06-14","6:28:22 PM","20","0","20","20","0"
"9315","2026-06-14","7:04:11 PM","1530","0","1530","1530","0"
"9316","2026-06-14","7:12:43 PM","1600","0","0","0","0"
"9317","2026-06-14","7:19:20 PM","250","0","250","250","0"
"9318","2026-06-14","7:21:32 PM","780","0","0","0","0"
"9319","2026-06-14","7:41:41 PM","720","0","720","720","0"
"9320","2026-06-14","7:45:14 PM","2210","10","2200","2200","0"
"9321","2026-06-14","8:20:47 PM","1860","0","1860","1860","0"
"9322","2026-06-14","8:23:18 PM","1180","30","1150","1150","0"
"9323","2026-06-14","8:29:26 PM","828","0","828","828","0"
"9324","2026-06-14","8:31:00 PM","1010","10","1000","1000","0"
"9325","2026-06-14","8:33:24 PM","2549","0","2549","2549","0"
"9326","2026-06-14","8:41:38 PM","1779","0","1779","1779","0"
"9327","2026-06-14","8:42:58 PM","422","0","422","422","0"
"9328","2026-06-14","8:50:28 PM","904","4","900","900","0"
"9329","2026-06-14","8:56:02 PM","50","0","50","50","0"
"9330","2026-06-14","8:59:45 PM","120","0","120","120","0"
"9331","2026-06-14","9:14:55 PM","150","0","150","150","0"
"9332","2026-06-14","10:04:54 PM","1435","0","1435","1435","0"
"9333","2026-06-14","10:20:39 PM","706","0","706","706","0"
"9334","2026-06-15","9:19:06 AM","1114","24","1090","1090","0"
"9335","2026-06-15","11:05:26 AM","2075","0","2075","2075","0"
"9336","2026-06-15","11:12:54 AM","348","0","348","348","0"
"9337","2026-06-15","12:39:32 PM","2552","0","2552","2552","0"
"9338","2026-06-15","1:22:04 PM","485","0","485","485","0"
"9339","2026-06-15","1:22:59 PM","410","10","400","400","0"
"9340","2026-06-15","1:45:29 PM","2138","0","2138","2138","0"
"9341","2026-06-15","1:47:02 PM","492","0","492","492","0"
"9342","2026-06-15","5:53:19 PM","2020","0","2020","2020","0"
"9343","2026-06-15","6:56:24 PM","1690","0","1690","1690","0"
"9344","2026-06-15","7:01:07 PM","1340","0","1340","1340","0"
"9345","2026-06-15","7:05:13 PM","1250","0","1250","1250","0"
"9346","2026-06-15","7:20:16 PM","88","0","88","88","0"
"9347","2026-06-15","7:20:48 PM","170","0","170","170","0"
"9348","2026-06-15","11:10:10 PM","10339","0","10339","10339","0"
"9349","2026-06-16","10:13:21 AM","430","0","430","430","0"
"9350","2026-06-16","10:27:40 AM","1610","0","1610","1610","0"
"9351","2026-06-16","12:17:30 PM","2713","0","2713","2713","0"
"9352","2026-06-16","5:44:22 PM","3999","0","3999","3999","0"
"9353","2026-06-16","7:40:53 PM","700","0","700","700","0"
"9354","2026-06-16","8:48:07 PM","1479","0","1479","1479","0"
"9355","2026-06-16","9:25:02 PM","2440","0","2440","2440","0"
"9356","2026-06-16","9:26:54 PM","350","0","350","350","0"
"9357","2026-06-16","9:27:19 PM","350","0","350","350","0"
"9358","2026-06-16","9:27:32 PM","120","0","120","120","0"
"9359","2026-06-16","9:37:54 PM","970","0","970","970","0"
"9360","2026-06-16","9:52:19 PM","650","0","650","650","0"
"9361","2026-06-16","9:56:18 PM","300","0","300","300","0"
"9362","2026-06-16","10:00:48 PM","220","0","220","220","0"
"9363","2026-06-16","10:29:12 PM","1207","0","1207","1207","0"
"9364","2026-06-16","10:45:51 PM","579","0","579","579","0"
"9365","2026-06-17","12:34:43 PM","5951","0","5951","5951","0"
"9366","2026-06-17","1:45:18 PM","2530","0","2530","2530","0"
"9367","2026-06-17","1:57:06 PM","600","0","600","600","0"
"9368","2026-06-17","7:25:52 PM","3914","0","3914","3914","0"
"9369","2026-06-17","7:48:55 PM","3718","0","3718","3718","0"
"9370","2026-06-17","7:49:26 PM","371","0","371","371","0"
"9371","2026-06-17","8:01:12 PM","3326","0","3326","3326","0"
"9372","2026-06-17","8:28:24 PM","620","0","620","620","0"
"9373","2026-06-17","8:36:58 PM","550","0","550","550","0"
"9374","2026-06-17","10:43:28 PM","9852","0","9852","9852","0"
"9375","2026-06-17","10:52:21 PM","40","0","40","40","0"
"9376","2026-06-17","10:58:50 PM","50","0","50","50","0"
"9377","2026-06-17","11:16:36 PM","1520","0","1520","1520","0"
"9378","2026-06-17","11:17:03 PM","250","0","250","250","0"
"9379","2026-06-18","11:24:42 AM","1085","0","1085","1085","0"
"9380","2026-06-18","11:29:44 AM","2116","16","2100","2100","0"
"9381","2026-06-18","11:34:01 AM","40","0","40","40","0"
"9382","2026-06-18","11:36:20 AM","890","0","890","890","0"
"9383","2026-06-18","12:52:55 PM","3930","0","3930","3930","0"
"9384","2026-06-18","12:54:26 PM","250","0","250","250","0"
"9385","2026-06-18","1:29:44 PM","2360","0","2360","2360","0"
"9386","2026-06-18","2:02:36 PM","1840","0","1840","1840","0"
"9387","2026-06-18","5:25:11 PM","1090","0","1090","1090","0"
"9388","2026-06-18","6:25:07 PM","1400","0","1400","1400","0"
"9389","2026-06-18","8:02:08 PM","5605","0","5605","5605","0"
"9390","2026-06-18","8:12:58 PM","1380","0","1380","1380","0"
"9391","2026-06-18","8:13:30 PM","300","0","300","300","0"
"9392","2026-06-18","8:15:19 PM","3630","0","3630","3630","0"
"9393","2026-06-18","8:20:29 PM","1000","0","1000","1000","0"
"9394","2026-06-18","8:25:20 PM","650","0","650","650","0"
"9395","2026-06-18","8:26:59 PM","770","0","770","770","0"
"9396","2026-06-18","9:02:24 PM","1500","0","1500","1500","0"
"9397","2026-06-18","9:09:38 PM","1070","0","1070","1070","0"
"9398","2026-06-18","9:15:28 PM","640","0","640","640","0"
"9399","2026-06-18","9:25:55 PM","880","0","880","880","0"
"9400","2026-06-18","10:33:32 PM","3689","10","3679","3679","0"
"9401","2026-06-19","10:30:55 AM","882","0","882","882","0"
"9402","2026-06-19","10:34:22 AM","725","0","725","725","0"
"9403","2026-06-19","10:55:58 AM","1490","0","1490","1490","0"
"9404","2026-06-19","12:03:07 PM","650","0","650","650","0"
"9405","2026-06-19","12:54:36 PM","1652","0","1652","1652","0"
"9406","2026-06-19","6:51:47 PM","1500","0","1500","1500","0"
"9407","2026-06-19","7:03:34 PM","2374","0","2374","2374","0"
"9408","2026-06-19","8:46:39 PM","3260","0","3260","3260","0"
"9409","2026-06-19","8:58:56 PM","1355","0","1355","1355","0"
"9410","2026-06-19","8:59:38 PM","300","0","300","300","0"
"9411","2026-06-19","9:18:43 PM","2100","0","2100","2100","0"
"9412","2026-06-19","9:27:01 PM","75","0","75","75","0"
"9413","2026-06-19","10:04:28 PM","3054","0","3054","3054","0"
"9414","2026-06-19","10:22:01 PM","830","0","830","830","0"
"9415","2026-06-20","11:19:21 AM","806","0","806","806","0"
"9416","2026-06-20","11:42:58 AM","700","0","700","700","0"
"9417","2026-06-20","12:38:05 PM","2520","0","2520","2520","0"
"9418","2026-06-20","12:56:23 PM","80","0","80","80","0"
"9419","2026-06-20","5:40:42 PM","3060","0","3060","3060","0"
"9420","2026-06-20","6:28:11 PM","2380","0","2380","2380","0"
"9421","2026-06-20","7:17:24 PM","560","0","560","560","0"
"9422","2026-06-20","7:23:42 PM","548","0","548","548","0"
"9423","2026-06-20","7:54:06 PM","600","0","600","600","0"
"9424","2026-06-20","8:13:02 PM","4849","0","4849","4849","0"
"9425","2026-06-20","8:14:04 PM","420","20","400","400","0"
"9426","2026-06-20","8:21:00 PM","1093","0","1093","1093","0"
"9427","2026-06-20","8:38:37 PM","600","0","600","600","0"
"9428","2026-06-20","8:52:57 PM","290","0","290","290","0"
"9429","2026-06-20","9:00:24 PM","2340","0","2340","2340","0"
"9430","2026-06-20","9:10:34 PM","531","0","531","531","0"
"9431","2026-06-20","9:28:02 PM","2220","0","2220","2220","0"
"9432","2026-06-20","9:39:45 PM","2218","50","2168","2168","0"
"9433","2026-06-20","9:53:39 PM","95","0","95","95","0"
"9434","2026-06-20","11:02:28 PM","1940","0","1940","1940","0"
"9435","2026-06-21","9:51:31 AM","2500","0","2500","2500","0"
"9436","2026-06-21","9:55:30 AM","210","0","210","210","0"
"9437","2026-06-21","9:59:00 AM","70","0","70","70","0"
"9438","2026-06-21","10:31:14 AM","1230","0","1230","1230","0"
"9439","2026-06-21","11:33:19 AM","1100","0","1100","1100","0"
"9440","2026-06-21","1:07:31 PM","510","0","510","510","0"
"9441","2026-06-21","1:08:46 PM","810","0","810","810","0"
"9442","2026-06-21","2:36:13 PM","4110","0","4110","4110","0"
"9443","2026-06-21","2:57:30 PM","795","0","795","795","0"
"9444","2026-06-21","3:08:34 PM","1000","0","1000","1000","0"
"9445","2026-06-21","5:08:50 PM","2260","0","2260","2260","0"
"9446","2026-06-21","5:49:38 PM","2134","0","2134","2134","0"
"9447","2026-06-21","5:50:26 PM","170","0","170","170","0"
"9448","2026-06-21","6:18:20 PM","620","0","620","620","0"
"9449","2026-06-21","7:29:28 PM","487","0","487","487","0"
"9450","2026-06-21","7:54:57 PM","1535","0","1535","1535","0"
"9451","2026-06-21","7:55:51 PM","480","0","480","480","0"
"9452","2026-06-21","8:17:41 PM","1340","0","1340","1340","0"
"9453","2026-06-21","8:42:51 PM","680","0","680","680","0"
"9454","2026-06-21","9:07:49 PM","1706","0","1706","1706","0"
"9455","2026-06-21","9:08:20 PM","760","10","750","750","0"
"9456","2026-06-21","9:38:34 PM","2230","0","2230","2230","0"
"9457","2026-06-21","9:53:06 PM","90","0","90","90","0"
"9458","2026-06-21","10:20:10 PM","2140","0","2140","2140","0"
"9459","2026-06-21","10:33:03 PM","200","0","200","200","0"
"9460","2026-06-22","9:49:15 AM","850","0","850","850","0"
"9461","2026-06-22","10:13:15 AM","50","0","50","50","0"
"9462","2026-06-22","11:25:44 AM","1173","0","1173","1173","0"
"9463","2026-06-22","1:02:57 PM","6644","0","6644","6644","0"
"9464","2026-06-22","1:53:57 PM","1850","0","1850","1850","0"
"9465","2026-06-22","6:12:50 PM","2680","0","2680","2680","0"
"9466","2026-06-22","7:12:14 PM","1694","0","1694","1694","0"
"9467","2026-06-22","8:51:30 PM","6435","0","6435","6435","0"
"9468","2026-06-22","9:08:17 PM","2593","0","2593","2593","0"
"9469","2026-06-22","11:00:51 PM","6170","0","6170","6170","0"
"9470","2026-06-23","11:17:32 AM","3540","20","3520","3520","0"
"9471","2026-06-23","11:26:17 AM","250","0","250","250","0"
"9472","2026-06-23","12:11:11 PM","2469","0","2469","2469","0"
"9473","2026-06-23","1:13:46 PM","2475","0","2475","2475","0"
"9474","2026-06-23","1:42:23 PM","1470","0","1470","1470","0"
"9475","2026-06-23","6:08:14 PM","750","0","750","750","0"
"9476","2026-06-23","7:43:30 PM","799","0","799","799","0"
"9477","2026-06-23","8:00:42 PM","1318","0","1318","1318","0"
"9478","2026-06-23","8:03:42 PM","1554","0","1554","1554","0"
"9479","2026-06-23","8:05:49 PM","1268","0","1268","1268","0"
"9480","2026-06-23","9:10:13 PM","4852","0","4852","4852","0"
"9481","2026-06-23","9:11:12 PM","100","0","100","100","0"
"9482","2026-06-23","9:15:12 PM","980","0","980","980","0"
"9483","2026-06-23","9:15:45 PM","100","0","100","100","0"
"9484","2026-06-23","9:39:21 PM","2220","0","2220","2220","0"
"9485","2026-06-23","9:47:11 PM","2910","0","2910","2910","0"
"9486","2026-06-23","10:31:01 PM","1699","0","1699","1699","0"
"9487","2026-06-23","10:35:20 PM","150","0","150","150","0"
"9488","2026-06-23","10:48:32 PM","330","0","330","330","0"
"9489","2026-06-24","11:37:06 AM","1774","0","1774","1774","0"
"9490","2026-06-24","12:54:51 PM","2604","0","2604","2604","0"
"9491","2026-06-24","1:39:10 PM","1118","0","1118","1118","0"
"9492","2026-06-24","1:42:52 PM","400","0","400","400","0"
"9493","2026-06-24","2:01:59 PM","365","0","365","365","0"
"9494","2026-06-24","6:57:13 PM","1420","0","1420","1420","0"
"9495","2026-06-24","10:26:21 PM","15292","0","15292","15292","0"
"9496","2026-06-24","10:40:15 PM","200","0","200","200","0"
"9497","2026-06-24","10:54:38 PM","650","0","650","650","0"
"9498","2026-06-25","12:27:07 PM","420","0","420","420","0"
"9499","2026-06-25","12:27:56 PM","265","0","265","265","0"
"9500","2026-06-25","1:00:14 PM","550","0","550","550","0"
"9501","2026-06-25","3:06:18 PM","1000","0","1000","1000","0"
"9502","2026-06-25","6:48:04 PM","2998","0","2998","2998","0"
"9503","2026-06-25","7:04:34 PM","850","0","850","850","0"
"9504","2026-06-25","7:42:58 PM","2270","0","2270","2270","0"
"9505","2026-06-25","7:46:17 PM","420","0","420","420","0"
"9506","2026-06-25","8:19:38 PM","940","0","940","940","0"
"9507","2026-06-25","8:24:16 PM","800","0","800","800","0"
"9508","2026-06-25","8:52:47 PM","1810","0","1810","1810","0"
"9509","2026-06-25","9:46:50 PM","3390","0","3390","3390","0"
"9510","2026-06-25","10:55:24 PM","2190","0","2190","2190","0"
"9511","2026-06-26","9:20:06 AM","835","0","835","835","0"
"9512","2026-06-26","9:37:49 AM","2050","0","2050","2050","0"
"9513","2026-06-26","9:38:51 AM","700","0","700","700","0"
"9514","2026-06-26","1:13:49 PM","7634","0","7634","7634","0"
"9515","2026-06-26","1:15:54 PM","150","0","150","150","0"
"9516","2026-06-26","7:12:59 PM","1397","0","1397","1397","0"
"9517","2026-06-26","7:17:23 PM","750","0","750","750","0"
"9518","2026-06-26","7:45:45 PM","2820","0","2820","2820","0"
"9519","2026-06-26","8:23:40 PM","1830","0","1830","1830","0"
"9520","2026-06-26","8:54:05 PM","2130","0","2130","2130","0"
"9521","2026-06-26","9:40:41 PM","3566","0","3566","3566","0"
"9522","2026-06-26","10:35:23 PM","1930","0","1930","1930","0"
"9523","2026-06-26","10:56:38 PM","140","0","140","140","0"
"9524","2026-06-27","11:20:47 AM","1430","0","1430","1430","0"
"9525","2026-06-27","11:26:47 AM","438","0","438","438","0"
"9526","2026-06-27","2:10:18 PM","4247","0","4247","4247","0"
"9527","2026-06-27","6:59:42 PM","4090","0","4090","4090","0"
"9528","2026-06-27","7:30:10 PM","610","0","610","610","0"
"9529","2026-06-27","7:50:47 PM","330","0","330","330","0"
"9530","2026-06-27","8:01:29 PM","100","0","100","100","0"
"9531","2026-06-27","8:07:16 PM","440","0","440","440","0"
"9532","2026-06-27","8:10:54 PM","1647","0","1647","1647","0"
"9533","2026-06-27","8:51:14 PM","1855","0","1855","1855","0"
"9534","2026-06-27","8:57:03 PM","900","0","900","900","0"
"9535","2026-06-27","9:07:00 PM","580","0","580","580","0"
"9536","2026-06-27","9:18:26 PM","385","0","385","385","0"
"9537","2026-06-27","9:20:47 PM","750","0","750","750","0"
"9538","2026-06-27","10:59:54 PM","4060","0","4060","4060","0"
"9539","2026-06-28","11:40:46 AM","2428","0","2428","2428","0"
"9540","2026-06-28","2:38:21 PM","3463","0","3463","3463","0"
"9541","2026-06-28","5:03:07 PM","480","0","480","480","0"
"9542","2026-06-28","5:04:01 PM","1033","33","1000","1000","0"
"9543","2026-06-28","7:05:46 PM","1938","0","1938","1938","0"
"9544","2026-06-28","7:23:00 PM","1010","0","1010","1010","0"
"9545","2026-06-28","7:25:55 PM","9100","0","9100","9100","0"
"9546","2026-06-28","7:43:31 PM","1270","0","1270","1270","0"
"9547","2026-06-28","8:00:37 PM","640","0","640","640","0"
"9548","2026-06-28","8:04:38 PM","750","0","750","750","0"
"9549","2026-06-28","8:13:21 PM","5980","0","5980","5980","0"
"9550","2026-06-28","8:37:43 PM","260","0","260","260","0"
"9551","2026-06-28","8:40:16 PM","745","0","745","745","0"
"9552","2026-06-28","8:57:31 PM","830","10","820","820","0"
"9553","2026-06-28","8:57:57 PM","510","10","500","500","0"
"9554","2026-06-28","9:04:28 PM","120","0","120","120","0"
"9555","2026-06-28","9:12:43 PM","180","0","180","180","0"
"9556","2026-06-28","9:20:01 PM","265","0","265","265","0"
"9557","2026-06-28","9:24:31 PM","860","0","860","860","0"
"9558","2026-06-28","10:43:22 PM","1790","0","1790","1790","0"
"9559","2026-06-29","11:59:07 AM","5944","0","5944","5944","0"
"9560","2026-06-29","1:37:32 PM","1500","0","1500","1500","0"
"9561","2026-06-29","5:26:22 PM","5865","0","5865","5865","0"
"9562","2026-06-29","7:47:01 PM","2134","0","2134","2134","0"
"9563","2026-06-29","7:57:24 PM","1429","0","1429","1429","0"
"9564","2026-06-29","8:16:58 PM","1370","0","1370","1370","0"
"9565","2026-06-29","8:17:24 PM","770","0","770","770","0"
"9566","2026-06-29","8:18:55 PM","400","0","400","400","0"
"9567","2026-06-29","9:09:52 PM","4241","0","4241","4241","0"
"9568","2026-06-29","10:22:45 PM","2980","0","2980","2980","0"
"9569","2026-06-29","10:46:17 PM","1090","0","1090","1090","0"
"9570","2026-06-29","10:49:39 PM","100","0","100","100","0"
"9571","2026-06-30","10:02:40 AM","750","0","750","750","0"
"9572","2026-06-30","10:48:03 AM","295","0","295","295","0"
"9573","2026-06-30","11:37:37 AM","2246","0","2246","2246","0"
"9574","2026-06-30","11:47:07 AM","720","0","720","720","0"
"9575","2026-06-30","1:13:50 PM","3855","0","3855","3855","0"
"9576","2026-06-30","2:24:27 PM","410","0","410","410","0"
"9577","2026-06-30","5:00:29 PM","2850","0","2850","2850","0"
"9578","2026-06-30","5:02:54 PM","870","0","870","870","0"
"9579","2026-06-30","7:19:37 PM","2048","0","2048","2048","0"
"9580","2026-06-30","8:45:20 PM","4760","0","4760","4760","0"
"9581","2026-06-30","11:03:16 PM","9211","0","9211","9211","0"
"9582","2026-07-01","9:11:18 AM","386","0","386","386","0"
"9583","2026-07-01","9:16:44 AM","268","0","268","268","0"
"9584","2026-07-01","10:23:16 AM","1004","0","1004","1004","0"
"9585","2026-07-01","11:37:58 AM","600","0","600","600","0"
"9586","2026-07-01","12:34:20 PM","2907","0","2907","2907","0"
"9587","2026-07-01","1:55:53 PM","5722","0","5722","5722","0"
"9588","2026-07-01","2:01:27 PM","300","0","300","300","0"
"9589","2026-07-01","4:55:43 PM","500","0","500","500","0"
"9590","2026-07-01","5:41:40 PM","415","0","415","415","0"
"9591","2026-07-01","5:55:33 PM","68","0","68","68","0"
"9592","2026-07-01","7:38:46 PM","750","0","750","750","0"
"9593","2026-07-01","7:56:53 PM","1960","0","1960","1960","0"
"9594","2026-07-01","8:20:02 PM","1960","0","1960","1960","0"
"9595","2026-07-01","8:25:15 PM","3730","30","3700","3700","0"
"9596","2026-07-01","8:43:49 PM","690","0","690","690","0"
"9597","2026-07-01","11:04:08 PM","9600","0","9600","9600","0"
"9598","2026-07-02","12:34:15 PM","5550","0","5550","5550","0"
"9599","2026-07-02","4:41:40 PM","6196","0","6196","6196","0"
"9600","2026-07-02","5:45:23 PM","3390","0","3390","3390","0"
"9601","2026-07-02","7:12:17 PM","6470","0","6470","6470","0"
"9602","2026-07-02","10:50:24 PM","16826","0","16826","16826","0"
"9603","2026-07-02","10:52:27 PM","5","0","5","5","0"
"9604","2026-07-03","1:29:25 PM","9380","0","9380","9380","0"
"9605","2026-07-03","10:55:31 PM","19148","0","19148","19148","0"
"9606","2026-07-04","11:05:52 PM","33752","0","33752","33752","0"
"9607","2026-07-05","2:25:56 PM","9015","0","9015","9015","0"
"9608","2026-07-05","2:26:26 PM","50","0","50","50","0"
"9609","2026-07-05","10:04:55 PM","12700","0","12700","12700","0"
"9610","2026-07-05","10:16:41 PM","120","0","120","120","0"
"9611","2026-07-05","10:56:19 PM","1770","0","1770","1770","0"
"9612","2026-07-06","11:11:03 AM","2747","0","2747","2747","0"
"9613","2026-07-06","1:45:13 PM","4570","0","4570","4570","0"
"9614","2026-07-06","5:48:17 PM","810","0","0","0","0"
"9615","2026-07-06","6:07:00 PM","1270","0","1270","1270","0"
"9616","2026-07-06","6:45:50 PM","1250","0","1250","1250","0"
"9617","2026-07-06","6:55:05 PM","235","0","235","235","0"
"9618","2026-07-06","7:05:48 PM","360","0","360","360","0"
"9619","2026-07-06","8:30:34 PM","3770","0","3770","3770","0"
"9620","2026-07-06","10:17:44 PM","6137","0","6137","6137","0"
"9621","2026-07-06","10:19:41 PM","670","0","670","670","0"
"9622","2026-07-06","11:04:27 PM","1362","0","1362","1362","0"
"9623","2026-07-07","12:29:47 PM","6699","0","6699","6699","0"
"9624","2026-07-07","1:50:25 PM","660","0","660","660","0"
"9625","2026-07-07","6:26:59 PM","1030","0","1030","1030","0"
"9626","2026-07-07","7:09:45 PM","930","0","930","930","0"
"9627","2026-07-07","7:41:30 PM","508","0","508","508","0"
"9628","2026-07-07","9:02:46 PM","7293","0","7293","7293","0"
"9629","2026-07-07","10:42:36 PM","4345","0","4345","4345","0"
"9630","2026-07-07","10:57:58 PM","700","0","700","700","0"
"9631","2026-07-08","9:33:18 AM","22","0","22","22","0"
"9632","2026-07-08","10:00:58 AM","1072","0","1072","1072","0"
"9633","2026-07-08","10:04:31 AM","189","0","189","189","0"
"9634","2026-07-08","10:19:38 AM","640","0","640","640","0"
"9635","2026-07-08","10:34:02 AM","2170","0","2170","2170","0"
"9636","2026-07-08","10:36:26 AM","2290","0","2290","2290","0"
"9637","2026-07-08","1:00:07 PM","2785","0","2785","2785","0"
"9638","2026-07-08","10:57:41 PM","19604","0","19604","19604","0"
"9639","2026-07-09","11:25:03 AM","3600","0","3600","3600","0"
"9640","2026-07-09","5:59:39 PM","5890","0","5890","5890","0"
"9641","2026-07-09","7:17:04 PM","1189","0","1189","1189","0"
"9642","2026-07-09","7:22:35 PM","980","0","980","980","0"
"9643","2026-07-09","7:30:30 PM","690","0","690","690","0"
"9644","2026-07-09","7:31:00 PM","130","0","130","130","0"
"9645","2026-07-09","8:30:46 PM","4110","0","4110","4110","0"
"9646","2026-07-09","8:55:32 PM","1766","0","1766","1766","0"
"9647","2026-07-09","9:00:08 PM","600","0","600","600","0"
"9648","2026-07-09","9:12:36 PM","560","0","560","560","0"
"9649","2026-07-09","9:22:41 PM","2953","0","2953","2953","0"
"9650","2026-07-09","9:25:10 PM","2130","130","2000","2000","0"
"9651","2026-07-09","9:30:45 PM","360","0","360","360","0"
"9652","2026-07-09","9:35:48 PM","700","0","700","700","0"
"9653","2026-07-09","9:51:32 PM","1210","0","1210","1210","0"
"9654","2026-07-09","10:26:42 PM","2144","0","2144","2144","0"
"9655","2026-07-09","10:35:33 PM","490","0","490","490","0"
"9656","2026-07-09","11:04:48 PM","480","0","480","480","0"
"9657","2026-07-10","9:12:46 AM","402","0","402","402","0"
"9658","2026-07-10","10:10:20 AM","973","0","973","973","0"
"9659","2026-07-10","1:04:28 PM","2683","0","2683","2683","0"
"9660","2026-07-10","1:16:08 PM","280","0","280","280","0"
"9661","2026-07-10","1:23:18 PM","150","0","150","150","0"
"9662","2026-07-10","5:37:45 PM","780","0","780","780","0"
"9663","2026-07-10","5:39:11 PM","290","0","290","290","0"
"9664","2026-07-10","6:34:16 PM","460","10","450","450","0"
"9665","2026-07-10","6:38:05 PM","770","0","770","770","0"
"9666","2026-07-10","7:01:01 PM","2140","0","2140","2140","0"
"9667","2026-07-10","7:31:54 PM","450","0","450","450","0"
"9668","2026-07-10","7:41:25 PM","1800","0","1800","1800","0"
"9669","2026-07-10","7:51:51 PM","370","0","370","370","0"
"9670","2026-07-10","8:14:44 PM","3605","0","3605","3605","0"
"9671","2026-07-10","8:21:15 PM","150","0","150","150","0"
"9672","2026-07-10","8:22:52 PM","900","0","900","900","0"
"9673","2026-07-10","9:04:20 PM","4370","0","4370","4370","0"
"9674","2026-07-10","9:41:38 PM","2173","0","2173","2173","0"
"9675","2026-07-10","10:17:52 PM","3080","0","0","0","0"
"9676","2026-07-10","10:28:39 PM","610","0","610","610","0"
"9677","2026-07-11","11:01:47 AM","1740","0","1740","1740","0"
"9678","2026-07-11","11:23:53 AM","1312","0","1312","1312","0"
"9679","2026-07-11","11:24:35 AM","2120","120","2000","2000","0"
"9680","2026-07-11","11:44:47 AM","1300","0","1300","1300","0"
"9681","2026-07-11","12:07:26 PM","1284","0","1284","1284","0"
"9682","2026-07-11","1:20:42 PM","1520","0","1520","1520","0"
"9683","2026-07-11","1:49:44 PM","260","0","260","260","0"
"9684","2026-07-11","1:52:02 PM","237","0","237","237","0"
"9685","2026-07-11","1:54:27 PM","780","30","750","750","0"
"9686","2026-07-11","2:11:42 PM","1484","0","1484","1484","0"
"9687","2026-07-11","3:13:38 PM","1050","0","1050","1050","0"
"9688","2026-07-11","8:04:52 PM","3800","0","3800","3800","0"
"9689","2026-07-11","8:10:23 PM","170","0","170","170","0"
"9690","2026-07-11","9:07:32 PM","2380","0","2380","2380","0"
"9691","2026-07-11","9:28:55 PM","3100","0","3100","3100","0"
"9692","2026-07-11","10:06:01 PM","1520","0","1520","1520","0"
"9693","2026-07-11","10:08:45 PM","450","0","450","450","0"
"9694","2026-07-11","10:18:19 PM","50","0","50","50","0"
"9695","2026-07-11","10:19:24 PM","3005","105","2900","2900","0"
"9696","2026-07-11","10:32:02 PM","500","0","500","500","0"
"9697","2026-07-12","10:53:36 AM","940","0","940","940","0"
"9698","2026-07-12","12:10:57 PM","770","0","770","770","0"
"9699","2026-07-12","1:31:05 PM","980","0","980","980","0"
"9700","2026-07-12","5:20:01 PM","960","0","960","960","0"
"9701","2026-07-12","5:44:54 PM","50","0","50","50","0"
"9702","2026-07-12","7:33:06 PM","1870","0","1870","1870","0"
"9703","2026-07-12","7:36:56 PM","4440","40","4400","4400","0"
"9704","2026-07-12","7:37:51 PM","120","0","120","120","0"
"9705","2026-07-12","7:45:05 PM","1242","0","1242","1242","0"
"9706","2026-07-12","8:10:11 PM","2820","0","2820","2820","0"
"9707","2026-07-12","8:12:37 PM","726","0","726","726","0"
"9708","2026-07-12","8:13:18 PM","200","0","200","200","0"
"9709","2026-07-12","9:11:36 PM","2070","0","2070","2070","0"
"9710","2026-07-12","10:36:56 PM","3455","0","3455","3455","0"
"9711","2026-07-12","10:43:20 PM","900","0","900","900","0"
"9712","2026-07-13","9:40:34 AM","230","0","230","230","0"
"9713","2026-07-13","11:04:55 AM","1533","0","1533","1533","0"
"9714","2026-07-13","11:42:47 AM","510","0","510","510","0"
"9715","2026-07-13","11:59:00 AM","100","0","100","100","0"
"9716","2026-07-13","12:20:13 PM","966","0","966","966","0"
"9717","2026-07-13","12:25:33 PM","1180","0","1180","1180","0"
"9718","2026-07-13","12:49:12 PM","530","0","530","530","0"
"9719","2026-07-13","1:06:44 PM","100","0","100","100","0"
"9720","2026-07-13","1:54:11 PM","1480","0","1480","1480","0"
"9721","2026-07-13","7:04:44 PM","1760","0","1760","1760","0"
"9722","2026-07-13","7:06:17 PM","1220","20","1200","1200","0"
"9723","2026-07-13","8:16:17 PM","2530","0","2530","2530","0"
"9724","2026-07-13","9:07:50 PM","4101","0","4101","4101","0"
"9725","2026-07-13","9:52:16 PM","3850","0","3850","3850","0"
"9726","2026-07-13","10:23:01 PM","1190","0","1190","1190","0"
"9727","2026-07-13","10:23:22 PM","270","0","270","270","0"
"9728","2026-07-13","10:40:43 PM","190","0","190","190","0"
"9729","2026-07-13","10:52:37 PM","454","0","454","454","0"
"9730","2026-07-14","1:45:03 PM","10660","0","10660","10660","0"
"9731","2026-07-14","6:24:22 PM","1491","0","1491","1491","0"
"9732","2026-07-14","6:40:32 PM","250","0","250","250","0"
"9733","2026-07-14","6:46:56 PM","1090","10","1080","1080","0"
"9734","2026-07-14","7:30:47 PM","4770","0","4770","4770","0"
"9735","2026-07-14","7:48:59 PM","100","0","100","100","0"
"9736","2026-07-14","8:11:49 PM","1120","0","1120","1120","0"
"9737","2026-07-14","8:37:00 PM","850","0","850","850","0"
"9738","2026-07-14","8:56:01 PM","1220","0","1220","1220","0"
"9739","2026-07-14","10:03:49 PM","4870","0","4870","4870","0"
"9740","2026-07-14","11:17:18 PM","2890","0","2890","2890","0"
"9741","2026-07-15","11:04:33 AM","765","0","765","765","0"
"9742","2026-07-15","11:05:14 AM","780","0","780","780","0"
"9743","2026-07-15","11:15:31 AM","393","0","393","393","0"
"9744","2026-07-15","11:16:37 AM","250","0","250","250","0"
"9745","2026-07-15","12:04:13 PM","620","0","620","620","0"
"9746","2026-07-15","6:36:22 PM","7185","0","7185","7185","0"
"9747","2026-07-15","6:48:07 PM","121","0","121","121","0"
"9748","2026-07-15","8:20:16 PM","5016","0","5016","5016","0"
"9749","2026-07-15","10:15:59 PM","6340","0","6340","6340","0"
"9750","2026-07-16","9:06:59 AM","596","0","596","596","0"
"9751","2026-07-16","11:39:49 AM","1980","0","1980","1980","0"
"9752","2026-07-16","11:44:06 AM","1050","0","1050","1050","0"
"9753","2026-07-16","1:53:42 PM","7705","0","7705","7705","0"
"9754","2026-07-16","5:43:25 PM","7630","0","7630","7630","0"
"9755","2026-07-16","6:33:10 PM","1830","0","1830","1830","0"
"9756","2026-07-16","7:20:32 PM","470","0","470","470","0"
"9757","2026-07-16","8:53:48 PM","5570","0","5570","5570","0"
"9758","2026-07-16","10:58:44 PM","8090","0","8090","8090","0"
"9759","2026-07-17","9:18:22 AM","492","0","492","492","0"
"9760","2026-07-17","12:36:44 PM","9225","50","9175","0","0"
"9761","2026-07-17","8:58:07 PM","8528","0","8528","8528","0"
"9762","2026-07-17","10:17:36 PM","5445","0","5445","5445","0"
"9763","2026-07-17","10:19:25 PM","340","0","340","340","0"
"9764","2026-07-17","10:20:09 PM","1500","0","1500","1500","0"
"9765","2026-07-18","10:22:06 AM","1200","0","1200","1200","0"
"9766","2026-07-18","11:34:56 AM","2360","0","2360","2360","0"
"9767","2026-07-18","1:14:52 PM","3720","0","3720","3720","0"
"9768","2026-07-18","7:00:13 PM","1790","0","1790","1790","0"
"9769","2026-07-18","7:07:56 PM","280","0","280","280","0"
"9770","2026-07-18","7:19:18 PM","876","0","876","876","0"
"9771","2026-07-18","7:20:29 PM","96","0","96","96","0"
"9772","2026-07-18","8:07:12 PM","5820","0","5820","5820","0"
"9773","2026-07-18","8:54:02 PM","5806","0","5806","5806","0"
"9774","2026-07-18","10:12:22 PM","3770","0","3770","3770","0"
"9775","2026-07-18","10:13:43 PM","1080","0","1080","1080","0"
"9776","2026-07-18","10:36:29 PM","240","0","0","0","0"
"9777","2026-07-19","10:22:45 AM","2728","0","2728","2728","0"
"9778","2026-07-19","11:36:09 AM","2670","0","2670","2670","0"
"9779","2026-07-19","11:37:05 AM","500","0","500","500","0"
"9780","2026-07-19","11:39:59 AM","490","0","490","490","0"
"9781","2026-07-19","12:44:11 PM","4170","0","4170","4170","0"
"9782","2026-07-19","12:44:43 PM","600","0","600","600","0"
"9783","2026-07-19","3:08:13 PM","6363","0","6363","6363","0"
"9784","2026-07-19","10:33:15 PM","22230","0","22230","22230","0"
"9785","2026-07-20","6:37:16 PM","6761","0","6761","6761","0"
"9786","2026-07-20","8:10:45 PM","4690","0","4690","4690","0"
"9787","2026-07-20","8:16:30 PM","2960","0","2960","2960","0"
"9788","2026-07-20","8:54:59 PM","5255","0","5255","5255","0"
"9789","2026-07-20","8:57:03 PM","1080","0","1080","1080","0"
"9790","2026-07-20","9:05:13 PM","395","0","395","395","0"
"9791","2026-07-20","10:16:14 PM","2430","0","2430","2430","0"
"9792","2026-07-20","10:17:43 PM","140","0","140","140","0"
"9793","2026-07-21","12:45:00 PM","740","0","740","740","0"
"9794","2026-07-21","12:46:53 PM","1490","0","1490","1490","0"
"9795","2026-07-21","5:25:05 PM","7393","0","7393","7393","0"
"9796","2026-07-21","6:00:53 PM","1490","0","1490","1490","0"
"9797","2026-07-21","6:11:26 PM","200","0","200","200","0"
"9798","2026-07-21","6:47:03 PM","580","0","580","580","0"
"9799","2026-07-21","9:01:36 PM","11035","0","11035","11035","0"
"9800","2026-07-21","10:03:37 PM","4180","0","4180","4180","0"
"9801","2026-07-21","10:56:30 PM","1060","0","1060","1060","0"
"9802","2026-07-22","5:25:16 PM","9187","0","9187","9187","0"
"9803","2026-07-22","7:43:05 PM","3515","0","3515","3515","0"
"9804","2026-07-22","7:52:58 PM","50","0","50","50","0"
"9805","2026-07-22","8:10:53 PM","3280","0","3280","3280","0"
"9806","2026-07-22","8:11:54 PM","6130","0","6130","6130","0"
"9807","2026-07-22","8:23:23 PM","1710","0","1710","1710","0"
"9808","2026-07-22","8:34:45 PM","20","0","20","20","0"
"9809","2026-07-22","8:35:44 PM","430","0","430","430","0"
"9810","2026-07-22","8:48:29 PM","90","0","90","90","0"
"9811","2026-07-22","8:50:12 PM","570","20","550","550","0"
"9812","2026-07-22","9:08:46 PM","2390","0","2390","2390","0"
"9813","2026-07-22","10:12:04 PM","1490","0","1490","1490","0"
"9814","2026-07-22","10:16:06 PM","750","0","750","750","0"
"9815","2026-07-22","10:17:03 PM","430","0","430","430","0"
"9816","2026-07-22","11:00:05 PM","820","0","820","820","0"
"9817","2026-07-23","11:05:41 AM","1655","0","1655","1655","0"
"9818","2026-07-23","11:07:23 AM","580","0","580","580","0"
"9819","2026-07-23","11:50:48 AM","1008","0","1008","1008","0"
"9820","2026-07-23","1:46:56 PM","1636","0","1636","1636","0"
"9821","2026-07-23","7:04:12 PM","4900","0","4900","4900","0"
"9822","2026-07-23","7:36:56 PM","1850","0","1850","1850","0"
"9823","2026-07-23","7:46:13 PM","2240","0","2240","2240","0"
"9824","2026-07-23","7:50:05 PM","1370","20","1350","1350","0"
"9825","2026-07-23","10:21:47 PM","10335","0","10335","10335","0"
"9826","2026-07-23","10:33:14 PM","878","0","878","878","0"
"9827","2026-07-23","10:34:25 PM","400","0","400","400","0"
"9828","2026-07-23","10:58:25 PM","230","0","230","230","0"
"9829","2026-07-24","10:00:47 AM","1290","0","1290","1290","0"
"9830","2026-07-24","11:01:45 AM","600","0","600","600","0"
"9831","2026-07-24","1:43:31 PM","3895","0","3895","3895","0"
"9832","2026-07-24","8:30:50 PM","8330","0","8330","8330","0"
"9833","2026-07-24","9:42:59 PM","2490","0","2490","2490","0"
"9834","2026-07-24","9:48:22 PM","100","0","100","100","0"
"9835","2026-07-24","10:03:39 PM","2420","0","2420","2420","0"
"9836","2026-07-24","10:32:22 PM","980","0","980","980","0"
"9837","2026-07-24","10:56:47 PM","180","0","180","180","0"
"9838","2026-07-25","10:05:42 AM","450","0","450","450","0"
"9839","2026-07-25","12:03:40 PM","4290","0","4290","4290","0"
"9840","2026-07-25","12:26:56 PM","1210","0","1210","1210","0"
"9841","2026-07-25","6:18:32 PM","5008","0","5008","5008","0"
"9842","2026-07-25","6:29:46 PM","2180","0","2180","2180","0"
"9843","2026-07-25","8:04:32 PM","6610","0","6610","6610","0"
"9844","2026-07-25","10:03:08 PM","4815","0","4815","4815","0"
"9845","2026-07-25","10:16:52 PM","570","0","570","570","0"
"9846","2026-07-25","10:59:43 PM","1060","0","1060","1060","0"
"9847","2026-07-26","10:53:02 AM","827","0","827","827","0"
"9848","2026-07-26","10:59:52 AM","100","0","100","100","0"
"9849","2026-07-26","11:54:43 AM","400","0","400","400","0"
"9850","2026-07-26","11:56:06 AM","950","0","950","950","0"
"9851","2026-07-26","12:17:44 PM","1105","0","1105","1105","0"
"9852","2026-07-26","1:22:25 PM","760","0","760","760","0"
"9853","2026-07-26","1:26:30 PM","1747","47","1700","1700","0"
"9854","2026-07-26","2:07:19 PM","200","0","200","200","0"
"9855","2026-07-26","2:11:16 PM","1430","30","1400","1400","0"
"9856","2026-07-26","2:57:39 PM","1110","0","1110","1110","0"
"9857","2026-07-26","4:58:33 PM","660","0","660","660","0"
"9858","2026-07-26","6:27:17 PM","840","0","840","840","0"
"9859","2026-07-26","6:57:59 PM","1200","0","1200","1200","0"
"9860","2026-07-26","7:17:11 PM","2060","0","2060","2060","0"
"9861","2026-07-26","8:43:14 PM","7330","0","7330","7330","0"
"9862","2026-07-26","8:50:08 PM","1550","0","1550","1550","0"
"9863","2026-07-26","8:51:39 PM","1058","58","1000","1000","0"
"9864","2026-07-26","9:48:29 PM","1550","0","1550","1550","0"
"9865","2026-07-26","10:12:53 PM","244","0","244","244","0"
"9866","2026-07-26","10:19:26 PM","260","0","260","260","0"
"9867","2026-07-26","10:27:20 PM","170","0","170","170","0"
"9868","2026-07-26","10:58:58 PM","745","0","745","745","0"
"9869","2026-07-27","10:19:15 AM","180","0","180","180","0"
"9870","2026-07-27","10:19:55 AM","600","0","600","600","0"
"9871","2026-07-27","10:58:22 AM","72","2","70","70","0"
"9872","2026-07-27","12:57:17 PM","1888","0","1888","1888","0"
"9873","2026-07-27","12:58:13 PM","620","20","600","600","0"
"9874","2026-07-27","1:36:33 PM","1880","0","1880","1880","0"
"9875","2026-07-27","1:52:42 PM","140","0","140","140","0"
"9876","2026-07-27","5:44:50 PM","2148","0","2148","2148","0"
"9877","2026-07-27","7:12:26 PM","2120","0","2120","2120","0"
"9878","2026-07-27","7:13:32 PM","900","0","900","900","0"
"9879","2026-07-27","7:56:24 PM","1230","0","1230","1230","0"
"9880","2026-07-27","8:05:48 PM","880","0","880","880","0"
"9881","2026-07-27","8:45:53 PM","2220","0","2220","2220","0"
"9882","2026-07-27","8:56:37 PM","1090","0","1090","1090","0"
"9883","2026-07-27","9:28:34 PM","1145","0","1145","1145","0"
"9884","2026-07-27","9:49:25 PM","2110","0","2110","2110","0"
"9885","2026-07-27","10:59:12 PM","1060","0","1060","1060","0"
"9886","2026-07-28","10:26:02 AM","1150","0","1150","1150","0"
"9887","2026-07-28","11:34:12 AM","1539","0","1539","1539","0"
"9888","2026-07-28","11:36:15 AM","3005","5","3000","3000","0"
"9889","2026-07-28","12:53:15 PM","2020","0","2020","2020","0"
"9890","2026-07-28","5:21:42 PM","4650","0","4650","4650","0"
"9891","2026-07-28","6:05:24 PM","100","0","100","100","0"
"9892","2026-07-28","7:20:00 PM","1040","0","1040","1040","0"
"9893","2026-07-28","7:44:43 PM","990","0","990","990","0"
"9894","2026-07-28","8:24:45 PM","2144","4","2140","2140","0"
"9895","2026-07-28","8:38:30 PM","268","0","268","268","0"
"9896","2026-07-28","10:00:34 PM","2210","0","2210","2210","0"
"9897","2026-07-28","10:10:34 PM","671","0","671","671","0"
"9898","2026-07-28","10:34:48 PM","590","0","590","590","0"
"9899","2026-07-29","5:31:17 PM","6002","0","6002","6002","0"
"9900","2026-07-29","5:33:27 PM","750","0","750","750","0"
"9901","2026-07-29","7:01:59 PM","1300","0","1300","1300","0"
"9902","2026-07-29","7:12:26 PM","100","0","100","100","0"
"9903","2026-07-29","7:49:30 PM","1790","0","1790","1790","0"
"9904","2026-07-29","8:54:23 PM","2640","0","2640","2640","0"
"9905","2026-07-29","9:24:33 PM","980","0","980","980","0"
"9906","2026-07-29","11:01:13 PM","2585","0","2585","2585","0"
"9907","2026-07-30","10:31:33 AM","1387","0","1387","1387","0"
"9908","2026-07-30","10:34:20 AM","250","0","250","250","0"
"9909","2026-07-30","11:04:26 AM","925","0","925","925","0"
"9910","2026-07-30","11:23:29 AM","979","0","979","979","0"
"9911","2026-07-30","12:12:54 PM","350","0","350","350","0"
"9912","2026-07-30","2:16:32 PM","5600","10","5590","5590","0"
"9913","2026-07-30","2:20:10 PM","1670","0","1670","1670","0"
"9914","2026-07-30","7:13:00 PM","1980","0","1980","1980","0"
"9915","2026-07-30","10:16:46 PM","15905","0","15905","15905","0"
"9916","2026-07-30","10:18:53 PM","100","0","100","100","0"
"9917","2026-07-30","10:52:31 PM","1840","0","1840","1840","0"
"9918","2026-07-31","11:45:25 AM","3400","0","3400","3400","0"
"9919","2026-07-31","1:40:41 PM","7790","0","7790","7790","0"
"9920","2026-07-31","3:51:51 PM","50","0","50","50","0"
"9921","2026-07-31","9:07:44 PM","16450","0","16450","16450","0"
"9922","2026-07-31","10:12:47 PM","1865","0","1865","1865","0"
"9923","2026-07-31","10:56:04 PM","500","0","500","500","0"
"9924","2026-08-01","11:22:47 AM","1810","0","1810","1810","0"
"9925","2026-08-01","12:47:28 PM","4177","0","4177","4177","0"
"9926","2026-08-01","12:51:06 PM","1210","10","1200","1200","0"
"9927","2026-08-01","12:57:02 PM","680","0","680","680","0"
"9928","2026-08-01","1:53:36 PM","470","0","470","470","0"
"9929","2026-08-01","1:54:49 PM","721","0","721","721","0"
"9930","2026-08-01","2:15:08 PM","490","0","490","490","0"
"9931","2026-08-01","5:32:30 PM","2060","0","2060","2060","0"
"9932","2026-08-01","5:32:44 PM","200","0","200","200","0"
"9933","2026-08-01","7:21:57 PM","4539","4","4535","4535","0"
"9934","2026-08-01","7:40:44 PM","660","0","660","660","0"
"9935","2026-08-01","7:41:53 PM","873","73","800","800","0"
"9936","2026-08-01","8:28:05 PM","4320","0","4320","4320","0"
"9937","2026-08-01","9:10:27 PM","1895","0","1895","1895","0"
"9938","2026-08-01","9:14:37 PM","2219","219","2000","2000","0"
"9939","2026-08-01","9:22:08 PM","2100","0","2100","2100","0"
"9940","2026-08-01","9:54:02 PM","640","0","640","640","0"
"9941","2026-08-01","10:05:24 PM","494","0","494","494","0"
"9942","2026-08-01","10:20:14 PM","430","0","430","430","0"
"9943","2026-08-01","10:56:26 PM","1080","0","1080","1080","0"
"9944","2026-08-02","11:01:47 AM","1468","0","1468","1468","0"
"9945","2026-08-02","5:29:30 PM","8150","0","8150","8150","0"
"9946","2026-08-02","6:30:36 PM","1150","0","1150","1150","0"
"9947","2026-08-02","6:34:17 PM","1172","2","1170","1170","0"
"9948","2026-08-02","7:24:56 PM","2082","0","2082","2082","0"
"9949","2026-08-02","7:38:08 PM","348","0","348","348","0"
"9950","2026-08-02","10:06:04 PM","6880","0","6880","6880","0"
"9951","2026-08-02","8:10:33 PM","2400","0","2400","2400","0"
"9952","2026-08-02","8:20:38 PM","1071","0","1071","1071","0"
"9953","2026-08-02","8:24:32 PM","1421","0","1421","1421","0"
"9954","2026-08-02","8:25:50 PM","500","0","500","500","0"
"9955","2026-08-02","9:20:00 PM","1830","0","1830","1830","0"
"9956","2026-08-02","10:04:46 PM","1630","0","1630","1630","0"
"9957","2026-08-02","10:16:03 PM","194","0","194","194","0"
"9958","2026-08-02","10:20:45 PM","40","0","40","40","0"
"9959","2026-08-02","10:23:33 PM","120","0","120","120","0"
"9960","2026-08-03","10:08:50 AM","1424","0","1424","1424","0"
"9961","2026-08-03","11:19:00 AM","1830","0","1830","1830","0"
"9962","2026-08-03","11:21:50 AM","1065","0","1065","1065","0"
"9963","2026-08-03","12:06:10 PM","960","0","960","960","0"
"9964","2026-08-03","4:35:50 PM","4200","0","4200","4200","0"
"9965","2026-08-03","6:52:57 PM","3058","0","3058","3058","0"
"9966","2026-08-03","7:05:14 PM","900","0","900","900","0"
"9967","2026-08-03","7:26:10 PM","2060","0","2060","2060","0"
"9968","2026-08-03","8:21:46 PM","1785","0","1785","1785","0"
"9969","2026-08-03","10:18:05 PM","4565","0","4565","4565","0"
"9970","2026-08-04","12:20:33 PM","6472","0","6472","6472","0"
"9971","2026-08-04","12:35:19 PM","750","0","750","750","0"
"9972","2026-08-04","6:13:36 PM","7580","0","7580","7580","0"
"9973","2026-08-04","7:18:28 PM","1205","0","1205","1205","0"
"9974","2026-08-04","8:00:42 PM","870","0","870","870","0"
"9975","2026-08-04","8:06:21 PM","400","0","400","400","0"
"9976","2026-08-04","8:13:37 PM","330","0","330","330","0"
"9977","2026-08-04","8:14:48 PM","530","30","500","500","0"
"9978","2026-08-04","10:07:12 PM","12880","0","12880","12880","0"
"9979","2026-08-04","10:13:36 PM","1290","0","1290","1290","0"
"9980","2026-08-04","10:24:17 PM","70","0","70","70","0"
"9981","2026-08-04","10:32:05 PM","1450","0","1450","1450","0"
"9982","2026-08-04","10:57:29 PM","310","0","310","310","0"
"9983","2026-08-05","9:30:15 AM","1204","0","1204","1204","0"
"9984","2026-08-05","11:19:04 AM","1220","0","1220","1220","0"
"9985","2026-08-05","11:34:03 AM","1000","0","1000","1000","0"
"9986","2026-08-05","12:32:53 PM","2760","0","2760","2760","0"
"9987","2026-08-05","12:44:51 PM","822","0","822","822","0"
"9988","2026-08-05","2:43:31 PM","1938","0","1938","1938","0"
"9989","2026-08-05","3:35:33 PM","800","0","800","800","0"
"9990","2026-08-05","10:52:47 PM","12254","0","12254","12254","0"
"9991","2026-08-06","9:20:46 AM","700","0","700","700","0"
"9992","2026-08-06","11:20:37 AM","2490","0","2490","2490","0"
"9993","2026-08-06","11:45:35 AM","800","0","800","800","0"
"9994","2026-08-06","12:12:14 PM","580","0","580","580","0"
"9995","2026-08-06","12:21:45 PM","1590","0","1590","1590","0"
"9996","2026-08-06","12:28:39 PM","516","0","516","516","0"
"9997","2026-08-06","1:43:56 PM","1400","0","1400","1400","0"
"9998","2026-08-06","5:59:29 PM","1933","0","1933","1933","0"
"9999","2026-08-06","7:56:26 PM","2210","0","2210","2210","0"
"10000","2026-08-06","8:01:48 PM","490","0","490","490","0"
"10001","2026-08-06","8:42:12 PM","1470","0","1470","1470","0"
"10002","2026-08-06","8:47:14 PM","1008","0","1008","1008","0"
"10003","2026-08-06","9:10:06 PM","2770","0","2770","2770","0"
"10004","2026-08-06","9:23:30 PM","1230","0","1230","1230","0"
"10005","2026-08-06","9:26:37 PM","300","0","300","300","0"
"10006","2026-08-06","9:36:53 PM","630","0","630","630","0"
"10007","2026-08-06","10:42:57 PM","1055","0","1055","1055","0"
"10008","2026-08-07","10:10:49 AM","341","0","341","341","0"
"10009","2026-08-07","10:14:27 AM","1030","0","1030","1030","0"
"10010","2026-08-07","10:15:46 AM","570","0","570","570","0"
"10011","2026-08-07","12:13:49 PM","4550","0","4550","4550","0"
"10012","2026-08-07","1:34:16 PM","2930","0","2930","2930","0"
"10013","2026-08-07","6:09:20 PM","2740","0","2740","2740","0"
"10014","2026-08-07","6:53:39 PM","430","0","430","430","0"
"10015","2026-08-07","7:56:30 PM","6850","0","6850","6850","0"
"10016","2026-08-07","8:12:45 PM","620","0","620","620","0"
"10017","2026-08-07","8:29:50 PM","560","0","560","560","0"
"10018","2026-08-07","10:42:12 PM","4245","0","4245","4245","0"
"10019","2026-08-08","10:08:31 AM","1603","0","1603","1603","0"
"10020","2026-08-08","10:28:21 AM","1325","0","1325","1325","0"
"10021","2026-08-08","10:38:07 AM","230","0","230","230","0"
"10022","2026-08-08","10:40:47 AM","1200","0","1200","1200","0"
"10023","2026-08-08","10:42:42 AM","852","0","852","852","0"
"10024","2026-08-08","11:30:20 AM","760","10","750","750","0"
"10025","2026-08-08","11:45:37 AM","1512","12","1500","1500","0"
"10026","2026-08-08","1:49:23 PM","1652","0","1652","1652","0"
"10027","2026-08-08","6:03:07 PM","4590","0","4590","4590","0"
"10028","2026-08-08","7:02:17 PM","2861","0","2861","2861","0"
"10029","2026-08-08","7:12:50 PM","565","0","565","565","0"
"10030","2026-08-08","9:01:59 PM","3532","0","3532","3532","0"
"10031","2026-08-08","9:14:24 PM","960","0","960","960","0"
"10032","2026-08-08","10:41:26 PM","4426","0","4426","4426","0"
"10033","2026-08-09","9:49:10 AM","3240","0","3240","3240","0"
"10034","2026-08-09","10:32:39 AM","200","0","200","200","0"
"10035","2026-08-09","6:18:56 PM","8421","0","8421","8421","0"
"10036","2026-08-09","6:22:30 PM","1572","0","1572","1572","0"
"10037","2026-08-09","8:00:12 PM","3940","0","3940","3940","0"
"10038","2026-08-09","8:03:19 PM","940","0","940","940","0"
"10039","2026-08-09","8:14:55 PM","530","0","530","530","0"
"10040","2026-08-09","9:37:16 PM","7395","0","7395","7395","0"
"10041","2026-08-09","10:09:46 PM","7270","0","7270","7270","0"
"10042","2026-08-09","10:49:25 PM","1620","0","1620","1620","0"
"10043","2026-08-10","11:17:15 AM","2971","0","2971","2971","0"
"10044","2026-08-10","1:38:27 PM","3470","0","3470","3470","0"
"10045","2026-08-10","8:02:14 PM","6230","0","6230","6230","0"
"10046","2026-08-10","8:16:01 PM","2710","0","2710","2710","0"
"10047","2026-08-10","8:42:44 PM","857","0","857","857","0"
"10048","2026-08-10","8:48:50 PM","1440","0","1440","1440","0"
"10049","2026-08-10","9:00:30 PM","320","0","320","320","0"
"10050","2026-08-10","9:09:49 PM","1650","0","1650","1650","0"
"10051","2026-08-10","9:12:56 PM","1040","0","1040","1040","0"
"10052","2026-08-10","9:29:54 PM","1025","0","1025","1025","0"
"10053","2026-08-10","9:36:22 PM","702","0","702","702","0"
"10054","2026-08-10","9:41:23 PM","320","0","320","320","0"
"10055","2026-08-10","9:42:25 PM","170","0","170","170","0"
"10056","2026-08-10","10:58:15 PM","625","0","625","625","0"
"10057","2026-08-10","11:26:04 PM","150","0","150","150","0"
"10058","2026-08-10","11:26:40 PM","1500","0","1500","1500","0"
"10059","2026-08-11","10:13:54 AM","330","0","330","330","0"
"10060","2026-08-11","11:30:55 AM","1110","0","1110","1110","0"
"10061","2026-08-11","1:07:57 PM","2635","0","2635","2635","0"
"10062","2026-08-11","1:30:26 PM","770","20","750","750","0"
"10063","2026-08-11","1:42:22 PM","680","0","680","680","0"
"10064","2026-08-11","6:02:39 PM","3760","0","3760","3760","0"
"10065","2026-08-11","7:11:05 PM","2175","0","2175","2175","0"
"10066","2026-08-11","7:51:21 PM","1390","0","0","0","0"
"10067","2026-08-11","7:54:03 PM","370","0","370","370","0"
"10068","2026-08-11","7:59:39 PM","7600","0","7600","7600","0"
"10069","2026-08-11","8:06:15 PM","910","0","910","910","0"
"10070","2026-08-11","8:06:49 PM","240","0","240","240","0"
"10071","2026-08-11","8:11:00 PM","1350","0","1350","1350","0"
"10072","2026-08-11","8:19:51 PM","1340","0","1340","1340","0"
"10073","2026-08-11","8:21:15 PM","2328","0","2328","2328","0"
"10074","2026-08-11","8:21:32 PM","225","0","225","225","0"
"10075","2026-08-11","8:23:11 PM","500","0","500","500","0"
"10076","2026-08-11","8:48:54 PM","2175","0","2175","2175","0"
"10077","2026-08-11","8:53:48 PM","200","0","200","200","0"
"10078","2026-08-11","9:01:56 PM","480","0","480","480","0"
"10079","2026-08-11","9:10:34 PM","250","0","250","250","0"
"10080","2026-08-11","10:26:03 PM","5024","0","5024","5024","0"
"10081","2026-08-11","10:53:27 PM","530","0","530","530","0"
"10082","2026-08-12","9:05:56 AM","180","0","180","180","0"
"10083","2026-08-12","11:10:30 AM","1210","0","1210","1210","0"
"10084","2026-08-12","11:57:59 AM","1530","0","1530","1530","0"
"10085","2026-08-12","12:00:34 PM","1080","0","1080","1080","0"
"10086","2026-08-12","12:07:06 PM","280","0","280","280","0"
"10087","2026-08-12","1:49:08 PM","4090","0","4090","4090","0"
"10088","2026-08-12","1:50:17 PM","280","0","280","280","0"
"10089","2026-08-12","6:10:47 PM","4266","0","4266","4266","0"
"10090","2026-08-12","6:12:32 PM","900","0","900","900","0"
"10091","2026-08-12","7:35:53 PM","5590","0","5590","5590","0"
"10092","2026-08-12","7:38:02 PM","550","0","550","550","0"
"10093","2026-08-12","7:53:50 PM","3190","0","3190","3190","0"
"10094","2026-08-12","8:29:25 PM","2300","0","2300","2300","0"
"10095","2026-08-12","8:33:46 PM","580","0","580","580","0"
"10096","2026-08-12","8:34:51 PM","1000","0","1000","1000","0"
"10097","2026-08-12","8:59:51 PM","255","0","255","255","0"
"10098","2026-08-12","9:02:58 PM","580","0","580","580","0"
"10099","2026-08-12","9:39:44 PM","3012","0","3012","3012","0"
"10100","2026-08-12","10:25:41 PM","635","0","635","635","0"
"10101","2026-08-12","10:59:05 PM","100","0","100","100","0"
"10102","2026-08-13","9:42:37 AM","290","0","290","290","0"
"10103","2026-08-13","10:20:43 AM","710","0","710","710","0"
"10104","2026-08-13","5:22:26 PM","4835","0","4835","4835","0"
"10105","2026-08-13","5:29:10 PM","2115","0","2115","2115","0"
"10106","2026-08-13","7:14:29 PM","7420","0","7420","7420","0"
"10107","2026-08-13","7:53:06 PM","1810","0","1810","1810","0"
"10108","2026-08-13","7:56:12 PM","1630","0","1630","1630","0"
"10109","2026-08-13","8:00:38 PM","670","0","670","670","0"
"10110","2026-08-13","8:42:21 PM","1390","0","1390","1390","0"
"10111","2026-08-13","8:46:55 PM","670","0","670","670","0"
"10112","2026-08-13","8:52:29 PM","1342","0","1342","1342","0"
"10113","2026-08-13","8:57:58 PM","4080","0","4080","4080","0"
"10114","2026-08-13","9:12:06 PM","990","0","990","990","0"
"10115","2026-08-13","10:09:24 PM","4115","0","4115","4115","0"
"10116","2026-08-13","10:17:42 PM","300","0","300","300","0"
"10117","2026-08-13","10:25:31 PM","690","0","690","690","0"
"10118","2026-08-13","10:32:48 PM","700","0","700","700","0"
"10119","2026-08-13","10:45:18 PM","150","0","150","150","0"
"10120","2026-08-14","9:39:36 AM","230","0","230","230","0"
"10121","2026-08-14","11:29:06 AM","3756","0","3756","3756","0"
"10122","2026-08-14","11:59:10 AM","385","0","385","385","0"
"10123","2026-08-14","1:20:41 PM","2394","0","2394","2394","0"
"10124","2026-08-14","1:22:55 PM","940","0","940","940","0"
"10125","2026-08-14","1:24:55 PM","500","0","500","500","0"
"10126","2026-08-14","5:21:55 PM","420","0","420","420","0"
"10127","2026-08-14","5:42:35 PM","2235","0","2235","2235","0"
"10128","2026-08-14","5:59:19 PM","180","0","180","180","0"
"10129","2026-08-14","6:18:38 PM","180","0","180","180","0"
"10130","2026-08-14","7:04:56 PM","1940","0","1940","1940","0"
"10131","2026-08-14","7:32:36 PM","3995","0","3995","3995","0"
"10132","2026-08-14","8:00:30 PM","2260","0","2260","2260","0"
"10133","2026-08-14","8:01:39 PM","1065","15","1050","1050","0"
"10134","2026-08-14","8:30:53 PM","2110","0","2110","2110","0"
"10135","2026-08-14","8:51:52 PM","1880","0","1880","1880","0"
"10136","2026-08-14","8:53:43 PM","90","0","90","90","0"
"10137","2026-08-14","9:08:29 PM","980","0","980","980","0"
"10138","2026-08-14","9:26:09 PM","3550","0","3550","3550","0"
"10139","2026-08-14","9:29:06 PM","1500","0","1500","1500","0"
"10140","2026-08-14","9:33:40 PM","600","0","600","600","0"
"10141","2026-08-14","10:33:21 PM","240","0","240","240","0"
"10142","2026-08-15","10:39:39 AM","3065","0","3065","3065","0"
"10143","2026-08-15","11:34:24 AM","2710","0","2710","2710","0"
"10144","2026-08-15","1:58:32 PM","2648","0","2648","2648","0"
"10145","2026-08-15","7:39:16 PM","8766","0","8766","8766","0"
"10146","2026-08-15","8:00:44 PM","6090","0","6090","6090","0"
"10147","2026-08-15","8:36:34 PM","4974","0","4974","4974","0"
"10148","2026-08-15","9:29:16 PM","3730","0","3730","3730","0"
"10149","2026-08-15","9:48:36 PM","700","0","700","700","0"
"10150","2026-08-15","9:58:48 PM","580","0","580","580","0"
"10151","2026-08-15","10:17:19 PM","560","0","560","560","0"
"10152","2026-08-15","10:17:44 PM","150","0","150","150","0"
"10153","2026-08-16","9:31:22 AM","3100","0","3100","3100","0"
"10154","2026-08-16","10:13:52 AM","1180","0","1180","1180","0"
"10155","2026-08-16","10:48:56 AM","1977","0","1977","1977","0"
"10156","2026-08-16","3:00:45 PM","2780","0","2780","2780","0"
"10157","2026-08-16","4:27:44 PM","1320","0","1320","1320","0"
"10158","2026-08-16","7:10:08 PM","4315","0","4315","4315","0"
"10159","2026-08-16","7:27:43 PM","405","0","405","405","0"
"10160","2026-08-16","7:34:07 PM","1734","0","1734","1734","0"
"10161","2026-08-16","7:59:38 PM","2877","0","2877","2877","0"
"10162","2026-08-16","8:44:33 PM","4400","0","4400","4400","0"
"10163","2026-08-16","8:54:55 PM","300","0","300","300","0"
"10164","2026-08-16","8:58:42 PM","650","0","650","650","0"
"10165","2026-08-16","9:07:32 PM","450","0","450","450","0"
"10166","2026-08-16","9:40:19 PM","2122","0","2122","2122","0"
"10167","2026-08-16","10:16:11 PM","1785","0","1785","1785","0"
"10168","2026-08-16","10:21:59 PM","500","0","500","500","0"
"10169","2026-08-16","10:59:54 PM","5110","0","5110","5110","0"
"10170","2026-08-17","9:50:04 AM","700","0","700","700","0"
"10171","2026-08-17","10:22:36 AM","1015","0","1015","1015","0"
"10172","2026-08-17","12:27:17 PM","2240","0","2240","2240","0"
"10173","2026-08-17","5:01:03 PM","6229","0","6229","6229","0"
"10174","2026-08-17","6:10:52 PM","280","0","280","280","0"
"10175","2026-08-17","6:57:13 PM","820","10","810","810","0"
"10176","2026-08-17","7:00:19 PM","1116","0","1116","1116","0"
"10177","2026-08-17","7:26:11 PM","1980","0","1980","1980","0"
"10178","2026-08-17","7:26:28 PM","300","0","300","300","0"
"10179","2026-08-17","7:33:03 PM","570","0","570","570","0"
"10180","2026-08-17","7:37:51 PM","400","0","400","400","0"
"10181","2026-08-17","7:51:52 PM","2786","0","2786","2786","0"
"10182","2026-08-17","7:54:00 PM","962","12","950","950","0"
"10183","2026-08-17","8:27:09 PM","3300","0","3300","3300","0"
"10184","2026-08-17","8:38:22 PM","790","0","790","790","0"
"10185","2026-08-17","8:45:38 PM","585","0","585","585","0"
"10186","2026-08-17","9:17:07 PM","1610","0","1610","1610","0"
"10187","2026-08-17","9:32:46 PM","6430","0","6430","6430","0"
"10188","2026-08-17","9:47:01 PM","1070","0","1070","1070","0"
"10189","2026-08-17","9:48:46 PM","40","0","40","40","0"
"10190","2026-08-17","9:53:22 PM","470","0","470","470","0"
"10191","2026-08-17","9:54:44 PM","645","0","645","645","0"
"10192","2026-08-17","10:32:22 PM","1490","0","1490","1490","0"
"10193","2026-08-17","10:43:21 PM","50","0","50","50","0"
"10194","2026-08-18","9:01:07 AM","130","0","130","130","0"
"10195","2026-08-18","9:02:33 AM","550","0","550","550","0"
"10196","2026-08-18","9:10:58 AM","537","0","537","537","0"
"10197","2026-08-18","10:13:36 AM","1620","0","1620","1620","0"
"10198","2026-08-18","11:51:53 AM","1710","0","1710","1710","0"
"10199","2026-08-18","12:54:09 PM","1520","0","1520","1520","0"
"10200","2026-08-18","12:56:23 PM","1136","136","1000","1000","0"
"10201","2026-08-18","1:16:12 PM","610","0","610","610","0"
"10202","2026-08-18","1:49:38 PM","2180","0","2180","2180","0"
"10203","2026-08-18","1:52:35 PM","50","0","50","50","0"
"10204","2026-08-18","5:01:21 PM","919","0","919","919","0"
"10205","2026-08-18","5:46:01 PM","2051","0","2051","2051","0"
"10206","2026-08-18","7:08:06 PM","1680","0","1680","1680","0"
"10207","2026-08-18","7:59:55 PM","1730","0","1730","1730","0"
"10208","2026-08-18","8:13:12 PM","2400","10","2390","2390","0"
"10209","2026-08-18","8:25:55 PM","1434","0","1434","1434","0"
"10210","2026-08-18","8:26:21 PM","80","0","80","80","0"
"10211","2026-08-18","8:28:56 PM","110","0","110","110","0"
"10212","2026-08-18","8:34:58 PM","1530","0","1530","1530","0"
"10213","2026-08-18","8:55:05 PM","1350","0","1350","1350","0"
"10214","2026-08-18","9:48:49 PM","4710","0","4710","4710","0"
"10215","2026-08-18","10:14:27 PM","4740","0","4740","4740","0"
"10216","2026-08-18","10:26:00 PM","440","0","440","440","0"
"10217","2026-08-19","11:24:22 AM","1850","0","1850","1850","0"
"10218","2026-08-19","12:34:18 PM","2400","0","2400","2400","0"
"10219","2026-08-19","1:41:57 PM","3930","0","3930","3930","0"
"10220","2026-08-19","4:58:36 PM","2960","0","2960","2960","0"
"10221","2026-08-19","5:55:51 PM","1000","0","1000","1000","0"
"10222","2026-08-19","8:00:45 PM","6860","0","6860","6860","0"
"10223","2026-08-19","8:23:17 PM","2261","0","2261","2261","0"
"10224","2026-08-19","8:23:55 PM","300","0","300","300","0"
"10225","2026-08-19","8:25:25 PM","1850","0","1850","1850","0"
"10226","2026-08-19","8:25:38 PM","50","0","50","50","0"
"10227","2026-08-19","8:27:04 PM","1250","0","1250","1250","0"
"10228","2026-08-19","8:34:12 PM","150","0","150","150","0"
"10229","2026-08-19","9:02:33 PM","870","0","870","870","0"
"10230","2026-08-19","9:22:45 PM","570","0","570","570","0"
"10231","2026-08-19","9:24:35 PM","700","0","700","700","0"
"10232","2026-08-19","10:04:05 PM","1620","0","1620","1620","0"
"10233","2026-08-19","10:42:13 PM","2720","0","2720","2720","0"
"10234","2026-08-20","9:36:04 AM","2400","0","2400","2400","0"
"10235","2026-08-20","10:50:01 AM","2672","0","2672","2672","0"
"10236","2026-08-20","12:22:04 PM","1570","0","1570","1570","0"
"10237","2026-08-20","1:05:49 PM","1070","0","1070","1070","0"
"10238","2026-08-20","1:43:53 PM","1420","0","1420","1420","0"
"10239","2026-08-20","5:31:11 PM","5084","0","5084","5084","0"
"10240","2026-08-20","5:41:55 PM","100","0","100","100","0"
"10241","2026-08-20","6:18:41 PM","360","0","360","360","0"
"10242","2026-08-20","6:47:17 PM","2085","0","2085","2085","0"
"10243","2026-08-20","8:53:46 PM","6840","0","6840","6840","0"
"10244","2026-08-20","10:12:05 PM","2310","0","2310","2310","0"
"10245","2026-08-20","10:33:05 PM","370","0","370","370","0"
"10246","2026-08-20","12:31:54 AM","20","0","20","20","0"
"10247","2026-08-21","11:21:09 AM","2490","0","2490","2490","0"
"10248","2026-08-21","11:33:35 AM","634","0","634","634","0"
"10249","2026-08-21","12:24:50 PM","2078","0","2078","2078","0"
"10250","2026-08-21","6:20:38 PM","1940","0","1940","1940","0"
"10251","2026-08-21","6:24:34 PM","2115","0","2115","2115","0"
"10252","2026-08-21","7:41:18 PM","4278","0","4278","4278","0"
"10253","2026-08-21","8:18:47 PM","3644","0","3644","3644","0"
"10254","2026-08-21","8:50:26 PM","1900","0","1900","1900","0"
"10255","2026-08-21","8:54:14 PM","1807","7","1800","1800","0"
"10256","2026-08-21","9:12:01 PM","2369","0","2369","2369","0"
"10257","2026-08-21","10:01:00 PM","3090","0","3090","3090","0"
"10258","2026-08-21","10:55:35 PM","870","0","870","870","0"
"10259","2026-08-22","10:29:09 AM","486","0","486","486","0"
"10260","2026-08-22","11:50:52 AM","5658","0","5658","5658","0"
"10261","2026-08-22","12:09:22 PM","960","0","960","960","0"
"10262","2026-08-22","12:12:02 PM","2400","0","2400","2400","0"
"10263","2026-08-22","12:42:51 PM","1492","0","1492","1492","0"
"10264","2026-08-22","4:06:04 PM","4810","0","4810","4810","0"
"10265","2026-08-22","5:40:00 PM","110","0","110","110","0"
"10266","2026-08-22","6:05:51 PM","75","0","75","75","0"
"10267","2026-08-22","6:08:20 PM","150","0","150","150","0"
"10268","2026-08-22","6:12:20 PM","500","0","500","500","0"
"10269","2026-08-22","6:54:44 PM","1270","0","1270","1270","0"
"10270","2026-08-22","6:56:06 PM","1050","50","1000","1000","0"
"10271","2026-08-22","7:07:49 PM","250","0","250","250","0"
"10272","2026-08-22","7:13:06 PM","610","0","610","610","0"
"10273","2026-08-22","7:14:48 PM","380","0","380","380","0"
"10274","2026-08-22","7:54:55 PM","3321","0","3321","3321","0"
"10275","2026-08-22","7:56:34 PM","280","0","280","280","0"
"10276","2026-08-22","8:05:30 PM","3140","0","3140","3140","0"
"10277","2026-08-22","8:19:55 PM","400","0","400","400","0"
"10278","2026-08-22","8:21:43 PM","480","0","480","480","0"
"10279","2026-08-22","8:26:33 PM","1490","0","1490","1490","0"
"10280","2026-08-22","8:31:21 PM","240","0","240","240","0"
